ARM GAS  C:\Users\Lenovo\AppData\Local\Temp\ccLI0PPk.s 			page 1


   1              		.cpu cortex-m4
   2              		.arch armv7e-m
   3              		.fpu fpv4-sp-d16
   4              		.eabi_attribute 27, 1
   5              		.eabi_attribute 28, 1
   6              		.eabi_attribute 20, 1
   7              		.eabi_attribute 21, 1
   8              		.eabi_attribute 23, 3
   9              		.eabi_attribute 24, 1
  10              		.eabi_attribute 25, 1
  11              		.eabi_attribute 26, 1
  12              		.eabi_attribute 30, 1
  13              		.eabi_attribute 34, 1
  14              		.eabi_attribute 18, 4
  15              		.file	"CANopen.c"
  16              		.text
  17              	.Ltext0:
  18              		.cfi_sections	.debug_frame
  19              		.file 1 "CANopen/CANopen.c"
  20              		.section	.text.CO_delete,"ax",%progbits
  21              		.align	1
  22              		.global	CO_delete
  23              		.syntax unified
  24              		.thumb
  25              		.thumb_func
  27              	CO_delete:
  28              	.LVL0:
  29              	.LFB41:
   1:CANopen/CANopen.c **** /*
   2:CANopen/CANopen.c ****  * Main CANopenNode file.
   3:CANopen/CANopen.c ****  *
   4:CANopen/CANopen.c ****  * @file        CANopen.c
   5:CANopen/CANopen.c ****  * @ingroup     CO_CANopen
   6:CANopen/CANopen.c ****  * @author      Janez Paternoster
   7:CANopen/CANopen.c ****  * @copyright   2010 - 2023 Janez Paternoster
   8:CANopen/CANopen.c ****  *
   9:CANopen/CANopen.c ****  * This file is part of <https://github.com/CANopenNode/CANopenNode>, a CANopen Stack.
  10:CANopen/CANopen.c ****  *
  11:CANopen/CANopen.c ****  * Licensed under the Apache License, Version 2.0 (the "License"); you may not use this
  12:CANopen/CANopen.c ****  * file except in compliance with the License. You may obtain a copy of the License at
  13:CANopen/CANopen.c ****  *
  14:CANopen/CANopen.c ****  *     http://www.apache.org/licenses/LICENSE-2.0
  15:CANopen/CANopen.c ****  *
  16:CANopen/CANopen.c ****  * Unless required by applicable law or agreed to in writing, software distributed under the Licens
  17:CANopen/CANopen.c ****  * distributed on an "AS IS" BASIS, WITHOUT WARRANTIES OR CONDITIONS OF ANY KIND, either express or
  18:CANopen/CANopen.c ****  * See the License for the specific language governing permissions and limitations under the Licens
  19:CANopen/CANopen.c ****  */
  20:CANopen/CANopen.c **** 
  21:CANopen/CANopen.c **** #include "CANopen.h"
  22:CANopen/CANopen.c **** 
  23:CANopen/CANopen.c **** /* Get values from CO_config_t or from single default OD.h ********************/
  24:CANopen/CANopen.c **** #ifdef CO_MULTIPLE_OD
  25:CANopen/CANopen.c **** #define CO_GET_CO(obj)       co->obj
  26:CANopen/CANopen.c **** #define CO_GET_CNT(obj)      co->config->CNT_##obj
  27:CANopen/CANopen.c **** #define OD_GET(entry, index) co->config->ENTRY_##entry
  28:CANopen/CANopen.c **** 
  29:CANopen/CANopen.c **** #else
ARM GAS  C:\Users\Lenovo\AppData\Local\Temp\ccLI0PPk.s 			page 2


  30:CANopen/CANopen.c **** #include "OD.h"
  31:CANopen/CANopen.c **** #define CO_GET_CO(obj)       ((uint16_t)(CO_##obj))
  32:CANopen/CANopen.c **** #define CO_GET_CNT(obj)      (uint8_t)(OD_CNT_##obj)
  33:CANopen/CANopen.c **** #define OD_GET(entry, index) OD_ENTRY_##entry
  34:CANopen/CANopen.c **** 
  35:CANopen/CANopen.c **** /* Verify parameters from "OD.h" and calculate necessary values for each object:
  36:CANopen/CANopen.c ****  * - verify OD_CNT_xx or set default
  37:CANopen/CANopen.c ****  * - calculate number of CANrx and CYNtx messages: CO_RX_CNT_xx and CO_TX_CNT_xx
  38:CANopen/CANopen.c ****  * - set optional undefined OD_ENTRY_Hxxxx to NULL.
  39:CANopen/CANopen.c ****  * - calculate indexes: CO_RX_IDX_xx and CO_TX_IDX_xx
  40:CANopen/CANopen.c ****  * - calculate total count of CAN message buffers: CO_CNT_ALL_RX_MSGS and CO_CNT_ALL_TX_MSGS. */
  41:CANopen/CANopen.c **** #if OD_CNT_NMT != 1
  42:CANopen/CANopen.c **** #error OD_CNT_NMT from OD.h not correct!
  43:CANopen/CANopen.c **** #endif
  44:CANopen/CANopen.c **** #define CO_RX_CNT_NMT_SLV OD_CNT_NMT
  45:CANopen/CANopen.c **** #if ((CO_CONFIG_NMT)&CO_CONFIG_NMT_MASTER) != 0
  46:CANopen/CANopen.c **** #define CO_TX_CNT_NMT_MST 1
  47:CANopen/CANopen.c **** #else
  48:CANopen/CANopen.c **** #define CO_TX_CNT_NMT_MST 0
  49:CANopen/CANopen.c **** #endif
  50:CANopen/CANopen.c **** 
  51:CANopen/CANopen.c **** #if OD_CNT_HB_PROD != 1
  52:CANopen/CANopen.c **** #error OD_CNT_HB_PROD from OD.h not correct!
  53:CANopen/CANopen.c **** #endif
  54:CANopen/CANopen.c **** #define CO_TX_CNT_HB_PROD OD_CNT_HB_PROD
  55:CANopen/CANopen.c **** #if !defined OD_CNT_HB_CONS
  56:CANopen/CANopen.c **** #define OD_CNT_HB_CONS 0
  57:CANopen/CANopen.c **** #elif OD_CNT_HB_CONS < 0 || OD_CNT_HB_CONS > 1
  58:CANopen/CANopen.c **** #error OD_CNT_HB_CONS from OD.h not correct!
  59:CANopen/CANopen.c **** #endif
  60:CANopen/CANopen.c **** #if (((CO_CONFIG_HB_CONS)&CO_CONFIG_HB_CONS_ENABLE) != 0) && OD_CNT_HB_CONS == 1
  61:CANopen/CANopen.c **** #if OD_CNT_ARR_1016 < 1 || OD_CNT_ARR_1016 > 127
  62:CANopen/CANopen.c **** #error OD_CNT_ARR_1016 is not defined in Object Dictionary or value is wrong!
  63:CANopen/CANopen.c **** #endif
  64:CANopen/CANopen.c **** #define CO_RX_CNT_HB_CONS OD_CNT_ARR_1016
  65:CANopen/CANopen.c **** #else
  66:CANopen/CANopen.c **** #define CO_RX_CNT_HB_CONS 0
  67:CANopen/CANopen.c **** #endif
  68:CANopen/CANopen.c **** 
  69:CANopen/CANopen.c **** #if ((CO_CONFIG_NODE_GUARDING)&CO_CONFIG_NODE_GUARDING_SLAVE_ENABLE) != 0
  70:CANopen/CANopen.c **** #define CO_RX_CNT_NG_SLV 1
  71:CANopen/CANopen.c **** #define CO_TX_CNT_NG_SLV 1
  72:CANopen/CANopen.c **** #else
  73:CANopen/CANopen.c **** #define CO_RX_CNT_NG_SLV 0
  74:CANopen/CANopen.c **** #define CO_TX_CNT_NG_SLV 0
  75:CANopen/CANopen.c **** #endif
  76:CANopen/CANopen.c **** #if ((CO_CONFIG_NODE_GUARDING)&CO_CONFIG_NODE_GUARDING_MASTER_ENABLE) != 0
  77:CANopen/CANopen.c **** #define CO_RX_CNT_NG_MST 1
  78:CANopen/CANopen.c **** #define CO_TX_CNT_NG_MST 1
  79:CANopen/CANopen.c **** #else
  80:CANopen/CANopen.c **** #define CO_RX_CNT_NG_MST 0
  81:CANopen/CANopen.c **** #define CO_TX_CNT_NG_MST 0
  82:CANopen/CANopen.c **** #endif
  83:CANopen/CANopen.c **** 
  84:CANopen/CANopen.c **** #if OD_CNT_EM != 1
  85:CANopen/CANopen.c **** #error OD_CNT_EM from OD.h not correct!
  86:CANopen/CANopen.c **** #endif
ARM GAS  C:\Users\Lenovo\AppData\Local\Temp\ccLI0PPk.s 			page 3


  87:CANopen/CANopen.c **** #ifndef OD_ENTRY_H1003
  88:CANopen/CANopen.c **** #define OD_ENTRY_H1003 NULL
  89:CANopen/CANopen.c **** #endif
  90:CANopen/CANopen.c **** #ifndef OD_CNT_ARR_1003
  91:CANopen/CANopen.c **** #define OD_CNT_ARR_1003 8
  92:CANopen/CANopen.c **** #endif
  93:CANopen/CANopen.c **** #if ((CO_CONFIG_EM)&CO_CONFIG_EM_PRODUCER) != 0
  94:CANopen/CANopen.c **** #if OD_CNT_EM_PROD == 1
  95:CANopen/CANopen.c **** #define CO_TX_CNT_EM_PROD OD_CNT_EM_PROD
  96:CANopen/CANopen.c **** #else
  97:CANopen/CANopen.c **** #error wrong OD_CNT_EM_PROD
  98:CANopen/CANopen.c **** #endif
  99:CANopen/CANopen.c **** #ifndef OD_ENTRY_H1015
 100:CANopen/CANopen.c **** #define OD_ENTRY_H1015 NULL
 101:CANopen/CANopen.c **** #endif
 102:CANopen/CANopen.c **** #else
 103:CANopen/CANopen.c **** #define CO_TX_CNT_EM_PROD 0
 104:CANopen/CANopen.c **** #endif
 105:CANopen/CANopen.c **** #if ((CO_CONFIG_EM)&CO_CONFIG_EM_CONSUMER) != 0
 106:CANopen/CANopen.c **** #define CO_RX_CNT_EM_CONS 1
 107:CANopen/CANopen.c **** #else
 108:CANopen/CANopen.c **** #define CO_RX_CNT_EM_CONS 0
 109:CANopen/CANopen.c **** #endif
 110:CANopen/CANopen.c **** 
 111:CANopen/CANopen.c **** #if !defined OD_CNT_SDO_SRV
 112:CANopen/CANopen.c **** #define OD_CNT_SDO_SRV 1
 113:CANopen/CANopen.c **** #define OD_ENTRY_H1200 NULL
 114:CANopen/CANopen.c **** #elif OD_CNT_SDO_SRV < 1 || OD_CNT_SDO_SRV > 128
 115:CANopen/CANopen.c **** #error OD_CNT_SDO_SRV from OD.h not correct!
 116:CANopen/CANopen.c **** #endif
 117:CANopen/CANopen.c **** #define CO_RX_CNT_SDO_SRV OD_CNT_SDO_SRV
 118:CANopen/CANopen.c **** #define CO_TX_CNT_SDO_SRV OD_CNT_SDO_SRV
 119:CANopen/CANopen.c **** 
 120:CANopen/CANopen.c **** #if ((CO_CONFIG_SDO_CLI)&CO_CONFIG_SDO_CLI_ENABLE) != 0
 121:CANopen/CANopen.c **** #if !defined OD_CNT_SDO_CLI
 122:CANopen/CANopen.c **** #define OD_CNT_SDO_CLI 0
 123:CANopen/CANopen.c **** #define OD_ENTRY_H1280 NULL
 124:CANopen/CANopen.c **** #elif OD_CNT_SDO_CLI < 0 || OD_CNT_SDO_CLI > 128
 125:CANopen/CANopen.c **** #error OD_CNT_SDO_CLI from OD.h not correct!
 126:CANopen/CANopen.c **** #endif
 127:CANopen/CANopen.c **** #define CO_RX_CNT_SDO_CLI OD_CNT_SDO_CLI
 128:CANopen/CANopen.c **** #define CO_TX_CNT_SDO_CLI OD_CNT_SDO_CLI
 129:CANopen/CANopen.c **** #else
 130:CANopen/CANopen.c **** #define CO_RX_CNT_SDO_CLI 0
 131:CANopen/CANopen.c **** #define CO_TX_CNT_SDO_CLI 0
 132:CANopen/CANopen.c **** #endif
 133:CANopen/CANopen.c **** 
 134:CANopen/CANopen.c **** #if ((CO_CONFIG_TIME)&CO_CONFIG_TIME_ENABLE) != 0
 135:CANopen/CANopen.c **** #if !defined OD_CNT_TIME
 136:CANopen/CANopen.c **** #define OD_CNT_TIME    0
 137:CANopen/CANopen.c **** #define OD_ENTRY_H1012 NULL
 138:CANopen/CANopen.c **** #elif OD_CNT_TIME < 0 || OD_CNT_TIME > 1
 139:CANopen/CANopen.c **** #error OD_CNT_TIME from OD.h not correct!
 140:CANopen/CANopen.c **** #endif
 141:CANopen/CANopen.c **** #define CO_RX_CNT_TIME OD_CNT_TIME
 142:CANopen/CANopen.c **** #if ((CO_CONFIG_TIME)&CO_CONFIG_TIME_PRODUCER) != 0
 143:CANopen/CANopen.c **** #define CO_TX_CNT_TIME OD_CNT_TIME
ARM GAS  C:\Users\Lenovo\AppData\Local\Temp\ccLI0PPk.s 			page 4


 144:CANopen/CANopen.c **** #else
 145:CANopen/CANopen.c **** #define CO_TX_CNT_TIME 0
 146:CANopen/CANopen.c **** #endif
 147:CANopen/CANopen.c **** #else
 148:CANopen/CANopen.c **** #define CO_RX_CNT_TIME 0
 149:CANopen/CANopen.c **** #define CO_TX_CNT_TIME 0
 150:CANopen/CANopen.c **** #endif
 151:CANopen/CANopen.c **** 
 152:CANopen/CANopen.c **** #if ((CO_CONFIG_SYNC)&CO_CONFIG_SYNC_ENABLE) != 0
 153:CANopen/CANopen.c **** #if !defined OD_CNT_SYNC
 154:CANopen/CANopen.c **** #define OD_CNT_SYNC    0
 155:CANopen/CANopen.c **** #define OD_ENTRY_H1005 NULL
 156:CANopen/CANopen.c **** #define OD_ENTRY_H1006 NULL
 157:CANopen/CANopen.c **** #elif OD_CNT_SYNC < 0 || OD_CNT_SYNC > 1
 158:CANopen/CANopen.c **** #error OD_CNT_SYNC from OD.h not correct!
 159:CANopen/CANopen.c **** #endif
 160:CANopen/CANopen.c **** #define CO_RX_CNT_SYNC OD_CNT_SYNC
 161:CANopen/CANopen.c **** #if ((CO_CONFIG_SYNC)&CO_CONFIG_SYNC_PRODUCER) != 0
 162:CANopen/CANopen.c **** #define CO_TX_CNT_SYNC OD_CNT_SYNC
 163:CANopen/CANopen.c **** #else
 164:CANopen/CANopen.c **** #define CO_TX_CNT_SYNC 0
 165:CANopen/CANopen.c **** #endif
 166:CANopen/CANopen.c **** #ifndef OD_ENTRY_H1007
 167:CANopen/CANopen.c **** #define OD_ENTRY_H1007 NULL
 168:CANopen/CANopen.c **** #endif
 169:CANopen/CANopen.c **** #ifndef OD_ENTRY_H1019
 170:CANopen/CANopen.c **** #define OD_ENTRY_H1019 NULL
 171:CANopen/CANopen.c **** #endif
 172:CANopen/CANopen.c **** #else
 173:CANopen/CANopen.c **** #define CO_RX_CNT_SYNC 0
 174:CANopen/CANopen.c **** #define CO_TX_CNT_SYNC 0
 175:CANopen/CANopen.c **** #endif
 176:CANopen/CANopen.c **** 
 177:CANopen/CANopen.c **** #if ((CO_CONFIG_PDO)&CO_CONFIG_RPDO_ENABLE) != 0
 178:CANopen/CANopen.c **** #if !defined OD_CNT_RPDO
 179:CANopen/CANopen.c **** #define OD_CNT_RPDO    0
 180:CANopen/CANopen.c **** #define OD_ENTRY_H1400 NULL
 181:CANopen/CANopen.c **** #define OD_ENTRY_H1600 NULL
 182:CANopen/CANopen.c **** #elif OD_CNT_RPDO < 0 || OD_CNT_RPDO > 0x200
 183:CANopen/CANopen.c **** #error OD_CNT_RPDO from OD.h not correct!
 184:CANopen/CANopen.c **** #endif
 185:CANopen/CANopen.c **** #define CO_RX_CNT_RPDO OD_CNT_RPDO
 186:CANopen/CANopen.c **** #else
 187:CANopen/CANopen.c **** #define CO_RX_CNT_RPDO 0
 188:CANopen/CANopen.c **** #endif
 189:CANopen/CANopen.c **** 
 190:CANopen/CANopen.c **** #if ((CO_CONFIG_PDO)&CO_CONFIG_TPDO_ENABLE) != 0
 191:CANopen/CANopen.c **** #if !defined OD_CNT_TPDO
 192:CANopen/CANopen.c **** #define OD_CNT_TPDO    0
 193:CANopen/CANopen.c **** #define OD_ENTRY_H1800 NULL
 194:CANopen/CANopen.c **** #define OD_ENTRY_H1A00 NULL
 195:CANopen/CANopen.c **** #elif OD_CNT_TPDO < 0 || OD_CNT_TPDO > 0x200
 196:CANopen/CANopen.c **** #error OD_CNT_TPDO from OD.h not correct!
 197:CANopen/CANopen.c **** #endif
 198:CANopen/CANopen.c **** #define CO_TX_CNT_TPDO OD_CNT_TPDO
 199:CANopen/CANopen.c **** #else
 200:CANopen/CANopen.c **** #define CO_TX_CNT_TPDO 0
ARM GAS  C:\Users\Lenovo\AppData\Local\Temp\ccLI0PPk.s 			page 5


 201:CANopen/CANopen.c **** #endif
 202:CANopen/CANopen.c **** 
 203:CANopen/CANopen.c **** #if ((CO_CONFIG_LEDS)&CO_CONFIG_LEDS_ENABLE) != 0
 204:CANopen/CANopen.c **** #define OD_CNT_LEDS 1
 205:CANopen/CANopen.c **** #endif
 206:CANopen/CANopen.c **** 
 207:CANopen/CANopen.c **** #if ((CO_CONFIG_GFC)&CO_CONFIG_GFC_ENABLE) != 0
 208:CANopen/CANopen.c **** #if !defined OD_CNT_GFC
 209:CANopen/CANopen.c **** #define OD_CNT_GFC     0
 210:CANopen/CANopen.c **** #define OD_ENTRY_H1300 NULL
 211:CANopen/CANopen.c **** #elif OD_CNT_GFC < 0 || OD_CNT_GFC > 1
 212:CANopen/CANopen.c **** #error OD_CNT_GFC from OD.h not correct!
 213:CANopen/CANopen.c **** #endif
 214:CANopen/CANopen.c **** #define CO_RX_CNT_GFC OD_CNT_GFC
 215:CANopen/CANopen.c **** #define CO_TX_CNT_GFC OD_CNT_GFC
 216:CANopen/CANopen.c **** #else
 217:CANopen/CANopen.c **** #define CO_RX_CNT_GFC 0
 218:CANopen/CANopen.c **** #define CO_TX_CNT_GFC 0
 219:CANopen/CANopen.c **** #endif
 220:CANopen/CANopen.c **** 
 221:CANopen/CANopen.c **** #if ((CO_CONFIG_SRDO)&CO_CONFIG_SRDO_ENABLE) != 0
 222:CANopen/CANopen.c **** #if !defined OD_CNT_SRDO
 223:CANopen/CANopen.c **** #define OD_CNT_SRDO    0
 224:CANopen/CANopen.c **** #define OD_ENTRY_H1301 NULL
 225:CANopen/CANopen.c **** #define OD_ENTRY_H1381 NULL
 226:CANopen/CANopen.c **** #define OD_ENTRY_H13FE NULL
 227:CANopen/CANopen.c **** #define OD_ENTRY_H13FF NULL
 228:CANopen/CANopen.c **** #elif OD_CNT_SRDO < 0 || OD_CNT_SRDO > 64
 229:CANopen/CANopen.c **** #error OD_CNT_SRDO from OD.h not correct!
 230:CANopen/CANopen.c **** #endif
 231:CANopen/CANopen.c **** #define CO_RX_CNT_SRDO OD_CNT_SRDO
 232:CANopen/CANopen.c **** #define CO_TX_CNT_SRDO OD_CNT_SRDO
 233:CANopen/CANopen.c **** #else
 234:CANopen/CANopen.c **** #define CO_RX_CNT_SRDO 0
 235:CANopen/CANopen.c **** #define CO_TX_CNT_SRDO 0
 236:CANopen/CANopen.c **** #endif
 237:CANopen/CANopen.c **** 
 238:CANopen/CANopen.c **** #if ((CO_CONFIG_LSS)&CO_CONFIG_LSS_SLAVE) != 0
 239:CANopen/CANopen.c **** #define OD_CNT_LSS_SLV 1
 240:CANopen/CANopen.c **** #else
 241:CANopen/CANopen.c **** #define OD_CNT_LSS_SLV 0
 242:CANopen/CANopen.c **** #endif
 243:CANopen/CANopen.c **** #define CO_RX_CNT_LSS_SLV OD_CNT_LSS_SLV
 244:CANopen/CANopen.c **** #define CO_TX_CNT_LSS_SLV OD_CNT_LSS_SLV
 245:CANopen/CANopen.c **** 
 246:CANopen/CANopen.c **** #if ((CO_CONFIG_LSS)&CO_CONFIG_LSS_MASTER) != 0
 247:CANopen/CANopen.c **** #define OD_CNT_LSS_MST 1
 248:CANopen/CANopen.c **** #else
 249:CANopen/CANopen.c **** #define OD_CNT_LSS_MST 0
 250:CANopen/CANopen.c **** #endif
 251:CANopen/CANopen.c **** #define CO_RX_CNT_LSS_MST OD_CNT_LSS_MST
 252:CANopen/CANopen.c **** #define CO_TX_CNT_LSS_MST OD_CNT_LSS_MST
 253:CANopen/CANopen.c **** 
 254:CANopen/CANopen.c **** #if ((CO_CONFIG_GTW)&CO_CONFIG_GTW_ASCII) != 0
 255:CANopen/CANopen.c **** #define OD_CNT_GTWA 1
 256:CANopen/CANopen.c **** #endif
 257:CANopen/CANopen.c **** 
ARM GAS  C:\Users\Lenovo\AppData\Local\Temp\ccLI0PPk.s 			page 6


 258:CANopen/CANopen.c **** #if (CO_CONFIG_TRACE) & CO_CONFIG_TRACE_ENABLE
 259:CANopen/CANopen.c **** #if !defined OD_CNT_TRACE
 260:CANopen/CANopen.c **** #define OD_CNT_TRACE 0
 261:CANopen/CANopen.c **** #elif OD_CNT_TRACE < 0
 262:CANopen/CANopen.c **** #error OD_CNT_TRACE from OD.h not correct!
 263:CANopen/CANopen.c **** #endif
 264:CANopen/CANopen.c **** #endif
 265:CANopen/CANopen.c **** 
 266:CANopen/CANopen.c **** /* Indexes of CO_CANrx_t and CO_CANtx_t objects in CO_CANmodule_t and total number of them. Indexes
 267:CANopen/CANopen.c ****  * are sorted in a way, that objects with highest priority of the CAN identifier are listed first. 
 268:CANopen/CANopen.c **** #define CO_RX_IDX_NMT_SLV  0U
 269:CANopen/CANopen.c **** #define CO_RX_IDX_GFC      (CO_RX_IDX_NMT_SLV + (uint16_t)CO_RX_CNT_NMT_SLV)
 270:CANopen/CANopen.c **** #define CO_RX_IDX_SYNC     (CO_RX_IDX_GFC + (uint16_t)CO_RX_CNT_GFC)
 271:CANopen/CANopen.c **** #define CO_RX_IDX_EM_CONS  (CO_RX_IDX_SYNC + (uint16_t)CO_RX_CNT_SYNC)
 272:CANopen/CANopen.c **** #define CO_RX_IDX_TIME     (CO_RX_IDX_EM_CONS + (uint16_t)CO_RX_CNT_EM_CONS)
 273:CANopen/CANopen.c **** #define CO_RX_IDX_SRDO     (CO_RX_IDX_TIME + (uint16_t)CO_RX_CNT_TIME)
 274:CANopen/CANopen.c **** #define CO_RX_IDX_RPDO     (CO_RX_IDX_SRDO + ((uint16_t)CO_RX_CNT_SRDO * 2U))
 275:CANopen/CANopen.c **** #define CO_RX_IDX_SDO_SRV  (CO_RX_IDX_RPDO + (uint16_t)CO_RX_CNT_RPDO)
 276:CANopen/CANopen.c **** #define CO_RX_IDX_SDO_CLI  (CO_RX_IDX_SDO_SRV + (uint16_t)CO_RX_CNT_SDO_SRV)
 277:CANopen/CANopen.c **** #define CO_RX_IDX_HB_CONS  (CO_RX_IDX_SDO_CLI + (uint16_t)CO_RX_CNT_SDO_CLI)
 278:CANopen/CANopen.c **** #define CO_RX_IDX_NG_SLV   (CO_RX_IDX_HB_CONS + (uint16_t)CO_RX_CNT_HB_CONS)
 279:CANopen/CANopen.c **** #define CO_RX_IDX_NG_MST   (CO_RX_IDX_NG_SLV + (uint16_t)CO_RX_CNT_NG_SLV)
 280:CANopen/CANopen.c **** #define CO_RX_IDX_LSS_SLV  (CO_RX_IDX_NG_MST + (uint16_t)CO_RX_CNT_NG_MST)
 281:CANopen/CANopen.c **** #define CO_RX_IDX_LSS_MST  (CO_RX_IDX_LSS_SLV + (uint16_t)CO_RX_CNT_LSS_SLV)
 282:CANopen/CANopen.c **** #define CO_CNT_ALL_RX_MSGS (CO_RX_IDX_LSS_MST + (uint16_t)CO_RX_CNT_LSS_MST)
 283:CANopen/CANopen.c **** 
 284:CANopen/CANopen.c **** #define CO_TX_IDX_NMT_MST  0U
 285:CANopen/CANopen.c **** #define CO_TX_IDX_GFC      (CO_TX_IDX_NMT_MST + (uint16_t)CO_TX_CNT_NMT_MST)
 286:CANopen/CANopen.c **** #define CO_TX_IDX_SYNC     (CO_TX_IDX_GFC + (uint16_t)CO_TX_CNT_GFC)
 287:CANopen/CANopen.c **** #define CO_TX_IDX_EM_PROD  (CO_TX_IDX_SYNC + (uint16_t)CO_TX_CNT_SYNC)
 288:CANopen/CANopen.c **** #define CO_TX_IDX_TIME     (CO_TX_IDX_EM_PROD + (uint16_t)CO_TX_CNT_EM_PROD)
 289:CANopen/CANopen.c **** #define CO_TX_IDX_SRDO     (CO_TX_IDX_TIME + (uint16_t)CO_TX_CNT_TIME)
 290:CANopen/CANopen.c **** #define CO_TX_IDX_TPDO     (CO_TX_IDX_SRDO + ((uint16_t)CO_TX_CNT_SRDO * 2U))
 291:CANopen/CANopen.c **** #define CO_TX_IDX_SDO_SRV  (CO_TX_IDX_TPDO + (uint16_t)CO_TX_CNT_TPDO)
 292:CANopen/CANopen.c **** #define CO_TX_IDX_SDO_CLI  (CO_TX_IDX_SDO_SRV + (uint16_t)CO_TX_CNT_SDO_SRV)
 293:CANopen/CANopen.c **** #define CO_TX_IDX_HB_PROD  (CO_TX_IDX_SDO_CLI + (uint16_t)CO_TX_CNT_SDO_CLI)
 294:CANopen/CANopen.c **** #define CO_TX_IDX_NG_SLV   (CO_TX_IDX_HB_PROD + (uint16_t)CO_TX_CNT_HB_PROD)
 295:CANopen/CANopen.c **** #define CO_TX_IDX_NG_MST   (CO_TX_IDX_NG_SLV + (uint16_t)CO_TX_CNT_NG_SLV)
 296:CANopen/CANopen.c **** #define CO_TX_IDX_LSS_SLV  (CO_TX_IDX_NG_MST + (uint16_t)CO_TX_CNT_NG_MST)
 297:CANopen/CANopen.c **** #define CO_TX_IDX_LSS_MST  (CO_TX_IDX_LSS_SLV + (uint16_t)CO_TX_CNT_LSS_SLV)
 298:CANopen/CANopen.c **** #define CO_CNT_ALL_TX_MSGS (CO_TX_IDX_LSS_MST + (uint16_t)CO_TX_CNT_LSS_MST)
 299:CANopen/CANopen.c **** #endif /* #ifdef #else CO_MULTIPLE_OD */
 300:CANopen/CANopen.c **** 
 301:CANopen/CANopen.c **** /* Objects from heap **********************************************************/
 302:CANopen/CANopen.c **** #ifndef CO_USE_GLOBALS
 303:CANopen/CANopen.c **** #include <stdlib.h>
 304:CANopen/CANopen.c **** 
 305:CANopen/CANopen.c **** /* Default allocation strategy ************************************************/
 306:CANopen/CANopen.c **** #if !defined(CO_alloc) || !defined(CO_free)
 307:CANopen/CANopen.c **** #if defined(CO_alloc)
 308:CANopen/CANopen.c **** #warning CO_alloc is defined but CO_free is not. using default values instead
 309:CANopen/CANopen.c **** #undef CO_alloc
 310:CANopen/CANopen.c **** #endif
 311:CANopen/CANopen.c **** #if defined(CO_free)
 312:CANopen/CANopen.c **** #warning CO_free is defined but CO_alloc is not. using default values instead
 313:CANopen/CANopen.c **** #undef CO_free
 314:CANopen/CANopen.c **** #endif
ARM GAS  C:\Users\Lenovo\AppData\Local\Temp\ccLI0PPk.s 			page 7


 315:CANopen/CANopen.c **** 
 316:CANopen/CANopen.c **** /* Allocate memory for number of elements, each of specific size Allocated memory must be reset to 
 317:CANopen/CANopen.c **** #define CO_alloc(num, size) calloc((num), (size))
 318:CANopen/CANopen.c **** #define CO_free(ptr)        free((ptr))
 319:CANopen/CANopen.c **** 
 320:CANopen/CANopen.c **** #endif
 321:CANopen/CANopen.c **** 
 322:CANopen/CANopen.c **** /* Define macros for allocation */
 323:CANopen/CANopen.c **** #define CO_alloc_break_on_fail(var, num, size)                                                     
 324:CANopen/CANopen.c ****     {                                                                                              
 325:CANopen/CANopen.c ****         var = CO_alloc((num), (size));                                                             
 326:CANopen/CANopen.c ****         if ((var) != NULL) {                                                                       
 327:CANopen/CANopen.c ****             mem += (size) * (num);                                                                 
 328:CANopen/CANopen.c ****         } else {                                                                                   
 329:CANopen/CANopen.c ****             break;                                                                                 
 330:CANopen/CANopen.c ****         }                                                                                          
 331:CANopen/CANopen.c ****     }
 332:CANopen/CANopen.c **** 
 333:CANopen/CANopen.c **** #ifdef CO_MULTIPLE_OD
 334:CANopen/CANopen.c **** #define ON_MULTI_OD(sentence) sentence
 335:CANopen/CANopen.c **** #else
 336:CANopen/CANopen.c **** #define ON_MULTI_OD(sentence)
 337:CANopen/CANopen.c **** #endif
 338:CANopen/CANopen.c **** 
 339:CANopen/CANopen.c **** CO_t*
 340:CANopen/CANopen.c **** CO_new(CO_config_t* config, uint32_t* heapMemoryUsed) {
 341:CANopen/CANopen.c ****     CO_t* co = NULL;
 342:CANopen/CANopen.c ****     /* return values */
 343:CANopen/CANopen.c ****     CO_t* coFinal = NULL;
 344:CANopen/CANopen.c ****     uint32_t mem = 0;
 345:CANopen/CANopen.c **** 
 346:CANopen/CANopen.c ****     /* For each object:
 347:CANopen/CANopen.c ****      * - allocate memory, verify allocation and calculate size of heap used
 348:CANopen/CANopen.c ****      * - if CO_MULTIPLE_OD is defined:
 349:CANopen/CANopen.c ****      *   - use config structure
 350:CANopen/CANopen.c ****      *   - calculate number of CANrx and CYNtx messages: RX_CNT_xx and TX_CNT_xx
 351:CANopen/CANopen.c ****      *   - calculate indexes: RX_IDX_xx and TX_IDX_xx
 352:CANopen/CANopen.c ****      *   - calculate total count of CAN message buffers: CNT_ALL_RX_MSGS and CNT_ALL_TX_MSGS. */
 353:CANopen/CANopen.c ****     do {
 354:CANopen/CANopen.c **** #ifdef CO_MULTIPLE_OD
 355:CANopen/CANopen.c ****         /* verify arguments */
 356:CANopen/CANopen.c ****         if (config == NULL || config->CNT_NMT > 1 || config->CNT_HB_CONS > 1 || config->CNT_EM > 1
 357:CANopen/CANopen.c ****             || config->CNT_SDO_SRV > 128 || config->CNT_SDO_CLI > 128 || config->CNT_SYNC > 1 || co
 358:CANopen/CANopen.c ****             || config->CNT_TPDO > 512 || config->CNT_TIME > 1 || config->CNT_LEDS > 1 || config->CN
 359:CANopen/CANopen.c ****             || config->CNT_SRDO > 64 || config->CNT_LSS_SLV > 1 || config->CNT_LSS_MST > 1 || confi
 360:CANopen/CANopen.c ****             break;
 361:CANopen/CANopen.c ****         }
 362:CANopen/CANopen.c **** #else
 363:CANopen/CANopen.c ****         (void)config;
 364:CANopen/CANopen.c **** #endif
 365:CANopen/CANopen.c **** 
 366:CANopen/CANopen.c ****         /* CANopen object */
 367:CANopen/CANopen.c ****         CO_alloc_break_on_fail(co, 1U, sizeof(*co));
 368:CANopen/CANopen.c **** 
 369:CANopen/CANopen.c **** #ifdef CO_MULTIPLE_OD
 370:CANopen/CANopen.c ****         co->config = config;
 371:CANopen/CANopen.c **** #endif
ARM GAS  C:\Users\Lenovo\AppData\Local\Temp\ccLI0PPk.s 			page 8


 372:CANopen/CANopen.c **** 
 373:CANopen/CANopen.c ****         /* NMT_Heartbeat */
 374:CANopen/CANopen.c ****         ON_MULTI_OD(uint8_t RX_CNT_NMT_SLV = 0);
 375:CANopen/CANopen.c ****         ON_MULTI_OD(uint8_t TX_CNT_NMT_MST = 0);
 376:CANopen/CANopen.c ****         ON_MULTI_OD(uint8_t TX_CNT_HB_PROD = 0);
 377:CANopen/CANopen.c ****         if (CO_GET_CNT(NMT) == 1U) {
 378:CANopen/CANopen.c ****             CO_alloc_break_on_fail(co->NMT, CO_GET_CNT(NMT), sizeof(*co->NMT));
 379:CANopen/CANopen.c ****             ON_MULTI_OD(RX_CNT_NMT_SLV = 1);
 380:CANopen/CANopen.c **** #if ((CO_CONFIG_NMT)&CO_CONFIG_NMT_MASTER) != 0
 381:CANopen/CANopen.c ****             ON_MULTI_OD(TX_CNT_NMT_MST = 1);
 382:CANopen/CANopen.c **** #endif
 383:CANopen/CANopen.c ****             ON_MULTI_OD(TX_CNT_HB_PROD = 1);
 384:CANopen/CANopen.c ****         }
 385:CANopen/CANopen.c **** 
 386:CANopen/CANopen.c **** #if ((CO_CONFIG_HB_CONS)&CO_CONFIG_HB_CONS_ENABLE) != 0
 387:CANopen/CANopen.c ****         ON_MULTI_OD(uint8_t RX_CNT_HB_CONS = 0);
 388:CANopen/CANopen.c ****         if (CO_GET_CNT(HB_CONS) == 1U) {
 389:CANopen/CANopen.c ****             uint8_t countOfMonitoredNodes = CO_GET_CNT(ARR_1016);
 390:CANopen/CANopen.c ****             CO_alloc_break_on_fail(co->HBcons, CO_GET_CNT(HB_CONS), sizeof(*co->HBcons));
 391:CANopen/CANopen.c ****             CO_alloc_break_on_fail(co->HBconsMonitoredNodes, countOfMonitoredNodes, sizeof(*co->HBc
 392:CANopen/CANopen.c ****             ON_MULTI_OD(RX_CNT_HB_CONS = countOfMonitoredNodes);
 393:CANopen/CANopen.c ****         }
 394:CANopen/CANopen.c **** #endif
 395:CANopen/CANopen.c **** 
 396:CANopen/CANopen.c ****         /* Node guarding */
 397:CANopen/CANopen.c **** #if ((CO_CONFIG_NODE_GUARDING)&CO_CONFIG_NODE_GUARDING_SLAVE_ENABLE) != 0
 398:CANopen/CANopen.c ****         CO_alloc_break_on_fail(co->NGslave, 1, sizeof(*co->NGslave));
 399:CANopen/CANopen.c **** #endif
 400:CANopen/CANopen.c **** #if ((CO_CONFIG_NODE_GUARDING)&CO_CONFIG_NODE_GUARDING_MASTER_ENABLE) != 0
 401:CANopen/CANopen.c ****         CO_alloc_break_on_fail(co->NGmaster, 1, sizeof(*co->NGmaster));
 402:CANopen/CANopen.c **** #endif
 403:CANopen/CANopen.c **** 
 404:CANopen/CANopen.c ****         /* Emergency */
 405:CANopen/CANopen.c ****         ON_MULTI_OD(uint8_t RX_CNT_EM_CONS = 0);
 406:CANopen/CANopen.c ****         ON_MULTI_OD(uint8_t TX_CNT_EM_PROD = 0);
 407:CANopen/CANopen.c ****         if (CO_GET_CNT(EM) == 1U) {
 408:CANopen/CANopen.c ****             CO_alloc_break_on_fail(co->em, CO_GET_CNT(EM), sizeof(*co->em));
 409:CANopen/CANopen.c **** #if ((CO_CONFIG_EM)&CO_CONFIG_EM_CONSUMER) != 0
 410:CANopen/CANopen.c ****             ON_MULTI_OD(RX_CNT_EM_CONS = 1);
 411:CANopen/CANopen.c **** #endif
 412:CANopen/CANopen.c **** #if ((CO_CONFIG_EM)&CO_CONFIG_EM_PRODUCER) != 0
 413:CANopen/CANopen.c ****             ON_MULTI_OD(TX_CNT_EM_PROD = 1);
 414:CANopen/CANopen.c **** #endif
 415:CANopen/CANopen.c **** #if ((CO_CONFIG_EM) & (CO_CONFIG_EM_PRODUCER | CO_CONFIG_EM_HISTORY)) != 0
 416:CANopen/CANopen.c ****             uint8_t fifoSize = CO_GET_CNT(ARR_1003) + 1U;
 417:CANopen/CANopen.c ****             if (fifoSize >= 2U) {
 418:CANopen/CANopen.c ****                 CO_alloc_break_on_fail(co->em_fifo, fifoSize, sizeof(*co->em_fifo));
 419:CANopen/CANopen.c ****             }
 420:CANopen/CANopen.c **** #endif
 421:CANopen/CANopen.c ****         }
 422:CANopen/CANopen.c **** 
 423:CANopen/CANopen.c ****         /* SDOserver */
 424:CANopen/CANopen.c ****         ON_MULTI_OD(uint8_t RX_CNT_SDO_SRV = 0);
 425:CANopen/CANopen.c ****         ON_MULTI_OD(uint8_t TX_CNT_SDO_SRV = 0);
 426:CANopen/CANopen.c ****         if (CO_GET_CNT(SDO_SRV) > 0U) {
 427:CANopen/CANopen.c ****             CO_alloc_break_on_fail(co->SDOserver, CO_GET_CNT(SDO_SRV), sizeof(*co->SDOserver));
 428:CANopen/CANopen.c ****             ON_MULTI_OD(RX_CNT_SDO_SRV = config->CNT_SDO_SRV);
ARM GAS  C:\Users\Lenovo\AppData\Local\Temp\ccLI0PPk.s 			page 9


 429:CANopen/CANopen.c ****             ON_MULTI_OD(TX_CNT_SDO_SRV = config->CNT_SDO_SRV);
 430:CANopen/CANopen.c ****         }
 431:CANopen/CANopen.c **** 
 432:CANopen/CANopen.c **** #if ((CO_CONFIG_SDO_CLI)&CO_CONFIG_SDO_CLI_ENABLE) != 0
 433:CANopen/CANopen.c ****         ON_MULTI_OD(uint8_t RX_CNT_SDO_CLI = 0);
 434:CANopen/CANopen.c ****         ON_MULTI_OD(uint8_t TX_CNT_SDO_CLI = 0);
 435:CANopen/CANopen.c ****         if (CO_GET_CNT(SDO_CLI) > 0U) {
 436:CANopen/CANopen.c ****             CO_alloc_break_on_fail(co->SDOclient, CO_GET_CNT(SDO_CLI), sizeof(*co->SDOclient));
 437:CANopen/CANopen.c ****             ON_MULTI_OD(RX_CNT_SDO_CLI = config->CNT_SDO_CLI);
 438:CANopen/CANopen.c ****             ON_MULTI_OD(TX_CNT_SDO_CLI = config->CNT_SDO_CLI);
 439:CANopen/CANopen.c ****         }
 440:CANopen/CANopen.c **** #endif
 441:CANopen/CANopen.c **** 
 442:CANopen/CANopen.c **** #if ((CO_CONFIG_TIME)&CO_CONFIG_TIME_ENABLE) != 0
 443:CANopen/CANopen.c ****         ON_MULTI_OD(uint8_t RX_CNT_TIME = 0);
 444:CANopen/CANopen.c ****         ON_MULTI_OD(uint8_t TX_CNT_TIME = 0);
 445:CANopen/CANopen.c ****         if (CO_GET_CNT(TIME) == 1U) {
 446:CANopen/CANopen.c ****             CO_alloc_break_on_fail(co->TIME, CO_GET_CNT(TIME), sizeof(*co->TIME));
 447:CANopen/CANopen.c ****             ON_MULTI_OD(RX_CNT_TIME = 1);
 448:CANopen/CANopen.c **** #if ((CO_CONFIG_TIME)&CO_CONFIG_TIME_PRODUCER) != 0
 449:CANopen/CANopen.c ****             ON_MULTI_OD(TX_CNT_TIME = 1);
 450:CANopen/CANopen.c **** #endif
 451:CANopen/CANopen.c ****         }
 452:CANopen/CANopen.c **** #endif
 453:CANopen/CANopen.c **** 
 454:CANopen/CANopen.c **** #if ((CO_CONFIG_SYNC)&CO_CONFIG_SYNC_ENABLE) != 0
 455:CANopen/CANopen.c ****         ON_MULTI_OD(uint8_t RX_CNT_SYNC = 0);
 456:CANopen/CANopen.c ****         ON_MULTI_OD(uint8_t TX_CNT_SYNC = 0);
 457:CANopen/CANopen.c ****         if (CO_GET_CNT(SYNC) == 1U) {
 458:CANopen/CANopen.c ****             CO_alloc_break_on_fail(co->SYNC, CO_GET_CNT(SYNC), sizeof(*co->SYNC));
 459:CANopen/CANopen.c ****             ON_MULTI_OD(RX_CNT_SYNC = 1);
 460:CANopen/CANopen.c **** #if ((CO_CONFIG_SYNC)&CO_CONFIG_SYNC_PRODUCER) != 0
 461:CANopen/CANopen.c ****             ON_MULTI_OD(TX_CNT_SYNC = 1);
 462:CANopen/CANopen.c **** #endif
 463:CANopen/CANopen.c ****         }
 464:CANopen/CANopen.c **** #endif
 465:CANopen/CANopen.c **** 
 466:CANopen/CANopen.c **** #if ((CO_CONFIG_PDO)&CO_CONFIG_RPDO_ENABLE) != 0
 467:CANopen/CANopen.c ****         ON_MULTI_OD(uint16_t RX_CNT_RPDO = 0);
 468:CANopen/CANopen.c ****         if (CO_GET_CNT(RPDO) > 0U) {
 469:CANopen/CANopen.c ****             CO_alloc_break_on_fail(co->RPDO, CO_GET_CNT(RPDO), sizeof(*co->RPDO));
 470:CANopen/CANopen.c ****             ON_MULTI_OD(RX_CNT_RPDO = config->CNT_RPDO);
 471:CANopen/CANopen.c ****         }
 472:CANopen/CANopen.c **** #endif
 473:CANopen/CANopen.c **** 
 474:CANopen/CANopen.c **** #if ((CO_CONFIG_PDO)&CO_CONFIG_TPDO_ENABLE) != 0
 475:CANopen/CANopen.c ****         ON_MULTI_OD(uint16_t TX_CNT_TPDO = 0);
 476:CANopen/CANopen.c ****         if (CO_GET_CNT(TPDO) > 0U) {
 477:CANopen/CANopen.c ****             CO_alloc_break_on_fail(co->TPDO, CO_GET_CNT(TPDO), sizeof(*co->TPDO));
 478:CANopen/CANopen.c ****             ON_MULTI_OD(TX_CNT_TPDO = config->CNT_TPDO);
 479:CANopen/CANopen.c ****         }
 480:CANopen/CANopen.c **** #endif
 481:CANopen/CANopen.c **** 
 482:CANopen/CANopen.c **** #if ((CO_CONFIG_LEDS)&CO_CONFIG_LEDS_ENABLE) != 0
 483:CANopen/CANopen.c ****         if (CO_GET_CNT(LEDS) == 1U) {
 484:CANopen/CANopen.c ****             CO_alloc_break_on_fail(co->LEDs, CO_GET_CNT(LEDS), sizeof(*co->LEDs));
 485:CANopen/CANopen.c ****         }
ARM GAS  C:\Users\Lenovo\AppData\Local\Temp\ccLI0PPk.s 			page 10


 486:CANopen/CANopen.c **** #endif
 487:CANopen/CANopen.c **** 
 488:CANopen/CANopen.c **** #if ((CO_CONFIG_GFC)&CO_CONFIG_GFC_ENABLE) != 0
 489:CANopen/CANopen.c ****         ON_MULTI_OD(uint8_t RX_CNT_GFC = 0);
 490:CANopen/CANopen.c ****         ON_MULTI_OD(uint8_t TX_CNT_GFC = 0);
 491:CANopen/CANopen.c ****         if (CO_GET_CNT(GFC) == 1) {
 492:CANopen/CANopen.c ****             CO_alloc_break_on_fail(co->GFC, CO_GET_CNT(GFC), sizeof(*co->GFC));
 493:CANopen/CANopen.c ****             ON_MULTI_OD(RX_CNT_GFC = 1);
 494:CANopen/CANopen.c ****             ON_MULTI_OD(TX_CNT_GFC = 1);
 495:CANopen/CANopen.c ****         }
 496:CANopen/CANopen.c **** #endif
 497:CANopen/CANopen.c **** 
 498:CANopen/CANopen.c **** #if ((CO_CONFIG_SRDO)&CO_CONFIG_SRDO_ENABLE) != 0
 499:CANopen/CANopen.c ****         ON_MULTI_OD(uint8_t RX_CNT_SRDO = 0);
 500:CANopen/CANopen.c ****         ON_MULTI_OD(uint8_t TX_CNT_SRDO = 0);
 501:CANopen/CANopen.c ****         if (CO_GET_CNT(SRDO) > 0U) {
 502:CANopen/CANopen.c ****             CO_alloc_break_on_fail(co->SRDOGuard, 1U, sizeof(*co->SRDOGuard));
 503:CANopen/CANopen.c ****             CO_alloc_break_on_fail(co->SRDO, CO_GET_CNT(SRDO), sizeof(*co->SRDO));
 504:CANopen/CANopen.c ****             ON_MULTI_OD(RX_CNT_SRDO = config->CNT_SRDO * 2);
 505:CANopen/CANopen.c ****             ON_MULTI_OD(TX_CNT_SRDO = config->CNT_SRDO * 2);
 506:CANopen/CANopen.c ****         }
 507:CANopen/CANopen.c **** #endif
 508:CANopen/CANopen.c **** 
 509:CANopen/CANopen.c **** #if ((CO_CONFIG_LSS)&CO_CONFIG_LSS_SLAVE) != 0
 510:CANopen/CANopen.c ****         ON_MULTI_OD(uint8_t RX_CNT_LSS_SLV = 0);
 511:CANopen/CANopen.c ****         ON_MULTI_OD(uint8_t TX_CNT_LSS_SLV = 0);
 512:CANopen/CANopen.c ****         if (CO_GET_CNT(LSS_SLV) == 1U) {
 513:CANopen/CANopen.c ****             CO_alloc_break_on_fail(co->LSSslave, CO_GET_CNT(LSS_SLV), sizeof(*co->LSSslave));
 514:CANopen/CANopen.c ****             ON_MULTI_OD(RX_CNT_LSS_SLV = 1);
 515:CANopen/CANopen.c ****             ON_MULTI_OD(TX_CNT_LSS_SLV = 1);
 516:CANopen/CANopen.c ****         }
 517:CANopen/CANopen.c **** #endif
 518:CANopen/CANopen.c **** 
 519:CANopen/CANopen.c **** #if ((CO_CONFIG_LSS)&CO_CONFIG_LSS_MASTER) != 0
 520:CANopen/CANopen.c ****         ON_MULTI_OD(uint8_t RX_CNT_LSS_MST = 0);
 521:CANopen/CANopen.c ****         ON_MULTI_OD(uint8_t TX_CNT_LSS_MST = 0);
 522:CANopen/CANopen.c ****         if (CO_GET_CNT(LSS_MST) == 1U) {
 523:CANopen/CANopen.c ****             CO_alloc_break_on_fail(co->LSSmaster, CO_GET_CNT(LSS_MST), sizeof(*co->LSSmaster));
 524:CANopen/CANopen.c ****             ON_MULTI_OD(RX_CNT_LSS_MST = 1);
 525:CANopen/CANopen.c ****             ON_MULTI_OD(TX_CNT_LSS_MST = 1);
 526:CANopen/CANopen.c ****         }
 527:CANopen/CANopen.c **** #endif
 528:CANopen/CANopen.c **** 
 529:CANopen/CANopen.c **** #if ((CO_CONFIG_GTW)&CO_CONFIG_GTW_ASCII) != 0
 530:CANopen/CANopen.c ****         if (CO_GET_CNT(GTWA) == 1U) {
 531:CANopen/CANopen.c ****             CO_alloc_break_on_fail(co->gtwa, CO_GET_CNT(GTWA), sizeof(*co->gtwa));
 532:CANopen/CANopen.c ****         }
 533:CANopen/CANopen.c **** #endif
 534:CANopen/CANopen.c **** 
 535:CANopen/CANopen.c **** #if (CO_CONFIG_TRACE) & CO_CONFIG_TRACE_ENABLE
 536:CANopen/CANopen.c ****         if (CO_GET_CNT(TRACE) > 0) {
 537:CANopen/CANopen.c ****             CO_alloc_break_on_fail(co->trace, CO_GET_CNT(TRACE), sizeof(*co->trace));
 538:CANopen/CANopen.c ****         }
 539:CANopen/CANopen.c **** #endif
 540:CANopen/CANopen.c **** 
 541:CANopen/CANopen.c **** #ifdef CO_MULTIPLE_OD
 542:CANopen/CANopen.c ****         /* Indexes of CO_CANrx_t and CO_CANtx_t objects in CO_CANmodule_t and total number of them.
ARM GAS  C:\Users\Lenovo\AppData\Local\Temp\ccLI0PPk.s 			page 11


 543:CANopen/CANopen.c ****          * are sorted in a way, that objects with highest priority of the CAN identifier are listed
 544:CANopen/CANopen.c ****         int16_t idxRx = 0;
 545:CANopen/CANopen.c ****         co->RX_IDX_NMT_SLV = idxRx;
 546:CANopen/CANopen.c ****         idxRx += RX_CNT_NMT_SLV;
 547:CANopen/CANopen.c **** #if ((CO_CONFIG_GFC)&CO_CONFIG_GFC_ENABLE) != 0
 548:CANopen/CANopen.c ****         co->RX_IDX_GFC = idxRx;
 549:CANopen/CANopen.c ****         idxRx += RX_CNT_GFC;
 550:CANopen/CANopen.c **** #endif
 551:CANopen/CANopen.c **** #if ((CO_CONFIG_SYNC)&CO_CONFIG_SYNC_ENABLE) != 0
 552:CANopen/CANopen.c ****         co->RX_IDX_SYNC = idxRx;
 553:CANopen/CANopen.c ****         idxRx += RX_CNT_SYNC;
 554:CANopen/CANopen.c **** #endif
 555:CANopen/CANopen.c ****         co->RX_IDX_EM_CONS = idxRx;
 556:CANopen/CANopen.c ****         idxRx += RX_CNT_EM_CONS;
 557:CANopen/CANopen.c **** #if ((CO_CONFIG_TIME)&CO_CONFIG_TIME_ENABLE) != 0
 558:CANopen/CANopen.c ****         co->RX_IDX_TIME = idxRx;
 559:CANopen/CANopen.c ****         idxRx += RX_CNT_TIME;
 560:CANopen/CANopen.c **** #endif
 561:CANopen/CANopen.c **** #if ((CO_CONFIG_SRDO)&CO_CONFIG_SRDO_ENABLE) != 0
 562:CANopen/CANopen.c ****         co->RX_IDX_SRDO = idxRx;
 563:CANopen/CANopen.c ****         idxRx += RX_CNT_SRDO * 2;
 564:CANopen/CANopen.c **** #endif
 565:CANopen/CANopen.c **** #if ((CO_CONFIG_PDO)&CO_CONFIG_RPDO_ENABLE) != 0
 566:CANopen/CANopen.c ****         co->RX_IDX_RPDO = idxRx;
 567:CANopen/CANopen.c ****         idxRx += RX_CNT_RPDO;
 568:CANopen/CANopen.c **** #endif
 569:CANopen/CANopen.c ****         co->RX_IDX_SDO_SRV = idxRx;
 570:CANopen/CANopen.c ****         idxRx += RX_CNT_SDO_SRV;
 571:CANopen/CANopen.c **** #if ((CO_CONFIG_SDO_CLI)&CO_CONFIG_SDO_CLI_ENABLE) != 0
 572:CANopen/CANopen.c ****         co->RX_IDX_SDO_CLI = idxRx;
 573:CANopen/CANopen.c ****         idxRx += RX_CNT_SDO_CLI;
 574:CANopen/CANopen.c **** #endif
 575:CANopen/CANopen.c **** #if ((CO_CONFIG_HB_CONS)&CO_CONFIG_HB_CONS_ENABLE) != 0
 576:CANopen/CANopen.c ****         co->RX_IDX_HB_CONS = idxRx;
 577:CANopen/CANopen.c ****         idxRx += RX_CNT_HB_CONS;
 578:CANopen/CANopen.c **** #endif
 579:CANopen/CANopen.c **** #if ((CO_CONFIG_NODE_GUARDING)&CO_CONFIG_NODE_GUARDING_SLAVE_ENABLE) != 0
 580:CANopen/CANopen.c ****         co->RX_IDX_NG_SLV = idxRx;
 581:CANopen/CANopen.c ****         idxRx += 1;
 582:CANopen/CANopen.c **** #endif
 583:CANopen/CANopen.c **** #if ((CO_CONFIG_NODE_GUARDING)&CO_CONFIG_NODE_GUARDING_MASTER_ENABLE) != 0
 584:CANopen/CANopen.c ****         co->RX_IDX_NG_MST = idxRx;
 585:CANopen/CANopen.c ****         idxRx += 1;
 586:CANopen/CANopen.c **** #endif
 587:CANopen/CANopen.c **** #if ((CO_CONFIG_LSS)&CO_CONFIG_LSS_SLAVE) != 0
 588:CANopen/CANopen.c ****         co->RX_IDX_LSS_SLV = idxRx;
 589:CANopen/CANopen.c ****         idxRx += RX_CNT_LSS_SLV;
 590:CANopen/CANopen.c **** #endif
 591:CANopen/CANopen.c **** #if ((CO_CONFIG_LSS)&CO_CONFIG_LSS_MASTER) != 0
 592:CANopen/CANopen.c ****         co->RX_IDX_LSS_MST = idxRx;
 593:CANopen/CANopen.c ****         idxRx += RX_CNT_LSS_MST;
 594:CANopen/CANopen.c **** #endif
 595:CANopen/CANopen.c ****         co->CNT_ALL_RX_MSGS = idxRx;
 596:CANopen/CANopen.c **** 
 597:CANopen/CANopen.c ****         int16_t idxTx = 0;
 598:CANopen/CANopen.c ****         co->TX_IDX_NMT_MST = idxTx;
 599:CANopen/CANopen.c ****         idxTx += TX_CNT_NMT_MST;
ARM GAS  C:\Users\Lenovo\AppData\Local\Temp\ccLI0PPk.s 			page 12


 600:CANopen/CANopen.c **** #if ((CO_CONFIG_GFC)&CO_CONFIG_GFC_ENABLE) != 0
 601:CANopen/CANopen.c ****         co->TX_IDX_GFC = idxTx;
 602:CANopen/CANopen.c ****         idxTx += TX_CNT_GFC;
 603:CANopen/CANopen.c **** #endif
 604:CANopen/CANopen.c **** #if ((CO_CONFIG_SYNC)&CO_CONFIG_SYNC_ENABLE) != 0
 605:CANopen/CANopen.c ****         co->TX_IDX_SYNC = idxTx;
 606:CANopen/CANopen.c ****         idxTx += TX_CNT_SYNC;
 607:CANopen/CANopen.c **** #endif
 608:CANopen/CANopen.c ****         co->TX_IDX_EM_PROD = idxTx;
 609:CANopen/CANopen.c ****         idxTx += TX_CNT_EM_PROD;
 610:CANopen/CANopen.c **** #if ((CO_CONFIG_TIME)&CO_CONFIG_TIME_ENABLE) != 0
 611:CANopen/CANopen.c ****         co->TX_IDX_TIME = idxTx;
 612:CANopen/CANopen.c ****         idxTx += TX_CNT_TIME;
 613:CANopen/CANopen.c **** #endif
 614:CANopen/CANopen.c **** #if ((CO_CONFIG_SRDO)&CO_CONFIG_SRDO_ENABLE) != 0
 615:CANopen/CANopen.c ****         co->TX_IDX_SRDO = idxTx;
 616:CANopen/CANopen.c ****         idxTx += TX_CNT_SRDO * 2;
 617:CANopen/CANopen.c **** #endif
 618:CANopen/CANopen.c **** #if ((CO_CONFIG_PDO)&CO_CONFIG_TPDO_ENABLE) != 0
 619:CANopen/CANopen.c ****         co->TX_IDX_TPDO = idxTx;
 620:CANopen/CANopen.c ****         idxTx += TX_CNT_TPDO;
 621:CANopen/CANopen.c **** #endif
 622:CANopen/CANopen.c ****         co->TX_IDX_SDO_SRV = idxTx;
 623:CANopen/CANopen.c ****         idxTx += TX_CNT_SDO_SRV;
 624:CANopen/CANopen.c **** #if ((CO_CONFIG_SDO_CLI)&CO_CONFIG_SDO_CLI_ENABLE) != 0
 625:CANopen/CANopen.c ****         co->TX_IDX_SDO_CLI = idxTx;
 626:CANopen/CANopen.c ****         idxTx += TX_CNT_SDO_CLI;
 627:CANopen/CANopen.c **** #endif
 628:CANopen/CANopen.c ****         co->TX_IDX_HB_PROD = idxTx;
 629:CANopen/CANopen.c ****         idxTx += TX_CNT_HB_PROD;
 630:CANopen/CANopen.c **** #if ((CO_CONFIG_NODE_GUARDING)&CO_CONFIG_NODE_GUARDING_SLAVE_ENABLE) != 0
 631:CANopen/CANopen.c ****         co->TX_IDX_NG_SLV = idxTx;
 632:CANopen/CANopen.c ****         idxTx += 1;
 633:CANopen/CANopen.c **** #endif
 634:CANopen/CANopen.c **** #if ((CO_CONFIG_NODE_GUARDING)&CO_CONFIG_NODE_GUARDING_MASTER_ENABLE) != 0
 635:CANopen/CANopen.c ****         co->TX_IDX_NG_MST = idxTx;
 636:CANopen/CANopen.c ****         idxTx += 1;
 637:CANopen/CANopen.c **** #endif
 638:CANopen/CANopen.c **** #if ((CO_CONFIG_LSS)&CO_CONFIG_LSS_SLAVE) != 0
 639:CANopen/CANopen.c ****         co->TX_IDX_LSS_SLV = idxTx;
 640:CANopen/CANopen.c ****         idxTx += TX_CNT_LSS_SLV;
 641:CANopen/CANopen.c **** #endif
 642:CANopen/CANopen.c **** #if ((CO_CONFIG_LSS)&CO_CONFIG_LSS_MASTER) != 0
 643:CANopen/CANopen.c ****         co->TX_IDX_LSS_MST = idxTx;
 644:CANopen/CANopen.c ****         idxTx += TX_CNT_LSS_MST;
 645:CANopen/CANopen.c **** #endif
 646:CANopen/CANopen.c ****         co->CNT_ALL_TX_MSGS = idxTx;
 647:CANopen/CANopen.c **** #endif /* #ifdef CO_MULTIPLE_OD */
 648:CANopen/CANopen.c **** 
 649:CANopen/CANopen.c ****         /* CANmodule */
 650:CANopen/CANopen.c ****         CO_alloc_break_on_fail(co->CANmodule, 1U, sizeof(*co->CANmodule));
 651:CANopen/CANopen.c **** 
 652:CANopen/CANopen.c ****         /* CAN RX blocks */
 653:CANopen/CANopen.c ****         CO_alloc_break_on_fail(co->CANrx, CO_GET_CO(CNT_ALL_RX_MSGS), sizeof(*co->CANrx));
 654:CANopen/CANopen.c **** 
 655:CANopen/CANopen.c ****         /* CAN TX blocks */
 656:CANopen/CANopen.c ****         CO_alloc_break_on_fail(co->CANtx, CO_GET_CO(CNT_ALL_TX_MSGS), sizeof(*co->CANtx));
ARM GAS  C:\Users\Lenovo\AppData\Local\Temp\ccLI0PPk.s 			page 13


 657:CANopen/CANopen.c **** 
 658:CANopen/CANopen.c ****         /* finish successfully, set other parameters */
 659:CANopen/CANopen.c ****         co->nodeIdUnconfigured = true;
 660:CANopen/CANopen.c ****         coFinal = co;
 661:CANopen/CANopen.c ****     } while (false);
 662:CANopen/CANopen.c **** 
 663:CANopen/CANopen.c ****     if (coFinal == NULL) {
 664:CANopen/CANopen.c ****         CO_delete(co);
 665:CANopen/CANopen.c ****     }
 666:CANopen/CANopen.c ****     if (heapMemoryUsed != NULL) {
 667:CANopen/CANopen.c ****         *heapMemoryUsed = mem;
 668:CANopen/CANopen.c ****     }
 669:CANopen/CANopen.c ****     return coFinal;
 670:CANopen/CANopen.c **** }
 671:CANopen/CANopen.c **** 
 672:CANopen/CANopen.c **** void
 673:CANopen/CANopen.c **** CO_delete(CO_t* co) {
  30              		.loc 1 673 21 view -0
  31              		.cfi_startproc
  32              		@ args = 0, pretend = 0, frame = 0
  33              		@ frame_needed = 0, uses_anonymous_args = 0
 674:CANopen/CANopen.c ****     if (co == NULL) {
  34              		.loc 1 674 5 view .LVU1
  35              		.loc 1 674 8 is_stmt 0 view .LVU2
  36 0000 0028     		cmp	r0, #0
  37 0002 35D0     		beq	.L4
 673:CANopen/CANopen.c ****     if (co == NULL) {
  38              		.loc 1 673 21 view .LVU3
  39 0004 10B5     		push	{r4, lr}
  40              	.LCFI0:
  41              		.cfi_def_cfa_offset 8
  42              		.cfi_offset 4, -8
  43              		.cfi_offset 14, -4
  44 0006 0446     		mov	r4, r0
 675:CANopen/CANopen.c ****         return;
 676:CANopen/CANopen.c ****     }
 677:CANopen/CANopen.c **** 
 678:CANopen/CANopen.c ****     CO_CANmodule_disable(co->CANmodule);
  45              		.loc 1 678 5 is_stmt 1 view .LVU4
  46 0008 4068     		ldr	r0, [r0, #4]
  47              	.LVL1:
  48              		.loc 1 678 5 is_stmt 0 view .LVU5
  49 000a FFF7FEFF 		bl	CO_CANmodule_disable
  50              	.LVL2:
 679:CANopen/CANopen.c **** 
 680:CANopen/CANopen.c ****     /* CANmodule */
 681:CANopen/CANopen.c ****     CO_free(co->CANtx);
  51              		.loc 1 681 5 is_stmt 1 view .LVU6
  52 000e E068     		ldr	r0, [r4, #12]
  53 0010 FFF7FEFF 		bl	free
  54              	.LVL3:
 682:CANopen/CANopen.c ****     CO_free(co->CANrx);
  55              		.loc 1 682 5 view .LVU7
  56 0014 A068     		ldr	r0, [r4, #8]
  57 0016 FFF7FEFF 		bl	free
  58              	.LVL4:
 683:CANopen/CANopen.c ****     CO_free(co->CANmodule);
ARM GAS  C:\Users\Lenovo\AppData\Local\Temp\ccLI0PPk.s 			page 14


  59              		.loc 1 683 5 view .LVU8
  60 001a 6068     		ldr	r0, [r4, #4]
  61 001c FFF7FEFF 		bl	free
  62              	.LVL5:
 684:CANopen/CANopen.c **** 
 685:CANopen/CANopen.c **** #if (CO_CONFIG_TRACE) & CO_CONFIG_TRACE_ENABLE
 686:CANopen/CANopen.c ****     CO_free(co->trace);
 687:CANopen/CANopen.c **** #endif
 688:CANopen/CANopen.c **** 
 689:CANopen/CANopen.c **** #if ((CO_CONFIG_GTW)&CO_CONFIG_GTW_ASCII) != 0
 690:CANopen/CANopen.c ****     CO_free(co->gtwa);
 691:CANopen/CANopen.c **** #endif
 692:CANopen/CANopen.c **** 
 693:CANopen/CANopen.c **** #if ((CO_CONFIG_LSS)&CO_CONFIG_LSS_MASTER) != 0
 694:CANopen/CANopen.c ****     CO_free(co->LSSmaster);
 695:CANopen/CANopen.c **** #endif
 696:CANopen/CANopen.c **** 
 697:CANopen/CANopen.c **** #if ((CO_CONFIG_LSS)&CO_CONFIG_LSS_SLAVE) != 0
 698:CANopen/CANopen.c ****     CO_free(co->LSSslave);
  63              		.loc 1 698 5 view .LVU9
  64 0020 E06B     		ldr	r0, [r4, #60]
  65 0022 FFF7FEFF 		bl	free
  66              	.LVL6:
 699:CANopen/CANopen.c **** #endif
 700:CANopen/CANopen.c **** 
 701:CANopen/CANopen.c **** #if ((CO_CONFIG_SRDO)&CO_CONFIG_SRDO_ENABLE) != 0
 702:CANopen/CANopen.c ****     CO_free(co->SRDO);
 703:CANopen/CANopen.c ****     CO_free(co->SRDOGuard);
 704:CANopen/CANopen.c **** #endif
 705:CANopen/CANopen.c **** 
 706:CANopen/CANopen.c **** #if ((CO_CONFIG_GFC)&CO_CONFIG_GFC_ENABLE) != 0
 707:CANopen/CANopen.c ****     CO_free(co->GFC);
 708:CANopen/CANopen.c **** #endif
 709:CANopen/CANopen.c **** 
 710:CANopen/CANopen.c **** #if ((CO_CONFIG_LEDS)&CO_CONFIG_LEDS_ENABLE) != 0
 711:CANopen/CANopen.c ****     CO_free(co->LEDs);
  67              		.loc 1 711 5 view .LVU10
  68 0026 A06B     		ldr	r0, [r4, #56]
  69 0028 FFF7FEFF 		bl	free
  70              	.LVL7:
 712:CANopen/CANopen.c **** #endif
 713:CANopen/CANopen.c **** 
 714:CANopen/CANopen.c **** #if ((CO_CONFIG_PDO)&CO_CONFIG_TPDO_ENABLE) != 0
 715:CANopen/CANopen.c ****     CO_free(co->TPDO);
  71              		.loc 1 715 5 view .LVU11
  72 002c 606B     		ldr	r0, [r4, #52]
  73 002e FFF7FEFF 		bl	free
  74              	.LVL8:
 716:CANopen/CANopen.c **** #endif
 717:CANopen/CANopen.c **** 
 718:CANopen/CANopen.c **** #if ((CO_CONFIG_PDO)&CO_CONFIG_RPDO_ENABLE) != 0
 719:CANopen/CANopen.c ****     CO_free(co->RPDO);
  75              		.loc 1 719 5 view .LVU12
  76 0032 206B     		ldr	r0, [r4, #48]
  77 0034 FFF7FEFF 		bl	free
  78              	.LVL9:
 720:CANopen/CANopen.c **** #endif
ARM GAS  C:\Users\Lenovo\AppData\Local\Temp\ccLI0PPk.s 			page 15


 721:CANopen/CANopen.c **** 
 722:CANopen/CANopen.c **** #if ((CO_CONFIG_SYNC)&CO_CONFIG_SYNC_ENABLE) != 0
 723:CANopen/CANopen.c ****     CO_free(co->SYNC);
  79              		.loc 1 723 5 view .LVU13
  80 0038 E06A     		ldr	r0, [r4, #44]
  81 003a FFF7FEFF 		bl	free
  82              	.LVL10:
 724:CANopen/CANopen.c **** #endif
 725:CANopen/CANopen.c **** 
 726:CANopen/CANopen.c **** #if ((CO_CONFIG_TIME)&CO_CONFIG_TIME_ENABLE) != 0
 727:CANopen/CANopen.c ****     CO_free(co->TIME);
  83              		.loc 1 727 5 view .LVU14
  84 003e A06A     		ldr	r0, [r4, #40]
  85 0040 FFF7FEFF 		bl	free
  86              	.LVL11:
 728:CANopen/CANopen.c **** #endif
 729:CANopen/CANopen.c **** 
 730:CANopen/CANopen.c **** #if ((CO_CONFIG_SDO_CLI)&CO_CONFIG_SDO_CLI_ENABLE) != 0
 731:CANopen/CANopen.c ****     CO_free(co->SDOclient);
 732:CANopen/CANopen.c **** #endif
 733:CANopen/CANopen.c **** 
 734:CANopen/CANopen.c ****     /* SDOserver */
 735:CANopen/CANopen.c ****     CO_free(co->SDOserver);
  87              		.loc 1 735 5 view .LVU15
  88 0044 606A     		ldr	r0, [r4, #36]
  89 0046 FFF7FEFF 		bl	free
  90              	.LVL12:
 736:CANopen/CANopen.c **** 
 737:CANopen/CANopen.c ****     /* Emergency */
 738:CANopen/CANopen.c ****     CO_free(co->em);
  91              		.loc 1 738 5 view .LVU16
  92 004a E069     		ldr	r0, [r4, #28]
  93 004c FFF7FEFF 		bl	free
  94              	.LVL13:
 739:CANopen/CANopen.c **** #if ((CO_CONFIG_EM) & (CO_CONFIG_EM_PRODUCER | CO_CONFIG_EM_HISTORY)) != 0
 740:CANopen/CANopen.c ****     CO_free(co->em_fifo);
  95              		.loc 1 740 5 view .LVU17
  96 0050 206A     		ldr	r0, [r4, #32]
  97 0052 FFF7FEFF 		bl	free
  98              	.LVL14:
 741:CANopen/CANopen.c **** #endif
 742:CANopen/CANopen.c **** 
 743:CANopen/CANopen.c **** #if ((CO_CONFIG_NODE_GUARDING)&CO_CONFIG_NODE_GUARDING_SLAVE_ENABLE) != 0
 744:CANopen/CANopen.c ****     CO_free(co->NGslave);
 745:CANopen/CANopen.c **** #endif
 746:CANopen/CANopen.c **** #if ((CO_CONFIG_NODE_GUARDING)&CO_CONFIG_NODE_GUARDING_MASTER_ENABLE) != 0
 747:CANopen/CANopen.c ****     CO_free(co->NGmaster);
 748:CANopen/CANopen.c **** #endif
 749:CANopen/CANopen.c **** 
 750:CANopen/CANopen.c **** #if ((CO_CONFIG_HB_CONS)&CO_CONFIG_HB_CONS_ENABLE) != 0
 751:CANopen/CANopen.c ****     CO_free(co->HBconsMonitoredNodes);
  99              		.loc 1 751 5 view .LVU18
 100 0056 A069     		ldr	r0, [r4, #24]
 101 0058 FFF7FEFF 		bl	free
 102              	.LVL15:
 752:CANopen/CANopen.c ****     CO_free(co->HBcons);
 103              		.loc 1 752 5 view .LVU19
ARM GAS  C:\Users\Lenovo\AppData\Local\Temp\ccLI0PPk.s 			page 16


 104 005c 6069     		ldr	r0, [r4, #20]
 105 005e FFF7FEFF 		bl	free
 106              	.LVL16:
 753:CANopen/CANopen.c **** #endif
 754:CANopen/CANopen.c **** 
 755:CANopen/CANopen.c ****     /* NMT_Heartbeat */
 756:CANopen/CANopen.c ****     CO_free(co->NMT);
 107              		.loc 1 756 5 view .LVU20
 108 0062 2069     		ldr	r0, [r4, #16]
 109 0064 FFF7FEFF 		bl	free
 110              	.LVL17:
 757:CANopen/CANopen.c **** 
 758:CANopen/CANopen.c ****     /* CANopen object */
 759:CANopen/CANopen.c ****     CO_free(co);
 111              		.loc 1 759 5 view .LVU21
 112 0068 2046     		mov	r0, r4
 113 006a FFF7FEFF 		bl	free
 114              	.LVL18:
 760:CANopen/CANopen.c **** }
 115              		.loc 1 760 1 is_stmt 0 view .LVU22
 116 006e 10BD     		pop	{r4, pc}
 117              	.LVL19:
 118              	.L4:
 119              	.LCFI1:
 120              		.cfi_def_cfa_offset 0
 121              		.cfi_restore 4
 122              		.cfi_restore 14
 123              		.loc 1 760 1 view .LVU23
 124 0070 7047     		bx	lr
 125              		.cfi_endproc
 126              	.LFE41:
 128              		.section	.text.CO_new,"ax",%progbits
 129              		.align	1
 130              		.global	CO_new
 131              		.syntax unified
 132              		.thumb
 133              		.thumb_func
 135              	CO_new:
 136              	.LVL20:
 137              	.LFB40:
 340:CANopen/CANopen.c ****     CO_t* co = NULL;
 138              		.loc 1 340 55 is_stmt 1 view -0
 139              		.cfi_startproc
 140              		@ args = 0, pretend = 0, frame = 0
 141              		@ frame_needed = 0, uses_anonymous_args = 0
 340:CANopen/CANopen.c ****     CO_t* co = NULL;
 142              		.loc 1 340 55 is_stmt 0 view .LVU25
 143 0000 70B5     		push	{r4, r5, r6, lr}
 144              	.LCFI2:
 145              		.cfi_def_cfa_offset 16
 146              		.cfi_offset 4, -16
 147              		.cfi_offset 5, -12
 148              		.cfi_offset 6, -8
 149              		.cfi_offset 14, -4
 150 0002 0D46     		mov	r5, r1
 341:CANopen/CANopen.c ****     /* return values */
 151              		.loc 1 341 5 is_stmt 1 view .LVU26
ARM GAS  C:\Users\Lenovo\AppData\Local\Temp\ccLI0PPk.s 			page 17


 152              	.LVL21:
 343:CANopen/CANopen.c ****     uint32_t mem = 0;
 153              		.loc 1 343 5 view .LVU27
 344:CANopen/CANopen.c **** 
 154              		.loc 1 344 5 view .LVU28
 353:CANopen/CANopen.c **** #ifdef CO_MULTIPLE_OD
 155              		.loc 1 353 5 view .LVU29
 363:CANopen/CANopen.c **** #endif
 156              		.loc 1 363 9 view .LVU30
 367:CANopen/CANopen.c **** 
 157              		.loc 1 367 9 view .LVU31
 158 0004 4021     		movs	r1, #64
 159              	.LVL22:
 367:CANopen/CANopen.c **** 
 160              		.loc 1 367 9 is_stmt 0 view .LVU32
 161 0006 0120     		movs	r0, #1
 162              	.LVL23:
 367:CANopen/CANopen.c **** 
 163              		.loc 1 367 9 view .LVU33
 164 0008 FFF7FEFF 		bl	calloc
 165              	.LVL24:
 367:CANopen/CANopen.c **** 
 166              		.loc 1 367 9 is_stmt 1 discriminator 1 view .LVU34
 167 000c 0446     		mov	r4, r0
 168 000e 0028     		cmp	r0, #0
 169 0010 6FD0     		beq	.L11
 367:CANopen/CANopen.c **** 
 170              		.loc 1 367 9 discriminator 1 view .LVU35
 171              	.LVL25:
 367:CANopen/CANopen.c **** 
 172              		.loc 1 367 52 view .LVU36
 374:CANopen/CANopen.c ****         ON_MULTI_OD(uint8_t TX_CNT_NMT_MST = 0);
 173              		.loc 1 374 48 view .LVU37
 375:CANopen/CANopen.c ****         ON_MULTI_OD(uint8_t TX_CNT_HB_PROD = 0);
 174              		.loc 1 375 48 view .LVU38
 376:CANopen/CANopen.c ****         if (CO_GET_CNT(NMT) == 1U) {
 175              		.loc 1 376 48 view .LVU39
 377:CANopen/CANopen.c ****             CO_alloc_break_on_fail(co->NMT, CO_GET_CNT(NMT), sizeof(*co->NMT));
 176              		.loc 1 377 9 view .LVU40
 378:CANopen/CANopen.c ****             ON_MULTI_OD(RX_CNT_NMT_SLV = 1);
 177              		.loc 1 378 13 view .LVU41
 178 0012 2C21     		movs	r1, #44
 179 0014 0120     		movs	r0, #1
 180              	.LVL26:
 378:CANopen/CANopen.c ****             ON_MULTI_OD(RX_CNT_NMT_SLV = 1);
 181              		.loc 1 378 13 is_stmt 0 view .LVU42
 182 0016 FFF7FEFF 		bl	calloc
 183              	.LVL27:
 378:CANopen/CANopen.c ****             ON_MULTI_OD(RX_CNT_NMT_SLV = 1);
 184              		.loc 1 378 13 discriminator 1 view .LVU43
 185 001a 2061     		str	r0, [r4, #16]
 378:CANopen/CANopen.c ****             ON_MULTI_OD(RX_CNT_NMT_SLV = 1);
 186              		.loc 1 378 13 is_stmt 1 discriminator 1 view .LVU44
 187 001c 0028     		cmp	r0, #0
 188 001e 6ED0     		beq	.L12
 378:CANopen/CANopen.c ****             ON_MULTI_OD(RX_CNT_NMT_SLV = 1);
 189              		.loc 1 378 13 discriminator 1 view .LVU45
ARM GAS  C:\Users\Lenovo\AppData\Local\Temp\ccLI0PPk.s 			page 18


 190              	.LVL28:
 378:CANopen/CANopen.c ****             ON_MULTI_OD(RX_CNT_NMT_SLV = 1);
 191              		.loc 1 378 79 view .LVU46
 379:CANopen/CANopen.c **** #if ((CO_CONFIG_NMT)&CO_CONFIG_NMT_MASTER) != 0
 192              		.loc 1 379 44 view .LVU47
 383:CANopen/CANopen.c ****         }
 193              		.loc 1 383 44 view .LVU48
 387:CANopen/CANopen.c ****         if (CO_GET_CNT(HB_CONS) == 1U) {
 194              		.loc 1 387 48 view .LVU49
 388:CANopen/CANopen.c ****             uint8_t countOfMonitoredNodes = CO_GET_CNT(ARR_1016);
 195              		.loc 1 388 9 view .LVU50
 196              	.LBB25:
 389:CANopen/CANopen.c ****             CO_alloc_break_on_fail(co->HBcons, CO_GET_CNT(HB_CONS), sizeof(*co->HBcons));
 197              		.loc 1 389 13 view .LVU51
 390:CANopen/CANopen.c ****             CO_alloc_break_on_fail(co->HBconsMonitoredNodes, countOfMonitoredNodes, sizeof(*co->HBc
 198              		.loc 1 390 13 view .LVU52
 199 0020 3021     		movs	r1, #48
 200 0022 0120     		movs	r0, #1
 201 0024 FFF7FEFF 		bl	calloc
 202              	.LVL29:
 390:CANopen/CANopen.c ****             CO_alloc_break_on_fail(co->HBconsMonitoredNodes, countOfMonitoredNodes, sizeof(*co->HBc
 203              		.loc 1 390 13 is_stmt 0 discriminator 1 view .LVU53
 204 0028 6061     		str	r0, [r4, #20]
 390:CANopen/CANopen.c ****             CO_alloc_break_on_fail(co->HBconsMonitoredNodes, countOfMonitoredNodes, sizeof(*co->HBc
 205              		.loc 1 390 13 is_stmt 1 discriminator 1 view .LVU54
 206 002a 0028     		cmp	r0, #0
 207 002c 69D0     		beq	.L13
 390:CANopen/CANopen.c ****             CO_alloc_break_on_fail(co->HBconsMonitoredNodes, countOfMonitoredNodes, sizeof(*co->HBc
 208              		.loc 1 390 13 discriminator 1 view .LVU55
 209              	.LVL30:
 390:CANopen/CANopen.c ****             CO_alloc_break_on_fail(co->HBconsMonitoredNodes, countOfMonitoredNodes, sizeof(*co->HBc
 210              		.loc 1 390 89 view .LVU56
 391:CANopen/CANopen.c ****             ON_MULTI_OD(RX_CNT_HB_CONS = countOfMonitoredNodes);
 211              		.loc 1 391 13 view .LVU57
 212 002e 1021     		movs	r1, #16
 213 0030 0820     		movs	r0, #8
 214 0032 FFF7FEFF 		bl	calloc
 215              	.LVL31:
 391:CANopen/CANopen.c ****             ON_MULTI_OD(RX_CNT_HB_CONS = countOfMonitoredNodes);
 216              		.loc 1 391 13 is_stmt 0 discriminator 1 view .LVU58
 217 0036 A061     		str	r0, [r4, #24]
 391:CANopen/CANopen.c ****             ON_MULTI_OD(RX_CNT_HB_CONS = countOfMonitoredNodes);
 218              		.loc 1 391 13 is_stmt 1 discriminator 1 view .LVU59
 219 0038 0028     		cmp	r0, #0
 220 003a 64D0     		beq	.L14
 391:CANopen/CANopen.c ****             ON_MULTI_OD(RX_CNT_HB_CONS = countOfMonitoredNodes);
 221              		.loc 1 391 13 discriminator 1 view .LVU60
 222              	.LVL32:
 391:CANopen/CANopen.c ****             ON_MULTI_OD(RX_CNT_HB_CONS = countOfMonitoredNodes);
 223              		.loc 1 391 119 view .LVU61
 392:CANopen/CANopen.c ****         }
 224              		.loc 1 392 64 view .LVU62
 225              	.LBE25:
 405:CANopen/CANopen.c ****         ON_MULTI_OD(uint8_t TX_CNT_EM_PROD = 0);
 226              		.loc 1 405 48 view .LVU63
 406:CANopen/CANopen.c ****         if (CO_GET_CNT(EM) == 1U) {
 227              		.loc 1 406 48 view .LVU64
ARM GAS  C:\Users\Lenovo\AppData\Local\Temp\ccLI0PPk.s 			page 19


 407:CANopen/CANopen.c ****             CO_alloc_break_on_fail(co->em, CO_GET_CNT(EM), sizeof(*co->em));
 228              		.loc 1 407 9 view .LVU65
 229              	.LBB26:
 408:CANopen/CANopen.c **** #if ((CO_CONFIG_EM)&CO_CONFIG_EM_CONSUMER) != 0
 230              		.loc 1 408 13 view .LVU66
 231 003c 5021     		movs	r1, #80
 232 003e 0120     		movs	r0, #1
 233 0040 FFF7FEFF 		bl	calloc
 234              	.LVL33:
 408:CANopen/CANopen.c **** #if ((CO_CONFIG_EM)&CO_CONFIG_EM_CONSUMER) != 0
 235              		.loc 1 408 13 is_stmt 0 discriminator 1 view .LVU67
 236 0044 E061     		str	r0, [r4, #28]
 408:CANopen/CANopen.c **** #if ((CO_CONFIG_EM)&CO_CONFIG_EM_CONSUMER) != 0
 237              		.loc 1 408 13 is_stmt 1 discriminator 1 view .LVU68
 238 0046 0028     		cmp	r0, #0
 239 0048 5FD0     		beq	.L15
 408:CANopen/CANopen.c **** #if ((CO_CONFIG_EM)&CO_CONFIG_EM_CONSUMER) != 0
 240              		.loc 1 408 13 discriminator 1 view .LVU69
 241              	.LVL34:
 408:CANopen/CANopen.c **** #if ((CO_CONFIG_EM)&CO_CONFIG_EM_CONSUMER) != 0
 242              		.loc 1 408 76 view .LVU70
 413:CANopen/CANopen.c **** #endif
 243              		.loc 1 413 44 view .LVU71
 416:CANopen/CANopen.c ****             if (fifoSize >= 2U) {
 244              		.loc 1 416 13 view .LVU72
 417:CANopen/CANopen.c ****                 CO_alloc_break_on_fail(co->em_fifo, fifoSize, sizeof(*co->em_fifo));
 245              		.loc 1 417 13 view .LVU73
 418:CANopen/CANopen.c ****             }
 246              		.loc 1 418 17 view .LVU74
 247 004a 0821     		movs	r1, #8
 248 004c 1120     		movs	r0, #17
 249 004e FFF7FEFF 		bl	calloc
 250              	.LVL35:
 418:CANopen/CANopen.c ****             }
 251              		.loc 1 418 17 is_stmt 0 discriminator 1 view .LVU75
 252 0052 2062     		str	r0, [r4, #32]
 418:CANopen/CANopen.c ****             }
 253              		.loc 1 418 17 is_stmt 1 discriminator 1 view .LVU76
 254 0054 0028     		cmp	r0, #0
 255 0056 5BD0     		beq	.L16
 418:CANopen/CANopen.c ****             }
 256              		.loc 1 418 17 discriminator 1 view .LVU77
 257              	.LVL36:
 418:CANopen/CANopen.c ****             }
 258              		.loc 1 418 84 view .LVU78
 259              	.LBE26:
 424:CANopen/CANopen.c ****         ON_MULTI_OD(uint8_t TX_CNT_SDO_SRV = 0);
 260              		.loc 1 424 48 view .LVU79
 425:CANopen/CANopen.c ****         if (CO_GET_CNT(SDO_SRV) > 0U) {
 261              		.loc 1 425 48 view .LVU80
 426:CANopen/CANopen.c ****             CO_alloc_break_on_fail(co->SDOserver, CO_GET_CNT(SDO_SRV), sizeof(*co->SDOserver));
 262              		.loc 1 426 9 view .LVU81
 427:CANopen/CANopen.c ****             ON_MULTI_OD(RX_CNT_SDO_SRV = config->CNT_SDO_SRV);
 263              		.loc 1 427 13 view .LVU82
 264 0058 AC21     		movs	r1, #172
 265 005a 0120     		movs	r0, #1
 266 005c FFF7FEFF 		bl	calloc
ARM GAS  C:\Users\Lenovo\AppData\Local\Temp\ccLI0PPk.s 			page 20


 267              	.LVL37:
 427:CANopen/CANopen.c ****             ON_MULTI_OD(RX_CNT_SDO_SRV = config->CNT_SDO_SRV);
 268              		.loc 1 427 13 is_stmt 0 discriminator 1 view .LVU83
 269 0060 6062     		str	r0, [r4, #36]
 427:CANopen/CANopen.c ****             ON_MULTI_OD(RX_CNT_SDO_SRV = config->CNT_SDO_SRV);
 270              		.loc 1 427 13 is_stmt 1 discriminator 1 view .LVU84
 271 0062 0028     		cmp	r0, #0
 272 0064 57D0     		beq	.L17
 427:CANopen/CANopen.c ****             ON_MULTI_OD(RX_CNT_SDO_SRV = config->CNT_SDO_SRV);
 273              		.loc 1 427 13 discriminator 1 view .LVU85
 274              	.LVL38:
 427:CANopen/CANopen.c ****             ON_MULTI_OD(RX_CNT_SDO_SRV = config->CNT_SDO_SRV);
 275              		.loc 1 427 95 view .LVU86
 428:CANopen/CANopen.c ****             ON_MULTI_OD(TX_CNT_SDO_SRV = config->CNT_SDO_SRV);
 276              		.loc 1 428 62 view .LVU87
 429:CANopen/CANopen.c ****         }
 277              		.loc 1 429 62 view .LVU88
 443:CANopen/CANopen.c ****         ON_MULTI_OD(uint8_t TX_CNT_TIME = 0);
 278              		.loc 1 443 45 view .LVU89
 444:CANopen/CANopen.c ****         if (CO_GET_CNT(TIME) == 1U) {
 279              		.loc 1 444 45 view .LVU90
 445:CANopen/CANopen.c ****             CO_alloc_break_on_fail(co->TIME, CO_GET_CNT(TIME), sizeof(*co->TIME));
 280              		.loc 1 445 9 view .LVU91
 446:CANopen/CANopen.c ****             ON_MULTI_OD(RX_CNT_TIME = 1);
 281              		.loc 1 446 13 view .LVU92
 282 0066 2C21     		movs	r1, #44
 283 0068 0120     		movs	r0, #1
 284 006a FFF7FEFF 		bl	calloc
 285              	.LVL39:
 446:CANopen/CANopen.c ****             ON_MULTI_OD(RX_CNT_TIME = 1);
 286              		.loc 1 446 13 is_stmt 0 discriminator 1 view .LVU93
 287 006e A062     		str	r0, [r4, #40]
 446:CANopen/CANopen.c ****             ON_MULTI_OD(RX_CNT_TIME = 1);
 288              		.loc 1 446 13 is_stmt 1 discriminator 1 view .LVU94
 289 0070 0028     		cmp	r0, #0
 290 0072 53D0     		beq	.L18
 446:CANopen/CANopen.c ****             ON_MULTI_OD(RX_CNT_TIME = 1);
 291              		.loc 1 446 13 discriminator 1 view .LVU95
 292              	.LVL40:
 446:CANopen/CANopen.c ****             ON_MULTI_OD(RX_CNT_TIME = 1);
 293              		.loc 1 446 82 view .LVU96
 447:CANopen/CANopen.c **** #if ((CO_CONFIG_TIME)&CO_CONFIG_TIME_PRODUCER) != 0
 294              		.loc 1 447 41 view .LVU97
 455:CANopen/CANopen.c ****         ON_MULTI_OD(uint8_t TX_CNT_SYNC = 0);
 295              		.loc 1 455 45 view .LVU98
 456:CANopen/CANopen.c ****         if (CO_GET_CNT(SYNC) == 1U) {
 296              		.loc 1 456 45 view .LVU99
 457:CANopen/CANopen.c ****             CO_alloc_break_on_fail(co->SYNC, CO_GET_CNT(SYNC), sizeof(*co->SYNC));
 297              		.loc 1 457 9 view .LVU100
 458:CANopen/CANopen.c ****             ON_MULTI_OD(RX_CNT_SYNC = 1);
 298              		.loc 1 458 13 view .LVU101
 299 0074 5C21     		movs	r1, #92
 300 0076 0120     		movs	r0, #1
 301 0078 FFF7FEFF 		bl	calloc
 302              	.LVL41:
 458:CANopen/CANopen.c ****             ON_MULTI_OD(RX_CNT_SYNC = 1);
 303              		.loc 1 458 13 is_stmt 0 discriminator 1 view .LVU102
ARM GAS  C:\Users\Lenovo\AppData\Local\Temp\ccLI0PPk.s 			page 21


 304 007c E062     		str	r0, [r4, #44]
 458:CANopen/CANopen.c ****             ON_MULTI_OD(RX_CNT_SYNC = 1);
 305              		.loc 1 458 13 is_stmt 1 discriminator 1 view .LVU103
 306 007e 0028     		cmp	r0, #0
 307 0080 4FD0     		beq	.L19
 458:CANopen/CANopen.c ****             ON_MULTI_OD(RX_CNT_SYNC = 1);
 308              		.loc 1 458 13 discriminator 1 view .LVU104
 309              	.LVL42:
 458:CANopen/CANopen.c ****             ON_MULTI_OD(RX_CNT_SYNC = 1);
 310              		.loc 1 458 82 view .LVU105
 459:CANopen/CANopen.c **** #if ((CO_CONFIG_SYNC)&CO_CONFIG_SYNC_PRODUCER) != 0
 311              		.loc 1 459 41 view .LVU106
 461:CANopen/CANopen.c **** #endif
 312              		.loc 1 461 41 view .LVU107
 467:CANopen/CANopen.c ****         if (CO_GET_CNT(RPDO) > 0U) {
 313              		.loc 1 467 46 view .LVU108
 468:CANopen/CANopen.c ****             CO_alloc_break_on_fail(co->RPDO, CO_GET_CNT(RPDO), sizeof(*co->RPDO));
 314              		.loc 1 468 9 view .LVU109
 469:CANopen/CANopen.c ****             ON_MULTI_OD(RX_CNT_RPDO = config->CNT_RPDO);
 315              		.loc 1 469 13 view .LVU110
 316 0082 4FF4CA71 		mov	r1, #404
 317 0086 0420     		movs	r0, #4
 318 0088 FFF7FEFF 		bl	calloc
 319              	.LVL43:
 469:CANopen/CANopen.c ****             ON_MULTI_OD(RX_CNT_RPDO = config->CNT_RPDO);
 320              		.loc 1 469 13 is_stmt 0 discriminator 1 view .LVU111
 321 008c 2063     		str	r0, [r4, #48]
 469:CANopen/CANopen.c ****             ON_MULTI_OD(RX_CNT_RPDO = config->CNT_RPDO);
 322              		.loc 1 469 13 is_stmt 1 discriminator 1 view .LVU112
 323 008e 0028     		cmp	r0, #0
 324 0090 4AD0     		beq	.L20
 469:CANopen/CANopen.c ****             ON_MULTI_OD(RX_CNT_RPDO = config->CNT_RPDO);
 325              		.loc 1 469 13 discriminator 1 view .LVU113
 326              	.LVL44:
 469:CANopen/CANopen.c ****             ON_MULTI_OD(RX_CNT_RPDO = config->CNT_RPDO);
 327              		.loc 1 469 82 view .LVU114
 470:CANopen/CANopen.c ****         }
 328              		.loc 1 470 56 view .LVU115
 475:CANopen/CANopen.c ****         if (CO_GET_CNT(TPDO) > 0U) {
 329              		.loc 1 475 46 view .LVU116
 476:CANopen/CANopen.c ****             CO_alloc_break_on_fail(co->TPDO, CO_GET_CNT(TPDO), sizeof(*co->TPDO));
 330              		.loc 1 476 9 view .LVU117
 477:CANopen/CANopen.c ****             ON_MULTI_OD(TX_CNT_TPDO = config->CNT_TPDO);
 331              		.loc 1 477 13 view .LVU118
 332 0092 4FF4C671 		mov	r1, #396
 333 0096 0420     		movs	r0, #4
 334 0098 FFF7FEFF 		bl	calloc
 335              	.LVL45:
 477:CANopen/CANopen.c ****             ON_MULTI_OD(TX_CNT_TPDO = config->CNT_TPDO);
 336              		.loc 1 477 13 is_stmt 0 discriminator 1 view .LVU119
 337 009c 6063     		str	r0, [r4, #52]
 477:CANopen/CANopen.c ****             ON_MULTI_OD(TX_CNT_TPDO = config->CNT_TPDO);
 338              		.loc 1 477 13 is_stmt 1 discriminator 1 view .LVU120
 339 009e 0028     		cmp	r0, #0
 340 00a0 45D0     		beq	.L21
 477:CANopen/CANopen.c ****             ON_MULTI_OD(TX_CNT_TPDO = config->CNT_TPDO);
 341              		.loc 1 477 13 discriminator 1 view .LVU121
ARM GAS  C:\Users\Lenovo\AppData\Local\Temp\ccLI0PPk.s 			page 22


 342              	.LVL46:
 477:CANopen/CANopen.c ****             ON_MULTI_OD(TX_CNT_TPDO = config->CNT_TPDO);
 343              		.loc 1 477 82 view .LVU122
 478:CANopen/CANopen.c ****         }
 344              		.loc 1 478 56 view .LVU123
 483:CANopen/CANopen.c ****             CO_alloc_break_on_fail(co->LEDs, CO_GET_CNT(LEDS), sizeof(*co->LEDs));
 345              		.loc 1 483 9 view .LVU124
 484:CANopen/CANopen.c ****         }
 346              		.loc 1 484 13 view .LVU125
 347 00a2 0C21     		movs	r1, #12
 348 00a4 0120     		movs	r0, #1
 349 00a6 FFF7FEFF 		bl	calloc
 350              	.LVL47:
 484:CANopen/CANopen.c ****         }
 351              		.loc 1 484 13 is_stmt 0 discriminator 1 view .LVU126
 352 00aa A063     		str	r0, [r4, #56]
 484:CANopen/CANopen.c ****         }
 353              		.loc 1 484 13 is_stmt 1 discriminator 1 view .LVU127
 354 00ac 0028     		cmp	r0, #0
 355 00ae 41D0     		beq	.L22
 484:CANopen/CANopen.c ****         }
 356              		.loc 1 484 13 discriminator 1 view .LVU128
 357              	.LVL48:
 484:CANopen/CANopen.c ****         }
 358              		.loc 1 484 82 view .LVU129
 510:CANopen/CANopen.c ****         ON_MULTI_OD(uint8_t TX_CNT_LSS_SLV = 0);
 359              		.loc 1 510 48 view .LVU130
 511:CANopen/CANopen.c ****         if (CO_GET_CNT(LSS_SLV) == 1U) {
 360              		.loc 1 511 48 view .LVU131
 512:CANopen/CANopen.c ****             CO_alloc_break_on_fail(co->LSSslave, CO_GET_CNT(LSS_SLV), sizeof(*co->LSSslave));
 361              		.loc 1 512 9 view .LVU132
 513:CANopen/CANopen.c ****             ON_MULTI_OD(RX_CNT_LSS_SLV = 1);
 362              		.loc 1 513 13 view .LVU133
 363 00b0 7421     		movs	r1, #116
 364 00b2 0120     		movs	r0, #1
 365 00b4 FFF7FEFF 		bl	calloc
 366              	.LVL49:
 513:CANopen/CANopen.c ****             ON_MULTI_OD(RX_CNT_LSS_SLV = 1);
 367              		.loc 1 513 13 is_stmt 0 discriminator 1 view .LVU134
 368 00b8 E063     		str	r0, [r4, #60]
 513:CANopen/CANopen.c ****             ON_MULTI_OD(RX_CNT_LSS_SLV = 1);
 369              		.loc 1 513 13 is_stmt 1 discriminator 1 view .LVU135
 370 00ba 0028     		cmp	r0, #0
 371 00bc 3DD0     		beq	.L23
 513:CANopen/CANopen.c ****             ON_MULTI_OD(RX_CNT_LSS_SLV = 1);
 372              		.loc 1 513 13 discriminator 1 view .LVU136
 373              	.LVL50:
 513:CANopen/CANopen.c ****             ON_MULTI_OD(RX_CNT_LSS_SLV = 1);
 374              		.loc 1 513 93 view .LVU137
 514:CANopen/CANopen.c ****             ON_MULTI_OD(TX_CNT_LSS_SLV = 1);
 375              		.loc 1 514 44 view .LVU138
 515:CANopen/CANopen.c ****         }
 376              		.loc 1 515 44 view .LVU139
 650:CANopen/CANopen.c **** 
 377              		.loc 1 650 9 view .LVU140
 378 00be 2C21     		movs	r1, #44
 379 00c0 0120     		movs	r0, #1
ARM GAS  C:\Users\Lenovo\AppData\Local\Temp\ccLI0PPk.s 			page 23


 380 00c2 FFF7FEFF 		bl	calloc
 381              	.LVL51:
 650:CANopen/CANopen.c **** 
 382              		.loc 1 650 9 is_stmt 0 discriminator 1 view .LVU141
 383 00c6 6060     		str	r0, [r4, #4]
 650:CANopen/CANopen.c **** 
 384              		.loc 1 650 9 is_stmt 1 discriminator 1 view .LVU142
 385 00c8 D0B3     		cbz	r0, .L24
 650:CANopen/CANopen.c **** 
 386              		.loc 1 650 9 discriminator 1 view .LVU143
 387              	.LVL52:
 650:CANopen/CANopen.c **** 
 388              		.loc 1 650 74 view .LVU144
 653:CANopen/CANopen.c **** 
 389              		.loc 1 653 9 view .LVU145
 390 00ca 0C21     		movs	r1, #12
 391 00cc 1120     		movs	r0, #17
 392 00ce FFF7FEFF 		bl	calloc
 393              	.LVL53:
 653:CANopen/CANopen.c **** 
 394              		.loc 1 653 9 is_stmt 0 discriminator 1 view .LVU146
 395 00d2 A060     		str	r0, [r4, #8]
 653:CANopen/CANopen.c **** 
 396              		.loc 1 653 9 is_stmt 1 discriminator 1 view .LVU147
 397 00d4 B8B3     		cbz	r0, .L25
 653:CANopen/CANopen.c **** 
 398              		.loc 1 653 9 discriminator 1 view .LVU148
 399              	.LVL54:
 653:CANopen/CANopen.c **** 
 400              		.loc 1 653 90 view .LVU149
 656:CANopen/CANopen.c **** 
 401              		.loc 1 656 9 view .LVU150
 402 00d6 1821     		movs	r1, #24
 403 00d8 0920     		movs	r0, #9
 404 00da FFF7FEFF 		bl	calloc
 405              	.LVL55:
 656:CANopen/CANopen.c **** 
 406              		.loc 1 656 9 is_stmt 0 discriminator 1 view .LVU151
 407 00de E060     		str	r0, [r4, #12]
 656:CANopen/CANopen.c **** 
 408              		.loc 1 656 9 is_stmt 1 discriminator 1 view .LVU152
 409 00e0 A0B3     		cbz	r0, .L26
 656:CANopen/CANopen.c **** 
 410              		.loc 1 656 9 discriminator 1 view .LVU153
 411              	.LVL56:
 656:CANopen/CANopen.c **** 
 412              		.loc 1 656 90 view .LVU154
 659:CANopen/CANopen.c ****         coFinal = co;
 413              		.loc 1 659 9 view .LVU155
 659:CANopen/CANopen.c ****         coFinal = co;
 414              		.loc 1 659 32 is_stmt 0 view .LVU156
 415 00e2 0123     		movs	r3, #1
 416 00e4 2360     		str	r3, [r4]
 660:CANopen/CANopen.c ****     } while (false);
 417              		.loc 1 660 9 is_stmt 1 view .LVU157
 418              	.LVL57:
 353:CANopen/CANopen.c **** #ifdef CO_MULTIPLE_OD
ARM GAS  C:\Users\Lenovo\AppData\Local\Temp\ccLI0PPk.s 			page 24


 419              		.loc 1 353 8 view .LVU158
 663:CANopen/CANopen.c ****         CO_delete(co);
 420              		.loc 1 663 5 view .LVU159
 656:CANopen/CANopen.c **** 
 421              		.loc 1 656 9 is_stmt 0 discriminator 1 view .LVU160
 422 00e6 41F2F816 		movw	r6, #4600
 423              	.LVL58:
 424              	.L9:
 666:CANopen/CANopen.c ****         *heapMemoryUsed = mem;
 425              		.loc 1 666 5 is_stmt 1 view .LVU161
 666:CANopen/CANopen.c ****         *heapMemoryUsed = mem;
 426              		.loc 1 666 8 is_stmt 0 view .LVU162
 427 00ea 05B1     		cbz	r5, .L7
 667:CANopen/CANopen.c ****     }
 428              		.loc 1 667 9 is_stmt 1 view .LVU163
 667:CANopen/CANopen.c ****     }
 429              		.loc 1 667 25 is_stmt 0 view .LVU164
 430 00ec 2E60     		str	r6, [r5]
 669:CANopen/CANopen.c **** }
 431              		.loc 1 669 5 is_stmt 1 view .LVU165
 432              	.L7:
 670:CANopen/CANopen.c **** 
 433              		.loc 1 670 1 is_stmt 0 view .LVU166
 434 00ee 2046     		mov	r0, r4
 435 00f0 70BD     		pop	{r4, r5, r6, pc}
 436              	.LVL59:
 437              	.L11:
 344:CANopen/CANopen.c **** 
 438              		.loc 1 344 14 view .LVU167
 439 00f2 0026     		movs	r6, #0
 440              	.LVL60:
 441              	.L8:
 664:CANopen/CANopen.c ****     }
 442              		.loc 1 664 9 is_stmt 1 view .LVU168
 443 00f4 2046     		mov	r0, r4
 444 00f6 FFF7FEFF 		bl	CO_delete
 445              	.LVL61:
 446 00fa 0024     		movs	r4, #0
 447              	.LVL62:
 664:CANopen/CANopen.c ****     }
 448              		.loc 1 664 9 is_stmt 0 view .LVU169
 449 00fc F5E7     		b	.L9
 450              	.LVL63:
 451              	.L12:
 367:CANopen/CANopen.c **** 
 452              		.loc 1 367 9 discriminator 1 view .LVU170
 453 00fe 4026     		movs	r6, #64
 454 0100 F8E7     		b	.L8
 455              	.LVL64:
 456              	.L13:
 378:CANopen/CANopen.c ****             ON_MULTI_OD(RX_CNT_NMT_SLV = 1);
 457              		.loc 1 378 13 discriminator 1 view .LVU171
 458 0102 6C26     		movs	r6, #108
 459 0104 F6E7     		b	.L8
 460              	.LVL65:
 461              	.L14:
 462              	.LBB27:
ARM GAS  C:\Users\Lenovo\AppData\Local\Temp\ccLI0PPk.s 			page 25


 390:CANopen/CANopen.c ****             CO_alloc_break_on_fail(co->HBconsMonitoredNodes, countOfMonitoredNodes, sizeof(*co->HBc
 463              		.loc 1 390 13 discriminator 1 view .LVU172
 464 0106 9C26     		movs	r6, #156
 465 0108 F4E7     		b	.L8
 466              	.LVL66:
 467              	.L15:
 391:CANopen/CANopen.c ****             ON_MULTI_OD(RX_CNT_HB_CONS = countOfMonitoredNodes);
 468              		.loc 1 391 13 discriminator 1 view .LVU173
 469 010a 4FF48E76 		mov	r6, #284
 470 010e F1E7     		b	.L8
 471              	.LVL67:
 472              	.L16:
 391:CANopen/CANopen.c ****             ON_MULTI_OD(RX_CNT_HB_CONS = countOfMonitoredNodes);
 473              		.loc 1 391 13 discriminator 1 view .LVU174
 474              	.LBE27:
 475              	.LBB28:
 408:CANopen/CANopen.c **** #if ((CO_CONFIG_EM)&CO_CONFIG_EM_CONSUMER) != 0
 476              		.loc 1 408 13 discriminator 1 view .LVU175
 477 0110 4FF4B676 		mov	r6, #364
 478 0114 EEE7     		b	.L8
 479              	.LVL68:
 480              	.L17:
 408:CANopen/CANopen.c **** #if ((CO_CONFIG_EM)&CO_CONFIG_EM_CONSUMER) != 0
 481              		.loc 1 408 13 discriminator 1 view .LVU176
 482              	.LBE28:
 483 0116 4FF4FA76 		mov	r6, #500
 484 011a EBE7     		b	.L8
 485              	.LVL69:
 486              	.L18:
 427:CANopen/CANopen.c ****             ON_MULTI_OD(RX_CNT_SDO_SRV = config->CNT_SDO_SRV);
 487              		.loc 1 427 13 discriminator 1 view .LVU177
 488 011c 4FF42876 		mov	r6, #672
 489 0120 E8E7     		b	.L8
 490              	.LVL70:
 491              	.L19:
 446:CANopen/CANopen.c ****             ON_MULTI_OD(RX_CNT_TIME = 1);
 492              		.loc 1 446 13 discriminator 1 view .LVU178
 493 0122 4FF43376 		mov	r6, #716
 494 0126 E5E7     		b	.L8
 495              	.LVL71:
 496              	.L20:
 458:CANopen/CANopen.c ****             ON_MULTI_OD(RX_CNT_SYNC = 1);
 497              		.loc 1 458 13 discriminator 1 view .LVU179
 498 0128 4FF44A76 		mov	r6, #808
 499 012c E2E7     		b	.L8
 500              	.LVL72:
 501              	.L21:
 469:CANopen/CANopen.c ****             ON_MULTI_OD(RX_CNT_RPDO = config->CNT_RPDO);
 502              		.loc 1 469 13 discriminator 1 view .LVU180
 503 012e 40F67816 		movw	r6, #2424
 504 0132 DFE7     		b	.L8
 505              	.LVL73:
 506              	.L22:
 477:CANopen/CANopen.c ****             ON_MULTI_OD(TX_CNT_TPDO = config->CNT_TPDO);
 507              		.loc 1 477 13 discriminator 1 view .LVU181
 508 0134 40F6A876 		movw	r6, #4008
 509 0138 DCE7     		b	.L8
ARM GAS  C:\Users\Lenovo\AppData\Local\Temp\ccLI0PPk.s 			page 26


 510              	.LVL74:
 511              	.L23:
 484:CANopen/CANopen.c ****         }
 512              		.loc 1 484 13 discriminator 1 view .LVU182
 513 013a 40F6B476 		movw	r6, #4020
 514 013e D9E7     		b	.L8
 515              	.LVL75:
 516              	.L24:
 513:CANopen/CANopen.c ****             ON_MULTI_OD(RX_CNT_LSS_SLV = 1);
 517              		.loc 1 513 13 discriminator 1 view .LVU183
 518 0140 41F22806 		movw	r6, #4136
 519 0144 D6E7     		b	.L8
 520              	.LVL76:
 521              	.L25:
 650:CANopen/CANopen.c **** 
 522              		.loc 1 650 9 discriminator 1 view .LVU184
 523 0146 41F25406 		movw	r6, #4180
 524 014a D3E7     		b	.L8
 525              	.LVL77:
 526              	.L26:
 653:CANopen/CANopen.c **** 
 527              		.loc 1 653 9 discriminator 1 view .LVU185
 528 014c 4FF48956 		mov	r6, #4384
 529 0150 D0E7     		b	.L8
 530              		.cfi_endproc
 531              	.LFE40:
 533              		.section	.text.CO_isLSSslaveEnabled,"ax",%progbits
 534              		.align	1
 535              		.global	CO_isLSSslaveEnabled
 536              		.syntax unified
 537              		.thumb
 538              		.thumb_func
 540              	CO_isLSSslaveEnabled:
 541              	.LVL78:
 542              	.LFB42:
 761:CANopen/CANopen.c **** #endif /* #ifndef CO_USE_GLOBALS */
 762:CANopen/CANopen.c **** 
 763:CANopen/CANopen.c **** /* Objects as globals *********************************************************/
 764:CANopen/CANopen.c **** #ifdef CO_USE_GLOBALS
 765:CANopen/CANopen.c **** #ifdef CO_MULTIPLE_OD
 766:CANopen/CANopen.c **** #error CO_MULTIPLE_OD can not be used with CO_USE_GLOBALS
 767:CANopen/CANopen.c **** #endif
 768:CANopen/CANopen.c **** static CO_t COO;
 769:CANopen/CANopen.c **** static CO_CANmodule_t COO_CANmodule;
 770:CANopen/CANopen.c **** static CO_CANrx_t COO_CANmodule_rxArray[CO_CNT_ALL_RX_MSGS];
 771:CANopen/CANopen.c **** static CO_CANtx_t COO_CANmodule_txArray[CO_CNT_ALL_TX_MSGS];
 772:CANopen/CANopen.c **** static CO_NMT_t COO_NMT;
 773:CANopen/CANopen.c **** #if ((CO_CONFIG_HB_CONS)&CO_CONFIG_HB_CONS_ENABLE) != 0
 774:CANopen/CANopen.c **** static CO_HBconsumer_t COO_HBcons;
 775:CANopen/CANopen.c **** static CO_HBconsNode_t COO_HBconsMonitoredNodes[OD_CNT_ARR_1016];
 776:CANopen/CANopen.c **** #endif
 777:CANopen/CANopen.c **** #if ((CO_CONFIG_NODE_GUARDING)&CO_CONFIG_NODE_GUARDING_SLAVE_ENABLE) != 0
 778:CANopen/CANopen.c **** static CO_nodeGuardingSlave_t COO_NGslave;
 779:CANopen/CANopen.c **** #endif
 780:CANopen/CANopen.c **** #if ((CO_CONFIG_NODE_GUARDING)&CO_CONFIG_NODE_GUARDING_MASTER_ENABLE) != 0
 781:CANopen/CANopen.c **** static CO_nodeGuardingMaster_t COO_NGmaster;
 782:CANopen/CANopen.c **** #endif
ARM GAS  C:\Users\Lenovo\AppData\Local\Temp\ccLI0PPk.s 			page 27


 783:CANopen/CANopen.c **** static CO_EM_t COO_EM;
 784:CANopen/CANopen.c **** #if ((CO_CONFIG_EM) & (CO_CONFIG_EM_PRODUCER | CO_CONFIG_EM_HISTORY)) != 0
 785:CANopen/CANopen.c **** static CO_EM_fifo_t COO_EM_FIFO[CO_GET_CNT(ARR_1003) + 1U];
 786:CANopen/CANopen.c **** #endif
 787:CANopen/CANopen.c **** static CO_SDOserver_t COO_SDOserver[OD_CNT_SDO_SRV];
 788:CANopen/CANopen.c **** #if ((CO_CONFIG_SDO_CLI)&CO_CONFIG_SDO_CLI_ENABLE) != 0
 789:CANopen/CANopen.c **** static CO_SDOclient_t COO_SDOclient[OD_CNT_SDO_CLI];
 790:CANopen/CANopen.c **** #endif
 791:CANopen/CANopen.c **** #if ((CO_CONFIG_TIME)&CO_CONFIG_TIME_ENABLE) != 0
 792:CANopen/CANopen.c **** static CO_TIME_t COO_TIME;
 793:CANopen/CANopen.c **** #endif
 794:CANopen/CANopen.c **** #if ((CO_CONFIG_SYNC)&CO_CONFIG_SYNC_ENABLE) != 0
 795:CANopen/CANopen.c **** static CO_SYNC_t COO_SYNC;
 796:CANopen/CANopen.c **** #endif
 797:CANopen/CANopen.c **** #if ((CO_CONFIG_PDO)&CO_CONFIG_RPDO_ENABLE) != 0
 798:CANopen/CANopen.c **** static CO_RPDO_t COO_RPDO[OD_CNT_RPDO];
 799:CANopen/CANopen.c **** #endif
 800:CANopen/CANopen.c **** #if ((CO_CONFIG_PDO)&CO_CONFIG_TPDO_ENABLE) != 0
 801:CANopen/CANopen.c **** static CO_TPDO_t COO_TPDO[OD_CNT_TPDO];
 802:CANopen/CANopen.c **** #endif
 803:CANopen/CANopen.c **** #if ((CO_CONFIG_LEDS)&CO_CONFIG_LEDS_ENABLE) != 0
 804:CANopen/CANopen.c **** static CO_LEDs_t COO_LEDs;
 805:CANopen/CANopen.c **** #endif
 806:CANopen/CANopen.c **** #if ((CO_CONFIG_GFC)&CO_CONFIG_GFC_ENABLE) != 0
 807:CANopen/CANopen.c **** static CO_GFC_t COO_GFC;
 808:CANopen/CANopen.c **** #endif
 809:CANopen/CANopen.c **** #if ((CO_CONFIG_SRDO)&CO_CONFIG_SRDO_ENABLE) != 0
 810:CANopen/CANopen.c **** static CO_SRDOGuard_t COO_SRDOGuard;
 811:CANopen/CANopen.c **** static CO_SRDO_t COO_SRDO[OD_CNT_SRDO];
 812:CANopen/CANopen.c **** #endif
 813:CANopen/CANopen.c **** #if ((CO_CONFIG_LSS)&CO_CONFIG_LSS_SLAVE) != 0
 814:CANopen/CANopen.c **** static CO_LSSslave_t COO_LSSslave;
 815:CANopen/CANopen.c **** #endif
 816:CANopen/CANopen.c **** #if ((CO_CONFIG_LSS)&CO_CONFIG_LSS_MASTER) != 0
 817:CANopen/CANopen.c **** static CO_LSSmaster_t COO_LSSmaster;
 818:CANopen/CANopen.c **** #endif
 819:CANopen/CANopen.c **** #if ((CO_CONFIG_GTW)&CO_CONFIG_GTW_ASCII) != 0
 820:CANopen/CANopen.c **** static CO_GTWA_t COO_gtwa;
 821:CANopen/CANopen.c **** #endif
 822:CANopen/CANopen.c **** #if ((CO_CONFIG_TRACE)&CO_CONFIG_TRACE_ENABLE) != 0
 823:CANopen/CANopen.c **** #ifndef CO_TRACE_BUFFER_SIZE_FIXED
 824:CANopen/CANopen.c **** #define CO_TRACE_BUFFER_SIZE_FIXED 100
 825:CANopen/CANopen.c **** #endif
 826:CANopen/CANopen.c **** static CO_trace_t COO_trace[OD_CNT_TRACE];
 827:CANopen/CANopen.c **** static uint32_t COO_traceTimeBuffers[OD_CNT_TRACE][CO_TRACE_BUFFER_SIZE_FIXED];
 828:CANopen/CANopen.c **** static int32_t COO_traceValueBuffers[OD_CNT_TRACE][CO_TRACE_BUFFER_SIZE_FIXED];
 829:CANopen/CANopen.c **** #endif
 830:CANopen/CANopen.c **** 
 831:CANopen/CANopen.c **** CO_t*
 832:CANopen/CANopen.c **** CO_new(CO_config_t* config, uint32_t* heapMemoryUsed) {
 833:CANopen/CANopen.c ****     (void)config;
 834:CANopen/CANopen.c ****     (void)heapMemoryUsed;
 835:CANopen/CANopen.c **** 
 836:CANopen/CANopen.c ****     CO_t* co = &COO;
 837:CANopen/CANopen.c **** 
 838:CANopen/CANopen.c ****     co->CANmodule = &COO_CANmodule;
 839:CANopen/CANopen.c ****     co->CANrx = &COO_CANmodule_rxArray[0];
ARM GAS  C:\Users\Lenovo\AppData\Local\Temp\ccLI0PPk.s 			page 28


 840:CANopen/CANopen.c ****     co->CANtx = &COO_CANmodule_txArray[0];
 841:CANopen/CANopen.c **** 
 842:CANopen/CANopen.c ****     co->NMT = &COO_NMT;
 843:CANopen/CANopen.c **** #if ((CO_CONFIG_HB_CONS)&CO_CONFIG_HB_CONS_ENABLE) != 0
 844:CANopen/CANopen.c ****     co->HBcons = &COO_HBcons;
 845:CANopen/CANopen.c ****     co->HBconsMonitoredNodes = &COO_HBconsMonitoredNodes[0];
 846:CANopen/CANopen.c **** #endif
 847:CANopen/CANopen.c **** #if ((CO_CONFIG_NODE_GUARDING)&CO_CONFIG_NODE_GUARDING_SLAVE_ENABLE) != 0
 848:CANopen/CANopen.c ****     co->NGslave = &COO_NGslave;
 849:CANopen/CANopen.c **** #endif
 850:CANopen/CANopen.c **** #if ((CO_CONFIG_NODE_GUARDING)&CO_CONFIG_NODE_GUARDING_MASTER_ENABLE) != 0
 851:CANopen/CANopen.c ****     co->NGmaster = &COO_NGmaster;
 852:CANopen/CANopen.c **** #endif
 853:CANopen/CANopen.c ****     co->em = &COO_EM;
 854:CANopen/CANopen.c **** #if ((CO_CONFIG_EM) & (CO_CONFIG_EM_PRODUCER | CO_CONFIG_EM_HISTORY)) != 0
 855:CANopen/CANopen.c ****     co->em_fifo = &COO_EM_FIFO[0];
 856:CANopen/CANopen.c **** #endif
 857:CANopen/CANopen.c ****     co->SDOserver = &COO_SDOserver[0];
 858:CANopen/CANopen.c **** #if ((CO_CONFIG_SDO_CLI)&CO_CONFIG_SDO_CLI_ENABLE) != 0
 859:CANopen/CANopen.c ****     co->SDOclient = &COO_SDOclient[0];
 860:CANopen/CANopen.c **** #endif
 861:CANopen/CANopen.c **** #if ((CO_CONFIG_TIME)&CO_CONFIG_TIME_ENABLE) != 0
 862:CANopen/CANopen.c ****     co->TIME = &COO_TIME;
 863:CANopen/CANopen.c **** #endif
 864:CANopen/CANopen.c **** #if ((CO_CONFIG_SYNC)&CO_CONFIG_SYNC_ENABLE) != 0
 865:CANopen/CANopen.c ****     co->SYNC = &COO_SYNC;
 866:CANopen/CANopen.c **** #endif
 867:CANopen/CANopen.c **** #if ((CO_CONFIG_PDO)&CO_CONFIG_RPDO_ENABLE) != 0
 868:CANopen/CANopen.c ****     co->RPDO = &COO_RPDO[0];
 869:CANopen/CANopen.c **** #endif
 870:CANopen/CANopen.c **** #if ((CO_CONFIG_PDO)&CO_CONFIG_TPDO_ENABLE) != 0
 871:CANopen/CANopen.c ****     co->TPDO = &COO_TPDO[0];
 872:CANopen/CANopen.c **** #endif
 873:CANopen/CANopen.c **** #if ((CO_CONFIG_LEDS)&CO_CONFIG_LEDS_ENABLE) != 0
 874:CANopen/CANopen.c ****     co->LEDs = &COO_LEDs;
 875:CANopen/CANopen.c **** #endif
 876:CANopen/CANopen.c **** #if ((CO_CONFIG_GFC)&CO_CONFIG_GFC_ENABLE) != 0
 877:CANopen/CANopen.c ****     co->GFC = &COO_GFC;
 878:CANopen/CANopen.c **** #endif
 879:CANopen/CANopen.c **** #if ((CO_CONFIG_SRDO)&CO_CONFIG_SRDO_ENABLE) != 0
 880:CANopen/CANopen.c ****     co->SRDOGuard = &COO_SRDOGuard;
 881:CANopen/CANopen.c ****     co->SRDO = &COO_SRDO[0];
 882:CANopen/CANopen.c **** #endif
 883:CANopen/CANopen.c **** #if ((CO_CONFIG_LSS)&CO_CONFIG_LSS_SLAVE) != 0
 884:CANopen/CANopen.c ****     co->LSSslave = &COO_LSSslave;
 885:CANopen/CANopen.c **** #endif
 886:CANopen/CANopen.c **** #if ((CO_CONFIG_LSS)&CO_CONFIG_LSS_MASTER) != 0
 887:CANopen/CANopen.c ****     co->LSSmaster = &COO_LSSmaster;
 888:CANopen/CANopen.c **** #endif
 889:CANopen/CANopen.c **** #if ((CO_CONFIG_GTW)&CO_CONFIG_GTW_ASCII) != 0
 890:CANopen/CANopen.c ****     co->gtwa = &COO_gtwa;
 891:CANopen/CANopen.c **** #endif
 892:CANopen/CANopen.c **** #if ((CO_CONFIG_TRACE)&CO_CONFIG_TRACE_ENABLE) != 0
 893:CANopen/CANopen.c ****     co->trace = &COO_trace[0];
 894:CANopen/CANopen.c ****     co->traceTimeBuffers = &COO_traceTimeBuffers[0][0];
 895:CANopen/CANopen.c ****     co->traceValueBuffers = &COO_traceValueBuffers[0][0];
 896:CANopen/CANopen.c ****     co->traceBufferSize = CO_TRACE_BUFFER_SIZE_FIXED;
ARM GAS  C:\Users\Lenovo\AppData\Local\Temp\ccLI0PPk.s 			page 29


 897:CANopen/CANopen.c **** #endif
 898:CANopen/CANopen.c **** 
 899:CANopen/CANopen.c ****     return co;
 900:CANopen/CANopen.c **** }
 901:CANopen/CANopen.c **** 
 902:CANopen/CANopen.c **** void
 903:CANopen/CANopen.c **** CO_delete(CO_t* co) {
 904:CANopen/CANopen.c ****     if (co == NULL) {
 905:CANopen/CANopen.c ****         return;
 906:CANopen/CANopen.c ****     }
 907:CANopen/CANopen.c **** 
 908:CANopen/CANopen.c ****     CO_CANmodule_disable(co->CANmodule);
 909:CANopen/CANopen.c **** }
 910:CANopen/CANopen.c **** #endif /* #ifdef CO_USE_GLOBALS */
 911:CANopen/CANopen.c **** 
 912:CANopen/CANopen.c **** /* Helper functions ***********************************************************/
 913:CANopen/CANopen.c **** bool_t
 914:CANopen/CANopen.c **** CO_isLSSslaveEnabled(CO_t* co) {
 543              		.loc 1 914 32 is_stmt 1 view -0
 544              		.cfi_startproc
 545              		@ args = 0, pretend = 0, frame = 0
 546              		@ frame_needed = 0, uses_anonymous_args = 0
 547              		@ link register save eliminated.
 915:CANopen/CANopen.c ****     (void)co; /* may be unused */
 548              		.loc 1 915 5 view .LVU187
 916:CANopen/CANopen.c ****     bool_t en = false;
 549              		.loc 1 916 5 view .LVU188
 917:CANopen/CANopen.c **** #if ((CO_CONFIG_LSS)&CO_CONFIG_LSS_SLAVE) != 0
 918:CANopen/CANopen.c ****     if (CO_GET_CNT(LSS_SLV) == 1U) {
 550              		.loc 1 918 5 view .LVU189
 919:CANopen/CANopen.c ****         en = true;
 551              		.loc 1 919 9 view .LVU190
 920:CANopen/CANopen.c ****     }
 921:CANopen/CANopen.c **** #endif
 922:CANopen/CANopen.c ****     return en;
 552              		.loc 1 922 5 view .LVU191
 923:CANopen/CANopen.c **** }
 553              		.loc 1 923 1 is_stmt 0 view .LVU192
 554 0000 0120     		movs	r0, #1
 555              	.LVL79:
 556              		.loc 1 923 1 view .LVU193
 557 0002 7047     		bx	lr
 558              		.cfi_endproc
 559              	.LFE42:
 561              		.section	.text.CO_CANinit,"ax",%progbits
 562              		.align	1
 563              		.global	CO_CANinit
 564              		.syntax unified
 565              		.thumb
 566              		.thumb_func
 568              	CO_CANinit:
 569              	.LVL80:
 570              	.LFB43:
 924:CANopen/CANopen.c **** 
 925:CANopen/CANopen.c **** CO_ReturnError_t
 926:CANopen/CANopen.c **** CO_CANinit(CO_t* co, void* CANptr, uint16_t bitRate) {
 571              		.loc 1 926 54 is_stmt 1 view -0
ARM GAS  C:\Users\Lenovo\AppData\Local\Temp\ccLI0PPk.s 			page 30


 572              		.cfi_startproc
 573              		@ args = 0, pretend = 0, frame = 0
 574              		@ frame_needed = 0, uses_anonymous_args = 0
 927:CANopen/CANopen.c ****     CO_ReturnError_t err;
 575              		.loc 1 927 5 view .LVU195
 928:CANopen/CANopen.c **** 
 929:CANopen/CANopen.c ****     if (co == NULL) {
 576              		.loc 1 929 5 view .LVU196
 577              		.loc 1 929 8 is_stmt 0 view .LVU197
 578 0000 B8B1     		cbz	r0, .L31
 926:CANopen/CANopen.c ****     CO_ReturnError_t err;
 579              		.loc 1 926 54 view .LVU198
 580 0002 70B5     		push	{r4, r5, r6, lr}
 581              	.LCFI3:
 582              		.cfi_def_cfa_offset 16
 583              		.cfi_offset 4, -16
 584              		.cfi_offset 5, -12
 585              		.cfi_offset 6, -8
 586              		.cfi_offset 14, -4
 587 0004 84B0     		sub	sp, sp, #16
 588              	.LCFI4:
 589              		.cfi_def_cfa_offset 32
 590 0006 0C46     		mov	r4, r1
 591 0008 1646     		mov	r6, r2
 592 000a 0546     		mov	r5, r0
 930:CANopen/CANopen.c ****         return CO_ERROR_ILLEGAL_ARGUMENT;
 931:CANopen/CANopen.c ****     }
 932:CANopen/CANopen.c **** 
 933:CANopen/CANopen.c ****     co->CANmodule->CANnormal = false;
 593              		.loc 1 933 5 is_stmt 1 view .LVU199
 594              		.loc 1 933 7 is_stmt 0 view .LVU200
 595 000c 4368     		ldr	r3, [r0, #4]
 596              		.loc 1 933 30 view .LVU201
 597 000e 0022     		movs	r2, #0
 598              	.LVL81:
 599              		.loc 1 933 30 view .LVU202
 600 0010 5A61     		str	r2, [r3, #20]
 934:CANopen/CANopen.c ****     CO_CANsetConfigurationMode(CANptr);
 601              		.loc 1 934 5 is_stmt 1 view .LVU203
 602 0012 0846     		mov	r0, r1
 603              	.LVL82:
 604              		.loc 1 934 5 is_stmt 0 view .LVU204
 605 0014 FFF7FEFF 		bl	CO_CANsetConfigurationMode
 606              	.LVL83:
 935:CANopen/CANopen.c **** 
 936:CANopen/CANopen.c ****     /* CANmodule */
 937:CANopen/CANopen.c ****     err = CO_CANmodule_init(co->CANmodule, CANptr, co->CANrx, CO_GET_CO(CNT_ALL_RX_MSGS), co->CANtx
 607              		.loc 1 937 5 is_stmt 1 view .LVU205
 608              		.loc 1 937 11 is_stmt 0 view .LVU206
 609 0018 0296     		str	r6, [sp, #8]
 610 001a 0923     		movs	r3, #9
 611 001c 0193     		str	r3, [sp, #4]
 612 001e EB68     		ldr	r3, [r5, #12]
 613 0020 0093     		str	r3, [sp]
 614 0022 1123     		movs	r3, #17
 615 0024 AA68     		ldr	r2, [r5, #8]
 616 0026 2146     		mov	r1, r4
ARM GAS  C:\Users\Lenovo\AppData\Local\Temp\ccLI0PPk.s 			page 31


 617 0028 6868     		ldr	r0, [r5, #4]
 618 002a FFF7FEFF 		bl	CO_CANmodule_init
 619              	.LVL84:
 938:CANopen/CANopen.c ****                             CO_GET_CO(CNT_ALL_TX_MSGS), bitRate);
 939:CANopen/CANopen.c **** 
 940:CANopen/CANopen.c ****     return err;
 620              		.loc 1 940 5 is_stmt 1 view .LVU207
 941:CANopen/CANopen.c **** }
 621              		.loc 1 941 1 is_stmt 0 view .LVU208
 622 002e 04B0     		add	sp, sp, #16
 623              	.LCFI5:
 624              		.cfi_def_cfa_offset 16
 625              		@ sp needed
 626 0030 70BD     		pop	{r4, r5, r6, pc}
 627              	.LVL85:
 628              	.L31:
 629              	.LCFI6:
 630              		.cfi_def_cfa_offset 0
 631              		.cfi_restore 4
 632              		.cfi_restore 5
 633              		.cfi_restore 6
 634              		.cfi_restore 14
 930:CANopen/CANopen.c ****     }
 635              		.loc 1 930 16 view .LVU209
 636 0032 4FF0FF30 		mov	r0, #-1
 637              	.LVL86:
 638              		.loc 1 941 1 view .LVU210
 639 0036 7047     		bx	lr
 640              		.cfi_endproc
 641              	.LFE43:
 643              		.section	.text.CO_LSSinit,"ax",%progbits
 644              		.align	1
 645              		.global	CO_LSSinit
 646              		.syntax unified
 647              		.thumb
 648              		.thumb_func
 650              	CO_LSSinit:
 651              	.LVL87:
 652              	.LFB44:
 942:CANopen/CANopen.c **** 
 943:CANopen/CANopen.c **** #if ((CO_CONFIG_LSS)&CO_CONFIG_LSS_SLAVE) != 0
 944:CANopen/CANopen.c **** CO_ReturnError_t
 945:CANopen/CANopen.c **** CO_LSSinit(CO_t* co, CO_LSS_address_t* lssAddress, uint8_t* pendingNodeID, uint16_t* pendingBitRate
 653              		.loc 1 945 102 is_stmt 1 view -0
 654              		.cfi_startproc
 655              		@ args = 0, pretend = 0, frame = 0
 656              		@ frame_needed = 0, uses_anonymous_args = 0
 946:CANopen/CANopen.c ****     CO_ReturnError_t err;
 657              		.loc 1 946 5 view .LVU212
 947:CANopen/CANopen.c **** 
 948:CANopen/CANopen.c ****     if ((co == NULL) || (CO_GET_CNT(LSS_SLV) != 1U)) {
 658              		.loc 1 948 5 view .LVU213
 659              		.loc 1 948 8 is_stmt 0 view .LVU214
 660 0000 C0B1     		cbz	r0, .L38
 945:CANopen/CANopen.c ****     CO_ReturnError_t err;
 661              		.loc 1 945 102 view .LVU215
 662 0002 00B5     		push	{lr}
ARM GAS  C:\Users\Lenovo\AppData\Local\Temp\ccLI0PPk.s 			page 32


 663              	.LCFI7:
 664              		.cfi_def_cfa_offset 4
 665              		.cfi_offset 14, -4
 666 0004 87B0     		sub	sp, sp, #28
 667              	.LCFI8:
 668              		.cfi_def_cfa_offset 32
 669 0006 9446     		mov	ip, r2
 670 0008 1A46     		mov	r2, r3
 671              	.LVL88:
 945:CANopen/CANopen.c ****     CO_ReturnError_t err;
 672              		.loc 1 945 102 view .LVU216
 673 000a 8646     		mov	lr, r0
 949:CANopen/CANopen.c ****         return CO_ERROR_ILLEGAL_ARGUMENT;
 950:CANopen/CANopen.c ****     }
 951:CANopen/CANopen.c **** 
 952:CANopen/CANopen.c ****     /* LSSslave */
 953:CANopen/CANopen.c ****     err = CO_LSSslave_init(co->LSSslave, lssAddress, pendingBitRate, pendingNodeID, co->CANmodule,
 674              		.loc 1 953 5 is_stmt 1 view .LVU217
 675              		.loc 1 953 11 is_stmt 0 view .LVU218
 676 000c 4368     		ldr	r3, [r0, #4]
 677              	.LVL89:
 678              		.loc 1 953 11 view .LVU219
 679 000e 40F2E470 		movw	r0, #2020
 680              	.LVL90:
 681              		.loc 1 953 11 view .LVU220
 682 0012 0590     		str	r0, [sp, #20]
 683 0014 0820     		movs	r0, #8
 684 0016 0490     		str	r0, [sp, #16]
 685 0018 0393     		str	r3, [sp, #12]
 686 001a 40F2E570 		movw	r0, #2021
 687 001e 0290     		str	r0, [sp, #8]
 688 0020 1020     		movs	r0, #16
 689 0022 0190     		str	r0, [sp, #4]
 690 0024 0093     		str	r3, [sp]
 691 0026 6346     		mov	r3, ip
 692 0028 DEF83C00 		ldr	r0, [lr, #60]
 693 002c FFF7FEFF 		bl	CO_LSSslave_init
 694              	.LVL91:
 954:CANopen/CANopen.c ****                            CO_GET_CO(RX_IDX_LSS_SLV), CO_CAN_ID_LSS_MST, co->CANmodule, CO_GET_CO(T
 955:CANopen/CANopen.c ****                            CO_CAN_ID_LSS_SLV);
 956:CANopen/CANopen.c **** 
 957:CANopen/CANopen.c ****     return err;
 695              		.loc 1 957 5 is_stmt 1 view .LVU221
 958:CANopen/CANopen.c **** }
 696              		.loc 1 958 1 is_stmt 0 view .LVU222
 697 0030 07B0     		add	sp, sp, #28
 698              	.LCFI9:
 699              		.cfi_def_cfa_offset 4
 700              		@ sp needed
 701 0032 00BD     		pop	{pc}
 702              	.LVL92:
 703              	.L38:
 704              	.LCFI10:
 705              		.cfi_def_cfa_offset 0
 706              		.cfi_restore 14
 949:CANopen/CANopen.c ****         return CO_ERROR_ILLEGAL_ARGUMENT;
 707              		.loc 1 949 16 view .LVU223
ARM GAS  C:\Users\Lenovo\AppData\Local\Temp\ccLI0PPk.s 			page 33


 708 0034 4FF0FF30 		mov	r0, #-1
 709              	.LVL93:
 710              		.loc 1 958 1 view .LVU224
 711 0038 7047     		bx	lr
 712              		.cfi_endproc
 713              	.LFE44:
 715              		.section	.text.CO_CANopenInit,"ax",%progbits
 716              		.align	1
 717              		.global	CO_CANopenInit
 718              		.syntax unified
 719              		.thumb
 720              		.thumb_func
 722              	CO_CANopenInit:
 723              	.LVL94:
 724              	.LFB45:
 959:CANopen/CANopen.c **** #endif /* (CO_CONFIG_LSS) & CO_CONFIG_LSS_SLAVE */
 960:CANopen/CANopen.c **** 
 961:CANopen/CANopen.c **** CO_ReturnError_t
 962:CANopen/CANopen.c **** CO_CANopenInit(CO_t* co, CO_NMT_t* NMT, CO_EM_t* em, OD_t* od, OD_entry_t* OD_statusBits, uint16_t 
 963:CANopen/CANopen.c ****                uint16_t firstHBTime_ms, uint16_t SDOserverTimeoutTime_ms, uint16_t SDOclientTimeout
 964:CANopen/CANopen.c ****                bool_t SDOclientBlockTransfer, uint8_t nodeId, uint32_t* errInfo) {
 725              		.loc 1 964 82 is_stmt 1 view -0
 726              		.cfi_startproc
 727              		@ args = 32, pretend = 0, frame = 0
 728              		@ frame_needed = 0, uses_anonymous_args = 0
 729              		.loc 1 964 82 is_stmt 0 view .LVU226
 730 0000 2DE9F04F 		push	{r4, r5, r6, r7, r8, r9, r10, fp, lr}
 731              	.LCFI11:
 732              		.cfi_def_cfa_offset 36
 733              		.cfi_offset 4, -36
 734              		.cfi_offset 5, -32
 735              		.cfi_offset 6, -28
 736              		.cfi_offset 7, -24
 737              		.cfi_offset 8, -20
 738              		.cfi_offset 9, -16
 739              		.cfi_offset 10, -12
 740              		.cfi_offset 11, -8
 741              		.cfi_offset 14, -4
 742 0004 8BB0     		sub	sp, sp, #44
 743              	.LCFI12:
 744              		.cfi_def_cfa_offset 80
 745 0006 BDF85C90 		ldrh	r9, [sp, #92]
 746 000a 9DF86860 		ldrb	r6, [sp, #104]	@ zero_extendqisi2
 747 000e 1B9F     		ldr	r7, [sp, #108]
 965:CANopen/CANopen.c ****     (void)SDOclientTimeoutTime_ms;
 748              		.loc 1 965 5 is_stmt 1 view .LVU227
 966:CANopen/CANopen.c ****     (void)SDOclientBlockTransfer;
 749              		.loc 1 966 5 view .LVU228
 967:CANopen/CANopen.c ****     CO_ReturnError_t err;
 750              		.loc 1 967 5 view .LVU229
 968:CANopen/CANopen.c **** 
 969:CANopen/CANopen.c **** #if ((CO_CONFIG_EM)&CO_CONFIG_EM_STATUS_BITS) == 0
 970:CANopen/CANopen.c ****     (void)OD_statusBits; /* may be unused */
 751              		.loc 1 970 5 view .LVU230
 971:CANopen/CANopen.c **** #endif
 972:CANopen/CANopen.c **** 
 973:CANopen/CANopen.c ****     if ((co == NULL) || ((CO_GET_CNT(NMT) == 0U) && (NMT == NULL)) || ((CO_GET_CNT(EM) == 0U) && (e
ARM GAS  C:\Users\Lenovo\AppData\Local\Temp\ccLI0PPk.s 			page 34


 752              		.loc 1 973 5 view .LVU231
 753              		.loc 1 973 8 is_stmt 0 view .LVU232
 754 0010 0028     		cmp	r0, #0
 755 0012 00F0B980 		beq	.L50
 756 0016 1546     		mov	r5, r2
 757 0018 9846     		mov	r8, r3
 758 001a 0446     		mov	r4, r0
 974:CANopen/CANopen.c ****         return CO_ERROR_ILLEGAL_ARGUMENT;
 975:CANopen/CANopen.c ****     }
 976:CANopen/CANopen.c **** 
 977:CANopen/CANopen.c ****     /* alternatives */
 978:CANopen/CANopen.c ****     if (CO_GET_CNT(NMT) == 0U) {
 759              		.loc 1 978 5 is_stmt 1 view .LVU233
 979:CANopen/CANopen.c ****         co->NMT = NMT;
 980:CANopen/CANopen.c ****     }
 981:CANopen/CANopen.c ****     if (em == NULL) {
 760              		.loc 1 981 5 view .LVU234
 761              		.loc 1 981 8 is_stmt 0 view .LVU235
 762 001c 5AB3     		cbz	r2, .L54
 763              	.L45:
 764              	.LVL95:
 982:CANopen/CANopen.c ****         em = co->em;
 983:CANopen/CANopen.c ****     }
 984:CANopen/CANopen.c **** 
 985:CANopen/CANopen.c ****     /* Verify CANopen Node-ID */
 986:CANopen/CANopen.c ****     co->nodeIdUnconfigured = false;
 765              		.loc 1 986 5 is_stmt 1 view .LVU236
 766              		.loc 1 986 28 is_stmt 0 view .LVU237
 767 001e 0023     		movs	r3, #0
 768              	.LVL96:
 769              		.loc 1 986 28 view .LVU238
 770 0020 2360     		str	r3, [r4]
 987:CANopen/CANopen.c **** #if ((CO_CONFIG_LSS)&CO_CONFIG_LSS_SLAVE) != 0
 988:CANopen/CANopen.c ****     if ((CO_GET_CNT(LSS_SLV) == 1U) && (nodeId == CO_LSS_NODE_ID_ASSIGNMENT)) {
 771              		.loc 1 988 5 is_stmt 1 view .LVU239
 772              		.loc 1 988 8 is_stmt 0 view .LVU240
 773 0022 FF2E     		cmp	r6, #255
 774 0024 29D0     		beq	.L55
 989:CANopen/CANopen.c ****         co->nodeIdUnconfigured = true;
 990:CANopen/CANopen.c ****     } else
 991:CANopen/CANopen.c **** #endif
 992:CANopen/CANopen.c ****         if ((nodeId < 1U) || (nodeId > 127U)) {
 775              		.loc 1 992 9 is_stmt 1 view .LVU241
 776              		.loc 1 992 27 is_stmt 0 view .LVU242
 777 0026 73B2     		sxtb	r3, r6
 778              		.loc 1 992 12 view .LVU243
 779 0028 002B     		cmp	r3, #0
 780 002a 40F3B080 		ble	.L51
 781              	.L47:
 993:CANopen/CANopen.c ****         return CO_ERROR_ILLEGAL_ARGUMENT;
 994:CANopen/CANopen.c ****     } else { /* MISRA C 2004 14.10 */
 995:CANopen/CANopen.c ****     }
 782              		.loc 1 995 5 is_stmt 1 view .LVU244
 996:CANopen/CANopen.c **** 
 997:CANopen/CANopen.c **** #if ((CO_CONFIG_LEDS)&CO_CONFIG_LEDS_ENABLE) != 0
 998:CANopen/CANopen.c ****     if (CO_GET_CNT(LEDS) == 1U) {
 783              		.loc 1 998 5 view .LVU245
ARM GAS  C:\Users\Lenovo\AppData\Local\Temp\ccLI0PPk.s 			page 35


 999:CANopen/CANopen.c ****         err = CO_LEDs_init(co->LEDs);
 784              		.loc 1 999 9 view .LVU246
 785              		.loc 1 999 15 is_stmt 0 view .LVU247
 786 002e A06B     		ldr	r0, [r4, #56]
 787              	.LVL97:
 788              		.loc 1 999 15 view .LVU248
 789 0030 FFF7FEFF 		bl	CO_LEDs_init
 790              	.LVL98:
1000:CANopen/CANopen.c ****         if (err != CO_ERROR_NO) {
 791              		.loc 1 1000 9 is_stmt 1 view .LVU249
 792              		.loc 1 1000 12 is_stmt 0 view .LVU250
 793 0034 0346     		mov	r3, r0
 794 0036 D0B9     		cbnz	r0, .L44
1001:CANopen/CANopen.c ****             return err;
1002:CANopen/CANopen.c ****         }
1003:CANopen/CANopen.c ****     }
1004:CANopen/CANopen.c **** #endif
1005:CANopen/CANopen.c **** 
1006:CANopen/CANopen.c ****     /* CANopen Node ID is unconfigured, stop initialization here */
1007:CANopen/CANopen.c ****     if (co->nodeIdUnconfigured) {
 795              		.loc 1 1007 5 is_stmt 1 view .LVU251
 796              		.loc 1 1007 11 is_stmt 0 view .LVU252
 797 0038 2368     		ldr	r3, [r4]
 798              		.loc 1 1007 8 view .LVU253
 799 003a 002B     		cmp	r3, #0
 800 003c 40F0AA80 		bne	.L52
1008:CANopen/CANopen.c ****         return CO_ERROR_NODE_ID_UNCONFIGURED_LSS;
1009:CANopen/CANopen.c ****     }
1010:CANopen/CANopen.c **** 
1011:CANopen/CANopen.c ****     /* Emergency */
1012:CANopen/CANopen.c ****     if (CO_GET_CNT(EM) == 1U) {
 801              		.loc 1 1012 5 is_stmt 1 view .LVU254
1013:CANopen/CANopen.c ****         err = CO_EM_init(co->em, co->CANmodule, OD_GET(H1001, OD_H1001_ERR_REG),
 802              		.loc 1 1013 9 view .LVU255
 803              		.loc 1 1013 49 is_stmt 0 view .LVU256
 804 0040 564B     		ldr	r3, .L57
 805 0042 1B68     		ldr	r3, [r3]
 806 0044 5A68     		ldr	r2, [r3, #4]
 807              		.loc 1 1013 15 view .LVU257
 808 0046 0597     		str	r7, [sp, #20]
 809 0048 0496     		str	r6, [sp, #16]
 810 004a 02F11803 		add	r3, r2, #24
 811 004e 0393     		str	r3, [sp, #12]
 812 0050 0123     		movs	r3, #1
 813 0052 0293     		str	r3, [sp, #8]
 814 0054 02F16C03 		add	r3, r2, #108
 815 0058 0193     		str	r3, [sp, #4]
 816 005a 1123     		movs	r3, #17
 817 005c 0093     		str	r3, [sp]
 818 005e 236A     		ldr	r3, [r4, #32]
 819 0060 0C32     		adds	r2, r2, #12
 820 0062 6168     		ldr	r1, [r4, #4]
 821 0064 E069     		ldr	r0, [r4, #28]
 822              	.LVL99:
 823              		.loc 1 1013 15 view .LVU258
 824 0066 FFF7FEFF 		bl	CO_EM_init
 825              	.LVL100:
ARM GAS  C:\Users\Lenovo\AppData\Local\Temp\ccLI0PPk.s 			page 36


1014:CANopen/CANopen.c **** #if ((CO_CONFIG_EM) & (CO_CONFIG_EM_PRODUCER | CO_CONFIG_EM_HISTORY)) != 0
1015:CANopen/CANopen.c ****                          co->em_fifo, (CO_GET_CNT(ARR_1003) + 1U),
1016:CANopen/CANopen.c **** #endif
1017:CANopen/CANopen.c **** #if ((CO_CONFIG_EM)&CO_CONFIG_EM_PRODUCER) != 0
1018:CANopen/CANopen.c ****                          OD_GET(H1014, OD_H1014_COBID_EMERGENCY), CO_GET_CO(TX_IDX_EM_PROD),
1019:CANopen/CANopen.c **** #if ((CO_CONFIG_EM)&CO_CONFIG_EM_PROD_INHIBIT) != 0
1020:CANopen/CANopen.c ****                          OD_GET(H1015, OD_H1015_INHIBIT_TIME_EMCY),
1021:CANopen/CANopen.c **** #endif
1022:CANopen/CANopen.c **** #endif
1023:CANopen/CANopen.c **** #if ((CO_CONFIG_EM)&CO_CONFIG_EM_HISTORY) != 0
1024:CANopen/CANopen.c ****                          OD_GET(H1003, OD_H1003_PREDEF_ERR_FIELD),
1025:CANopen/CANopen.c **** #endif
1026:CANopen/CANopen.c **** #if ((CO_CONFIG_EM)&CO_CONFIG_EM_STATUS_BITS) != 0
1027:CANopen/CANopen.c ****                          OD_statusBits,
1028:CANopen/CANopen.c **** #endif
1029:CANopen/CANopen.c **** #if ((CO_CONFIG_EM)&CO_CONFIG_EM_CONSUMER) != 0
1030:CANopen/CANopen.c ****                          co->CANmodule, CO_GET_CO(RX_IDX_EM_CONS),
1031:CANopen/CANopen.c **** #endif
1032:CANopen/CANopen.c ****                          nodeId, errInfo);
1033:CANopen/CANopen.c ****         if (err != CO_ERROR_NO) {
 826              		.loc 1 1033 9 is_stmt 1 view .LVU259
 827              		.loc 1 1033 12 is_stmt 0 view .LVU260
 828 006a 0346     		mov	r3, r0
 829 006c 40B1     		cbz	r0, .L56
 830              	.LVL101:
 831              	.L44:
1034:CANopen/CANopen.c ****             return err;
1035:CANopen/CANopen.c ****         }
1036:CANopen/CANopen.c ****     }
1037:CANopen/CANopen.c **** 
1038:CANopen/CANopen.c ****     /* NMT_Heartbeat */
1039:CANopen/CANopen.c ****     if (CO_GET_CNT(NMT) == 1U) {
1040:CANopen/CANopen.c ****         err = CO_NMT_init(co->NMT, OD_GET(H1017, OD_H1017_PRODUCER_HB_TIME), em, nodeId, NMTcontrol
1041:CANopen/CANopen.c ****                           co->CANmodule, CO_GET_CO(RX_IDX_NMT_SLV), CO_CAN_ID_NMT_SERVICE,
1042:CANopen/CANopen.c **** #if ((CO_CONFIG_NMT)&CO_CONFIG_NMT_MASTER) != 0
1043:CANopen/CANopen.c ****                           co->CANmodule, CO_GET_CO(TX_IDX_NMT_MST), CO_CAN_ID_NMT_SERVICE,
1044:CANopen/CANopen.c **** #endif
1045:CANopen/CANopen.c ****                           co->CANmodule, CO_GET_CO(TX_IDX_HB_PROD), CO_CAN_ID_HEARTBEAT + nodeId, e
1046:CANopen/CANopen.c ****         if (err != CO_ERROR_NO) {
1047:CANopen/CANopen.c ****             return err;
1048:CANopen/CANopen.c ****         }
1049:CANopen/CANopen.c ****     }
1050:CANopen/CANopen.c **** 
1051:CANopen/CANopen.c **** #if ((CO_CONFIG_HB_CONS)&CO_CONFIG_HB_CONS_ENABLE) != 0
1052:CANopen/CANopen.c ****     if (CO_GET_CNT(HB_CONS) == 1U) {
1053:CANopen/CANopen.c ****         err = CO_HBconsumer_init(co->HBcons, em, co->HBconsMonitoredNodes, CO_GET_CNT(ARR_1016),
1054:CANopen/CANopen.c ****                                  OD_GET(H1016, OD_H1016_CONSUMER_HB_TIME), co->CANmodule, CO_GET_CO
1055:CANopen/CANopen.c ****                                  errInfo);
1056:CANopen/CANopen.c ****         if (err != CO_ERROR_NO) {
1057:CANopen/CANopen.c ****             return err;
1058:CANopen/CANopen.c ****         }
1059:CANopen/CANopen.c ****     }
1060:CANopen/CANopen.c **** #endif
1061:CANopen/CANopen.c **** 
1062:CANopen/CANopen.c **** #if ((CO_CONFIG_NODE_GUARDING)&CO_CONFIG_NODE_GUARDING_SLAVE_ENABLE) != 0
1063:CANopen/CANopen.c ****     err = CO_nodeGuardingSlave_init(co->NGslave, OD_GET(H100C, OD_H100C_GUARD_TIME),
1064:CANopen/CANopen.c ****                                     OD_GET(H100D, OD_H100D_LIFETIME_FACTOR), em, CO_CAN_ID_HEARTBEA
ARM GAS  C:\Users\Lenovo\AppData\Local\Temp\ccLI0PPk.s 			page 37


1065:CANopen/CANopen.c ****                                     co->CANmodule, CO_GET_CO(RX_IDX_NG_SLV), co->CANmodule, CO_GET_
1066:CANopen/CANopen.c ****                                     errInfo);
1067:CANopen/CANopen.c ****     if (err != CO_ERROR_NO) {
1068:CANopen/CANopen.c ****         return err;
1069:CANopen/CANopen.c ****     }
1070:CANopen/CANopen.c **** #endif
1071:CANopen/CANopen.c **** #if ((CO_CONFIG_NODE_GUARDING)&CO_CONFIG_NODE_GUARDING_MASTER_ENABLE) != 0
1072:CANopen/CANopen.c ****     err = CO_nodeGuardingMaster_init(co->NGmaster, em, co->CANmodule, CO_GET_CO(RX_IDX_NG_MST), co-
1073:CANopen/CANopen.c ****                                      CO_GET_CO(TX_IDX_NG_MST));
1074:CANopen/CANopen.c ****     if (err) {
1075:CANopen/CANopen.c ****         return err;
1076:CANopen/CANopen.c ****     }
1077:CANopen/CANopen.c **** #endif
1078:CANopen/CANopen.c **** 
1079:CANopen/CANopen.c ****     /* SDOserver */
1080:CANopen/CANopen.c ****     if (CO_GET_CNT(SDO_SRV) > 0U) {
1081:CANopen/CANopen.c ****         OD_entry_t* SDOsrvPar = OD_GET(H1200, OD_H1200_SDO_SERVER_1_PARAM);
1082:CANopen/CANopen.c ****         for (uint16_t i = 0; i < CO_GET_CNT(SDO_SRV); i++) {
1083:CANopen/CANopen.c ****             err = CO_SDOserver_init(&co->SDOserver[i], od, SDOsrvPar, nodeId, SDOserverTimeoutTime_
1084:CANopen/CANopen.c ****                                     CO_GET_CO(RX_IDX_SDO_SRV) + i, co->CANmodule, CO_GET_CO(TX_IDX_
1085:CANopen/CANopen.c ****                                     errInfo);
1086:CANopen/CANopen.c ****             if (err != CO_ERROR_NO) {
1087:CANopen/CANopen.c ****                 return err;
1088:CANopen/CANopen.c ****             }
1089:CANopen/CANopen.c ****             SDOsrvPar++;
1090:CANopen/CANopen.c ****         }
1091:CANopen/CANopen.c ****     }
1092:CANopen/CANopen.c **** 
1093:CANopen/CANopen.c **** #if ((CO_CONFIG_SDO_CLI)&CO_CONFIG_SDO_CLI_ENABLE) != 0
1094:CANopen/CANopen.c ****     if (CO_GET_CNT(SDO_CLI) > 0U) {
1095:CANopen/CANopen.c ****         OD_entry_t* SDOcliPar = OD_GET(H1280, OD_H1280_SDO_CLIENT_1_PARAM);
1096:CANopen/CANopen.c ****         for (uint16_t i = 0; i < CO_GET_CNT(SDO_CLI); i++) {
1097:CANopen/CANopen.c ****             err = CO_SDOclient_init(&co->SDOclient[i], od, SDOcliPar, nodeId, co->CANmodule,
1098:CANopen/CANopen.c ****                                     CO_GET_CO(RX_IDX_SDO_CLI) + i, co->CANmodule, CO_GET_CO(TX_IDX_
1099:CANopen/CANopen.c ****                                     errInfo);
1100:CANopen/CANopen.c ****             SDOcliPar++;
1101:CANopen/CANopen.c ****             if (err != CO_ERROR_NO) {
1102:CANopen/CANopen.c ****                 return err;
1103:CANopen/CANopen.c ****             }
1104:CANopen/CANopen.c ****         }
1105:CANopen/CANopen.c ****     }
1106:CANopen/CANopen.c **** #endif
1107:CANopen/CANopen.c **** 
1108:CANopen/CANopen.c **** #if ((CO_CONFIG_TIME)&CO_CONFIG_TIME_ENABLE) != 0
1109:CANopen/CANopen.c ****     if (CO_GET_CNT(TIME) == 1U) {
1110:CANopen/CANopen.c ****         err = CO_TIME_init(co->TIME, OD_GET(H1012, OD_H1012_COBID_TIME), co->CANmodule, CO_GET_CO(R
1111:CANopen/CANopen.c **** #if ((CO_CONFIG_TIME)&CO_CONFIG_TIME_PRODUCER) != 0
1112:CANopen/CANopen.c ****                            co->CANmodule, CO_GET_CO(TX_IDX_TIME),
1113:CANopen/CANopen.c **** #endif
1114:CANopen/CANopen.c ****                            errInfo);
1115:CANopen/CANopen.c ****         if (err != CO_ERROR_NO) {
1116:CANopen/CANopen.c ****             return err;
1117:CANopen/CANopen.c ****         }
1118:CANopen/CANopen.c ****     }
1119:CANopen/CANopen.c **** #endif
1120:CANopen/CANopen.c **** 
1121:CANopen/CANopen.c **** #if ((CO_CONFIG_SYNC)&CO_CONFIG_SYNC_ENABLE) != 0
ARM GAS  C:\Users\Lenovo\AppData\Local\Temp\ccLI0PPk.s 			page 38


1122:CANopen/CANopen.c ****     if (CO_GET_CNT(SYNC) == 1U) {
1123:CANopen/CANopen.c ****         err = CO_SYNC_init(co->SYNC, em, OD_GET(H1005, OD_H1005_COBID_SYNC), OD_GET(H1006, OD_H1006
1124:CANopen/CANopen.c ****                            OD_GET(H1007, OD_H1007_SYNC_WINDOW_LEN), OD_GET(H1019, OD_H1019_SYNC_CNT
1125:CANopen/CANopen.c ****                            co->CANmodule, CO_GET_CO(RX_IDX_SYNC),
1126:CANopen/CANopen.c **** #if ((CO_CONFIG_SYNC)&CO_CONFIG_SYNC_PRODUCER) != 0
1127:CANopen/CANopen.c ****                            co->CANmodule, CO_GET_CO(TX_IDX_SYNC),
1128:CANopen/CANopen.c **** #endif
1129:CANopen/CANopen.c ****                            errInfo);
1130:CANopen/CANopen.c ****         if (err != CO_ERROR_NO) {
1131:CANopen/CANopen.c ****             return err;
1132:CANopen/CANopen.c ****         }
1133:CANopen/CANopen.c ****     }
1134:CANopen/CANopen.c **** #endif
1135:CANopen/CANopen.c **** 
1136:CANopen/CANopen.c **** #if ((CO_CONFIG_LSS)&CO_CONFIG_LSS_MASTER) != 0
1137:CANopen/CANopen.c ****     if (CO_GET_CNT(LSS_MST) == 1U) {
1138:CANopen/CANopen.c ****         err = CO_LSSmaster_init(co->LSSmaster, CO_LSSmaster_DEFAULT_TIMEOUT, co->CANmodule, CO_GET_
1139:CANopen/CANopen.c ****                                 CO_CAN_ID_LSS_SLV, co->CANmodule, CO_GET_CO(TX_IDX_LSS_MST), CO_CAN
1140:CANopen/CANopen.c ****         if (err != CO_ERROR_NO) {
1141:CANopen/CANopen.c ****             return err;
1142:CANopen/CANopen.c ****         }
1143:CANopen/CANopen.c ****     }
1144:CANopen/CANopen.c **** #endif
1145:CANopen/CANopen.c **** 
1146:CANopen/CANopen.c **** #if ((CO_CONFIG_GTW)&CO_CONFIG_GTW_ASCII) != 0
1147:CANopen/CANopen.c ****     if (CO_GET_CNT(GTWA) == 1U) {
1148:CANopen/CANopen.c ****         err = CO_GTWA_init(co->gtwa,
1149:CANopen/CANopen.c **** #if ((CO_CONFIG_GTW)&CO_CONFIG_GTW_ASCII_SDO) != 0
1150:CANopen/CANopen.c ****                            &co->SDOclient[0], SDOclientTimeoutTime_ms, SDOclientBlockTransfer,
1151:CANopen/CANopen.c **** #endif
1152:CANopen/CANopen.c **** #if ((CO_CONFIG_GTW)&CO_CONFIG_GTW_ASCII_NMT) != 0
1153:CANopen/CANopen.c ****                            co->NMT,
1154:CANopen/CANopen.c **** #endif
1155:CANopen/CANopen.c **** #if ((CO_CONFIG_GTW)&CO_CONFIG_GTW_ASCII_LSS) != 0
1156:CANopen/CANopen.c ****                            co->LSSmaster,
1157:CANopen/CANopen.c **** #endif
1158:CANopen/CANopen.c **** #if ((CO_CONFIG_GTW)&CO_CONFIG_GTW_ASCII_PRINT_LEDS) != 0
1159:CANopen/CANopen.c ****                            co->LEDs,
1160:CANopen/CANopen.c **** #endif
1161:CANopen/CANopen.c ****                            0);
1162:CANopen/CANopen.c ****         if (err != CO_ERROR_NO) {
1163:CANopen/CANopen.c ****             return err;
1164:CANopen/CANopen.c ****         }
1165:CANopen/CANopen.c ****     }
1166:CANopen/CANopen.c **** #endif
1167:CANopen/CANopen.c **** 
1168:CANopen/CANopen.c **** #if (CO_CONFIG_TRACE) & CO_CONFIG_TRACE_ENABLE
1169:CANopen/CANopen.c ****     if (CO_GET_CNT(TRACE) > 0) {
1170:CANopen/CANopen.c ****         for (uint16_t i = 0; i < CO_GET_CNT(TRACE); i++) {
1171:CANopen/CANopen.c ****             err = CO_trace_init(co->trace[i], co->SDO[0], OD_traceConfig[i].axisNo, CO_traceTimeBuf
1172:CANopen/CANopen.c ****                                 CO_traceValueBuffers[i], CO_traceBufferSize[i], &OD_traceConfig[i].
1173:CANopen/CANopen.c ****                                 &OD_traceConfig[i].format, &OD_traceConfig[i].trigger, &OD_traceCon
1174:CANopen/CANopen.c ****                                 &OD_trace[i].value, &OD_trace[i].min, &OD_trace[i].max, &OD_trace[i
1175:CANopen/CANopen.c ****                                 OD_INDEX_TRACE_CONFIG + i, OD_INDEX_TRACE + i);
1176:CANopen/CANopen.c ****             if (err) {
1177:CANopen/CANopen.c ****                 return err;
1178:CANopen/CANopen.c ****             }
ARM GAS  C:\Users\Lenovo\AppData\Local\Temp\ccLI0PPk.s 			page 39


1179:CANopen/CANopen.c ****         }
1180:CANopen/CANopen.c ****     }
1181:CANopen/CANopen.c **** #endif
1182:CANopen/CANopen.c **** 
1183:CANopen/CANopen.c ****     return CO_ERROR_NO;
1184:CANopen/CANopen.c **** }
 832              		.loc 1 1184 1 view .LVU261
 833 006e 1846     		mov	r0, r3
 834 0070 0BB0     		add	sp, sp, #44
 835              	.LCFI13:
 836              		.cfi_remember_state
 837              		.cfi_def_cfa_offset 36
 838              		@ sp needed
 839 0072 BDE8F08F 		pop	{r4, r5, r6, r7, r8, r9, r10, fp, pc}
 840              	.LVL102:
 841              	.L54:
 842              	.LCFI14:
 843              		.cfi_restore_state
 982:CANopen/CANopen.c ****     }
 844              		.loc 1 982 9 is_stmt 1 view .LVU262
 982:CANopen/CANopen.c ****     }
 845              		.loc 1 982 12 is_stmt 0 view .LVU263
 846 0076 C569     		ldr	r5, [r0, #28]
 847 0078 D1E7     		b	.L45
 848              	.LVL103:
 849              	.L55:
 989:CANopen/CANopen.c ****     } else
 850              		.loc 1 989 9 is_stmt 1 view .LVU264
 989:CANopen/CANopen.c ****     } else
 851              		.loc 1 989 32 is_stmt 0 view .LVU265
 852 007a 0123     		movs	r3, #1
 853 007c 2360     		str	r3, [r4]
 854 007e D6E7     		b	.L47
 855              	.LVL104:
 856              	.L56:
1039:CANopen/CANopen.c ****         err = CO_NMT_init(co->NMT, OD_GET(H1017, OD_H1017_PRODUCER_HB_TIME), em, nodeId, NMTcontrol
 857              		.loc 1 1039 5 is_stmt 1 view .LVU266
1040:CANopen/CANopen.c ****                           co->CANmodule, CO_GET_CO(RX_IDX_NMT_SLV), CO_CAN_ID_NMT_SERVICE,
 858              		.loc 1 1040 9 view .LVU267
1040:CANopen/CANopen.c ****                           co->CANmodule, CO_GET_CO(RX_IDX_NMT_SLV), CO_CAN_ID_NMT_SERVICE,
 859              		.loc 1 1040 36 is_stmt 0 view .LVU268
 860 0080 464B     		ldr	r3, .L57
 861 0082 1B68     		ldr	r3, [r3]
 862 0084 5968     		ldr	r1, [r3, #4]
1040:CANopen/CANopen.c ****                           co->CANmodule, CO_GET_CO(RX_IDX_NMT_SLV), CO_CAN_ID_NMT_SERVICE,
 863              		.loc 1 1040 15 view .LVU269
 864 0086 6368     		ldr	r3, [r4, #4]
 865 0088 0897     		str	r7, [sp, #32]
 866 008a 06F5E062 		add	r2, r6, #1792
 867 008e 0792     		str	r2, [sp, #28]
 868 0090 0722     		movs	r2, #7
 869 0092 0692     		str	r2, [sp, #24]
 870 0094 0593     		str	r3, [sp, #20]
 871 0096 0022     		movs	r2, #0
 872 0098 0492     		str	r2, [sp, #16]
 873 009a 0392     		str	r2, [sp, #12]
 874 009c 0293     		str	r3, [sp, #8]
ARM GAS  C:\Users\Lenovo\AppData\Local\Temp\ccLI0PPk.s 			page 40


 875 009e BDF85830 		ldrh	r3, [sp, #88]
 876 00a2 0193     		str	r3, [sp, #4]
 877 00a4 BDF85430 		ldrh	r3, [sp, #84]
 878 00a8 0093     		str	r3, [sp]
 879 00aa 3346     		mov	r3, r6
 880 00ac 2A46     		mov	r2, r5
 881 00ae 9031     		adds	r1, r1, #144
 882 00b0 2069     		ldr	r0, [r4, #16]
 883              	.LVL105:
1040:CANopen/CANopen.c ****                           co->CANmodule, CO_GET_CO(RX_IDX_NMT_SLV), CO_CAN_ID_NMT_SERVICE,
 884              		.loc 1 1040 15 view .LVU270
 885 00b2 FFF7FEFF 		bl	CO_NMT_init
 886              	.LVL106:
1046:CANopen/CANopen.c ****             return err;
 887              		.loc 1 1046 9 is_stmt 1 view .LVU271
1046:CANopen/CANopen.c ****             return err;
 888              		.loc 1 1046 12 is_stmt 0 view .LVU272
 889 00b6 0346     		mov	r3, r0
 890 00b8 0028     		cmp	r0, #0
 891 00ba D8D1     		bne	.L44
1052:CANopen/CANopen.c ****         err = CO_HBconsumer_init(co->HBcons, em, co->HBconsMonitoredNodes, CO_GET_CNT(ARR_1016),
 892              		.loc 1 1052 5 is_stmt 1 view .LVU273
1053:CANopen/CANopen.c ****                                  OD_GET(H1016, OD_H1016_CONSUMER_HB_TIME), co->CANmodule, CO_GET_CO
 893              		.loc 1 1053 9 view .LVU274
1054:CANopen/CANopen.c ****                                  errInfo);
 894              		.loc 1 1054 34 is_stmt 0 view .LVU275
 895 00bc 374B     		ldr	r3, .L57
 896 00be 1B68     		ldr	r3, [r3]
 897 00c0 5A68     		ldr	r2, [r3, #4]
1053:CANopen/CANopen.c ****                                  OD_GET(H1016, OD_H1016_CONSUMER_HB_TIME), co->CANmodule, CO_GET_CO
 898              		.loc 1 1053 15 view .LVU276
 899 00c2 0397     		str	r7, [sp, #12]
 900 00c4 0823     		movs	r3, #8
 901 00c6 0293     		str	r3, [sp, #8]
 902 00c8 6168     		ldr	r1, [r4, #4]
 903 00ca 0191     		str	r1, [sp, #4]
 904 00cc 8432     		adds	r2, r2, #132
 905 00ce 0092     		str	r2, [sp]
 906 00d0 A269     		ldr	r2, [r4, #24]
 907 00d2 2946     		mov	r1, r5
 908 00d4 6069     		ldr	r0, [r4, #20]
 909              	.LVL107:
1053:CANopen/CANopen.c ****                                  OD_GET(H1016, OD_H1016_CONSUMER_HB_TIME), co->CANmodule, CO_GET_CO
 910              		.loc 1 1053 15 view .LVU277
 911 00d6 FFF7FEFF 		bl	CO_HBconsumer_init
 912              	.LVL108:
1056:CANopen/CANopen.c ****             return err;
 913              		.loc 1 1056 9 is_stmt 1 view .LVU278
1056:CANopen/CANopen.c ****             return err;
 914              		.loc 1 1056 12 is_stmt 0 view .LVU279
 915 00da 0346     		mov	r3, r0
 916 00dc 0028     		cmp	r0, #0
 917 00de C6D1     		bne	.L44
1080:CANopen/CANopen.c ****         OD_entry_t* SDOsrvPar = OD_GET(H1200, OD_H1200_SDO_SERVER_1_PARAM);
 918              		.loc 1 1080 5 is_stmt 1 view .LVU280
 919              	.LBB29:
1081:CANopen/CANopen.c ****         for (uint16_t i = 0; i < CO_GET_CNT(SDO_SRV); i++) {
ARM GAS  C:\Users\Lenovo\AppData\Local\Temp\ccLI0PPk.s 			page 41


 920              		.loc 1 1081 9 view .LVU281
1081:CANopen/CANopen.c ****         for (uint16_t i = 0; i < CO_GET_CNT(SDO_SRV); i++) {
 921              		.loc 1 1081 33 is_stmt 0 view .LVU282
 922 00e0 2E4B     		ldr	r3, .L57
 923 00e2 1B68     		ldr	r3, [r3]
 924 00e4 5B68     		ldr	r3, [r3, #4]
1081:CANopen/CANopen.c ****         for (uint16_t i = 0; i < CO_GET_CNT(SDO_SRV); i++) {
 925              		.loc 1 1081 21 view .LVU283
 926 00e6 03F1B40B 		add	fp, r3, #180
 927              	.LVL109:
1082:CANopen/CANopen.c ****             err = CO_SDOserver_init(&co->SDOserver[i], od, SDOsrvPar, nodeId, SDOserverTimeoutTime_
 928              		.loc 1 1082 9 is_stmt 1 view .LVU284
 929              	.LBB30:
1082:CANopen/CANopen.c ****             err = CO_SDOserver_init(&co->SDOserver[i], od, SDOsrvPar, nodeId, SDOserverTimeoutTime_
 930              		.loc 1 1082 14 view .LVU285
1082:CANopen/CANopen.c ****             err = CO_SDOserver_init(&co->SDOserver[i], od, SDOsrvPar, nodeId, SDOserverTimeoutTime_
 931              		.loc 1 1082 23 is_stmt 0 view .LVU286
 932 00ea 4FF0000A 		mov	r10, #0
 933              	.LVL110:
 934              	.L48:
1082:CANopen/CANopen.c ****             err = CO_SDOserver_init(&co->SDOserver[i], od, SDOsrvPar, nodeId, SDOserverTimeoutTime_
 935              		.loc 1 1082 32 is_stmt 1 discriminator 1 view .LVU287
 936 00ee BAF1000F 		cmp	r10, #0
 937 00f2 26D0     		beq	.L49
1082:CANopen/CANopen.c ****             err = CO_SDOserver_init(&co->SDOserver[i], od, SDOsrvPar, nodeId, SDOserverTimeoutTime_
 938              		.loc 1 1082 32 is_stmt 0 discriminator 1 view .LVU288
 939              	.LBE30:
 940              	.LBE29:
1109:CANopen/CANopen.c ****         err = CO_TIME_init(co->TIME, OD_GET(H1012, OD_H1012_COBID_TIME), co->CANmodule, CO_GET_CO(R
 941              		.loc 1 1109 5 is_stmt 1 view .LVU289
1110:CANopen/CANopen.c **** #if ((CO_CONFIG_TIME)&CO_CONFIG_TIME_PRODUCER) != 0
 942              		.loc 1 1110 9 view .LVU290
1110:CANopen/CANopen.c **** #if ((CO_CONFIG_TIME)&CO_CONFIG_TIME_PRODUCER) != 0
 943              		.loc 1 1110 38 is_stmt 0 view .LVU291
 944 00f4 294B     		ldr	r3, .L57
 945 00f6 1B68     		ldr	r3, [r3]
 946 00f8 5968     		ldr	r1, [r3, #4]
1110:CANopen/CANopen.c **** #if ((CO_CONFIG_TIME)&CO_CONFIG_TIME_PRODUCER) != 0
 947              		.loc 1 1110 15 view .LVU292
 948 00fa 0097     		str	r7, [sp]
 949 00fc 0223     		movs	r3, #2
 950 00fe 6268     		ldr	r2, [r4, #4]
 951 0100 6031     		adds	r1, r1, #96
 952 0102 A06A     		ldr	r0, [r4, #40]
 953              	.LVL111:
1110:CANopen/CANopen.c **** #if ((CO_CONFIG_TIME)&CO_CONFIG_TIME_PRODUCER) != 0
 954              		.loc 1 1110 15 view .LVU293
 955 0104 FFF7FEFF 		bl	CO_TIME_init
 956              	.LVL112:
1115:CANopen/CANopen.c ****             return err;
 957              		.loc 1 1115 9 is_stmt 1 view .LVU294
1115:CANopen/CANopen.c ****             return err;
 958              		.loc 1 1115 12 is_stmt 0 view .LVU295
 959 0108 0346     		mov	r3, r0
 960 010a 0028     		cmp	r0, #0
 961 010c AFD1     		bne	.L44
1122:CANopen/CANopen.c ****         err = CO_SYNC_init(co->SYNC, em, OD_GET(H1005, OD_H1005_COBID_SYNC), OD_GET(H1006, OD_H1006
ARM GAS  C:\Users\Lenovo\AppData\Local\Temp\ccLI0PPk.s 			page 42


 962              		.loc 1 1122 5 is_stmt 1 view .LVU296
1123:CANopen/CANopen.c ****                            OD_GET(H1007, OD_H1007_SYNC_WINDOW_LEN), OD_GET(H1019, OD_H1019_SYNC_CNT
 963              		.loc 1 1123 9 view .LVU297
1123:CANopen/CANopen.c ****                            OD_GET(H1007, OD_H1007_SYNC_WINDOW_LEN), OD_GET(H1019, OD_H1019_SYNC_CNT
 964              		.loc 1 1123 42 is_stmt 0 view .LVU298
 965 010e 234B     		ldr	r3, .L57
 966 0110 1B68     		ldr	r3, [r3]
 967 0112 5A68     		ldr	r2, [r3, #4]
1123:CANopen/CANopen.c ****                            OD_GET(H1007, OD_H1007_SYNC_WINDOW_LEN), OD_GET(H1019, OD_H1019_SYNC_CNT
 968              		.loc 1 1123 15 view .LVU299
 969 0114 6368     		ldr	r3, [r4, #4]
 970 0116 0697     		str	r7, [sp, #24]
 971 0118 0021     		movs	r1, #0
 972 011a 0591     		str	r1, [sp, #20]
 973 011c 0493     		str	r3, [sp, #16]
 974 011e 0121     		movs	r1, #1
 975 0120 0391     		str	r1, [sp, #12]
 976 0122 0293     		str	r3, [sp, #8]
 977 0124 02F1A803 		add	r3, r2, #168
 978 0128 0193     		str	r3, [sp, #4]
 979 012a 02F13C03 		add	r3, r2, #60
 980 012e 0093     		str	r3, [sp]
 981 0130 02F13003 		add	r3, r2, #48
 982 0134 2432     		adds	r2, r2, #36
 983 0136 2946     		mov	r1, r5
 984 0138 E06A     		ldr	r0, [r4, #44]
 985              	.LVL113:
1123:CANopen/CANopen.c ****                            OD_GET(H1007, OD_H1007_SYNC_WINDOW_LEN), OD_GET(H1019, OD_H1019_SYNC_CNT
 986              		.loc 1 1123 15 view .LVU300
 987 013a FFF7FEFF 		bl	CO_SYNC_init
 988              	.LVL114:
 989 013e 0346     		mov	r3, r0
 990              	.LVL115:
1130:CANopen/CANopen.c ****             return err;
 991              		.loc 1 1130 9 is_stmt 1 view .LVU301
 992 0140 95E7     		b	.L44
 993              	.LVL116:
 994              	.L49:
 995              	.LBB32:
 996              	.LBB31:
1083:CANopen/CANopen.c ****                                     CO_GET_CO(RX_IDX_SDO_SRV) + i, co->CANmodule, CO_GET_CO(TX_IDX_
 997              		.loc 1 1083 13 view .LVU302
1083:CANopen/CANopen.c ****                                     CO_GET_CO(RX_IDX_SDO_SRV) + i, co->CANmodule, CO_GET_CO(TX_IDX_
 998              		.loc 1 1083 40 is_stmt 0 view .LVU303
 999 0142 606A     		ldr	r0, [r4, #36]
 1000              	.LVL117:
1083:CANopen/CANopen.c ****                                     CO_GET_CO(RX_IDX_SDO_SRV) + i, co->CANmodule, CO_GET_CO(TX_IDX_
 1001              		.loc 1 1083 19 view .LVU304
 1002 0144 6268     		ldr	r2, [r4, #4]
 1003 0146 0597     		str	r7, [sp, #20]
 1004 0148 0AF10603 		add	r3, r10, #6
 1005 014c 9BB2     		uxth	r3, r3
 1006 014e 0493     		str	r3, [sp, #16]
 1007 0150 0392     		str	r2, [sp, #12]
 1008 0152 0AF10703 		add	r3, r10, #7
 1009 0156 9BB2     		uxth	r3, r3
 1010 0158 0293     		str	r3, [sp, #8]
ARM GAS  C:\Users\Lenovo\AppData\Local\Temp\ccLI0PPk.s 			page 43


 1011 015a 0192     		str	r2, [sp, #4]
 1012 015c CDF80090 		str	r9, [sp]
 1013 0160 3346     		mov	r3, r6
 1014 0162 5A46     		mov	r2, fp
 1015 0164 4146     		mov	r1, r8
 1016 0166 4FF0AC0C 		mov	ip, #172
 1017 016a 0CFB0A00 		mla	r0, ip, r10, r0
 1018 016e FFF7FEFF 		bl	CO_SDOserver_init
 1019              	.LVL118:
1086:CANopen/CANopen.c ****                 return err;
 1020              		.loc 1 1086 13 is_stmt 1 view .LVU305
1086:CANopen/CANopen.c ****                 return err;
 1021              		.loc 1 1086 16 is_stmt 0 view .LVU306
 1022 0172 0346     		mov	r3, r0
 1023 0174 0028     		cmp	r0, #0
 1024 0176 7FF47AAF 		bne	.L44
1089:CANopen/CANopen.c ****         }
 1025              		.loc 1 1089 13 is_stmt 1 view .LVU307
1089:CANopen/CANopen.c ****         }
 1026              		.loc 1 1089 22 is_stmt 0 view .LVU308
 1027 017a 0BF10C0B 		add	fp, fp, #12
 1028              	.LVL119:
1082:CANopen/CANopen.c ****             err = CO_SDOserver_init(&co->SDOserver[i], od, SDOsrvPar, nodeId, SDOserverTimeoutTime_
 1029              		.loc 1 1082 56 is_stmt 1 discriminator 2 view .LVU309
 1030 017e 0AF1010A 		add	r10, r10, #1
 1031              	.LVL120:
1082:CANopen/CANopen.c ****             err = CO_SDOserver_init(&co->SDOserver[i], od, SDOsrvPar, nodeId, SDOserverTimeoutTime_
 1032              		.loc 1 1082 56 is_stmt 0 discriminator 2 view .LVU310
 1033 0182 1FFA8AFA 		uxth	r10, r10
 1034 0186 B2E7     		b	.L48
 1035              	.LVL121:
 1036              	.L50:
1082:CANopen/CANopen.c ****             err = CO_SDOserver_init(&co->SDOserver[i], od, SDOsrvPar, nodeId, SDOserverTimeoutTime_
 1037              		.loc 1 1082 56 discriminator 2 view .LVU311
 1038              	.LBE31:
 1039              	.LBE32:
 974:CANopen/CANopen.c ****     }
 1040              		.loc 1 974 16 view .LVU312
 1041 0188 4FF0FF33 		mov	r3, #-1
 1042              	.LVL122:
 974:CANopen/CANopen.c ****     }
 1043              		.loc 1 974 16 view .LVU313
 1044 018c 6FE7     		b	.L44
 1045              	.LVL123:
 1046              	.L51:
 993:CANopen/CANopen.c ****     } else { /* MISRA C 2004 14.10 */
 1047              		.loc 1 993 16 view .LVU314
 1048 018e 4FF0FF33 		mov	r3, #-1
 1049 0192 6CE7     		b	.L44
 1050              	.LVL124:
 1051              	.L52:
1008:CANopen/CANopen.c ****     }
 1052              		.loc 1 1008 16 view .LVU315
 1053 0194 6FF01203 		mvn	r3, #18
 1054 0198 69E7     		b	.L44
 1055              	.L58:
 1056 019a 00BF     		.align	2
ARM GAS  C:\Users\Lenovo\AppData\Local\Temp\ccLI0PPk.s 			page 44


 1057              	.L57:
 1058 019c 00000000 		.word	OD
 1059              		.cfi_endproc
 1060              	.LFE45:
 1062              		.section	.text.CO_CANopenInitPDO,"ax",%progbits
 1063              		.align	1
 1064              		.global	CO_CANopenInitPDO
 1065              		.syntax unified
 1066              		.thumb
 1067              		.thumb_func
 1069              	CO_CANopenInitPDO:
 1070              	.LVL125:
 1071              	.LFB46:
1185:CANopen/CANopen.c **** 
1186:CANopen/CANopen.c **** CO_ReturnError_t
1187:CANopen/CANopen.c **** CO_CANopenInitPDO(CO_t* co, CO_EM_t* em, OD_t* od, uint8_t nodeId, uint32_t* errInfo) {
 1072              		.loc 1 1187 87 is_stmt 1 view -0
 1073              		.cfi_startproc
 1074              		@ args = 4, pretend = 0, frame = 0
 1075              		@ frame_needed = 0, uses_anonymous_args = 0
 1076              		.loc 1 1187 87 is_stmt 0 view .LVU317
 1077 0000 2DE9F04F 		push	{r4, r5, r6, r7, r8, r9, r10, fp, lr}
 1078              	.LCFI15:
 1079              		.cfi_def_cfa_offset 36
 1080              		.cfi_offset 4, -36
 1081              		.cfi_offset 5, -32
 1082              		.cfi_offset 6, -28
 1083              		.cfi_offset 7, -24
 1084              		.cfi_offset 8, -20
 1085              		.cfi_offset 9, -16
 1086              		.cfi_offset 10, -12
 1087              		.cfi_offset 11, -8
 1088              		.cfi_offset 14, -4
 1089 0004 87B0     		sub	sp, sp, #28
 1090              	.LCFI16:
 1091              		.cfi_def_cfa_offset 64
 1092 0006 DDF840B0 		ldr	fp, [sp, #64]
1188:CANopen/CANopen.c ****     if (co == NULL) {
 1093              		.loc 1 1188 5 is_stmt 1 view .LVU318
 1094              		.loc 1 1188 8 is_stmt 0 view .LVU319
 1095 000a 0028     		cmp	r0, #0
 1096 000c 6FD0     		beq	.L68
 1097 000e 8846     		mov	r8, r1
 1098 0010 9146     		mov	r9, r2
 1099 0012 1E46     		mov	r6, r3
 1100 0014 0546     		mov	r5, r0
1189:CANopen/CANopen.c ****         return CO_ERROR_ILLEGAL_ARGUMENT;
1190:CANopen/CANopen.c ****     }
1191:CANopen/CANopen.c ****     if ((nodeId < 1U) || (nodeId > 127U) || co->nodeIdUnconfigured) {
 1101              		.loc 1 1191 5 is_stmt 1 view .LVU320
 1102              		.loc 1 1191 23 is_stmt 0 view .LVU321
 1103 0016 5BB2     		sxtb	r3, r3
 1104              		.loc 1 1191 8 view .LVU322
 1105 0018 002B     		cmp	r3, #0
 1106 001a 2DDD     		ble	.L61
 1107              		.loc 1 1191 47 discriminator 1 view .LVU323
 1108 001c 0368     		ldr	r3, [r0]
ARM GAS  C:\Users\Lenovo\AppData\Local\Temp\ccLI0PPk.s 			page 45


 1109              	.LVL126:
 1110              		.loc 1 1191 42 discriminator 1 view .LVU324
 1111 001e 5BBB     		cbnz	r3, .L61
1192:CANopen/CANopen.c ****         return (co->nodeIdUnconfigured) ? CO_ERROR_NODE_ID_UNCONFIGURED_LSS : CO_ERROR_ILLEGAL_ARGU
1193:CANopen/CANopen.c ****     }
1194:CANopen/CANopen.c **** 
1195:CANopen/CANopen.c **** #if ((CO_CONFIG_PDO)&CO_CONFIG_RPDO_ENABLE) != 0
1196:CANopen/CANopen.c ****     if (CO_GET_CNT(RPDO) > 0U) {
 1112              		.loc 1 1196 5 is_stmt 1 view .LVU325
 1113              	.LBB33:
1197:CANopen/CANopen.c ****         OD_entry_t* RPDOcomm = OD_GET(H1400, OD_H1400_RXPDO_1_PARAM);
 1114              		.loc 1 1197 9 view .LVU326
 1115              		.loc 1 1197 32 is_stmt 0 view .LVU327
 1116 0020 344B     		ldr	r3, .L73
 1117 0022 1B68     		ldr	r3, [r3]
 1118 0024 5F68     		ldr	r7, [r3, #4]
 1119              		.loc 1 1197 21 view .LVU328
 1120 0026 07F1CC0A 		add	r10, r7, #204
 1121              	.LVL127:
1198:CANopen/CANopen.c ****         OD_entry_t* RPDOmap = OD_GET(H1600, OD_H1600_RXPDO_1_MAPPING);
 1122              		.loc 1 1198 9 is_stmt 1 view .LVU329
 1123              		.loc 1 1198 21 is_stmt 0 view .LVU330
 1124 002a FC37     		adds	r7, r7, #252
 1125              	.LVL128:
1199:CANopen/CANopen.c ****         for (uint16_t i = 0; i < CO_GET_CNT(RPDO); i++) {
 1126              		.loc 1 1199 9 is_stmt 1 view .LVU331
 1127              	.LBB34:
 1128              		.loc 1 1199 14 view .LVU332
 1129              		.loc 1 1199 23 is_stmt 0 view .LVU333
 1130 002c 0024     		movs	r4, #0
 1131              	.LVL129:
 1132              	.L64:
 1133              		.loc 1 1199 32 is_stmt 1 discriminator 1 view .LVU334
 1134 002e 032C     		cmp	r4, #3
 1135 0030 2AD8     		bhi	.L71
 1136              	.LBB35:
1200:CANopen/CANopen.c ****             CO_ReturnError_t err;
 1137              		.loc 1 1200 13 view .LVU335
1201:CANopen/CANopen.c ****             uint16_t preDefinedCanId = 0;
 1138              		.loc 1 1201 13 view .LVU336
 1139              	.LVL130:
1202:CANopen/CANopen.c ****             if (i < CO_RPDO_DEFAULT_CANID_COUNT) {
 1140              		.loc 1 1202 13 view .LVU337
1203:CANopen/CANopen.c **** #if CO_RPDO_DEFAULT_CANID_COUNT <= 4
1204:CANopen/CANopen.c ****                 preDefinedCanId = (uint16_t)((CO_CAN_ID_RPDO_1 + (i * 0x100U)) + nodeId);
 1141              		.loc 1 1204 17 view .LVU338
 1142              		.loc 1 1204 64 is_stmt 0 view .LVU339
 1143 0032 A31C     		adds	r3, r4, #2
 1144 0034 1B02     		lsls	r3, r3, #8
 1145 0036 9BB2     		uxth	r3, r3
 1146              		.loc 1 1204 33 view .LVU340
 1147 0038 3344     		add	r3, r3, r6
 1148 003a 9BB2     		uxth	r3, r3
 1149              	.LVL131:
1205:CANopen/CANopen.c **** #else
1206:CANopen/CANopen.c ****                 uint16_t pdoOffset = i % 4;
1207:CANopen/CANopen.c ****                 uint16_t nodeIdOffset = i / 4;
ARM GAS  C:\Users\Lenovo\AppData\Local\Temp\ccLI0PPk.s 			page 46


1208:CANopen/CANopen.c ****                 preDefinedCanId = (CO_CAN_ID_RPDO_1 + pdoOffset * 0x100) + nodeId + nodeIdOffset;
1209:CANopen/CANopen.c **** #endif
1210:CANopen/CANopen.c ****             }
1211:CANopen/CANopen.c ****             err = CO_RPDO_init(&co->RPDO[i], od, em,
 1150              		.loc 1 1211 13 is_stmt 1 view .LVU341
 1151              		.loc 1 1211 35 is_stmt 0 view .LVU342
 1152 003c 286B     		ldr	r0, [r5, #48]
 1153              		.loc 1 1211 19 view .LVU343
 1154 003e CDF814B0 		str	fp, [sp, #20]
 1155 0042 E21C     		adds	r2, r4, #3
 1156 0044 92B2     		uxth	r2, r2
 1157 0046 0492     		str	r2, [sp, #16]
 1158 0048 6A68     		ldr	r2, [r5, #4]
 1159 004a 0392     		str	r2, [sp, #12]
 1160 004c 0297     		str	r7, [sp, #8]
 1161 004e CDF804A0 		str	r10, [sp, #4]
 1162 0052 0093     		str	r3, [sp]
 1163 0054 EB6A     		ldr	r3, [r5, #44]
 1164              	.LVL132:
 1165              		.loc 1 1211 19 view .LVU344
 1166 0056 4246     		mov	r2, r8
 1167 0058 4946     		mov	r1, r9
 1168 005a 4FF4CA7C 		mov	ip, #404
 1169 005e 0CFB0400 		mla	r0, ip, r4, r0
 1170 0062 FFF7FEFF 		bl	CO_RPDO_init
 1171              	.LVL133:
1212:CANopen/CANopen.c **** #if ((CO_CONFIG_PDO)&CO_CONFIG_PDO_SYNC_ENABLE) != 0
1213:CANopen/CANopen.c ****                                co->SYNC,
1214:CANopen/CANopen.c **** #endif
1215:CANopen/CANopen.c ****                                preDefinedCanId, RPDOcomm, RPDOmap, co->CANmodule, CO_GET_CO(RX_IDX_
1216:CANopen/CANopen.c ****             if (err != CO_ERROR_NO) {
 1172              		.loc 1 1216 13 is_stmt 1 view .LVU345
 1173              		.loc 1 1216 16 is_stmt 0 view .LVU346
 1174 0066 0346     		mov	r3, r0
 1175 0068 0028     		cmp	r0, #0
 1176 006a 3CD1     		bne	.L60
1217:CANopen/CANopen.c ****                 return err;
1218:CANopen/CANopen.c ****             }
1219:CANopen/CANopen.c ****             RPDOcomm++;
 1177              		.loc 1 1219 13 is_stmt 1 view .LVU347
 1178              		.loc 1 1219 21 is_stmt 0 view .LVU348
 1179 006c 0AF10C0A 		add	r10, r10, #12
 1180              	.LVL134:
1220:CANopen/CANopen.c ****             RPDOmap++;
 1181              		.loc 1 1220 13 is_stmt 1 view .LVU349
 1182              		.loc 1 1220 20 is_stmt 0 view .LVU350
 1183 0070 0C37     		adds	r7, r7, #12
 1184              	.LVL135:
 1185              		.loc 1 1220 20 view .LVU351
 1186              	.LBE35:
1199:CANopen/CANopen.c ****             CO_ReturnError_t err;
 1187              		.loc 1 1199 53 is_stmt 1 discriminator 2 view .LVU352
 1188 0072 0134     		adds	r4, r4, #1
 1189              	.LVL136:
1199:CANopen/CANopen.c ****             CO_ReturnError_t err;
 1190              		.loc 1 1199 53 is_stmt 0 discriminator 2 view .LVU353
 1191 0074 A4B2     		uxth	r4, r4
ARM GAS  C:\Users\Lenovo\AppData\Local\Temp\ccLI0PPk.s 			page 47


 1192              	.LVL137:
1199:CANopen/CANopen.c ****             CO_ReturnError_t err;
 1193              		.loc 1 1199 53 discriminator 2 view .LVU354
 1194 0076 DAE7     		b	.L64
 1195              	.LVL138:
 1196              	.L61:
1199:CANopen/CANopen.c ****             CO_ReturnError_t err;
 1197              		.loc 1 1199 53 discriminator 2 view .LVU355
 1198              	.LBE34:
 1199              	.LBE33:
1192:CANopen/CANopen.c ****     }
 1200              		.loc 1 1192 9 is_stmt 1 view .LVU356
1192:CANopen/CANopen.c ****     }
 1201              		.loc 1 1192 19 is_stmt 0 view .LVU357
 1202 0078 2B68     		ldr	r3, [r5]
1192:CANopen/CANopen.c ****     }
 1203              		.loc 1 1192 77 view .LVU358
 1204 007a 13B1     		cbz	r3, .L69
1192:CANopen/CANopen.c ****     }
 1205              		.loc 1 1192 77 discriminator 1 view .LVU359
 1206 007c 6FF01203 		mvn	r3, #18
 1207 0080 31E0     		b	.L60
 1208              	.L69:
1192:CANopen/CANopen.c ****     }
 1209              		.loc 1 1192 77 discriminator 2 view .LVU360
 1210 0082 4FF0FF33 		mov	r3, #-1
1192:CANopen/CANopen.c ****     }
 1211              		.loc 1 1192 77 view .LVU361
 1212 0086 2EE0     		b	.L60
 1213              	.LVL139:
 1214              	.L71:
1221:CANopen/CANopen.c ****         }
1222:CANopen/CANopen.c ****     }
1223:CANopen/CANopen.c **** #endif
1224:CANopen/CANopen.c **** 
1225:CANopen/CANopen.c **** #if ((CO_CONFIG_PDO)&CO_CONFIG_TPDO_ENABLE) != 0
1226:CANopen/CANopen.c ****     if (CO_GET_CNT(TPDO) > 0U) {
 1215              		.loc 1 1226 5 is_stmt 1 view .LVU362
 1216              	.LBB36:
1227:CANopen/CANopen.c ****         OD_entry_t* TPDOcomm = OD_GET(H1800, OD_H1800_TXPDO_1_PARAM);
 1217              		.loc 1 1227 9 view .LVU363
 1218              		.loc 1 1227 32 is_stmt 0 view .LVU364
 1219 0088 1A4B     		ldr	r3, .L73
 1220 008a 1B68     		ldr	r3, [r3]
 1221 008c 5F68     		ldr	r7, [r3, #4]
 1222              	.LVL140:
 1223              		.loc 1 1227 21 view .LVU365
 1224 008e 07F5967A 		add	r10, r7, #300
 1225              	.LVL141:
1228:CANopen/CANopen.c ****         OD_entry_t* TPDOmap = OD_GET(H1A00, OD_H1A00_TXPDO_1_MAPPING);
 1226              		.loc 1 1228 9 is_stmt 1 view .LVU366
 1227              		.loc 1 1228 21 is_stmt 0 view .LVU367
 1228 0092 07F5AE77 		add	r7, r7, #348
 1229              	.LVL142:
1229:CANopen/CANopen.c ****         for (uint16_t i = 0; i < CO_GET_CNT(TPDO); i++) {
 1230              		.loc 1 1229 9 is_stmt 1 view .LVU368
 1231              	.LBB37:
ARM GAS  C:\Users\Lenovo\AppData\Local\Temp\ccLI0PPk.s 			page 48


 1232              		.loc 1 1229 14 view .LVU369
 1233              		.loc 1 1229 23 is_stmt 0 view .LVU370
 1234 0096 0024     		movs	r4, #0
 1235              	.LVL143:
 1236              	.L66:
 1237              		.loc 1 1229 32 is_stmt 1 discriminator 1 view .LVU371
 1238 0098 032C     		cmp	r4, #3
 1239 009a 23D8     		bhi	.L72
 1240              	.LBB38:
1230:CANopen/CANopen.c ****             CO_ReturnError_t err;
 1241              		.loc 1 1230 13 view .LVU372
1231:CANopen/CANopen.c ****             uint16_t preDefinedCanId = 0;
 1242              		.loc 1 1231 13 view .LVU373
 1243              	.LVL144:
1232:CANopen/CANopen.c ****             if (i < CO_TPDO_DEFAULT_CANID_COUNT) {
 1244              		.loc 1 1232 13 view .LVU374
1233:CANopen/CANopen.c **** #if CO_TPDO_DEFAULT_CANID_COUNT <= 4
1234:CANopen/CANopen.c ****                 preDefinedCanId = (uint16_t)((CO_CAN_ID_TPDO_1 + (i * 0x100U)) + nodeId);
 1245              		.loc 1 1234 17 view .LVU375
 1246              		.loc 1 1234 69 is_stmt 0 view .LVU376
 1247 009c 2302     		lsls	r3, r4, #8
 1248 009e 9BB2     		uxth	r3, r3
 1249              		.loc 1 1234 80 view .LVU377
 1250 00a0 3344     		add	r3, r3, r6
 1251 00a2 9BB2     		uxth	r3, r3
 1252              		.loc 1 1234 33 view .LVU378
 1253 00a4 03F5C073 		add	r3, r3, #384
 1254 00a8 9BB2     		uxth	r3, r3
 1255              	.LVL145:
1235:CANopen/CANopen.c **** #else
1236:CANopen/CANopen.c ****                 uint16_t pdoOffset = i % 4;
1237:CANopen/CANopen.c ****                 uint16_t nodeIdOffset = i / 4;
1238:CANopen/CANopen.c ****                 preDefinedCanId = (CO_CAN_ID_TPDO_1 + pdoOffset * 0x100) + nodeId + nodeIdOffset;
1239:CANopen/CANopen.c **** #endif
1240:CANopen/CANopen.c ****             }
1241:CANopen/CANopen.c ****             err = CO_TPDO_init(&co->TPDO[i], od, em,
 1256              		.loc 1 1241 13 is_stmt 1 view .LVU379
 1257              		.loc 1 1241 35 is_stmt 0 view .LVU380
 1258 00aa 686B     		ldr	r0, [r5, #52]
 1259              		.loc 1 1241 19 view .LVU381
 1260 00ac CDF814B0 		str	fp, [sp, #20]
 1261 00b0 A21C     		adds	r2, r4, #2
 1262 00b2 92B2     		uxth	r2, r2
 1263 00b4 0492     		str	r2, [sp, #16]
 1264 00b6 6A68     		ldr	r2, [r5, #4]
 1265 00b8 0392     		str	r2, [sp, #12]
 1266 00ba 0297     		str	r7, [sp, #8]
 1267 00bc CDF804A0 		str	r10, [sp, #4]
 1268 00c0 0093     		str	r3, [sp]
 1269 00c2 EB6A     		ldr	r3, [r5, #44]
 1270              	.LVL146:
 1271              		.loc 1 1241 19 view .LVU382
 1272 00c4 4246     		mov	r2, r8
 1273 00c6 4946     		mov	r1, r9
 1274 00c8 4FF4C67C 		mov	ip, #396
 1275 00cc 0CFB0400 		mla	r0, ip, r4, r0
 1276 00d0 FFF7FEFF 		bl	CO_TPDO_init
ARM GAS  C:\Users\Lenovo\AppData\Local\Temp\ccLI0PPk.s 			page 49


 1277              	.LVL147:
1242:CANopen/CANopen.c **** #if ((CO_CONFIG_PDO)&CO_CONFIG_PDO_SYNC_ENABLE) != 0
1243:CANopen/CANopen.c ****                                co->SYNC,
1244:CANopen/CANopen.c **** #endif
1245:CANopen/CANopen.c ****                                preDefinedCanId, TPDOcomm, TPDOmap, co->CANmodule, CO_GET_CO(TX_IDX_
1246:CANopen/CANopen.c ****             if (err != CO_ERROR_NO) {
 1278              		.loc 1 1246 13 is_stmt 1 view .LVU383
 1279              		.loc 1 1246 16 is_stmt 0 view .LVU384
 1280 00d4 0346     		mov	r3, r0
 1281 00d6 30B9     		cbnz	r0, .L60
1247:CANopen/CANopen.c ****                 return err;
1248:CANopen/CANopen.c ****             }
1249:CANopen/CANopen.c ****             TPDOcomm++;
 1282              		.loc 1 1249 13 is_stmt 1 view .LVU385
 1283              		.loc 1 1249 21 is_stmt 0 view .LVU386
 1284 00d8 0AF10C0A 		add	r10, r10, #12
 1285              	.LVL148:
1250:CANopen/CANopen.c ****             TPDOmap++;
 1286              		.loc 1 1250 13 is_stmt 1 view .LVU387
 1287              		.loc 1 1250 20 is_stmt 0 view .LVU388
 1288 00dc 0C37     		adds	r7, r7, #12
 1289              	.LVL149:
 1290              		.loc 1 1250 20 view .LVU389
 1291              	.LBE38:
1229:CANopen/CANopen.c ****             CO_ReturnError_t err;
 1292              		.loc 1 1229 53 is_stmt 1 discriminator 2 view .LVU390
 1293 00de 0134     		adds	r4, r4, #1
 1294              	.LVL150:
1229:CANopen/CANopen.c ****             CO_ReturnError_t err;
 1295              		.loc 1 1229 53 is_stmt 0 discriminator 2 view .LVU391
 1296 00e0 A4B2     		uxth	r4, r4
 1297              	.LVL151:
1229:CANopen/CANopen.c ****             CO_ReturnError_t err;
 1298              		.loc 1 1229 53 discriminator 2 view .LVU392
 1299 00e2 D9E7     		b	.L66
 1300              	.LVL152:
 1301              	.L72:
1229:CANopen/CANopen.c ****             CO_ReturnError_t err;
 1302              		.loc 1 1229 53 discriminator 2 view .LVU393
 1303              	.LBE37:
 1304              	.LBE36:
1251:CANopen/CANopen.c ****         }
1252:CANopen/CANopen.c ****     }
1253:CANopen/CANopen.c **** #endif
1254:CANopen/CANopen.c **** 
1255:CANopen/CANopen.c ****     return CO_ERROR_NO;
 1305              		.loc 1 1255 12 view .LVU394
 1306 00e4 0023     		movs	r3, #0
 1307              	.LVL153:
 1308              	.L60:
1256:CANopen/CANopen.c **** }
 1309              		.loc 1 1256 1 view .LVU395
 1310 00e6 1846     		mov	r0, r3
 1311 00e8 07B0     		add	sp, sp, #28
 1312              	.LCFI17:
 1313              		.cfi_remember_state
 1314              		.cfi_def_cfa_offset 36
ARM GAS  C:\Users\Lenovo\AppData\Local\Temp\ccLI0PPk.s 			page 50


 1315              		@ sp needed
 1316 00ea BDE8F08F 		pop	{r4, r5, r6, r7, r8, r9, r10, fp, pc}
 1317              	.LVL154:
 1318              	.L68:
 1319              	.LCFI18:
 1320              		.cfi_restore_state
1189:CANopen/CANopen.c ****     }
 1321              		.loc 1 1189 16 view .LVU396
 1322 00ee 4FF0FF33 		mov	r3, #-1
 1323              	.LVL155:
1189:CANopen/CANopen.c ****     }
 1324              		.loc 1 1189 16 view .LVU397
 1325 00f2 F8E7     		b	.L60
 1326              	.L74:
 1327              		.align	2
 1328              	.L73:
 1329 00f4 00000000 		.word	OD
 1330              		.cfi_endproc
 1331              	.LFE46:
 1333              		.section	.text.CO_process,"ax",%progbits
 1334              		.align	1
 1335              		.global	CO_process
 1336              		.syntax unified
 1337              		.thumb
 1338              		.thumb_func
 1340              	CO_process:
 1341              	.LVL156:
 1342              	.LFB47:
1257:CANopen/CANopen.c **** 
1258:CANopen/CANopen.c **** #if (((CO_CONFIG_GFC)&CO_CONFIG_GFC_ENABLE) != 0) || (((CO_CONFIG_SRDO)&CO_CONFIG_SRDO_ENABLE) != 0
1259:CANopen/CANopen.c **** CO_ReturnError_t
1260:CANopen/CANopen.c **** CO_CANopenInitSRDO(CO_t* co, CO_EM_t* em, OD_t* od, uint8_t nodeId, uint32_t* errInfo) {
1261:CANopen/CANopen.c ****     if (co == NULL) {
1262:CANopen/CANopen.c ****         return CO_ERROR_ILLEGAL_ARGUMENT;
1263:CANopen/CANopen.c ****     }
1264:CANopen/CANopen.c ****     if ((nodeId < 1U) || (nodeId > 127U) || co->nodeIdUnconfigured) {
1265:CANopen/CANopen.c ****         return (co->nodeIdUnconfigured) ? CO_ERROR_NODE_ID_UNCONFIGURED_LSS : CO_ERROR_ILLEGAL_ARGU
1266:CANopen/CANopen.c ****     }
1267:CANopen/CANopen.c **** 
1268:CANopen/CANopen.c **** #if ((CO_CONFIG_GFC)&CO_CONFIG_GFC_ENABLE) != 0
1269:CANopen/CANopen.c ****     if (CO_GET_CNT(GFC) == 1) {
1270:CANopen/CANopen.c ****         CO_ReturnError_t err;
1271:CANopen/CANopen.c ****         err = CO_GFC_init(co->GFC, OD_GET(H1300, OD_H1300_GFC_PARAM), co->CANmodule, CO_GET_CO(RX_I
1272:CANopen/CANopen.c ****                           CO_CAN_ID_GFC, co->CANmodule, CO_GET_CO(TX_IDX_GFC), CO_CAN_ID_GFC);
1273:CANopen/CANopen.c ****         if (err) {
1274:CANopen/CANopen.c ****             return err;
1275:CANopen/CANopen.c ****         }
1276:CANopen/CANopen.c ****     }
1277:CANopen/CANopen.c **** #endif
1278:CANopen/CANopen.c **** 
1279:CANopen/CANopen.c **** #if ((CO_CONFIG_SRDO)&CO_CONFIG_SRDO_ENABLE) != 0
1280:CANopen/CANopen.c ****     if (CO_GET_CNT(SRDO) > 0U) {
1281:CANopen/CANopen.c ****         CO_ReturnError_t err;
1282:CANopen/CANopen.c ****         err = CO_SRDOGuard_init(co->SRDOGuard, OD_GET(H13FE, OD_H13FE_SRDO_VALID),
1283:CANopen/CANopen.c ****                                 OD_GET(H13FF, OD_H13FF_SRDO_CHECKSUM), errInfo);
1284:CANopen/CANopen.c ****         if (err != CO_ERROR_NO) {
1285:CANopen/CANopen.c ****             return err;
ARM GAS  C:\Users\Lenovo\AppData\Local\Temp\ccLI0PPk.s 			page 51


1286:CANopen/CANopen.c ****         }
1287:CANopen/CANopen.c **** 
1288:CANopen/CANopen.c ****         OD_entry_t* SRDOcomm = OD_GET(H1301, OD_H1301_SRDO_1_PARAM);
1289:CANopen/CANopen.c ****         OD_entry_t* SRDOmap = OD_GET(H1381, OD_H1381_SRDO_1_MAPPING);
1290:CANopen/CANopen.c ****         for (uint8_t i = 0; i < CO_GET_CNT(SRDO); i++) {
1291:CANopen/CANopen.c ****             uint16_t CANdevRxIdx = (uint16_t)(CO_GET_CO(RX_IDX_SRDO) + ((uint16_t)(i)*2U));
1292:CANopen/CANopen.c ****             uint16_t CANdevTxIdx = (uint16_t)(CO_GET_CO(TX_IDX_SRDO) + ((uint16_t)(i)*2U));
1293:CANopen/CANopen.c **** 
1294:CANopen/CANopen.c ****             err = CO_SRDO_init(&co->SRDO[i], i, co->SRDOGuard, od, em, nodeId, ((i == 0U) ? CO_CAN_
1295:CANopen/CANopen.c ****                                SRDOcomm, SRDOmap, co->CANmodule, co->CANmodule, CANdevRxIdx, CANdev
1296:CANopen/CANopen.c ****                                co->CANmodule, co->CANmodule, CANdevTxIdx, CANdevTxIdx + 1U, errInfo
1297:CANopen/CANopen.c ****             if (err != CO_ERROR_NO) {
1298:CANopen/CANopen.c ****                 return err;
1299:CANopen/CANopen.c ****             }
1300:CANopen/CANopen.c ****             SRDOcomm++;
1301:CANopen/CANopen.c ****             SRDOmap++;
1302:CANopen/CANopen.c ****         }
1303:CANopen/CANopen.c ****     }
1304:CANopen/CANopen.c **** #endif
1305:CANopen/CANopen.c **** 
1306:CANopen/CANopen.c ****     return CO_ERROR_NO;
1307:CANopen/CANopen.c **** }
1308:CANopen/CANopen.c **** #endif
1309:CANopen/CANopen.c **** 
1310:CANopen/CANopen.c **** CO_NMT_reset_cmd_t
1311:CANopen/CANopen.c **** CO_process(CO_t* co, bool_t enableGateway, uint32_t timeDifference_us, uint32_t* timerNext_us) {
 1343              		.loc 1 1311 96 is_stmt 1 view -0
 1344              		.cfi_startproc
 1345              		@ args = 0, pretend = 0, frame = 16
 1346              		@ frame_needed = 0, uses_anonymous_args = 0
 1347              		.loc 1 1311 96 is_stmt 0 view .LVU399
 1348 0000 2DE9F04F 		push	{r4, r5, r6, r7, r8, r9, r10, fp, lr}
 1349              	.LCFI19:
 1350              		.cfi_def_cfa_offset 36
 1351              		.cfi_offset 4, -36
 1352              		.cfi_offset 5, -32
 1353              		.cfi_offset 6, -28
 1354              		.cfi_offset 7, -24
 1355              		.cfi_offset 8, -20
 1356              		.cfi_offset 9, -16
 1357              		.cfi_offset 10, -12
 1358              		.cfi_offset 11, -8
 1359              		.cfi_offset 14, -4
 1360 0004 8DB0     		sub	sp, sp, #52
 1361              	.LCFI20:
 1362              		.cfi_def_cfa_offset 88
 1363 0006 0446     		mov	r4, r0
 1364 0008 1646     		mov	r6, r2
 1365 000a 1F46     		mov	r7, r3
1312:CANopen/CANopen.c ****     (void)enableGateway; /* may be unused */
 1366              		.loc 1 1312 5 is_stmt 1 view .LVU400
1313:CANopen/CANopen.c ****     CO_NMT_reset_cmd_t reset = CO_RESET_NOT;
 1367              		.loc 1 1313 5 view .LVU401
 1368              	.LVL157:
1314:CANopen/CANopen.c ****     CO_NMT_internalState_t NMTstate = CO_NMT_getInternalState(co->NMT);
 1369              		.loc 1 1314 5 view .LVU402
 1370              		.loc 1 1314 39 is_stmt 0 view .LVU403
ARM GAS  C:\Users\Lenovo\AppData\Local\Temp\ccLI0PPk.s 			page 52


 1371 000c 0369     		ldr	r3, [r0, #16]
 1372              	.LVL158:
 1373              	.LBB39:
 1374              	.LBI39:
 1375              		.file 2 "CANopen/301/CO_NMT_Heartbeat.h"
   1:CANopen/301/CO_NMT_Heartbeat.h **** /**
   2:CANopen/301/CO_NMT_Heartbeat.h ****  * CANopen Network management and Heartbeat producer protocol.
   3:CANopen/301/CO_NMT_Heartbeat.h ****  *
   4:CANopen/301/CO_NMT_Heartbeat.h ****  * @file        CO_NMT_Heartbeat.h
   5:CANopen/301/CO_NMT_Heartbeat.h ****  * @ingroup     CO_NMT_Heartbeat
   6:CANopen/301/CO_NMT_Heartbeat.h ****  * @author      Janez Paternoster
   7:CANopen/301/CO_NMT_Heartbeat.h ****  * @copyright   2004 - 2020 Janez Paternoster
   8:CANopen/301/CO_NMT_Heartbeat.h ****  *
   9:CANopen/301/CO_NMT_Heartbeat.h ****  * This file is part of <https://github.com/CANopenNode/CANopenNode>, a CANopen Stack.
  10:CANopen/301/CO_NMT_Heartbeat.h ****  *
  11:CANopen/301/CO_NMT_Heartbeat.h ****  * Licensed under the Apache License, Version 2.0 (the "License"); you may not use this
  12:CANopen/301/CO_NMT_Heartbeat.h ****  * file except in compliance with the License. You may obtain a copy of the License at
  13:CANopen/301/CO_NMT_Heartbeat.h ****  *
  14:CANopen/301/CO_NMT_Heartbeat.h ****  *     http://www.apache.org/licenses/LICENSE-2.0
  15:CANopen/301/CO_NMT_Heartbeat.h ****  *
  16:CANopen/301/CO_NMT_Heartbeat.h ****  * Unless required by applicable law or agreed to in writing, software distributed under the Licens
  17:CANopen/301/CO_NMT_Heartbeat.h ****  * distributed on an "AS IS" BASIS, WITHOUT WARRANTIES OR CONDITIONS OF ANY KIND, either express or
  18:CANopen/301/CO_NMT_Heartbeat.h ****  * See the License for the specific language governing permissions and limitations under the Licens
  19:CANopen/301/CO_NMT_Heartbeat.h ****  */
  20:CANopen/301/CO_NMT_Heartbeat.h **** 
  21:CANopen/301/CO_NMT_Heartbeat.h **** #ifndef CO_NMT_HEARTBEAT_H
  22:CANopen/301/CO_NMT_Heartbeat.h **** #define CO_NMT_HEARTBEAT_H
  23:CANopen/301/CO_NMT_Heartbeat.h **** 
  24:CANopen/301/CO_NMT_Heartbeat.h **** #include "301/CO_driver.h"
  25:CANopen/301/CO_NMT_Heartbeat.h **** #include "301/CO_ODinterface.h"
  26:CANopen/301/CO_NMT_Heartbeat.h **** #include "301/CO_Emergency.h"
  27:CANopen/301/CO_NMT_Heartbeat.h **** 
  28:CANopen/301/CO_NMT_Heartbeat.h **** /* default configuration, see CO_config.h */
  29:CANopen/301/CO_NMT_Heartbeat.h **** #ifndef CO_CONFIG_NMT
  30:CANopen/301/CO_NMT_Heartbeat.h **** #define CO_CONFIG_NMT (CO_CONFIG_GLOBAL_FLAG_CALLBACK_PRE | CO_CONFIG_GLOBAL_FLAG_TIMERNEXT)
  31:CANopen/301/CO_NMT_Heartbeat.h **** #endif
  32:CANopen/301/CO_NMT_Heartbeat.h **** 
  33:CANopen/301/CO_NMT_Heartbeat.h **** #ifdef __cplusplus
  34:CANopen/301/CO_NMT_Heartbeat.h **** extern "C" {
  35:CANopen/301/CO_NMT_Heartbeat.h **** #endif
  36:CANopen/301/CO_NMT_Heartbeat.h **** 
  37:CANopen/301/CO_NMT_Heartbeat.h **** /**
  38:CANopen/301/CO_NMT_Heartbeat.h ****  * @defgroup CO_NMT_Heartbeat NMT and Heartbeat
  39:CANopen/301/CO_NMT_Heartbeat.h ****  * CANopen Network management and Heartbeat producer protocol.
  40:CANopen/301/CO_NMT_Heartbeat.h ****  *
  41:CANopen/301/CO_NMT_Heartbeat.h ****  * @ingroup CO_CANopen_301
  42:CANopen/301/CO_NMT_Heartbeat.h ****  * @{
  43:CANopen/301/CO_NMT_Heartbeat.h ****  * CANopen device can be in one of the @ref CO_NMT_internalState_t
  44:CANopen/301/CO_NMT_Heartbeat.h ****  *  - Initializing. It is active before CANopen is initialized.
  45:CANopen/301/CO_NMT_Heartbeat.h ****  *  - Pre-operational. All CANopen objects are active, except PDOs.
  46:CANopen/301/CO_NMT_Heartbeat.h ****  *  - Operational. Process data objects (PDOs) are active too.
  47:CANopen/301/CO_NMT_Heartbeat.h ****  *  - Stopped. Only Heartbeat producer and NMT consumer are active.
  48:CANopen/301/CO_NMT_Heartbeat.h ****  *
  49:CANopen/301/CO_NMT_Heartbeat.h ****  * NMT master can change the internal state of the devices by sending @ref CO_NMT_command_t.
  50:CANopen/301/CO_NMT_Heartbeat.h ****  *
  51:CANopen/301/CO_NMT_Heartbeat.h ****  * ### NMT message contents:
  52:CANopen/301/CO_NMT_Heartbeat.h ****  *
ARM GAS  C:\Users\Lenovo\AppData\Local\Temp\ccLI0PPk.s 			page 53


  53:CANopen/301/CO_NMT_Heartbeat.h ****  *   Byte | Description
  54:CANopen/301/CO_NMT_Heartbeat.h ****  *   -----|-----------------------------------------------------------
  55:CANopen/301/CO_NMT_Heartbeat.h ****  *     0  | @ref CO_NMT_command_t
  56:CANopen/301/CO_NMT_Heartbeat.h ****  *     1  | Node ID. If zero, command addresses all nodes.
  57:CANopen/301/CO_NMT_Heartbeat.h ****  *
  58:CANopen/301/CO_NMT_Heartbeat.h ****  * ### Heartbeat message contents:
  59:CANopen/301/CO_NMT_Heartbeat.h ****  *
  60:CANopen/301/CO_NMT_Heartbeat.h ****  *   Byte | Description
  61:CANopen/301/CO_NMT_Heartbeat.h ****  *   -----|-----------------------------------------------------------
  62:CANopen/301/CO_NMT_Heartbeat.h ****  *     0  | @ref CO_NMT_internalState_t
  63:CANopen/301/CO_NMT_Heartbeat.h ****  *
  64:CANopen/301/CO_NMT_Heartbeat.h ****  * See @ref CO_Default_CAN_ID_t for CAN identifiers.
  65:CANopen/301/CO_NMT_Heartbeat.h ****  */
  66:CANopen/301/CO_NMT_Heartbeat.h **** 
  67:CANopen/301/CO_NMT_Heartbeat.h **** /**
  68:CANopen/301/CO_NMT_Heartbeat.h ****  * Internal network state of the CANopen node
  69:CANopen/301/CO_NMT_Heartbeat.h ****  */
  70:CANopen/301/CO_NMT_Heartbeat.h **** typedef enum {
  71:CANopen/301/CO_NMT_Heartbeat.h ****     CO_NMT_UNKNOWN = -1,          /**< -1, Device state is unknown (for heartbeat consumer) */
  72:CANopen/301/CO_NMT_Heartbeat.h ****     CO_NMT_INITIALIZING = 0,      /**< 0, Device is initializing */
  73:CANopen/301/CO_NMT_Heartbeat.h ****     CO_NMT_PRE_OPERATIONAL = 127, /**< 127, Device is in pre-operational state */
  74:CANopen/301/CO_NMT_Heartbeat.h ****     CO_NMT_OPERATIONAL = 5,       /**< 5, Device is in operational state */
  75:CANopen/301/CO_NMT_Heartbeat.h ****     CO_NMT_STOPPED = 4            /**< 4, Device is stopped */
  76:CANopen/301/CO_NMT_Heartbeat.h **** } CO_NMT_internalState_t;
  77:CANopen/301/CO_NMT_Heartbeat.h **** 
  78:CANopen/301/CO_NMT_Heartbeat.h **** /**
  79:CANopen/301/CO_NMT_Heartbeat.h ****  * Commands from NMT master.
  80:CANopen/301/CO_NMT_Heartbeat.h ****  */
  81:CANopen/301/CO_NMT_Heartbeat.h **** typedef enum {
  82:CANopen/301/CO_NMT_Heartbeat.h ****     CO_NMT_NO_COMMAND = 0,              /**< 0, No command */
  83:CANopen/301/CO_NMT_Heartbeat.h ****     CO_NMT_ENTER_OPERATIONAL = 1,       /**< 1, Start device */
  84:CANopen/301/CO_NMT_Heartbeat.h ****     CO_NMT_ENTER_STOPPED = 2,           /**< 2, Stop device */
  85:CANopen/301/CO_NMT_Heartbeat.h ****     CO_NMT_ENTER_PRE_OPERATIONAL = 128, /**< 128, Put device into pre-operational */
  86:CANopen/301/CO_NMT_Heartbeat.h ****     CO_NMT_RESET_NODE = 129,            /**< 129, Reset device */
  87:CANopen/301/CO_NMT_Heartbeat.h ****     CO_NMT_RESET_COMMUNICATION = 130    /**< 130, Reset CANopen communication on device */
  88:CANopen/301/CO_NMT_Heartbeat.h **** } CO_NMT_command_t;
  89:CANopen/301/CO_NMT_Heartbeat.h **** 
  90:CANopen/301/CO_NMT_Heartbeat.h **** /**
  91:CANopen/301/CO_NMT_Heartbeat.h ****  * Return code from CO_NMT_process() that tells application code what to reset.
  92:CANopen/301/CO_NMT_Heartbeat.h ****  */
  93:CANopen/301/CO_NMT_Heartbeat.h **** typedef enum {
  94:CANopen/301/CO_NMT_Heartbeat.h ****     CO_RESET_NOT = 0,  /**< 0, Normal return, no action */
  95:CANopen/301/CO_NMT_Heartbeat.h ****     CO_RESET_COMM = 1, /**< 1, Application must provide communication reset. */
  96:CANopen/301/CO_NMT_Heartbeat.h ****     CO_RESET_APP = 2,  /**< 2, Application must provide complete device reset */
  97:CANopen/301/CO_NMT_Heartbeat.h ****     CO_RESET_QUIT = 3  /**< 3, Application must quit, no reset of microcontroller (command is not r
  98:CANopen/301/CO_NMT_Heartbeat.h ****                           stack.) */
  99:CANopen/301/CO_NMT_Heartbeat.h **** } CO_NMT_reset_cmd_t;
 100:CANopen/301/CO_NMT_Heartbeat.h **** 
 101:CANopen/301/CO_NMT_Heartbeat.h **** /**
 102:CANopen/301/CO_NMT_Heartbeat.h ****  * @defgroup CO_NMT_control_t NMT control bitfield for NMT internal state.
 103:CANopen/301/CO_NMT_Heartbeat.h ****  * @{
 104:CANopen/301/CO_NMT_Heartbeat.h ****  *
 105:CANopen/301/CO_NMT_Heartbeat.h ****  * Variable of this type is passed to @ref CO_NMT_init() function. It controls behavior of the @ref
 106:CANopen/301/CO_NMT_Heartbeat.h ****  * CO_NMT_internalState_t of the device according to CANopen error register.
 107:CANopen/301/CO_NMT_Heartbeat.h ****  *
 108:CANopen/301/CO_NMT_Heartbeat.h ****  * Internal NMT state is controlled also with external NMT command, @ref CO_NMT_sendInternalCommand
 109:CANopen/301/CO_NMT_Heartbeat.h ****  * CO_NMT_sendCommand() functions.
ARM GAS  C:\Users\Lenovo\AppData\Local\Temp\ccLI0PPk.s 			page 54


 110:CANopen/301/CO_NMT_Heartbeat.h ****  */
 111:CANopen/301/CO_NMT_Heartbeat.h **** 
 112:CANopen/301/CO_NMT_Heartbeat.h **** /** First 8 bits can be used to specify bitmask for the @ref CO_errorRegister_t to get relevant bit
 113:CANopen/301/CO_NMT_Heartbeat.h ****  * calculation. */
 114:CANopen/301/CO_NMT_Heartbeat.h **** #define CO_NMT_ERR_REG_MASK            0x00FFU
 115:CANopen/301/CO_NMT_Heartbeat.h **** /** If bit is set then device enters NMT operational state after the initialization phase otherwise
 116:CANopen/301/CO_NMT_Heartbeat.h ****  * pre-operational state. */
 117:CANopen/301/CO_NMT_Heartbeat.h **** #define CO_NMT_STARTUP_TO_OPERATIONAL  0x0100U
 118:CANopen/301/CO_NMT_Heartbeat.h **** /** If bit is set and device is operational it enters NMT pre-operational or stopped state if CAN b
 119:CANopen/301/CO_NMT_Heartbeat.h ****  * heartbeat consumer timeout is detected. */
 120:CANopen/301/CO_NMT_Heartbeat.h **** #define CO_NMT_ERR_ON_BUSOFF_HB        0x1000U
 121:CANopen/301/CO_NMT_Heartbeat.h **** /** If bit is set and device is operational it enters NMT pre-operational or stopped state if maske
 122:CANopen/301/CO_NMT_Heartbeat.h ****  * register is different than zero. */
 123:CANopen/301/CO_NMT_Heartbeat.h **** #define CO_NMT_ERR_ON_ERR_REG          0x2000U
 124:CANopen/301/CO_NMT_Heartbeat.h **** /** If bit is set and CO_NMT_ERR_ON_xx condition is met then device will enter NMT stopped state ot
 125:CANopen/301/CO_NMT_Heartbeat.h ****  * NMT pre-op state. */
 126:CANopen/301/CO_NMT_Heartbeat.h **** #define CO_NMT_ERR_TO_STOPPED          0x4000U
 127:CANopen/301/CO_NMT_Heartbeat.h **** /** If bit is set and device is pre-operational it enters NMT operational state automatically if co
 128:CANopen/301/CO_NMT_Heartbeat.h ****  * CO_NMT_ERR_ON_xx are all false. */
 129:CANopen/301/CO_NMT_Heartbeat.h **** #define CO_NMT_ERR_FREE_TO_OPERATIONAL 0x8000U
 130:CANopen/301/CO_NMT_Heartbeat.h **** 
 131:CANopen/301/CO_NMT_Heartbeat.h **** /** @} */ /* CO_NMT_control_t */
 132:CANopen/301/CO_NMT_Heartbeat.h **** 
 133:CANopen/301/CO_NMT_Heartbeat.h **** /**
 134:CANopen/301/CO_NMT_Heartbeat.h ****  * NMT consumer and Heartbeat producer object
 135:CANopen/301/CO_NMT_Heartbeat.h ****  */
 136:CANopen/301/CO_NMT_Heartbeat.h **** typedef struct {
 137:CANopen/301/CO_NMT_Heartbeat.h ****     CO_NMT_internalState_t operatingState;     /**< Current NMT operating state. */
 138:CANopen/301/CO_NMT_Heartbeat.h ****     CO_NMT_internalState_t operatingStatePrev; /**< Previous NMT operating state. */
 139:CANopen/301/CO_NMT_Heartbeat.h ****     CO_NMT_command_t internalCommand; /**< NMT internal command from CO_NMT_receive() or CO_NMT_sen
 140:CANopen/301/CO_NMT_Heartbeat.h ****                                          in CO_NMT_process(). */
 141:CANopen/301/CO_NMT_Heartbeat.h ****     uint8_t nodeId;                   /**< From CO_NMT_init() */
 142:CANopen/301/CO_NMT_Heartbeat.h ****     uint16_t NMTcontrol;              /**< From CO_NMT_init() */
 143:CANopen/301/CO_NMT_Heartbeat.h ****     uint32_t HBproducerTime_us;       /**< Producer heartbeat time, calculated from OD 0x1017 */
 144:CANopen/301/CO_NMT_Heartbeat.h ****     uint32_t HBproducerTimer;         /**< Internal timer for HB producer */
 145:CANopen/301/CO_NMT_Heartbeat.h ****     OD_extension_t OD_1017_extension; /**< Extension for OD object */
 146:CANopen/301/CO_NMT_Heartbeat.h ****     CO_EM_t* em;                      /**< From CO_NMT_init() */
 147:CANopen/301/CO_NMT_Heartbeat.h **** #if (((CO_CONFIG_NMT)&CO_CONFIG_NMT_MASTER) != 0) || defined CO_DOXYGEN
 148:CANopen/301/CO_NMT_Heartbeat.h ****     CO_CANmodule_t* NMT_CANdevTx; /**< From CO_NMT_init() */
 149:CANopen/301/CO_NMT_Heartbeat.h ****     CO_CANtx_t* NMT_TXbuff;       /**< CAN transmit buffer for NMT master message */
 150:CANopen/301/CO_NMT_Heartbeat.h **** #endif
 151:CANopen/301/CO_NMT_Heartbeat.h ****     CO_CANmodule_t* HB_CANdevTx; /**< From CO_NMT_init() */
 152:CANopen/301/CO_NMT_Heartbeat.h ****     CO_CANtx_t* HB_TXbuff;       /**< CAN transmit buffer for heartbeat message */
 153:CANopen/301/CO_NMT_Heartbeat.h **** #if (((CO_CONFIG_NMT)&CO_CONFIG_FLAG_CALLBACK_PRE) != 0) || defined CO_DOXYGEN
 154:CANopen/301/CO_NMT_Heartbeat.h ****     void (*pFunctSignalPre)(void* object); /**< From CO_NMT_initCallbackPre() or NULL */
 155:CANopen/301/CO_NMT_Heartbeat.h ****     void* functSignalObjectPre;            /**< From CO_NMT_initCallbackPre() or NULL */
 156:CANopen/301/CO_NMT_Heartbeat.h **** #endif
 157:CANopen/301/CO_NMT_Heartbeat.h **** #if (((CO_CONFIG_NMT)&CO_CONFIG_NMT_CALLBACK_CHANGE) != 0) || defined CO_DOXYGEN
 158:CANopen/301/CO_NMT_Heartbeat.h ****     void (*pFunctNMT)(CO_NMT_internalState_t state); /**< From CO_NMT_initCallbackChanged() or NULL
 159:CANopen/301/CO_NMT_Heartbeat.h **** #endif
 160:CANopen/301/CO_NMT_Heartbeat.h **** } CO_NMT_t;
 161:CANopen/301/CO_NMT_Heartbeat.h **** 
 162:CANopen/301/CO_NMT_Heartbeat.h **** /**
 163:CANopen/301/CO_NMT_Heartbeat.h ****  * Initialize NMT and Heartbeat producer object.
 164:CANopen/301/CO_NMT_Heartbeat.h ****  *
 165:CANopen/301/CO_NMT_Heartbeat.h ****  * Function must be called in the communication reset section.
 166:CANopen/301/CO_NMT_Heartbeat.h ****  *
ARM GAS  C:\Users\Lenovo\AppData\Local\Temp\ccLI0PPk.s 			page 55


 167:CANopen/301/CO_NMT_Heartbeat.h ****  * @param NMT This object will be initialized.
 168:CANopen/301/CO_NMT_Heartbeat.h ****  * @param OD_1017_ProducerHbTime OD entry for 0x1017 -"Producer heartbeat time", entry is required,
 169:CANopen/301/CO_NMT_Heartbeat.h ****  * optional for runtime configuration.
 170:CANopen/301/CO_NMT_Heartbeat.h ****  * @param em Emergency object.
 171:CANopen/301/CO_NMT_Heartbeat.h ****  * @param nodeId CANopen Node ID of this device.
 172:CANopen/301/CO_NMT_Heartbeat.h ****  * @param NMTcontrol Control variable for calculation of NMT internal state, based on error registe
 173:CANopen/301/CO_NMT_Heartbeat.h ****  * runtime behavior.
 174:CANopen/301/CO_NMT_Heartbeat.h ****  * @param firstHBTime_ms Time between bootup and first heartbeat message in milliseconds. If firstH
 175:CANopen/301/CO_NMT_Heartbeat.h ****  * than "Producer Heartbeat time" (OD object 0x1017), latter is used instead. Entry is required, IO
 176:CANopen/301/CO_NMT_Heartbeat.h ****  * optional.
 177:CANopen/301/CO_NMT_Heartbeat.h ****  * @param NMT_CANdevRx CAN device for NMT reception.
 178:CANopen/301/CO_NMT_Heartbeat.h ****  * @param NMT_rxIdx Index of receive buffer in above CAN device.
 179:CANopen/301/CO_NMT_Heartbeat.h ****  * @param CANidRxNMT CAN identifier for NMT receive message.
 180:CANopen/301/CO_NMT_Heartbeat.h ****  * @param NMT_CANdevTx CAN device for NMT master transmission.
 181:CANopen/301/CO_NMT_Heartbeat.h ****  * @param NMT_txIdx Index of transmit buffer in above CAN device.
 182:CANopen/301/CO_NMT_Heartbeat.h ****  * @param CANidTxNMT CAN identifier for NMT transmit message.
 183:CANopen/301/CO_NMT_Heartbeat.h ****  * @param HB_CANdevTx CAN device for HB transmission.
 184:CANopen/301/CO_NMT_Heartbeat.h ****  * @param HB_txIdx Index of transmit buffer in the above CAN device.
 185:CANopen/301/CO_NMT_Heartbeat.h ****  * @param CANidTxHB CAN identifier for HB message.
 186:CANopen/301/CO_NMT_Heartbeat.h ****  * @param [out] errInfo Additional information in case of error, may be NULL.
 187:CANopen/301/CO_NMT_Heartbeat.h ****  *
 188:CANopen/301/CO_NMT_Heartbeat.h ****  * @return #CO_ReturnError_t CO_ERROR_NO on success.
 189:CANopen/301/CO_NMT_Heartbeat.h ****  */
 190:CANopen/301/CO_NMT_Heartbeat.h **** CO_ReturnError_t CO_NMT_init(CO_NMT_t* NMT, OD_entry_t* OD_1017_ProducerHbTime, CO_EM_t* em, uint8_
 191:CANopen/301/CO_NMT_Heartbeat.h ****                              uint16_t NMTcontrol, uint16_t firstHBTime_ms, CO_CANmodule_t* NMT_CANd
 192:CANopen/301/CO_NMT_Heartbeat.h ****                              uint16_t NMT_rxIdx, uint16_t CANidRxNMT,
 193:CANopen/301/CO_NMT_Heartbeat.h **** #if (((CO_CONFIG_NMT)&CO_CONFIG_NMT_MASTER) != 0) || defined CO_DOXYGEN
 194:CANopen/301/CO_NMT_Heartbeat.h ****                              CO_CANmodule_t* NMT_CANdevTx, uint16_t NMT_txIdx, uint16_t CANidTxNMT,
 195:CANopen/301/CO_NMT_Heartbeat.h **** #endif
 196:CANopen/301/CO_NMT_Heartbeat.h ****                              CO_CANmodule_t* HB_CANdevTx, uint16_t HB_txIdx, uint16_t CANidTxHB, ui
 197:CANopen/301/CO_NMT_Heartbeat.h **** 
 198:CANopen/301/CO_NMT_Heartbeat.h **** #if (((CO_CONFIG_NMT)&CO_CONFIG_FLAG_CALLBACK_PRE) != 0) || defined CO_DOXYGEN
 199:CANopen/301/CO_NMT_Heartbeat.h **** /**
 200:CANopen/301/CO_NMT_Heartbeat.h ****  * Initialize NMT callback function after message preprocessed.
 201:CANopen/301/CO_NMT_Heartbeat.h ****  *
 202:CANopen/301/CO_NMT_Heartbeat.h ****  * Function initializes optional callback function, which should immediately start processing of CO
 203:CANopen/301/CO_NMT_Heartbeat.h ****  * function. Callback is called after NMT message is received from the CAN bus.
 204:CANopen/301/CO_NMT_Heartbeat.h ****  *
 205:CANopen/301/CO_NMT_Heartbeat.h ****  * @param NMT This object.
 206:CANopen/301/CO_NMT_Heartbeat.h ****  * @param object Pointer to object, which will be passed to pFunctSignal(). Can be NULL
 207:CANopen/301/CO_NMT_Heartbeat.h ****  * @param pFunctSignal Pointer to the callback function. Not called if NULL.
 208:CANopen/301/CO_NMT_Heartbeat.h ****  */
 209:CANopen/301/CO_NMT_Heartbeat.h **** void CO_NMT_initCallbackPre(CO_NMT_t* NMT, void* object, void (*pFunctSignal)(void* object));
 210:CANopen/301/CO_NMT_Heartbeat.h **** #endif
 211:CANopen/301/CO_NMT_Heartbeat.h **** 
 212:CANopen/301/CO_NMT_Heartbeat.h **** #if (((CO_CONFIG_NMT)&CO_CONFIG_NMT_CALLBACK_CHANGE) != 0) || defined CO_DOXYGEN
 213:CANopen/301/CO_NMT_Heartbeat.h **** /**
 214:CANopen/301/CO_NMT_Heartbeat.h ****  * Initialize NMT callback function.
 215:CANopen/301/CO_NMT_Heartbeat.h ****  *
 216:CANopen/301/CO_NMT_Heartbeat.h ****  * Function initializes optional callback function, which is called after NMT State change has occu
 217:CANopen/301/CO_NMT_Heartbeat.h ****  * wake up external task which handles NMT events. The first call is made immediately to give the c
 218:CANopen/301/CO_NMT_Heartbeat.h ****  * NMT state.
 219:CANopen/301/CO_NMT_Heartbeat.h ****  *
 220:CANopen/301/CO_NMT_Heartbeat.h ****  * @param NMT This object.
 221:CANopen/301/CO_NMT_Heartbeat.h ****  * @param pFunctNMT Pointer to the callback function. Not called if NULL.
 222:CANopen/301/CO_NMT_Heartbeat.h ****  */
 223:CANopen/301/CO_NMT_Heartbeat.h **** void CO_NMT_initCallbackChanged(CO_NMT_t* NMT, void (*pFunctNMT)(CO_NMT_internalState_t state));
ARM GAS  C:\Users\Lenovo\AppData\Local\Temp\ccLI0PPk.s 			page 56


 224:CANopen/301/CO_NMT_Heartbeat.h **** #endif
 225:CANopen/301/CO_NMT_Heartbeat.h **** 
 226:CANopen/301/CO_NMT_Heartbeat.h **** /**
 227:CANopen/301/CO_NMT_Heartbeat.h ****  * Process received NMT and produce Heartbeat messages.
 228:CANopen/301/CO_NMT_Heartbeat.h ****  *
 229:CANopen/301/CO_NMT_Heartbeat.h ****  * Function must be called cyclically.
 230:CANopen/301/CO_NMT_Heartbeat.h ****  *
 231:CANopen/301/CO_NMT_Heartbeat.h ****  * @param NMT This object.
 232:CANopen/301/CO_NMT_Heartbeat.h ****  * @param [out] NMTstate If not NULL, CANopen NMT internal state is returned.
 233:CANopen/301/CO_NMT_Heartbeat.h ****  * @param timeDifference_us Time difference from previous function call in microseconds.
 234:CANopen/301/CO_NMT_Heartbeat.h ****  * @param [out] timerNext_us info to OS - see CO_process().
 235:CANopen/301/CO_NMT_Heartbeat.h ****  *
 236:CANopen/301/CO_NMT_Heartbeat.h ****  * @return #CO_NMT_reset_cmd_t
 237:CANopen/301/CO_NMT_Heartbeat.h ****  */
 238:CANopen/301/CO_NMT_Heartbeat.h **** CO_NMT_reset_cmd_t CO_NMT_process(CO_NMT_t* NMT, CO_NMT_internalState_t* NMTstate, uint32_t timeDif
 239:CANopen/301/CO_NMT_Heartbeat.h ****                                   uint32_t* timerNext_us);
 240:CANopen/301/CO_NMT_Heartbeat.h **** 
 241:CANopen/301/CO_NMT_Heartbeat.h **** /**
 242:CANopen/301/CO_NMT_Heartbeat.h ****  * Query current NMT state
 243:CANopen/301/CO_NMT_Heartbeat.h ****  *
 244:CANopen/301/CO_NMT_Heartbeat.h ****  * @param NMT This object.
 245:CANopen/301/CO_NMT_Heartbeat.h ****  *
 246:CANopen/301/CO_NMT_Heartbeat.h ****  * @return @ref CO_NMT_internalState_t
 247:CANopen/301/CO_NMT_Heartbeat.h ****  */
 248:CANopen/301/CO_NMT_Heartbeat.h **** static inline CO_NMT_internalState_t
 249:CANopen/301/CO_NMT_Heartbeat.h **** CO_NMT_getInternalState(CO_NMT_t* NMT) {
 1376              		.loc 2 249 1 is_stmt 1 view .LVU404
 1377              	.LBB40:
 250:CANopen/301/CO_NMT_Heartbeat.h ****     return (NMT == NULL) ? CO_NMT_INITIALIZING : NMT->operatingState;
 1378              		.loc 2 250 5 view .LVU405
 1379              		.loc 2 250 48 is_stmt 0 view .LVU406
 1380 000e 002B     		cmp	r3, #0
 1381 0010 49D0     		beq	.L90
 1382              		.loc 2 250 48 discriminator 1 view .LVU407
 1383 0012 93F90030 		ldrsb	r3, [r3]
 1384              	.LVL159:
 1385              	.L76:
 1386              		.loc 2 250 48 discriminator 1 view .LVU408
 1387              	.LBE40:
 1388              	.LBE39:
 1389              		.loc 1 1314 28 discriminator 1 view .LVU409
 1390 0016 8DF82F30 		strb	r3, [sp, #47]
1315:CANopen/CANopen.c ****     bool_t NMTisPreOrOperational = ((NMTstate == CO_NMT_PRE_OPERATIONAL) || (NMTstate == CO_NMT_OPE
 1391              		.loc 1 1315 5 is_stmt 1 view .LVU410
 1392              		.loc 1 1315 74 is_stmt 0 view .LVU411
 1393 001a 7F2B     		cmp	r3, #127
 1394 001c 48D0     		beq	.L91
 1395              		.loc 1 1315 74 discriminator 2 view .LVU412
 1396 001e 052B     		cmp	r3, #5
 1397 0020 43D0     		beq	.L109
 1398              		.loc 1 1315 74 discriminator 4 view .LVU413
 1399 0022 4FF00008 		mov	r8, #0
 1400              	.L77:
 1401              	.LVL160:
1316:CANopen/CANopen.c **** 
1317:CANopen/CANopen.c ****     /* CAN module */
1318:CANopen/CANopen.c ****     CO_CANmodule_process(co->CANmodule);
ARM GAS  C:\Users\Lenovo\AppData\Local\Temp\ccLI0PPk.s 			page 57


 1402              		.loc 1 1318 5 is_stmt 1 view .LVU414
 1403 0026 6068     		ldr	r0, [r4, #4]
 1404              	.LVL161:
 1405              		.loc 1 1318 5 is_stmt 0 view .LVU415
 1406 0028 FFF7FEFF 		bl	CO_CANmodule_process
 1407              	.LVL162:
1319:CANopen/CANopen.c **** 
1320:CANopen/CANopen.c **** #if ((CO_CONFIG_LSS)&CO_CONFIG_LSS_SLAVE)
1321:CANopen/CANopen.c ****     if (CO_GET_CNT(LSS_SLV) == 1U) {
 1408              		.loc 1 1321 5 is_stmt 1 view .LVU416
1322:CANopen/CANopen.c ****         if (CO_LSSslave_process(co->LSSslave)) {
 1409              		.loc 1 1322 9 view .LVU417
 1410              		.loc 1 1322 13 is_stmt 0 view .LVU418
 1411 002c E06B     		ldr	r0, [r4, #60]
 1412 002e FFF7FEFF 		bl	CO_LSSslave_process
 1413              	.LVL163:
 1414              		.loc 1 1322 12 discriminator 1 view .LVU419
 1415 0032 0028     		cmp	r0, #0
 1416 0034 3FD1     		bne	.L93
1313:CANopen/CANopen.c ****     CO_NMT_internalState_t NMTstate = CO_NMT_getInternalState(co->NMT);
 1417              		.loc 1 1313 24 view .LVU420
 1418 0036 4FF00009 		mov	r9, #0
 1419              	.L78:
 1420              	.LVL164:
1323:CANopen/CANopen.c ****             reset = CO_RESET_COMM;
1324:CANopen/CANopen.c ****         }
1325:CANopen/CANopen.c ****     }
1326:CANopen/CANopen.c **** #endif
1327:CANopen/CANopen.c **** 
1328:CANopen/CANopen.c **** #if ((CO_CONFIG_LEDS)&CO_CONFIG_LEDS_ENABLE) != 0
1329:CANopen/CANopen.c ****     bool_t unc = co->nodeIdUnconfigured;
 1421              		.loc 1 1329 5 is_stmt 1 view .LVU421
 1422              		.loc 1 1329 12 is_stmt 0 view .LVU422
 1423 003a 2368     		ldr	r3, [r4]
 1424              	.LVL165:
1330:CANopen/CANopen.c ****     uint16_t CANerrorStatus = co->CANmodule->CANerrorStatus;
 1425              		.loc 1 1330 5 is_stmt 1 view .LVU423
 1426              		.loc 1 1330 33 is_stmt 0 view .LVU424
 1427 003c 6268     		ldr	r2, [r4, #4]
 1428              		.loc 1 1330 14 view .LVU425
 1429 003e B2F812C0 		ldrh	ip, [r2, #18]
 1430              	.LVL166:
1331:CANopen/CANopen.c ****     bool_t LSSslave_configuration = false;
 1431              		.loc 1 1331 5 is_stmt 1 view .LVU426
1332:CANopen/CANopen.c **** #if ((CO_CONFIG_LSS)&CO_CONFIG_LSS_SLAVE) != 0
1333:CANopen/CANopen.c ****     if (CO_GET_CNT(LSS_SLV) == 1U) {
 1432              		.loc 1 1333 5 view .LVU427
1334:CANopen/CANopen.c ****         if (CO_LSSslave_getState(co->LSSslave) == CO_LSS_STATE_CONFIGURATION) {
 1433              		.loc 1 1334 9 view .LVU428
 1434              		.loc 1 1334 13 is_stmt 0 view .LVU429
 1435 0042 E26B     		ldr	r2, [r4, #60]
 1436              	.LVL167:
 1437              	.LBB42:
 1438              	.LBI42:
 1439              		.file 3 "CANopen/305/CO_LSSslave.h"
   1:CANopen/305/CO_LSSslave.h **** /**
   2:CANopen/305/CO_LSSslave.h ****  * CANopen Layer Setting Service - slave protocol.
ARM GAS  C:\Users\Lenovo\AppData\Local\Temp\ccLI0PPk.s 			page 58


   3:CANopen/305/CO_LSSslave.h ****  *
   4:CANopen/305/CO_LSSslave.h ****  * @file        CO_LSSslave.h
   5:CANopen/305/CO_LSSslave.h ****  * @ingroup     CO_LSS
   6:CANopen/305/CO_LSSslave.h ****  * @author      Martin Wagner
   7:CANopen/305/CO_LSSslave.h ****  * @author      Janez Paternoster
   8:CANopen/305/CO_LSSslave.h ****  * @copyright   2017 - 2020 Neuberger Gebaeudeautomation GmbH
   9:CANopen/305/CO_LSSslave.h ****  *
  10:CANopen/305/CO_LSSslave.h ****  *
  11:CANopen/305/CO_LSSslave.h ****  * This file is part of <https://github.com/CANopenNode/CANopenNode>, a CANopen Stack.
  12:CANopen/305/CO_LSSslave.h ****  *
  13:CANopen/305/CO_LSSslave.h ****  * Licensed under the Apache License, Version 2.0 (the "License"); you may not use this
  14:CANopen/305/CO_LSSslave.h ****  * file except in compliance with the License. You may obtain a copy of the License at
  15:CANopen/305/CO_LSSslave.h ****  *
  16:CANopen/305/CO_LSSslave.h ****  *     http://www.apache.org/licenses/LICENSE-2.0
  17:CANopen/305/CO_LSSslave.h ****  *
  18:CANopen/305/CO_LSSslave.h ****  * Unless required by applicable law or agreed to in writing, software distributed under the Licens
  19:CANopen/305/CO_LSSslave.h ****  * distributed on an "AS IS" BASIS, WITHOUT WARRANTIES OR CONDITIONS OF ANY KIND, either express or
  20:CANopen/305/CO_LSSslave.h ****  * See the License for the specific language governing permissions and limitations under the Licens
  21:CANopen/305/CO_LSSslave.h ****  */
  22:CANopen/305/CO_LSSslave.h **** 
  23:CANopen/305/CO_LSSslave.h **** #ifndef CO_LSSslave_H
  24:CANopen/305/CO_LSSslave.h **** #define CO_LSSslave_H
  25:CANopen/305/CO_LSSslave.h **** 
  26:CANopen/305/CO_LSSslave.h **** #include "305/CO_LSS.h"
  27:CANopen/305/CO_LSSslave.h **** 
  28:CANopen/305/CO_LSSslave.h **** #if (((CO_CONFIG_LSS)&CO_CONFIG_LSS_SLAVE) != 0) || defined CO_DOXYGEN
  29:CANopen/305/CO_LSSslave.h **** 
  30:CANopen/305/CO_LSSslave.h **** #ifdef __cplusplus
  31:CANopen/305/CO_LSSslave.h **** extern "C" {
  32:CANopen/305/CO_LSSslave.h **** #endif
  33:CANopen/305/CO_LSSslave.h **** 
  34:CANopen/305/CO_LSSslave.h **** /**
  35:CANopen/305/CO_LSSslave.h ****  * @defgroup CO_LSSslave LSS Slave
  36:CANopen/305/CO_LSSslave.h ****  * CANopen Layer Setting Service - slave protocol.
  37:CANopen/305/CO_LSSslave.h ****  *
  38:CANopen/305/CO_LSSslave.h ****  * @ingroup CO_CANopen_305
  39:CANopen/305/CO_LSSslave.h ****  * @{
  40:CANopen/305/CO_LSSslave.h ****  * The slave provides the following services
  41:CANopen/305/CO_LSSslave.h ****  * - node selection via LSS address
  42:CANopen/305/CO_LSSslave.h ****  * - node selection via LSS fastscan
  43:CANopen/305/CO_LSSslave.h ****  * - Inquire LSS address of currently selected node
  44:CANopen/305/CO_LSSslave.h ****  * - Inquire node ID
  45:CANopen/305/CO_LSSslave.h ****  * - Configure bit timing
  46:CANopen/305/CO_LSSslave.h ****  * - Configure node ID
  47:CANopen/305/CO_LSSslave.h ****  * - Activate bit timing parameters
  48:CANopen/305/CO_LSSslave.h ****  * - Store configuration (bit rate and node ID)
  49:CANopen/305/CO_LSSslave.h ****  *
  50:CANopen/305/CO_LSSslave.h ****  * After CAN module start, the LSS slave and NMT slave are started and then coexist alongside each 
  51:CANopen/305/CO_LSSslave.h ****  * this behaviour, the CANopen node startup process has to be controlled more detailed. Therefore, 
  52:CANopen/305/CO_LSSslave.h ****  * invoked between CO_CANinit() and CO_CANopenInit() in the communication reset section.
  53:CANopen/305/CO_LSSslave.h ****  *
  54:CANopen/305/CO_LSSslave.h ****  * Moreover, the LSS slave needs to pause the NMT slave initialization in case no valid node ID is 
  55:CANopen/305/CO_LSSslave.h ****  * up. In that case CO_CANopenInit() skips initialization of other CANopen modules and CO_process()
  56:CANopen/305/CO_LSSslave.h ****  * other modules than LSS slave automatically.
  57:CANopen/305/CO_LSSslave.h ****  *
  58:CANopen/305/CO_LSSslave.h ****  * Variables for CAN-bitrate and CANopen node-id must be initialized by application from non-volati
  59:CANopen/305/CO_LSSslave.h ****  * switches. Pointers to them are passed to CO_LSSinit() function. Those variables represents pendi
ARM GAS  C:\Users\Lenovo\AppData\Local\Temp\ccLI0PPk.s 			page 59


  60:CANopen/305/CO_LSSslave.h ****  * is valid in the moment it enters CO_LSSinit(), it also becomes active node-id and the stack init
  61:CANopen/305/CO_LSSslave.h ****  * Otherwise, node-id must be configured by lss and after successful configuration stack passes res
  62:CANopen/305/CO_LSSslave.h ****  * autonomously.
  63:CANopen/305/CO_LSSslave.h ****  *
  64:CANopen/305/CO_LSSslave.h ****  * Device with all threads can be normally initialized and running despite that node-id is not vali
  65:CANopen/305/CO_LSSslave.h ****  * take care, because CANopen is not initialized. In that case CO_CANopenInit() returns error condi
  66:CANopen/305/CO_LSSslave.h ****  * CO_ERROR_NODE_ID_UNCONFIGURED_LSS which must be handled properly. Status can also be checked wit
  67:CANopen/305/CO_LSSslave.h ****  * CO->nodeIdUnconfigured variable.
  68:CANopen/305/CO_LSSslave.h ****  *
  69:CANopen/305/CO_LSSslave.h ****  * Some callback functions may be initialized by application with CO_LSSslave_initCkBitRateCall(),
  70:CANopen/305/CO_LSSslave.h ****  * CO_LSSslave_initActBitRateCall() and CO_LSSslave_initCfgStoreCall().
  71:CANopen/305/CO_LSSslave.h ****  */
  72:CANopen/305/CO_LSSslave.h **** 
  73:CANopen/305/CO_LSSslave.h **** /**
  74:CANopen/305/CO_LSSslave.h ****  * LSS slave object.
  75:CANopen/305/CO_LSSslave.h ****  */
  76:CANopen/305/CO_LSSslave.h **** typedef struct {
  77:CANopen/305/CO_LSSslave.h ****     CO_LSS_address_t lssAddress;  /**< From #CO_LSSslave_init */
  78:CANopen/305/CO_LSSslave.h ****     uint8_t lssState;             /**< @ref CO_LSS_STATE_state */
  79:CANopen/305/CO_LSSslave.h ****     CO_LSS_address_t lssSelect;   /**< Received LSS Address by select */
  80:CANopen/305/CO_LSSslave.h ****     CO_LSS_address_t lssFastscan; /**< Received LSS Address by fastscan */
  81:CANopen/305/CO_LSSslave.h ****     uint8_t fastscanPos;          /**< Current state of fastscan */
  82:CANopen/305/CO_LSSslave.h ****     uint16_t* pendingBitRate;     /**< Bit rate value that is temporarily configured */
  83:CANopen/305/CO_LSSslave.h ****     uint8_t* pendingNodeID;       /**< Node ID that is temporarily configured */
  84:CANopen/305/CO_LSSslave.h ****     uint8_t activeNodeID;         /**< Node ID used at the CAN interface */
  85:CANopen/305/CO_LSSslave.h ****     volatile void*
  86:CANopen/305/CO_LSSslave.h ****         sendResponse;   /**< Variable indicates, if LSS response has to be sent by mainline process
  87:CANopen/305/CO_LSSslave.h ****     uint8_t service;    /**< Service, which will have to be processed by mainline processing functi
  88:CANopen/305/CO_LSSslave.h ****     uint8_t CANdata[8]; /**< Received CAN data, which will be processed by mainline processing func
  89:CANopen/305/CO_LSSslave.h **** 
  90:CANopen/305/CO_LSSslave.h **** #if (((CO_CONFIG_LSS)&CO_CONFIG_FLAG_CALLBACK_PRE) != 0) || defined CO_DOXYGEN
  91:CANopen/305/CO_LSSslave.h ****     void (*pFunctSignalPre)(void* object); /**< From CO_LSSslave_initCallbackPre() or NULL */
  92:CANopen/305/CO_LSSslave.h ****     void* functSignalObjectPre;            /**< Pointer to object */
  93:CANopen/305/CO_LSSslave.h **** #endif
  94:CANopen/305/CO_LSSslave.h ****     bool_t (*pFunctLSScheckBitRate)(void* object,
  95:CANopen/305/CO_LSSslave.h ****                                     uint16_t bitRate); /**< From CO_LSSslave_initCkBitRateCall() or
  96:CANopen/305/CO_LSSslave.h ****     void* functLSScheckBitRateObject;                  /** Pointer to object */
  97:CANopen/305/CO_LSSslave.h ****     void (*pFunctLSSactivateBitRate)(
  98:CANopen/305/CO_LSSslave.h ****         void* object, uint16_t delay);   /**< From CO_LSSslave_initActBitRateCall() or NULL. Delay 
  99:CANopen/305/CO_LSSslave.h ****     void* functLSSactivateBitRateObject; /** Pointer to object */
 100:CANopen/305/CO_LSSslave.h ****     bool_t (*pFunctLSScfgStore)(void* object, uint8_t id,
 101:CANopen/305/CO_LSSslave.h ****                                 uint16_t bitRate); /**< From CO_LSSslave_initCfgStoreCall() or NULL
 102:CANopen/305/CO_LSSslave.h ****     void* functLSScfgStoreObject;                  /** Pointer to object */
 103:CANopen/305/CO_LSSslave.h ****     CO_CANmodule_t* CANdevTx;                      /**< From #CO_LSSslave_init() */
 104:CANopen/305/CO_LSSslave.h ****     CO_CANtx_t* TXbuff;                            /**< CAN transmit buffer */
 105:CANopen/305/CO_LSSslave.h **** } CO_LSSslave_t;
 106:CANopen/305/CO_LSSslave.h **** 
 107:CANopen/305/CO_LSSslave.h **** /**
 108:CANopen/305/CO_LSSslave.h ****  * Initialize LSS object.
 109:CANopen/305/CO_LSSslave.h ****  *
 110:CANopen/305/CO_LSSslave.h ****  * Function must be called in the communication reset section.
 111:CANopen/305/CO_LSSslave.h ****  *
 112:CANopen/305/CO_LSSslave.h ****  * pendingBitRate and pendingNodeID must be pointers to external variables. Both variables must be 
 113:CANopen/305/CO_LSSslave.h ****  * program startup (after #CO_NMT_RESET_NODE) from non-volatile memory, dip switches or similar. Th
 114:CANopen/305/CO_LSSslave.h ****  * during #CO_NMT_RESET_COMMUNICATION. Both variables can be changed by CO_LSSslave_process(), depe
 115:CANopen/305/CO_LSSslave.h ****  * from the LSS master.
 116:CANopen/305/CO_LSSslave.h ****  *
ARM GAS  C:\Users\Lenovo\AppData\Local\Temp\ccLI0PPk.s 			page 60


 117:CANopen/305/CO_LSSslave.h ****  * If pendingNodeID is valid (1 <= pendingNodeID <= 0x7F), then this becomes valid active nodeId ju
 118:CANopen/305/CO_LSSslave.h ****  * function. In that case all other CANopen objects may be initialized and processed in run time.
 119:CANopen/305/CO_LSSslave.h ****  *
 120:CANopen/305/CO_LSSslave.h ****  * If pendingNodeID is not valid (pendingNodeID == 0xFF), then only LSS slave is initialized and pr
 121:CANopen/305/CO_LSSslave.h ****  * In that state pendingNodeID can be configured and after successful configuration reset communica
 122:CANopen/305/CO_LSSslave.h ****  * object is activated automatically.
 123:CANopen/305/CO_LSSslave.h ****  *
 124:CANopen/305/CO_LSSslave.h ****  * @remark The LSS address needs to be unique on the network. For this, the 128 bit wide identity o
 125:CANopen/305/CO_LSSslave.h ****  * used. Therefore, this object has to be fully initialized before passing it to this function (ven
 126:CANopen/305/CO_LSSslave.h ****  * revisionNo, serialNo are set to 0 by default). Otherwise, if non-configured devices are present 
 127:CANopen/305/CO_LSSslave.h ****  * LSS configuration may behave unpredictable.
 128:CANopen/305/CO_LSSslave.h ****  *
 129:CANopen/305/CO_LSSslave.h ****  * @param LSSslave This object will be initialized.
 130:CANopen/305/CO_LSSslave.h ****  * @param lssAddress LSS address
 131:CANopen/305/CO_LSSslave.h ****  * @param [in,out] pendingBitRate Pending bit rate of the CAN interface
 132:CANopen/305/CO_LSSslave.h ****  * @param [in,out] pendingNodeID Pending node ID or 0xFF - invalid
 133:CANopen/305/CO_LSSslave.h ****  * @param CANdevRx CAN device for LSS slave reception.
 134:CANopen/305/CO_LSSslave.h ****  * @param CANdevRxIdx Index of receive buffer in the above CAN device.
 135:CANopen/305/CO_LSSslave.h ****  * @param CANidLssMaster COB ID for reception.
 136:CANopen/305/CO_LSSslave.h ****  * @param CANdevTx CAN device for LSS slave transmission.
 137:CANopen/305/CO_LSSslave.h ****  * @param CANdevTxIdx Index of transmit buffer in the above CAN device.
 138:CANopen/305/CO_LSSslave.h ****  * @param CANidLssSlave COB ID for transmission.
 139:CANopen/305/CO_LSSslave.h ****  * @return #CO_ReturnError_t: CO_ERROR_NO or CO_ERROR_ILLEGAL_ARGUMENT.
 140:CANopen/305/CO_LSSslave.h ****  */
 141:CANopen/305/CO_LSSslave.h **** CO_ReturnError_t CO_LSSslave_init(CO_LSSslave_t* LSSslave, CO_LSS_address_t* lssAddress, uint16_t* 
 142:CANopen/305/CO_LSSslave.h ****                                   uint8_t* pendingNodeID, CO_CANmodule_t* CANdevRx, uint16_t CANdev
 143:CANopen/305/CO_LSSslave.h ****                                   uint16_t CANidLssMaster, CO_CANmodule_t* CANdevTx, uint16_t CANde
 144:CANopen/305/CO_LSSslave.h ****                                   uint16_t CANidLssSlave);
 145:CANopen/305/CO_LSSslave.h **** 
 146:CANopen/305/CO_LSSslave.h **** /**
 147:CANopen/305/CO_LSSslave.h ****  * Process LSS communication
 148:CANopen/305/CO_LSSslave.h ****  *
 149:CANopen/305/CO_LSSslave.h ****  * Object is partially pre-processed after LSS message received. Further processing is inside this 
 150:CANopen/305/CO_LSSslave.h ****  *
 151:CANopen/305/CO_LSSslave.h ****  * In case that Node-Id is unconfigured, then this function may request CANopen communication reset
 152:CANopen/305/CO_LSSslave.h ****  * valid node-id is configured by LSS master.
 153:CANopen/305/CO_LSSslave.h ****  *
 154:CANopen/305/CO_LSSslave.h ****  * @param LSSslave This object.
 155:CANopen/305/CO_LSSslave.h ****  * @return True, if #CO_NMT_RESET_COMMUNICATION is requested
 156:CANopen/305/CO_LSSslave.h ****  */
 157:CANopen/305/CO_LSSslave.h **** bool_t CO_LSSslave_process(CO_LSSslave_t* LSSslave);
 158:CANopen/305/CO_LSSslave.h **** 
 159:CANopen/305/CO_LSSslave.h **** /**
 160:CANopen/305/CO_LSSslave.h ****  * Get current LSS state
 161:CANopen/305/CO_LSSslave.h ****  *
 162:CANopen/305/CO_LSSslave.h ****  * @param LSSslave This object.
 163:CANopen/305/CO_LSSslave.h ****  * @return @ref CO_LSS_STATE_state
 164:CANopen/305/CO_LSSslave.h ****  */
 165:CANopen/305/CO_LSSslave.h **** static inline uint8_t
 166:CANopen/305/CO_LSSslave.h **** CO_LSSslave_getState(CO_LSSslave_t* LSSslave) {
 1440              		.loc 3 166 1 is_stmt 1 view .LVU430
 1441              	.LBB43:
 167:CANopen/305/CO_LSSslave.h ****     return (LSSslave == NULL) ? CO_LSS_STATE_WAITING : LSSslave->lssState;
 1442              		.loc 3 167 5 view .LVU431
 1443              		.loc 3 167 54 is_stmt 0 view .LVU432
 1444 0044 002A     		cmp	r2, #0
 1445 0046 39D0     		beq	.L94
ARM GAS  C:\Users\Lenovo\AppData\Local\Temp\ccLI0PPk.s 			page 61


 1446              		.loc 3 167 54 discriminator 1 view .LVU433
 1447 0048 127C     		ldrb	r2, [r2, #16]	@ zero_extendqisi2
 1448              	.LVL168:
 1449              		.loc 3 167 54 discriminator 1 view .LVU434
 1450              	.LBE43:
 1451              	.LBE42:
 1452              		.loc 1 1334 12 discriminator 1 view .LVU435
 1453 004a 012A     		cmp	r2, #1
 1454 004c 39D0     		beq	.L95
1331:CANopen/CANopen.c **** #if ((CO_CONFIG_LSS)&CO_CONFIG_LSS_SLAVE) != 0
 1455              		.loc 1 1331 12 view .LVU436
 1456 004e 4FF0000A 		mov	r10, #0
 1457              	.L79:
 1458              	.LVL169:
1335:CANopen/CANopen.c ****             LSSslave_configuration = true;
1336:CANopen/CANopen.c ****         }
1337:CANopen/CANopen.c ****     }
1338:CANopen/CANopen.c **** #endif
1339:CANopen/CANopen.c **** /* default macro, can be defined externally */
1340:CANopen/CANopen.c **** #ifndef CO_STATUS_FIRMWARE_DOWNLOAD_IN_PROGRESS
1341:CANopen/CANopen.c **** #define CO_STATUS_FIRMWARE_DOWNLOAD_IN_PROGRESS false
1342:CANopen/CANopen.c **** #endif
1343:CANopen/CANopen.c **** 
1344:CANopen/CANopen.c ****     if (CO_GET_CNT(LEDS) == 1U) {
 1459              		.loc 1 1344 5 is_stmt 1 view .LVU437
 1460              	.LBB44:
1345:CANopen/CANopen.c ****         bool_t ErrSync = CO_isError(co->em, CO_EM_SYNC_TIME_OUT);
 1461              		.loc 1 1345 9 view .LVU438
 1462              		.loc 1 1345 26 is_stmt 0 view .LVU439
 1463 0052 E569     		ldr	r5, [r4, #28]
 1464              	.LVL170:
 1465              	.LBB45:
 1466              	.LBI45:
 1467              		.file 4 "CANopen/301/CO_Emergency.h"
   1:CANopen/301/CO_Emergency.h **** /**
   2:CANopen/301/CO_Emergency.h ****  * CANopen Emergency protocol.
   3:CANopen/301/CO_Emergency.h ****  *
   4:CANopen/301/CO_Emergency.h ****  * @file        CO_Emergency.h
   5:CANopen/301/CO_Emergency.h ****  * @ingroup     CO_Emergency
   6:CANopen/301/CO_Emergency.h ****  * @author      Janez Paternoster
   7:CANopen/301/CO_Emergency.h ****  * @copyright   2020 Janez Paternoster
   8:CANopen/301/CO_Emergency.h ****  *
   9:CANopen/301/CO_Emergency.h ****  * This file is part of <https://github.com/CANopenNode/CANopenNode>, a CANopen Stack.
  10:CANopen/301/CO_Emergency.h ****  *
  11:CANopen/301/CO_Emergency.h ****  * Licensed under the Apache License, Version 2.0 (the "License"); you may not use this
  12:CANopen/301/CO_Emergency.h ****  * file except in compliance with the License. You may obtain a copy of the License at
  13:CANopen/301/CO_Emergency.h ****  *
  14:CANopen/301/CO_Emergency.h ****  *     http://www.apache.org/licenses/LICENSE-2.0
  15:CANopen/301/CO_Emergency.h ****  *
  16:CANopen/301/CO_Emergency.h ****  * Unless required by applicable law or agreed to in writing, software distributed under the Licens
  17:CANopen/301/CO_Emergency.h ****  * distributed on an "AS IS" BASIS, WITHOUT WARRANTIES OR CONDITIONS OF ANY KIND, either express or
  18:CANopen/301/CO_Emergency.h ****  * See the License for the specific language governing permissions and limitations under the Licens
  19:CANopen/301/CO_Emergency.h ****  */
  20:CANopen/301/CO_Emergency.h **** 
  21:CANopen/301/CO_Emergency.h **** #ifndef CO_EMERGENCY_H
  22:CANopen/301/CO_Emergency.h **** #define CO_EMERGENCY_H
  23:CANopen/301/CO_Emergency.h **** 
ARM GAS  C:\Users\Lenovo\AppData\Local\Temp\ccLI0PPk.s 			page 62


  24:CANopen/301/CO_Emergency.h **** #include "301/CO_driver.h"
  25:CANopen/301/CO_Emergency.h **** #include "301/CO_ODinterface.h"
  26:CANopen/301/CO_Emergency.h **** 
  27:CANopen/301/CO_Emergency.h **** /* default configuration, see CO_config.h */
  28:CANopen/301/CO_Emergency.h **** #ifndef CO_CONFIG_EM
  29:CANopen/301/CO_Emergency.h **** #define CO_CONFIG_EM                                                                               
  30:CANopen/301/CO_Emergency.h ****     (CO_CONFIG_EM_PRODUCER | CO_CONFIG_EM_HISTORY | CO_CONFIG_GLOBAL_FLAG_CALLBACK_PRE             
  31:CANopen/301/CO_Emergency.h ****      | CO_CONFIG_GLOBAL_FLAG_TIMERNEXT)
  32:CANopen/301/CO_Emergency.h **** #endif
  33:CANopen/301/CO_Emergency.h **** #ifndef CO_CONFIG_EM_ERR_STATUS_BITS_COUNT
  34:CANopen/301/CO_Emergency.h **** #define CO_CONFIG_EM_ERR_STATUS_BITS_COUNT (10U * 8U)
  35:CANopen/301/CO_Emergency.h **** #endif
  36:CANopen/301/CO_Emergency.h **** #ifndef CO_CONFIG_ERR_CONDITION_GENERIC
  37:CANopen/301/CO_Emergency.h **** #define CO_CONFIG_ERR_CONDITION_GENERIC (em->errorStatusBits[5] != 0U)
  38:CANopen/301/CO_Emergency.h **** #endif
  39:CANopen/301/CO_Emergency.h **** #ifndef CO_CONFIG_ERR_CONDITION_COMMUNICATION
  40:CANopen/301/CO_Emergency.h **** #define CO_CONFIG_ERR_CONDITION_COMMUNICATION ((em->errorStatusBits[2] != 0U) || (em->errorStatusBi
  41:CANopen/301/CO_Emergency.h **** #endif
  42:CANopen/301/CO_Emergency.h **** #ifndef CO_CONFIG_ERR_CONDITION_MANUFACTURER
  43:CANopen/301/CO_Emergency.h **** #define CO_CONFIG_ERR_CONDITION_MANUFACTURER ((em->errorStatusBits[8] != 0U) || (em->errorStatusBit
  44:CANopen/301/CO_Emergency.h **** #endif
  45:CANopen/301/CO_Emergency.h **** 
  46:CANopen/301/CO_Emergency.h **** #ifdef __cplusplus
  47:CANopen/301/CO_Emergency.h **** extern "C" {
  48:CANopen/301/CO_Emergency.h **** #endif
  49:CANopen/301/CO_Emergency.h **** 
  50:CANopen/301/CO_Emergency.h **** /**
  51:CANopen/301/CO_Emergency.h ****  * @defgroup CO_Emergency Emergency
  52:CANopen/301/CO_Emergency.h ****  * CANopen Emergency protocol.
  53:CANopen/301/CO_Emergency.h ****  *
  54:CANopen/301/CO_Emergency.h ****  * @ingroup CO_CANopen_301
  55:CANopen/301/CO_Emergency.h ****  * @{
  56:CANopen/301/CO_Emergency.h ****  * Error control and Emergency is used for control internal error state and for sending a CANopen E
  57:CANopen/301/CO_Emergency.h ****  *
  58:CANopen/301/CO_Emergency.h ****  * In case of error condition stack or application calls CO_errorReport() function with indication 
  59:CANopen/301/CO_Emergency.h ****  * Specific error condition is reported (with CANopen Emergency message) only the first time after 
  60:CANopen/301/CO_Emergency.h ****  * state of specific error condition is indicated by internal bitfield variable, with space for max
  61:CANopen/301/CO_Emergency.h ****  * CO_CONFIG_EM_ERR_STATUS_BITS_COUNT bits. Meaning for each bit is described by @ref CO_EM_errorSt
  62:CANopen/301/CO_Emergency.h ****  * error condition can be reset by CO_errorReset() function. In that case Emergency message is sent
  63:CANopen/301/CO_Emergency.h ****  * indication.
  64:CANopen/301/CO_Emergency.h ****  *
  65:CANopen/301/CO_Emergency.h ****  * Some error conditions are informative and some are critical. Critical error conditions set the c
  66:CANopen/301/CO_Emergency.h ****  * @ref CO_errorRegister_t. Critical error conditions for generic error are specified by @ref
  67:CANopen/301/CO_Emergency.h ****  * CO_CONFIG_ERR_CONDITION_GENERIC macro. Similar macros are defined for other error bits in in @re
  68:CANopen/301/CO_Emergency.h ****  *
  69:CANopen/301/CO_Emergency.h ****  * ### Emergency producer
  70:CANopen/301/CO_Emergency.h ****  * If @ref CO_CONFIG_EM has CO_CONFIG_EM_PRODUCER enabled, then CANopen Emergency message will be s
  71:CANopen/301/CO_Emergency.h ****  * any error condition. Emergency message contents are:
  72:CANopen/301/CO_Emergency.h ****  *
  73:CANopen/301/CO_Emergency.h ****  *   Byte | Description
  74:CANopen/301/CO_Emergency.h ****  *   -----|-----------------------------------------------------------
  75:CANopen/301/CO_Emergency.h ****  *   0..1 | @ref CO_EM_errorCode_t
  76:CANopen/301/CO_Emergency.h ****  *   2    | @ref CO_errorRegister_t
  77:CANopen/301/CO_Emergency.h ****  *   3    | Index of error condition (see @ref CO_EM_errorStatusBits_t).
  78:CANopen/301/CO_Emergency.h ****  *   4..7 | Additional informative argument to CO_errorReport() function.
  79:CANopen/301/CO_Emergency.h ****  *
  80:CANopen/301/CO_Emergency.h ****  * ### Error history
ARM GAS  C:\Users\Lenovo\AppData\Local\Temp\ccLI0PPk.s 			page 63


  81:CANopen/301/CO_Emergency.h ****  * If @ref CO_CONFIG_EM has CO_CONFIG_EM_HISTORY enabled, then latest errors can be read from _Pre 
  82:CANopen/301/CO_Emergency.h ****  * (object dictionary, index 0x1003). Contents corresponds to bytes 0..3 from the Emergency message
  83:CANopen/301/CO_Emergency.h ****  *
  84:CANopen/301/CO_Emergency.h ****  * ### Emergency consumer
  85:CANopen/301/CO_Emergency.h ****  * If @ref CO_CONFIG_EM has CO_CONFIG_EM_CONSUMER enabled, then callback can be registered by @ref
  86:CANopen/301/CO_Emergency.h ****  * CO_EM_initCallbackRx() function.
  87:CANopen/301/CO_Emergency.h ****  */
  88:CANopen/301/CO_Emergency.h **** 
  89:CANopen/301/CO_Emergency.h **** /**
  90:CANopen/301/CO_Emergency.h ****  * @defgroup CO_errorRegister_t CANopen Error register
  91:CANopen/301/CO_Emergency.h ****  * @{
  92:CANopen/301/CO_Emergency.h ****  *
  93:CANopen/301/CO_Emergency.h ****  * Mandatory for CANopen, resides in object dictionary, index 0x1001.
  94:CANopen/301/CO_Emergency.h ****  *
  95:CANopen/301/CO_Emergency.h ****  * Error register is calculated from internal bitfield variable, critical bits. See @ref CO_EM_erro
  96:CANopen/301/CO_Emergency.h ****  * @ref CO_STACK_CONFIG_EMERGENCY for error condition macros.
  97:CANopen/301/CO_Emergency.h ****  *
  98:CANopen/301/CO_Emergency.h ****  * Internal errors may prevent device to stay in NMT Operational state and changes may switch betwe
  99:CANopen/301/CO_Emergency.h ****  * @ref CO_NMT_control_t for details.
 100:CANopen/301/CO_Emergency.h ****  */
 101:CANopen/301/CO_Emergency.h **** #define CO_ERR_REG_GENERIC_ERR          0x01U /**< bit 0, generic error */
 102:CANopen/301/CO_Emergency.h **** #define CO_ERR_REG_CURRENT              0x02U /**< bit 1, current */
 103:CANopen/301/CO_Emergency.h **** #define CO_ERR_REG_VOLTAGE              0x04U /**< bit 2, voltage */
 104:CANopen/301/CO_Emergency.h **** #define CO_ERR_REG_TEMPERATURE          0x08U /**< bit 3, temperature */
 105:CANopen/301/CO_Emergency.h **** #define CO_ERR_REG_COMMUNICATION        0x10U /**< bit 4, communication error */
 106:CANopen/301/CO_Emergency.h **** #define CO_ERR_REG_DEV_PROFILE          0x20U /**< bit 5, device profile specific */
 107:CANopen/301/CO_Emergency.h **** #define CO_ERR_REG_RESERVED             0x40U /**< bit 6, reserved (always 0) */
 108:CANopen/301/CO_Emergency.h **** #define CO_ERR_REG_MANUFACTURER         0x80U /**< bit 7, manufacturer specific */
 109:CANopen/301/CO_Emergency.h **** 
 110:CANopen/301/CO_Emergency.h **** /** @} */ /* CO_errorRegister_t */
 111:CANopen/301/CO_Emergency.h **** 
 112:CANopen/301/CO_Emergency.h **** /**
 113:CANopen/301/CO_Emergency.h ****  * @defgroup CO_EM_errorCode_t CANopen Error code
 114:CANopen/301/CO_Emergency.h ****  * @{
 115:CANopen/301/CO_Emergency.h ****  *
 116:CANopen/301/CO_Emergency.h ****  * Standard error codes according to CiA DS-301 and DS-401.
 117:CANopen/301/CO_Emergency.h ****  */
 118:CANopen/301/CO_Emergency.h **** #define CO_EMC_NO_ERROR                 0x0000U /**< 0x00xx error Reset or No Error */
 119:CANopen/301/CO_Emergency.h **** #define CO_EMC_GENERIC                  0x1000U /**< 0x10xx Generic Error */
 120:CANopen/301/CO_Emergency.h **** #define CO_EMC_CURRENT                  0x2000U /**< 0x20xx Current */
 121:CANopen/301/CO_Emergency.h **** #define CO_EMC_CURRENT_INPUT            0x2100U /**< 0x21xx Current device input side */
 122:CANopen/301/CO_Emergency.h **** #define CO_EMC_CURRENT_INSIDE           0x2200U /**< 0x22xx Current inside the device */
 123:CANopen/301/CO_Emergency.h **** #define CO_EMC_CURRENT_OUTPUT           0x2300U /**< 0x23xx Current device output side */
 124:CANopen/301/CO_Emergency.h **** #define CO_EMC_VOLTAGE                  0x3000U /**< 0x30xx Voltage */
 125:CANopen/301/CO_Emergency.h **** #define CO_EMC_VOLTAGE_MAINS            0x3100U /**< 0x31xx Mains Voltage */
 126:CANopen/301/CO_Emergency.h **** #define CO_EMC_VOLTAGE_INSIDE           0x3200U /**< 0x32xx Voltage inside the device */
 127:CANopen/301/CO_Emergency.h **** #define CO_EMC_VOLTAGE_OUTPUT           0x3300U /**< 0x33xx Output Voltage */
 128:CANopen/301/CO_Emergency.h **** #define CO_EMC_TEMPERATURE              0x4000U /**< 0x40xx Temperature */
 129:CANopen/301/CO_Emergency.h **** #define CO_EMC_TEMP_AMBIENT             0x4100U /**< 0x41xx Ambient Temperature */
 130:CANopen/301/CO_Emergency.h **** #define CO_EMC_TEMP_DEVICE              0x4200U /**< 0x42xx Device Temperature */
 131:CANopen/301/CO_Emergency.h **** #define CO_EMC_HARDWARE                 0x5000U /**< 0x50xx Device Hardware */
 132:CANopen/301/CO_Emergency.h **** #define CO_EMC_SOFTWARE_DEVICE          0x6000U /**< 0x60xx Device Software */
 133:CANopen/301/CO_Emergency.h **** #define CO_EMC_SOFTWARE_INTERNAL        0x6100U /**< 0x61xx Internal Software */
 134:CANopen/301/CO_Emergency.h **** #define CO_EMC_SOFTWARE_USER            0x6200U /**< 0x62xx User Software */
 135:CANopen/301/CO_Emergency.h **** #define CO_EMC_DATA_SET                 0x6300U /**< 0x63xx Data Set */
 136:CANopen/301/CO_Emergency.h **** #define CO_EMC_ADDITIONAL_MODUL         0x7000U /**< 0x70xx Additional Modules */
 137:CANopen/301/CO_Emergency.h **** #define CO_EMC_MONITORING               0x8000U /**< 0x80xx Monitoring */
ARM GAS  C:\Users\Lenovo\AppData\Local\Temp\ccLI0PPk.s 			page 64


 138:CANopen/301/CO_Emergency.h **** #define CO_EMC_COMMUNICATION            0x8100U /**< 0x81xx Communication */
 139:CANopen/301/CO_Emergency.h **** #define CO_EMC_CAN_OVERRUN              0x8110U /**< 0x8110 CAN Overrun (Objects lost) */
 140:CANopen/301/CO_Emergency.h **** #define CO_EMC_CAN_PASSIVE              0x8120U /**< 0x8120 CAN in Error Passive Mode */
 141:CANopen/301/CO_Emergency.h **** #define CO_EMC_HEARTBEAT                0x8130U /**< 0x8130 Life Guard Error or Heartbeat Error */
 142:CANopen/301/CO_Emergency.h **** #define CO_EMC_BUS_OFF_RECOVERED        0x8140U /**< 0x8140 recovered from bus off */
 143:CANopen/301/CO_Emergency.h **** #define CO_EMC_CAN_ID_COLLISION         0x8150U /**< 0x8150 CAN-ID collision */
 144:CANopen/301/CO_Emergency.h **** #define CO_EMC_PROTOCOL_ERROR           0x8200U /**< 0x82xx Protocol Error */
 145:CANopen/301/CO_Emergency.h **** #define CO_EMC_PDO_LENGTH               0x8210U /**< 0x8210 PDO not processed due to length error *
 146:CANopen/301/CO_Emergency.h **** #define CO_EMC_PDO_LENGTH_EXC           0x8220U /**< 0x8220 PDO length exceeded */
 147:CANopen/301/CO_Emergency.h **** #define CO_EMC_DAM_MPDO                 0x8230U /**< 0x8230 DAM MPDO not processed destination obje
 148:CANopen/301/CO_Emergency.h **** #define CO_EMC_SYNC_DATA_LENGTH         0x8240U /**< 0x8240 Unexpected SYNC data length */
 149:CANopen/301/CO_Emergency.h **** #define CO_EMC_RPDO_TIMEOUT             0x8250U /**< 0x8250 RPDO timeout */
 150:CANopen/301/CO_Emergency.h **** #define CO_EMC_EXTERNAL_ERROR           0x9000U /**< 0x90xx External Error */
 151:CANopen/301/CO_Emergency.h **** #define CO_EMC_ADDITIONAL_FUNC          0xF000U /**< 0xF0xx Additional Functions */
 152:CANopen/301/CO_Emergency.h **** #define CO_EMC_DEVICE_SPECIFIC          0xFF00U /**< 0xFFxx Device specific */
 153:CANopen/301/CO_Emergency.h **** 
 154:CANopen/301/CO_Emergency.h **** #define CO_EMC401_OUT_CUR_HI            0x2310U /**< 0x2310 DS401 Current at outputs too high (over
 155:CANopen/301/CO_Emergency.h **** #define CO_EMC401_OUT_SHORTED           0x2320U /**< 0x2320 DS401 Short circuit at outputs */
 156:CANopen/301/CO_Emergency.h **** #define CO_EMC401_OUT_LOAD_DUMP         0x2330U /**< 0x2330 DS401 Load dump at outputs */
 157:CANopen/301/CO_Emergency.h **** #define CO_EMC401_IN_VOLT_HI            0x3110U /**< 0x3110 DS401 Input voltage too high */
 158:CANopen/301/CO_Emergency.h **** #define CO_EMC401_IN_VOLT_LOW           0x3120U /**< 0x3120 DS401 Input voltage too low */
 159:CANopen/301/CO_Emergency.h **** #define CO_EMC401_INTERN_VOLT_HI        0x3210U /**< 0x3210 DS401 Internal voltage too high */
 160:CANopen/301/CO_Emergency.h **** #define CO_EMC401_INTERN_VOLT_LO        0x3220U /**< 0x3220 DS401 Internal voltage too low */
 161:CANopen/301/CO_Emergency.h **** #define CO_EMC401_OUT_VOLT_HIGH         0x3310U /**< 0x3310 DS401 Output voltage too high */
 162:CANopen/301/CO_Emergency.h **** #define CO_EMC401_OUT_VOLT_LOW          0x3320U /**< 0x3320 DS401 Output voltage too low */
 163:CANopen/301/CO_Emergency.h **** 
 164:CANopen/301/CO_Emergency.h **** /** @} */ /* CO_EM_errorCode_t */
 165:CANopen/301/CO_Emergency.h **** 
 166:CANopen/301/CO_Emergency.h **** /**
 167:CANopen/301/CO_Emergency.h ****  * @defgroup CO_EM_errorStatusBits_t Error status bits
 168:CANopen/301/CO_Emergency.h ****  * @{
 169:CANopen/301/CO_Emergency.h ****  *
 170:CANopen/301/CO_Emergency.h ****  * Bits for internal indication of the error condition. Each error condition is specified by unique
 171:CANopen/301/CO_Emergency.h ****  * to 0xFF.
 172:CANopen/301/CO_Emergency.h ****  *
 173:CANopen/301/CO_Emergency.h ****  * If specific error occurs in the stack or in the application, CO_errorReport() sets specific bit 
 174:CANopen/301/CO_Emergency.h ****  * _errorStatusBit_ variable from @ref CO_EM_t. If bit was already set, function returns without an
 175:CANopen/301/CO_Emergency.h ****  * it prepares emergency message.
 176:CANopen/301/CO_Emergency.h ****  *
 177:CANopen/301/CO_Emergency.h ****  * Maximum size (in bits) of the _errorStatusBit_ variable is specified by @ref CO_CONFIG_EM_ERR_ST
 178:CANopen/301/CO_Emergency.h ****  * to 10*8 bits by default). Stack uses first 6 bytes. Additional 4 bytes are pre-defined for manuf
 179:CANopen/301/CO_Emergency.h ****  * specific error indications, by default.
 180:CANopen/301/CO_Emergency.h ****  */
 181:CANopen/301/CO_Emergency.h **** #define CO_EM_NO_ERROR                  0x00U /**< 0x00 Error Reset or No Error */
 182:CANopen/301/CO_Emergency.h **** #define CO_EM_CAN_BUS_WARNING           0x01U /**< 0x01 communication info CAN bus warning limit re
 183:CANopen/301/CO_Emergency.h **** #define CO_EM_RXMSG_WRONG_LENGTH        0x02U /**< 0x02 communication info Wrong data length of the
 184:CANopen/301/CO_Emergency.h **** #define CO_EM_RXMSG_OVERFLOW            0x03U /**< 0x03 communication info Previous received CAN me
 185:CANopen/301/CO_Emergency.h **** #define CO_EM_RPDO_WRONG_LENGTH         0x04U /**< 0x04 communication info Wrong data length of rec
 186:CANopen/301/CO_Emergency.h **** #define CO_EM_RPDO_OVERFLOW             0x05U /**< 0x05 communication info Previous received PDO wa
 187:CANopen/301/CO_Emergency.h **** #define CO_EM_CAN_RX_BUS_PASSIVE        0x06U /**< 0x06 communication info CAN receive bus is passi
 188:CANopen/301/CO_Emergency.h **** #define CO_EM_CAN_TX_BUS_PASSIVE        0x07U /**< 0x07 communication info CAN transmit bus is pass
 189:CANopen/301/CO_Emergency.h **** #define CO_EM_NMT_WRONG_COMMAND         0x08U /**< 0x08 communication info Wrong NMT command receiv
 190:CANopen/301/CO_Emergency.h **** #define CO_EM_TIME_TIMEOUT              0x09U /**< 0x09 communication info TIME message timeout */
 191:CANopen/301/CO_Emergency.h **** #define CO_EM_0A_unused                 0x0AU /**< 0x0A communication info (unused) */
 192:CANopen/301/CO_Emergency.h **** #define CO_EM_0B_unused                 0x0BU /**< 0x0B communication info (unused) */
 193:CANopen/301/CO_Emergency.h **** #define CO_EM_0C_unused                 0x0CU /**< 0x0C communication info (unused) */
 194:CANopen/301/CO_Emergency.h **** #define CO_EM_0D_unused                 0x0DU /**< 0x0D communication info (unused) */
ARM GAS  C:\Users\Lenovo\AppData\Local\Temp\ccLI0PPk.s 			page 65


 195:CANopen/301/CO_Emergency.h **** #define CO_EM_0E_unused                 0x0EU /**< 0x0E communication info (unused) */
 196:CANopen/301/CO_Emergency.h **** #define CO_EM_0F_unused                 0x0FU /**< 0x0F communication info (unused) */
 197:CANopen/301/CO_Emergency.h **** 
 198:CANopen/301/CO_Emergency.h **** #define CO_EM_10_unused                 0x10U /**< 0x10 communication critical (unused) */
 199:CANopen/301/CO_Emergency.h **** #define CO_EM_11_unused                 0x11U /**< 0x11 communication critical (unused) */
 200:CANopen/301/CO_Emergency.h **** #define CO_EM_CAN_TX_BUS_OFF            0x12U /**< 0x12 communication critical CAN transmit bus is 
 201:CANopen/301/CO_Emergency.h **** #define CO_EM_CAN_RXB_OVERFLOW          0x13U /**< 0x13 communication critical CAN module receive b
 202:CANopen/301/CO_Emergency.h **** #define CO_EM_CAN_TX_OVERFLOW           0x14U /**< 0x14 communication critical CAN transmit buffer 
 203:CANopen/301/CO_Emergency.h **** #define CO_EM_TPDO_OUTSIDE_WINDOW       0x15U /**< 0x15 communication critical TPDO is outside SYNC
 204:CANopen/301/CO_Emergency.h **** #define CO_EM_16_unused                 0x16U /**< 0x16 communication critical (unused) */
 205:CANopen/301/CO_Emergency.h **** #define CO_EM_RPDO_TIME_OUT             0x17U /**< 0x17 communication critical RPDO message timeout
 206:CANopen/301/CO_Emergency.h **** #define CO_EM_SYNC_TIME_OUT             0x18U /**< 0x18 communication critical SYNC message timeout
 207:CANopen/301/CO_Emergency.h **** #define CO_EM_SYNC_LENGTH               0x19U /**< 0x19 communication critical Unexpected SYNC data
 208:CANopen/301/CO_Emergency.h **** #define CO_EM_PDO_WRONG_MAPPING         0x1AU /**< 0x1A communication critical Error with PDO mappi
 209:CANopen/301/CO_Emergency.h **** #define CO_EM_HEARTBEAT_CONSUMER        0x1BU /**< 0x1B communication critical Heartbeat consumer t
 210:CANopen/301/CO_Emergency.h **** #define CO_EM_HB_CONSUMER_REMOTE_RESET  0x1CU /**< 0x1C comm. critical Heartbeat consumer detected 
 211:CANopen/301/CO_Emergency.h **** #define CO_EM_SRDO_CONFIGURATION        0x1DU /**< 0x1D communication critical Error in SRDO config
 212:CANopen/301/CO_Emergency.h **** #define CO_EM_1E_unused                 0x1EU /**< 0x1E communication critical (unused) */
 213:CANopen/301/CO_Emergency.h **** #define CO_EM_1F_unused                 0x1FU /**< 0x1F communication critical (unused) */
 214:CANopen/301/CO_Emergency.h **** 
 215:CANopen/301/CO_Emergency.h **** #define CO_EM_EMERGENCY_BUFFER_FULL     0x20U /**< 0x20 generic info Emergency buffer is full or me
 216:CANopen/301/CO_Emergency.h **** #define CO_EM_21_unused                 0x21U /**< 0x21 generic info (unused) */
 217:CANopen/301/CO_Emergency.h **** #define CO_EM_MICROCONTROLLER_RESET     0x22U /**< 0x22 generic info Microcontroller has just start
 218:CANopen/301/CO_Emergency.h **** #define CO_EM_23_unused                 0x23U /**< 0x23 generic info (unused) */
 219:CANopen/301/CO_Emergency.h **** #define CO_EM_24_unused                 0x24U /**< 0x24 generic info (unused) */
 220:CANopen/301/CO_Emergency.h **** #define CO_EM_25_unused                 0x25U /**< 0x25 generic info (unused) */
 221:CANopen/301/CO_Emergency.h **** #define CO_EM_26_unused                 0x26U /**< 0x26 generic info (unused) */
 222:CANopen/301/CO_Emergency.h **** #define CO_EM_NON_VOLATILE_AUTO_SAVE    0x27U /**< 0x27 generic info Automatic store to non-volatil
 223:CANopen/301/CO_Emergency.h **** 
 224:CANopen/301/CO_Emergency.h **** #define CO_EM_WRONG_ERROR_REPORT        0x28U /**< 0x28 generic critical Wrong parameters to CO_err
 225:CANopen/301/CO_Emergency.h **** #define CO_EM_ISR_TIMER_OVERFLOW        0x29U /**< 0x29 generic critical Timer task has overflowed 
 226:CANopen/301/CO_Emergency.h **** #define CO_EM_MEMORY_ALLOCATION_ERROR   0x2AU /**< 0x2A generic critical Unable to allocate memory 
 227:CANopen/301/CO_Emergency.h **** #define CO_EM_GENERIC_ERROR             0x2BU /**< 0x2B generic critical Generic error test usage *
 228:CANopen/301/CO_Emergency.h **** #define CO_EM_GENERIC_SOFTWARE_ERROR    0x2CU /**< 0x2C generic critical Software error */
 229:CANopen/301/CO_Emergency.h **** #define CO_EM_INCONSISTENT_OBJECT_DICT  0x2DU /**< 0x2D generic critical Object dict. does not matc
 230:CANopen/301/CO_Emergency.h **** #define CO_EM_CALCULATION_OF_PARAMETERS 0x2EU /**< 0x2E generic critical Error in calculation of de
 231:CANopen/301/CO_Emergency.h **** #define CO_EM_NON_VOLATILE_MEMORY       0x2FU /**< 0x2F generic critical Error with access to non v
 232:CANopen/301/CO_Emergency.h **** 
 233:CANopen/301/CO_Emergency.h **** /**
 234:CANopen/301/CO_Emergency.h ****  * 0x30+ manufacturer info or critical Error status buts free to use by manufacturer. By default bi
 235:CANopen/301/CO_Emergency.h ****  * as informational and bits 0x40..0x4F are set as critical. Manufacturer critical bits sets the er
 236:CANopen/301/CO_Emergency.h ****  * specified by @ref CO_CONFIG_ERR_CONDITION_MANUFACTURER
 237:CANopen/301/CO_Emergency.h ****  */
 238:CANopen/301/CO_Emergency.h **** #define CO_EM_MANUFACTURER_START        0x30U
 239:CANopen/301/CO_Emergency.h **** /** (@ref CO_CONFIG_EM_ERR_STATUS_BITS_COUNT - 1) largest value of the Error status bit. */
 240:CANopen/301/CO_Emergency.h **** #define CO_EM_MANUFACTURER_END          (CO_CONFIG_EM_ERR_STATUS_BITS_COUNT - 1U)
 241:CANopen/301/CO_Emergency.h **** 
 242:CANopen/301/CO_Emergency.h **** /** @} */ /* CO_EM_errorStatusBits_t */
 243:CANopen/301/CO_Emergency.h **** 
 244:CANopen/301/CO_Emergency.h **** #if (((CO_CONFIG_EM) & (CO_CONFIG_EM_PRODUCER | CO_CONFIG_EM_HISTORY)) != 0) || defined CO_DOXYGEN
 245:CANopen/301/CO_Emergency.h **** /**
 246:CANopen/301/CO_Emergency.h ****  * Fifo buffer for emergency producer and error history
 247:CANopen/301/CO_Emergency.h ****  */
 248:CANopen/301/CO_Emergency.h **** typedef struct {
 249:CANopen/301/CO_Emergency.h ****     uint32_t msg;
 250:CANopen/301/CO_Emergency.h **** #if (((CO_CONFIG_EM)&CO_CONFIG_EM_PRODUCER) != 0) || defined CO_DOXYGEN
 251:CANopen/301/CO_Emergency.h ****     uint32_t info;
ARM GAS  C:\Users\Lenovo\AppData\Local\Temp\ccLI0PPk.s 			page 66


 252:CANopen/301/CO_Emergency.h **** #endif
 253:CANopen/301/CO_Emergency.h **** } CO_EM_fifo_t;
 254:CANopen/301/CO_Emergency.h **** #endif
 255:CANopen/301/CO_Emergency.h **** 
 256:CANopen/301/CO_Emergency.h **** /**
 257:CANopen/301/CO_Emergency.h ****  * Emergency object.
 258:CANopen/301/CO_Emergency.h ****  */
 259:CANopen/301/CO_Emergency.h **** typedef struct {
 260:CANopen/301/CO_Emergency.h ****     uint8_t errorStatusBits[CO_CONFIG_EM_ERR_STATUS_BITS_COUNT / 8U]; /**< Bitfield for the interna
 261:CANopen/301/CO_Emergency.h ****                                                                          the error condition. */
 262:CANopen/301/CO_Emergency.h ****     uint8_t* errorRegister;     /**< Pointer to error register in object dictionary at 0x1001,00. *
 263:CANopen/301/CO_Emergency.h ****     uint16_t CANerrorStatusOld; /**< Old CAN error status bitfield */
 264:CANopen/301/CO_Emergency.h ****     CO_CANmodule_t* CANdevTx;   /**< From CO_EM_init() */
 265:CANopen/301/CO_Emergency.h **** 
 266:CANopen/301/CO_Emergency.h **** #if (((CO_CONFIG_EM) & (CO_CONFIG_EM_PRODUCER | CO_CONFIG_EM_HISTORY)) != 0) || defined CO_DOXYGEN
 267:CANopen/301/CO_Emergency.h ****     CO_EM_fifo_t*
 268:CANopen/301/CO_Emergency.h ****         fifo; /**< Internal circular FIFO buffer for storing pre-processed emergency messages. Mess
 269:CANopen/301/CO_Emergency.h ****                  @ref CO_error() function. All messages are later post-processed by @ref CO_EM_proc
 270:CANopen/301/CO_Emergency.h ****                  case of overflow, error is indicated but emergency message is not sent. Fifo is al
 271:CANopen/301/CO_Emergency.h ****                  history, OD object 0x1003, "Pre-defined error field". Buffer is defined by @ref CO
 272:CANopen/301/CO_Emergency.h ****     uint8_t fifoSize;  /**< Size of the above buffer, specified by @ref CO_EM_init(). */
 273:CANopen/301/CO_Emergency.h ****     uint8_t fifoWrPtr; /**< Pointer for the fifo buffer, where next emergency message will be writt
 274:CANopen/301/CO_Emergency.h ****                           function. */
 275:CANopen/301/CO_Emergency.h ****     uint8_t fifoPpPtr; /**< Pointer for the fifo, where next emergency message has to be post-proce
 276:CANopen/301/CO_Emergency.h ****                           CO_EM_process() function. If equal to bufWrPtr, then all messages has bee
 277:CANopen/301/CO_Emergency.h ****     uint8_t fifoOverflow; /**< Indication of overflow - messages in buffer are not post-processed *
 278:CANopen/301/CO_Emergency.h ****     uint8_t fifoCount;    /**< Count of emergency messages in fifo, used for OD object 0x1003 */
 279:CANopen/301/CO_Emergency.h **** #endif                    /* (CO_CONFIG_EM) & (CO_CONFIG_EM_PRODUCER | CO_CONFIG_EM_HISTORY) */
 280:CANopen/301/CO_Emergency.h **** 
 281:CANopen/301/CO_Emergency.h **** #if (((CO_CONFIG_EM)&CO_CONFIG_EM_PRODUCER) != 0) || defined CO_DOXYGEN
 282:CANopen/301/CO_Emergency.h ****     bool_t producerEnabled;           /**< True, if emergency producer is enabled, from Object dict
 283:CANopen/301/CO_Emergency.h ****     uint8_t nodeId;                   /**< Copy of CANopen node ID, from CO_EM_init() */
 284:CANopen/301/CO_Emergency.h ****     CO_CANtx_t* CANtxBuff;            /**< CAN transmit buffer */
 285:CANopen/301/CO_Emergency.h ****     OD_extension_t OD_1014_extension; /**< Extension for OD object */
 286:CANopen/301/CO_Emergency.h **** #if (((CO_CONFIG_EM)&CO_CONFIG_EM_PROD_CONFIGURABLE) != 0) || defined CO_DOXYGEN
 287:CANopen/301/CO_Emergency.h ****     uint16_t producerCanId; /**< COB ID of emergency message, from Object dictionary */
 288:CANopen/301/CO_Emergency.h ****     uint16_t CANdevTxIdx;   /**< From CO_EM_init() */
 289:CANopen/301/CO_Emergency.h **** #endif
 290:CANopen/301/CO_Emergency.h **** #if (((CO_CONFIG_EM)&CO_CONFIG_EM_PROD_INHIBIT) != 0) || defined CO_DOXYGEN
 291:CANopen/301/CO_Emergency.h ****     uint32_t inhibitEmTime_us;        /**< Inhibit time for emergency message, from Object dictiona
 292:CANopen/301/CO_Emergency.h ****     uint32_t inhibitEmTimer;          /**< Internal timer for inhibit time */
 293:CANopen/301/CO_Emergency.h ****     OD_extension_t OD_1015_extension; /**< Extension for OD object */
 294:CANopen/301/CO_Emergency.h **** #endif
 295:CANopen/301/CO_Emergency.h **** #endif /* (CO_CONFIG_EM) & CO_CONFIG_EM_PRODUCER */
 296:CANopen/301/CO_Emergency.h **** 
 297:CANopen/301/CO_Emergency.h **** #if (((CO_CONFIG_EM)&CO_CONFIG_EM_HISTORY) != 0) || defined CO_DOXYGEN
 298:CANopen/301/CO_Emergency.h ****     OD_extension_t OD_1003_extension; /**< Extension for OD object */
 299:CANopen/301/CO_Emergency.h **** #endif
 300:CANopen/301/CO_Emergency.h **** 
 301:CANopen/301/CO_Emergency.h **** #if (((CO_CONFIG_EM)&CO_CONFIG_EM_STATUS_BITS) != 0) || defined CO_DOXYGEN
 302:CANopen/301/CO_Emergency.h ****     OD_extension_t OD_statusBits_extension; /**< Extension for OD object */
 303:CANopen/301/CO_Emergency.h **** #endif
 304:CANopen/301/CO_Emergency.h **** 
 305:CANopen/301/CO_Emergency.h **** #if (((CO_CONFIG_EM)&CO_CONFIG_EM_CONSUMER) != 0) || defined CO_DOXYGEN
 306:CANopen/301/CO_Emergency.h ****     void (*pFunctSignalRx)(const uint16_t ident, const uint16_t errorCode, const uint8_t errorRegis
 307:CANopen/301/CO_Emergency.h ****                            const uint8_t errorBit, const uint32_t infoCode); /**< From CO_EM_initCa
 308:CANopen/301/CO_Emergency.h **** #endif
ARM GAS  C:\Users\Lenovo\AppData\Local\Temp\ccLI0PPk.s 			page 67


 309:CANopen/301/CO_Emergency.h **** 
 310:CANopen/301/CO_Emergency.h **** #if (((CO_CONFIG_EM)&CO_CONFIG_FLAG_CALLBACK_PRE) != 0) || defined CO_DOXYGEN
 311:CANopen/301/CO_Emergency.h ****     void (*pFunctSignalPre)(void* object); /**< From CO_EM_initCallbackPre() or NULL */
 312:CANopen/301/CO_Emergency.h ****     void* functSignalObjectPre;            /**< From CO_EM_initCallbackPre() or NULL */
 313:CANopen/301/CO_Emergency.h **** #endif
 314:CANopen/301/CO_Emergency.h **** } CO_EM_t;
 315:CANopen/301/CO_Emergency.h **** 
 316:CANopen/301/CO_Emergency.h **** /**
 317:CANopen/301/CO_Emergency.h ****  * Initialize Emergency object.
 318:CANopen/301/CO_Emergency.h ****  *
 319:CANopen/301/CO_Emergency.h ****  * Function must be called in the communication reset section.
 320:CANopen/301/CO_Emergency.h ****  *
 321:CANopen/301/CO_Emergency.h ****  * @param em This object will be initialized.
 322:CANopen/301/CO_Emergency.h ****  * @param fifo Fifo buffer for emergency producer and error history. It must be defined externally.
 323:CANopen/301/CO_Emergency.h ****  * capacity+1. See also @ref CO_EM_t, fifo.
 324:CANopen/301/CO_Emergency.h ****  * @param fifoSize Size of the above fifo buffer. It is usually equal to the length of the OD array
 325:CANopen/301/CO_Emergency.h ****  * fifoSize is smaller than 2, then emergency producer and error history will not work and 'fifo' m
 326:CANopen/301/CO_Emergency.h ****  * @param CANdevTx CAN device for Emergency transmission.
 327:CANopen/301/CO_Emergency.h ****  * @param OD_1001_errReg OD entry for 0x1001 - "Error register", entry is required, without IO exte
 328:CANopen/301/CO_Emergency.h ****  * @param OD_1014_cobIdEm OD entry for 0x1014 - "COB-ID EMCY", entry is required, IO extension is r
 329:CANopen/301/CO_Emergency.h ****  * @param CANdevTxIdx Index of transmit buffer in the above CAN device.
 330:CANopen/301/CO_Emergency.h ****  * @param OD_1015_InhTime OD entry for 0x1015 - "Inhibit time EMCY", entry is optional (can be NULL
 331:CANopen/301/CO_Emergency.h ****  * optional for runtime configuration.
 332:CANopen/301/CO_Emergency.h ****  * @param OD_1003_preDefErr OD entry for 0x1003 - "Pre-defined error field". Emergency object has o
 333:CANopen/301/CO_Emergency.h ****  * this entry. Entry is optional, IO extension is required.
 334:CANopen/301/CO_Emergency.h ****  * @param OD_statusBits Custom OD entry for accessing errorStatusBits from
 335:CANopen/301/CO_Emergency.h ****  * @ref CO_EM_t. Entry must have variable of size (CO_CONFIG_EM_ERR_STATUS_BITS_COUNT/8) bytes avai
 336:CANopen/301/CO_Emergency.h ****  * access on subindex 0. Emergency object has own memory buffer for this entry. Entry is optional, 
 337:CANopen/301/CO_Emergency.h ****  * required.
 338:CANopen/301/CO_Emergency.h ****  * @param CANdevRx CAN device for Emergency consumer reception.
 339:CANopen/301/CO_Emergency.h ****  * @param CANdevRxIdx Index of receive buffer in the above CAN device.
 340:CANopen/301/CO_Emergency.h ****  * @param nodeId CANopen node ID of this device (for default emergency producer)
 341:CANopen/301/CO_Emergency.h ****  * @param [out] errInfo Additional information in case of error, may be NULL.
 342:CANopen/301/CO_Emergency.h ****  *
 343:CANopen/301/CO_Emergency.h ****  * @return @ref CO_ReturnError_t CO_ERROR_NO in case of success.
 344:CANopen/301/CO_Emergency.h ****  */
 345:CANopen/301/CO_Emergency.h **** CO_ReturnError_t CO_EM_init(CO_EM_t* em, CO_CANmodule_t* CANdevTx, const OD_entry_t* OD_1001_errReg
 346:CANopen/301/CO_Emergency.h **** #if (((CO_CONFIG_EM) & (CO_CONFIG_EM_PRODUCER | CO_CONFIG_EM_HISTORY)) != 0) || defined CO_DOXYGEN
 347:CANopen/301/CO_Emergency.h ****                             CO_EM_fifo_t* fifo, uint8_t fifoSize,
 348:CANopen/301/CO_Emergency.h **** #endif
 349:CANopen/301/CO_Emergency.h **** #if (((CO_CONFIG_EM)&CO_CONFIG_EM_PRODUCER) != 0) || defined CO_DOXYGEN
 350:CANopen/301/CO_Emergency.h ****                             OD_entry_t* OD_1014_cobIdEm, uint16_t CANdevTxIdx,
 351:CANopen/301/CO_Emergency.h **** #if (((CO_CONFIG_EM)&CO_CONFIG_EM_PROD_INHIBIT) != 0) || defined CO_DOXYGEN
 352:CANopen/301/CO_Emergency.h ****                             OD_entry_t* OD_1015_InhTime,
 353:CANopen/301/CO_Emergency.h **** #endif
 354:CANopen/301/CO_Emergency.h **** #endif
 355:CANopen/301/CO_Emergency.h **** #if (((CO_CONFIG_EM)&CO_CONFIG_EM_HISTORY) != 0) || defined CO_DOXYGEN
 356:CANopen/301/CO_Emergency.h ****                             OD_entry_t* OD_1003_preDefErr,
 357:CANopen/301/CO_Emergency.h **** #endif
 358:CANopen/301/CO_Emergency.h **** #if (((CO_CONFIG_EM)&CO_CONFIG_EM_STATUS_BITS) != 0) || defined CO_DOXYGEN
 359:CANopen/301/CO_Emergency.h ****                             OD_entry_t* OD_statusBits,
 360:CANopen/301/CO_Emergency.h **** #endif
 361:CANopen/301/CO_Emergency.h **** #if (((CO_CONFIG_EM)&CO_CONFIG_EM_CONSUMER) != 0) || defined CO_DOXYGEN
 362:CANopen/301/CO_Emergency.h ****                             CO_CANmodule_t* CANdevRx, uint16_t CANdevRxIdx,
 363:CANopen/301/CO_Emergency.h **** #endif
 364:CANopen/301/CO_Emergency.h ****                             const uint8_t nodeId, uint32_t* errInfo);
 365:CANopen/301/CO_Emergency.h **** 
ARM GAS  C:\Users\Lenovo\AppData\Local\Temp\ccLI0PPk.s 			page 68


 366:CANopen/301/CO_Emergency.h **** #if (((CO_CONFIG_EM)&CO_CONFIG_FLAG_CALLBACK_PRE) != 0) || defined CO_DOXYGEN
 367:CANopen/301/CO_Emergency.h **** /**
 368:CANopen/301/CO_Emergency.h ****  * Initialize Emergency callback function.
 369:CANopen/301/CO_Emergency.h ****  *
 370:CANopen/301/CO_Emergency.h ****  * Function initializes optional callback function, which should immediately start processing of CO
 371:CANopen/301/CO_Emergency.h ****  * function. Callback is called from CO_errorReport() or CO_errorReset() function. Those functions 
 372:CANopen/301/CO_Emergency.h ****  * called from any thread. Callback should immediately start mainline thread, which calls CO_EM_pro
 373:CANopen/301/CO_Emergency.h ****  *
 374:CANopen/301/CO_Emergency.h ****  * @param em This object.
 375:CANopen/301/CO_Emergency.h ****  * @param object Pointer to object, which will be passed to pFunctSignal(). Can be NULL
 376:CANopen/301/CO_Emergency.h ****  * @param pFunctSignal Pointer to the callback function. Not called if NULL.
 377:CANopen/301/CO_Emergency.h ****  */
 378:CANopen/301/CO_Emergency.h **** void CO_EM_initCallbackPre(CO_EM_t* em, void* object, void (*pFunctSignal)(void* object));
 379:CANopen/301/CO_Emergency.h **** #endif
 380:CANopen/301/CO_Emergency.h **** 
 381:CANopen/301/CO_Emergency.h **** #if (((CO_CONFIG_EM)&CO_CONFIG_EM_CONSUMER) != 0) || defined CO_DOXYGEN
 382:CANopen/301/CO_Emergency.h **** /**
 383:CANopen/301/CO_Emergency.h ****  * Initialize Emergency received callback function.
 384:CANopen/301/CO_Emergency.h ****  *
 385:CANopen/301/CO_Emergency.h ****  * Function initializes optional callback function, which executes after error condition is receive
 386:CANopen/301/CO_Emergency.h ****  *
 387:CANopen/301/CO_Emergency.h ****  * _ident_ argument from callback contains CAN-ID of the emergency message. If _ident_ == 0, then e
 388:CANopen/301/CO_Emergency.h ****  * sent from this device.
 389:CANopen/301/CO_Emergency.h ****  *
 390:CANopen/301/CO_Emergency.h ****  * @remark Depending on the CAN driver implementation, this function is called inside an ISR or ins
 391:CANopen/301/CO_Emergency.h ****  * be thread safe.
 392:CANopen/301/CO_Emergency.h ****  *
 393:CANopen/301/CO_Emergency.h ****  * @param em This object.
 394:CANopen/301/CO_Emergency.h ****  * @param pFunctSignalRx Pointer to the callback function. Not called if NULL.
 395:CANopen/301/CO_Emergency.h ****  */
 396:CANopen/301/CO_Emergency.h **** void CO_EM_initCallbackRx(CO_EM_t* em, void (*pFunctSignalRx)(const uint16_t ident, const uint16_t 
 397:CANopen/301/CO_Emergency.h ****                                                               const uint8_t errorRegister, const ui
 398:CANopen/301/CO_Emergency.h ****                                                               const uint32_t infoCode));
 399:CANopen/301/CO_Emergency.h **** #endif
 400:CANopen/301/CO_Emergency.h **** 
 401:CANopen/301/CO_Emergency.h **** /**
 402:CANopen/301/CO_Emergency.h ****  * Process Error control and Emergency object.
 403:CANopen/301/CO_Emergency.h ****  *
 404:CANopen/301/CO_Emergency.h ****  * Function must be called cyclically. It verifies some communication errors, calculates OD object 
 405:CANopen/301/CO_Emergency.h ****  * register" and sends emergency message if necessary.
 406:CANopen/301/CO_Emergency.h ****  *
 407:CANopen/301/CO_Emergency.h ****  * @param em This object.
 408:CANopen/301/CO_Emergency.h ****  * @param NMTisPreOrOperational True if this node is NMT_PRE_OPERATIONAL or NMT_OPERATIONAL state.
 409:CANopen/301/CO_Emergency.h ****  * @param timeDifference_us Time difference from previous function call in [microseconds].
 410:CANopen/301/CO_Emergency.h ****  * @param [out] timerNext_us info to OS - see CO_process().
 411:CANopen/301/CO_Emergency.h ****  */
 412:CANopen/301/CO_Emergency.h **** void CO_EM_process(CO_EM_t* em, bool_t NMTisPreOrOperational, uint32_t timeDifference_us, uint32_t*
 413:CANopen/301/CO_Emergency.h **** 
 414:CANopen/301/CO_Emergency.h **** /**
 415:CANopen/301/CO_Emergency.h ****  * Set or reset error condition.
 416:CANopen/301/CO_Emergency.h ****  *
 417:CANopen/301/CO_Emergency.h ****  * Function can be called on any error condition inside CANopen stack or application. Function firs
 418:CANopen/301/CO_Emergency.h ****  * error condition (setError is true and error bit wasn't set or setError is false and error bit wa
 419:CANopen/301/CO_Emergency.h ****  * changed, then Emergency message is prepared and record in history is added. Emergency message is
 420:CANopen/301/CO_Emergency.h ****  * CO_EM_process() function.
 421:CANopen/301/CO_Emergency.h ****  *
 422:CANopen/301/CO_Emergency.h ****  * Function is short and thread safe.
ARM GAS  C:\Users\Lenovo\AppData\Local\Temp\ccLI0PPk.s 			page 69


 423:CANopen/301/CO_Emergency.h ****  *
 424:CANopen/301/CO_Emergency.h ****  * @param em Emergency object.
 425:CANopen/301/CO_Emergency.h ****  * @param setError True if error occurred or false if error resolved.
 426:CANopen/301/CO_Emergency.h ****  * @param errorBit from @ref CO_EM_errorStatusBits_t.
 427:CANopen/301/CO_Emergency.h ****  * @param errorCode from @ref CO_EM_errorCode_t.
 428:CANopen/301/CO_Emergency.h ****  * @param infoCode 32 bit value is passed to bytes 4...7 of the Emergency message. It contains opti
 429:CANopen/301/CO_Emergency.h ****  * information.
 430:CANopen/301/CO_Emergency.h ****  */
 431:CANopen/301/CO_Emergency.h **** void CO_error(CO_EM_t* em, bool_t setError, const uint8_t errorBit, uint16_t errorCode, uint32_t in
 432:CANopen/301/CO_Emergency.h **** 
 433:CANopen/301/CO_Emergency.h **** /**
 434:CANopen/301/CO_Emergency.h ****  * Report error condition, for description of parameters see @ref CO_error.
 435:CANopen/301/CO_Emergency.h ****  */
 436:CANopen/301/CO_Emergency.h **** #define CO_errorReport(em, errorBit, errorCode, infoCode) CO_error(em, true, errorBit, errorCode, i
 437:CANopen/301/CO_Emergency.h **** 
 438:CANopen/301/CO_Emergency.h **** /**
 439:CANopen/301/CO_Emergency.h ****  * Reset error condition, for description of parameters see @ref CO_error.
 440:CANopen/301/CO_Emergency.h ****  */
 441:CANopen/301/CO_Emergency.h **** #define CO_errorReset(em, errorBit, infoCode)             CO_error(em, false, errorBit, CO_EMC_NO_E
 442:CANopen/301/CO_Emergency.h **** 
 443:CANopen/301/CO_Emergency.h **** /**
 444:CANopen/301/CO_Emergency.h ****  * Check specific error condition.
 445:CANopen/301/CO_Emergency.h ****  *
 446:CANopen/301/CO_Emergency.h ****  * Function returns true, if specific internal error is present.
 447:CANopen/301/CO_Emergency.h ****  *
 448:CANopen/301/CO_Emergency.h ****  * @param em Emergency object.
 449:CANopen/301/CO_Emergency.h ****  * @param errorBit from @ref CO_EM_errorStatusBits_t.
 450:CANopen/301/CO_Emergency.h ****  *
 451:CANopen/301/CO_Emergency.h ****  * @return true if Error is present.
 452:CANopen/301/CO_Emergency.h ****  */
 453:CANopen/301/CO_Emergency.h **** static inline bool_t
 454:CANopen/301/CO_Emergency.h **** CO_isError(CO_EM_t* em, const uint8_t errorBit) {
 1468              		.loc 4 454 1 is_stmt 1 view .LVU440
 1469              	.LBB46:
 455:CANopen/301/CO_Emergency.h ****     uint8_t index = errorBit >> 3;
 1470              		.loc 4 455 5 view .LVU441
 456:CANopen/301/CO_Emergency.h ****     uint8_t bitmask = 1 << (errorBit & 0x7);
 1471              		.loc 4 456 5 view .LVU442
 457:CANopen/301/CO_Emergency.h **** 
 458:CANopen/301/CO_Emergency.h ****     return (em == NULL || index >= (CO_CONFIG_EM_ERR_STATUS_BITS_COUNT / 8U)
 1472              		.loc 4 458 5 view .LVU443
 459:CANopen/301/CO_Emergency.h ****             || (em->errorStatusBits[index] & bitmask) != 0)
 460:CANopen/301/CO_Emergency.h ****                ? true
 461:CANopen/301/CO_Emergency.h ****                : false;
 1473              		.loc 4 461 16 is_stmt 0 view .LVU444
 1474 0054 C5B3     		cbz	r5, .L96
 459:CANopen/301/CO_Emergency.h ****             || (em->errorStatusBits[index] & bitmask) != 0)
 1475              		.loc 4 459 36 view .LVU445
 1476 0056 EA78     		ldrb	r2, [r5, #3]	@ zero_extendqisi2
 1477              		.loc 4 461 16 discriminator 2 view .LVU446
 1478 0058 12F0010F 		tst	r2, #1
 1479 005c 37D0     		beq	.L97
 1480              		.loc 4 461 16 discriminator 1 view .LVU447
 1481 005e 4FF0010E 		mov	lr, #1
 1482              	.L80:
 1483              	.LVL171:
 1484              		.loc 4 461 16 discriminator 1 view .LVU448
ARM GAS  C:\Users\Lenovo\AppData\Local\Temp\ccLI0PPk.s 			page 70


 1485              	.LBE46:
 1486              	.LBE45:
1346:CANopen/CANopen.c ****         bool_t ErrHbCons = CO_isError(co->em, CO_EM_HEARTBEAT_CONSUMER);
 1487              		.loc 1 1346 9 is_stmt 1 view .LVU449
 1488              	.LBB48:
 1489              	.LBI48:
 454:CANopen/301/CO_Emergency.h ****     uint8_t index = errorBit >> 3;
 1490              		.loc 4 454 1 view .LVU450
 1491              	.LBB49:
 455:CANopen/301/CO_Emergency.h ****     uint8_t bitmask = 1 << (errorBit & 0x7);
 1492              		.loc 4 455 5 view .LVU451
 456:CANopen/301/CO_Emergency.h **** 
 1493              		.loc 4 456 5 view .LVU452
 458:CANopen/301/CO_Emergency.h ****             || (em->errorStatusBits[index] & bitmask) != 0)
 1494              		.loc 4 458 5 view .LVU453
 1495              		.loc 4 461 16 is_stmt 0 view .LVU454
 1496 0062 BDB3     		cbz	r5, .L98
 459:CANopen/301/CO_Emergency.h ****                ? true
 1497              		.loc 4 459 36 view .LVU455
 1498 0064 EA78     		ldrb	r2, [r5, #3]	@ zero_extendqisi2
 1499              		.loc 4 461 16 discriminator 2 view .LVU456
 1500 0066 12F0080F 		tst	r2, #8
 1501 006a 35D0     		beq	.L99
 1502              		.loc 4 461 16 discriminator 1 view .LVU457
 1503 006c 0121     		movs	r1, #1
 1504              	.L81:
 1505              	.LVL172:
 1506              		.loc 4 461 16 discriminator 1 view .LVU458
 1507              	.LBE49:
 1508              	.LBE48:
1347:CANopen/CANopen.c ****         bool_t ErrHbConsRemote = CO_isError(co->em, CO_EM_HB_CONSUMER_REMOTE_RESET);
 1509              		.loc 1 1347 9 is_stmt 1 view .LVU459
 1510              	.LBB51:
 1511              	.LBI51:
 454:CANopen/301/CO_Emergency.h ****     uint8_t index = errorBit >> 3;
 1512              		.loc 4 454 1 view .LVU460
 1513              	.LBB52:
 455:CANopen/301/CO_Emergency.h ****     uint8_t bitmask = 1 << (errorBit & 0x7);
 1514              		.loc 4 455 5 view .LVU461
 456:CANopen/301/CO_Emergency.h **** 
 1515              		.loc 4 456 5 view .LVU462
 458:CANopen/301/CO_Emergency.h ****             || (em->errorStatusBits[index] & bitmask) != 0)
 1516              		.loc 4 458 5 view .LVU463
 1517              		.loc 4 461 16 is_stmt 0 view .LVU464
 1518 006e ADB3     		cbz	r5, .L100
 459:CANopen/301/CO_Emergency.h ****                ? true
 1519              		.loc 4 459 36 view .LVU465
 1520 0070 EA78     		ldrb	r2, [r5, #3]	@ zero_extendqisi2
 1521              		.loc 4 461 16 discriminator 2 view .LVU466
 1522 0072 12F0100F 		tst	r2, #16
 1523 0076 34D0     		beq	.L101
 1524              		.loc 4 461 16 discriminator 1 view .LVU467
 1525 0078 0122     		movs	r2, #1
 1526 007a 0992     		str	r2, [sp, #36]
 1527              	.L82:
 1528              	.LVL173:
 1529              		.loc 4 461 16 discriminator 1 view .LVU468
ARM GAS  C:\Users\Lenovo\AppData\Local\Temp\ccLI0PPk.s 			page 71


 1530              	.LBE52:
 1531              	.LBE51:
1348:CANopen/CANopen.c ****         CO_LEDs_process(co->LEDs, timeDifference_us, unc ? CO_NMT_INITIALIZING : NMTstate, LSSslave
 1532              		.loc 1 1348 9 is_stmt 1 view .LVU469
 1533 007c A06B     		ldr	r0, [r4, #56]
 1534 007e 9BBB     		cbnz	r3, .L102
 1535              		.loc 1 1348 9 is_stmt 0 discriminator 1 view .LVU470
 1536 0080 9DF92F20 		ldrsb	r2, [sp, #47]
 1537              	.L83:
 1538              		.loc 1 1348 9 discriminator 4 view .LVU471
 1539 0084 CCF3800B 		ubfx	fp, ip, #2, #1
 1540 0088 2CF0FC0C 		bic	ip, ip, #252
 1541              	.LVL174:
 1542              		.loc 1 1348 9 discriminator 4 view .LVU472
 1543 008c 4FEA8C5C 		lsl	ip, ip, #22
 1544 0090 4FEA9C5C 		lsr	ip, ip, #22
 1545 0094 BCF1000C 		subs	ip, ip, #0
 1546 0098 18BF     		it	ne
 1547 009a 4FF0010C 		movne	ip, #1
 1548 009e 2BBB     		cbnz	r3, .L103
1349:CANopen/CANopen.c ****                         (CANerrorStatus & CO_CAN_ERRTX_BUS_OFF) != 0U, (CANerrorStatus & CO_CAN_ERR
1350:CANopen/CANopen.c ****                         false, /* RPDO event timer timeout */
1351:CANopen/CANopen.c ****                         unc ? false : ErrSync, unc ? false : (ErrHbCons || ErrHbConsRemote),
 1549              		.loc 1 1351 60 discriminator 1 view .LVU473
 1550 00a0 39BB     		cbnz	r1, .L84
 1551              		.loc 1 1351 60 discriminator 6 view .LVU474
 1552 00a2 0999     		ldr	r1, [sp, #36]
 1553              	.LVL175:
 1554              		.loc 1 1351 60 discriminator 6 view .LVU475
 1555 00a4 25E0     		b	.L84
 1556              	.LVL176:
 1557              	.L90:
 1558              		.loc 1 1351 60 discriminator 6 view .LVU476
 1559              	.LBE44:
 1560              	.LBB61:
 1561              	.LBB41:
 1562              		.loc 2 250 48 discriminator 2 view .LVU477
 1563 00a6 0023     		movs	r3, #0
 1564              	.LVL177:
 1565              		.loc 2 250 48 discriminator 2 view .LVU478
 1566 00a8 B5E7     		b	.L76
 1567              	.LVL178:
 1568              	.L109:
 1569              		.loc 2 250 48 discriminator 2 view .LVU479
 1570              	.LBE41:
 1571              	.LBE61:
1315:CANopen/CANopen.c **** 
 1572              		.loc 1 1315 74 discriminator 3 view .LVU480
 1573 00aa 4FF00108 		mov	r8, #1
 1574 00ae BAE7     		b	.L77
 1575              	.L91:
 1576 00b0 4FF00108 		mov	r8, #1
 1577 00b4 B7E7     		b	.L77
 1578              	.LVL179:
 1579              	.L93:
1323:CANopen/CANopen.c ****         }
 1580              		.loc 1 1323 19 view .LVU481
ARM GAS  C:\Users\Lenovo\AppData\Local\Temp\ccLI0PPk.s 			page 72


 1581 00b6 4FF00109 		mov	r9, #1
 1582 00ba BEE7     		b	.L78
 1583              	.LVL180:
 1584              	.L94:
1331:CANopen/CANopen.c **** #if ((CO_CONFIG_LSS)&CO_CONFIG_LSS_SLAVE) != 0
 1585              		.loc 1 1331 12 view .LVU482
 1586 00bc 4FF0000A 		mov	r10, #0
 1587 00c0 C7E7     		b	.L79
 1588              	.LVL181:
 1589              	.L95:
1335:CANopen/CANopen.c ****         }
 1590              		.loc 1 1335 36 view .LVU483
 1591 00c2 4FF0010A 		mov	r10, #1
 1592 00c6 C4E7     		b	.L79
 1593              	.LVL182:
 1594              	.L96:
 1595              	.LBB62:
 1596              	.LBB54:
 1597              	.LBB47:
 1598              		.loc 4 461 16 discriminator 1 view .LVU484
 1599 00c8 4FF0010E 		mov	lr, #1
 1600 00cc C9E7     		b	.L80
 1601              	.L97:
 1602              		.loc 4 461 16 discriminator 3 view .LVU485
 1603 00ce 4FF0000E 		mov	lr, #0
 1604 00d2 C6E7     		b	.L80
 1605              	.LVL183:
 1606              	.L98:
 1607              		.loc 4 461 16 discriminator 3 view .LVU486
 1608              	.LBE47:
 1609              	.LBE54:
 1610              	.LBB55:
 1611              	.LBB50:
 1612              		.loc 4 461 16 discriminator 1 view .LVU487
 1613 00d4 0121     		movs	r1, #1
 1614 00d6 CAE7     		b	.L81
 1615              	.L99:
 1616              		.loc 4 461 16 discriminator 3 view .LVU488
 1617 00d8 0021     		movs	r1, #0
 1618 00da C8E7     		b	.L81
 1619              	.LVL184:
 1620              	.L100:
 1621              		.loc 4 461 16 discriminator 3 view .LVU489
 1622              	.LBE50:
 1623              	.LBE55:
 1624              	.LBB56:
 1625              	.LBB53:
 1626              		.loc 4 461 16 discriminator 1 view .LVU490
 1627 00dc 0122     		movs	r2, #1
 1628 00de 0992     		str	r2, [sp, #36]
 1629 00e0 CCE7     		b	.L82
 1630              	.L101:
 1631              		.loc 4 461 16 discriminator 3 view .LVU491
 1632 00e2 0022     		movs	r2, #0
 1633 00e4 0992     		str	r2, [sp, #36]
 1634 00e6 C9E7     		b	.L82
 1635              	.LVL185:
ARM GAS  C:\Users\Lenovo\AppData\Local\Temp\ccLI0PPk.s 			page 73


 1636              	.L102:
 1637              		.loc 4 461 16 discriminator 3 view .LVU492
 1638              	.LBE53:
 1639              	.LBE56:
1348:CANopen/CANopen.c ****                         (CANerrorStatus & CO_CAN_ERRTX_BUS_OFF) != 0U, (CANerrorStatus & CO_CAN_ERR
 1640              		.loc 1 1348 9 discriminator 2 view .LVU493
 1641 00e8 0022     		movs	r2, #0
 1642 00ea CBE7     		b	.L83
 1643              	.LVL186:
 1644              	.L103:
1348:CANopen/CANopen.c ****                         (CANerrorStatus & CO_CAN_ERRTX_BUS_OFF) != 0U, (CANerrorStatus & CO_CAN_ERR
 1645              		.loc 1 1348 9 discriminator 6 view .LVU494
 1646 00ec 4FF0000E 		mov	lr, #0
 1647              	.LVL187:
 1648              		.loc 1 1351 60 discriminator 6 view .LVU495
 1649 00f0 7146     		mov	r1, lr
 1650              	.LVL188:
 1651              	.L84:
 1652              	.LBB57:
 1653              	.LBI57:
 462:CANopen/301/CO_Emergency.h **** }
 463:CANopen/301/CO_Emergency.h **** 
 464:CANopen/301/CO_Emergency.h **** /**
 465:CANopen/301/CO_Emergency.h ****  * Get error register
 466:CANopen/301/CO_Emergency.h ****  *
 467:CANopen/301/CO_Emergency.h ****  * @param em Emergency object.
 468:CANopen/301/CO_Emergency.h ****  *
 469:CANopen/301/CO_Emergency.h ****  * @return Error register or 0 if doesn't exist.
 470:CANopen/301/CO_Emergency.h ****  */
 471:CANopen/301/CO_Emergency.h **** static inline uint8_t
 472:CANopen/301/CO_Emergency.h **** CO_getErrorRegister(CO_EM_t* em) {
 1654              		.loc 4 472 1 is_stmt 1 view .LVU496
 1655              	.LBB58:
 473:CANopen/301/CO_Emergency.h ****     return (em == NULL || em->errorRegister == NULL) ? 0 : *em->errorRegister;
 1656              		.loc 4 473 5 view .LVU497
 1657              		.loc 4 473 58 is_stmt 0 view .LVU498
 1658 00f2 DDB1     		cbz	r5, .L104
 1659              		.loc 4 473 29 discriminator 1 view .LVU499
 1660 00f4 EB68     		ldr	r3, [r5, #12]
 1661              	.LVL189:
 1662              		.loc 4 473 24 discriminator 1 view .LVU500
 1663 00f6 DBB1     		cbz	r3, .L105
 1664              		.loc 4 473 58 discriminator 3 view .LVU501
 1665 00f8 1B78     		ldrb	r3, [r3]	@ zero_extendqisi2
 1666              	.L85:
 1667              	.LVL190:
 1668              		.loc 4 473 58 discriminator 3 view .LVU502
 1669              	.LBE58:
 1670              	.LBE57:
1348:CANopen/CANopen.c ****                         (CANerrorStatus & CO_CAN_ERRTX_BUS_OFF) != 0U, (CANerrorStatus & CO_CAN_ERR
 1671              		.loc 1 1348 9 view .LVU503
 1672 00fa 0797     		str	r7, [sp, #28]
 1673              	.LVL191:
1348:CANopen/CANopen.c ****                         (CANerrorStatus & CO_CAN_ERRTX_BUS_OFF) != 0U, (CANerrorStatus & CO_CAN_ERR
 1674              		.loc 1 1348 9 view .LVU504
 1675 00fc 0025     		movs	r5, #0
 1676 00fe 0695     		str	r5, [sp, #24]
ARM GAS  C:\Users\Lenovo\AppData\Local\Temp\ccLI0PPk.s 			page 74


 1677 0100 5B1B     		subs	r3, r3, r5
 1678 0102 18BF     		it	ne
 1679 0104 0123     		movne	r3, #1
 1680 0106 0593     		str	r3, [sp, #20]
 1681 0108 0491     		str	r1, [sp, #16]
 1682 010a CDF80CE0 		str	lr, [sp, #12]
 1683 010e 0295     		str	r5, [sp, #8]
 1684 0110 CDF804C0 		str	ip, [sp, #4]
 1685 0114 CDF800B0 		str	fp, [sp]
 1686 0118 5346     		mov	r3, r10
 1687 011a 3146     		mov	r1, r6
 1688 011c FFF7FEFF 		bl	CO_LEDs_process
 1689              	.LVL192:
 1690              	.LBE62:
1352:CANopen/CANopen.c ****                         CO_getErrorRegister(co->em) != 0U, CO_STATUS_FIRMWARE_DOWNLOAD_IN_PROGRESS,
1353:CANopen/CANopen.c ****     }
1354:CANopen/CANopen.c **** #endif
1355:CANopen/CANopen.c **** 
1356:CANopen/CANopen.c ****     /* CANopen Node ID is unconfigured (LSS slave), stop processing here */
1357:CANopen/CANopen.c ****     if (co->nodeIdUnconfigured) {
 1691              		.loc 1 1357 5 is_stmt 1 view .LVU505
 1692              		.loc 1 1357 11 is_stmt 0 view .LVU506
 1693 0120 2368     		ldr	r3, [r4]
 1694              		.loc 1 1357 8 view .LVU507
 1695 0122 3BB1     		cbz	r3, .L110
 1696              	.LVL193:
 1697              	.L86:
1358:CANopen/CANopen.c ****         return reset;
1359:CANopen/CANopen.c ****     }
1360:CANopen/CANopen.c **** 
1361:CANopen/CANopen.c ****     /* Emergency */
1362:CANopen/CANopen.c ****     if (CO_GET_CNT(EM) == 1U) {
1363:CANopen/CANopen.c ****         CO_EM_process(co->em, NMTisPreOrOperational, timeDifference_us, timerNext_us);
1364:CANopen/CANopen.c ****     }
1365:CANopen/CANopen.c **** 
1366:CANopen/CANopen.c ****     /* NMT_Heartbeat */
1367:CANopen/CANopen.c ****     if (CO_GET_CNT(NMT) == 1U) {
1368:CANopen/CANopen.c ****         reset = CO_NMT_process(co->NMT, &NMTstate, timeDifference_us, timerNext_us);
1369:CANopen/CANopen.c ****     }
1370:CANopen/CANopen.c ****     NMTisPreOrOperational = ((NMTstate == CO_NMT_PRE_OPERATIONAL) || (NMTstate == CO_NMT_OPERATIONA
1371:CANopen/CANopen.c **** 
1372:CANopen/CANopen.c ****     /* SDOserver */
1373:CANopen/CANopen.c ****     for (uint8_t i = 0; i < CO_GET_CNT(SDO_SRV); i++) {
1374:CANopen/CANopen.c ****         (void)CO_SDOserver_process(&co->SDOserver[i], NMTisPreOrOperational, timeDifference_us, tim
1375:CANopen/CANopen.c ****     }
1376:CANopen/CANopen.c **** 
1377:CANopen/CANopen.c **** #if ((CO_CONFIG_HB_CONS)&CO_CONFIG_HB_CONS_ENABLE) != 0
1378:CANopen/CANopen.c ****     if (CO_GET_CNT(HB_CONS) == 1U) {
1379:CANopen/CANopen.c ****         CO_HBconsumer_process(co->HBcons, NMTisPreOrOperational, timeDifference_us, timerNext_us);
1380:CANopen/CANopen.c ****     }
1381:CANopen/CANopen.c **** #endif
1382:CANopen/CANopen.c **** 
1383:CANopen/CANopen.c **** #if ((CO_CONFIG_NODE_GUARDING)&CO_CONFIG_NODE_GUARDING_SLAVE_ENABLE) != 0
1384:CANopen/CANopen.c ****     CO_nodeGuardingSlave_process(co->NGslave, NMTstate, (co->NMT->HBproducerTime_us > 0U), timeDiff
1385:CANopen/CANopen.c ****                                  timerNext_us);
1386:CANopen/CANopen.c **** #endif
1387:CANopen/CANopen.c **** #if ((CO_CONFIG_NODE_GUARDING)&CO_CONFIG_NODE_GUARDING_MASTER_ENABLE) != 0
ARM GAS  C:\Users\Lenovo\AppData\Local\Temp\ccLI0PPk.s 			page 75


1388:CANopen/CANopen.c ****     CO_nodeGuardingMaster_process(co->NGmaster, timeDifference_us, timerNext_us);
1389:CANopen/CANopen.c **** #endif
1390:CANopen/CANopen.c **** 
1391:CANopen/CANopen.c **** #if ((CO_CONFIG_TIME)&CO_CONFIG_TIME_ENABLE) != 0
1392:CANopen/CANopen.c ****     if (CO_GET_CNT(TIME) == 1U) {
1393:CANopen/CANopen.c ****         (void)CO_TIME_process(co->TIME, NMTisPreOrOperational, timeDifference_us);
1394:CANopen/CANopen.c ****     }
1395:CANopen/CANopen.c **** #endif
1396:CANopen/CANopen.c **** 
1397:CANopen/CANopen.c **** #if ((CO_CONFIG_GTW)&CO_CONFIG_GTW_ASCII) != 0
1398:CANopen/CANopen.c ****     if (CO_GET_CNT(GTWA) == 1U) {
1399:CANopen/CANopen.c ****         CO_GTWA_process(co->gtwa, enableGateway, timeDifference_us, timerNext_us);
1400:CANopen/CANopen.c ****     }
1401:CANopen/CANopen.c **** #endif
1402:CANopen/CANopen.c **** 
1403:CANopen/CANopen.c ****     return reset;
1404:CANopen/CANopen.c **** }
 1698              		.loc 1 1404 1 view .LVU508
 1699 0124 4846     		mov	r0, r9
 1700 0126 0DB0     		add	sp, sp, #52
 1701              	.LCFI21:
 1702              		.cfi_remember_state
 1703              		.cfi_def_cfa_offset 36
 1704              		@ sp needed
 1705 0128 BDE8F08F 		pop	{r4, r5, r6, r7, r8, r9, r10, fp, pc}
 1706              	.LVL194:
 1707              	.L104:
 1708              	.LCFI22:
 1709              		.cfi_restore_state
 1710              	.LBB63:
 1711              	.LBB60:
 1712              	.LBB59:
 1713              		.loc 4 473 58 discriminator 4 view .LVU509
 1714 012c 0023     		movs	r3, #0
 1715              	.LVL195:
 1716              		.loc 4 473 58 discriminator 4 view .LVU510
 1717 012e E4E7     		b	.L85
 1718              	.L105:
 1719 0130 0023     		movs	r3, #0
 1720 0132 E2E7     		b	.L85
 1721              	.LVL196:
 1722              	.L110:
 1723              		.loc 4 473 58 discriminator 4 view .LVU511
 1724              	.LBE59:
 1725              	.LBE60:
 1726              	.LBE63:
1362:CANopen/CANopen.c ****         CO_EM_process(co->em, NMTisPreOrOperational, timeDifference_us, timerNext_us);
 1727              		.loc 1 1362 5 is_stmt 1 view .LVU512
1363:CANopen/CANopen.c ****     }
 1728              		.loc 1 1363 9 view .LVU513
 1729 0134 3B46     		mov	r3, r7
 1730 0136 3246     		mov	r2, r6
 1731 0138 4146     		mov	r1, r8
 1732 013a E069     		ldr	r0, [r4, #28]
 1733 013c FFF7FEFF 		bl	CO_EM_process
 1734              	.LVL197:
1367:CANopen/CANopen.c ****         reset = CO_NMT_process(co->NMT, &NMTstate, timeDifference_us, timerNext_us);
ARM GAS  C:\Users\Lenovo\AppData\Local\Temp\ccLI0PPk.s 			page 76


 1735              		.loc 1 1367 5 view .LVU514
1368:CANopen/CANopen.c ****     }
 1736              		.loc 1 1368 9 view .LVU515
1368:CANopen/CANopen.c ****     }
 1737              		.loc 1 1368 17 is_stmt 0 view .LVU516
 1738 0140 3B46     		mov	r3, r7
 1739 0142 3246     		mov	r2, r6
 1740 0144 0DF12F01 		add	r1, sp, #47
 1741 0148 2069     		ldr	r0, [r4, #16]
 1742 014a FFF7FEFF 		bl	CO_NMT_process
 1743              	.LVL198:
 1744 014e 8146     		mov	r9, r0
 1745              	.LVL199:
1370:CANopen/CANopen.c **** 
 1746              		.loc 1 1370 5 is_stmt 1 view .LVU517
1370:CANopen/CANopen.c **** 
 1747              		.loc 1 1370 40 is_stmt 0 view .LVU518
 1748 0150 9DF92F30 		ldrsb	r3, [sp, #47]
1370:CANopen/CANopen.c **** 
 1749              		.loc 1 1370 67 view .LVU519
 1750 0154 7F2B     		cmp	r3, #127
 1751 0156 14D0     		beq	.L106
1370:CANopen/CANopen.c **** 
 1752              		.loc 1 1370 67 discriminator 2 view .LVU520
 1753 0158 052B     		cmp	r3, #5
 1754 015a 0FD0     		beq	.L111
1370:CANopen/CANopen.c **** 
 1755              		.loc 1 1370 67 discriminator 4 view .LVU521
 1756 015c 4FF00008 		mov	r8, #0
 1757              	.LVL200:
 1758              	.L87:
1373:CANopen/CANopen.c ****         (void)CO_SDOserver_process(&co->SDOserver[i], NMTisPreOrOperational, timeDifference_us, tim
 1759              		.loc 1 1373 5 is_stmt 1 view .LVU522
 1760              	.LBB64:
1373:CANopen/CANopen.c ****         (void)CO_SDOserver_process(&co->SDOserver[i], NMTisPreOrOperational, timeDifference_us, tim
 1761              		.loc 1 1373 10 view .LVU523
1373:CANopen/CANopen.c ****         (void)CO_SDOserver_process(&co->SDOserver[i], NMTisPreOrOperational, timeDifference_us, tim
 1762              		.loc 1 1373 18 is_stmt 0 view .LVU524
 1763 0160 0025     		movs	r5, #0
 1764              	.LVL201:
 1765              	.L88:
1373:CANopen/CANopen.c ****         (void)CO_SDOserver_process(&co->SDOserver[i], NMTisPreOrOperational, timeDifference_us, tim
 1766              		.loc 1 1373 27 is_stmt 1 discriminator 1 view .LVU525
 1767 0162 8DB1     		cbz	r5, .L89
 1768              	.LBE64:
1378:CANopen/CANopen.c ****         CO_HBconsumer_process(co->HBcons, NMTisPreOrOperational, timeDifference_us, timerNext_us);
 1769              		.loc 1 1378 5 view .LVU526
1379:CANopen/CANopen.c ****     }
 1770              		.loc 1 1379 9 view .LVU527
 1771 0164 3B46     		mov	r3, r7
 1772 0166 3246     		mov	r2, r6
 1773 0168 4146     		mov	r1, r8
 1774 016a 6069     		ldr	r0, [r4, #20]
 1775 016c FFF7FEFF 		bl	CO_HBconsumer_process
 1776              	.LVL202:
1392:CANopen/CANopen.c ****         (void)CO_TIME_process(co->TIME, NMTisPreOrOperational, timeDifference_us);
 1777              		.loc 1 1392 5 view .LVU528
ARM GAS  C:\Users\Lenovo\AppData\Local\Temp\ccLI0PPk.s 			page 77


1393:CANopen/CANopen.c ****     }
 1778              		.loc 1 1393 9 view .LVU529
1393:CANopen/CANopen.c ****     }
 1779              		.loc 1 1393 15 is_stmt 0 view .LVU530
 1780 0170 3246     		mov	r2, r6
 1781 0172 4146     		mov	r1, r8
 1782 0174 A06A     		ldr	r0, [r4, #40]
 1783 0176 FFF7FEFF 		bl	CO_TIME_process
 1784              	.LVL203:
1403:CANopen/CANopen.c **** }
 1785              		.loc 1 1403 5 is_stmt 1 view .LVU531
1403:CANopen/CANopen.c **** }
 1786              		.loc 1 1403 12 is_stmt 0 view .LVU532
 1787 017a D3E7     		b	.L86
 1788              	.LVL204:
 1789              	.L111:
1370:CANopen/CANopen.c **** 
 1790              		.loc 1 1370 67 discriminator 3 view .LVU533
 1791 017c 4FF00108 		mov	r8, #1
 1792              	.LVL205:
1370:CANopen/CANopen.c **** 
 1793              		.loc 1 1370 67 discriminator 3 view .LVU534
 1794 0180 EEE7     		b	.L87
 1795              	.LVL206:
 1796              	.L106:
1370:CANopen/CANopen.c **** 
 1797              		.loc 1 1370 67 discriminator 3 view .LVU535
 1798 0182 4FF00108 		mov	r8, #1
 1799              	.LVL207:
1370:CANopen/CANopen.c **** 
 1800              		.loc 1 1370 67 discriminator 3 view .LVU536
 1801 0186 EBE7     		b	.L87
 1802              	.LVL208:
 1803              	.L89:
 1804              	.LBB65:
1374:CANopen/CANopen.c ****     }
 1805              		.loc 1 1374 9 is_stmt 1 view .LVU537
1374:CANopen/CANopen.c ****     }
 1806              		.loc 1 1374 39 is_stmt 0 view .LVU538
 1807 0188 606A     		ldr	r0, [r4, #36]
1374:CANopen/CANopen.c ****     }
 1808              		.loc 1 1374 15 view .LVU539
 1809 018a 3B46     		mov	r3, r7
 1810 018c 3246     		mov	r2, r6
 1811 018e 4146     		mov	r1, r8
 1812 0190 4FF0AC0C 		mov	ip, #172
 1813 0194 0CFB0500 		mla	r0, ip, r5, r0
 1814 0198 FFF7FEFF 		bl	CO_SDOserver_process
 1815              	.LVL209:
1373:CANopen/CANopen.c ****         (void)CO_SDOserver_process(&co->SDOserver[i], NMTisPreOrOperational, timeDifference_us, tim
 1816              		.loc 1 1373 51 is_stmt 1 discriminator 3 view .LVU540
 1817 019c 0135     		adds	r5, r5, #1
 1818              	.LVL210:
1373:CANopen/CANopen.c ****         (void)CO_SDOserver_process(&co->SDOserver[i], NMTisPreOrOperational, timeDifference_us, tim
 1819              		.loc 1 1373 51 is_stmt 0 discriminator 3 view .LVU541
 1820 019e EDB2     		uxtb	r5, r5
 1821 01a0 DFE7     		b	.L88
ARM GAS  C:\Users\Lenovo\AppData\Local\Temp\ccLI0PPk.s 			page 78


 1822              	.LBE65:
 1823              		.cfi_endproc
 1824              	.LFE47:
 1826              		.section	.text.CO_process_SYNC,"ax",%progbits
 1827              		.align	1
 1828              		.global	CO_process_SYNC
 1829              		.syntax unified
 1830              		.thumb
 1831              		.thumb_func
 1833              	CO_process_SYNC:
 1834              	.LVL211:
 1835              	.LFB48:
1405:CANopen/CANopen.c **** 
1406:CANopen/CANopen.c **** #if ((CO_CONFIG_SYNC)&CO_CONFIG_SYNC_ENABLE) != 0
1407:CANopen/CANopen.c **** bool_t
1408:CANopen/CANopen.c **** CO_process_SYNC(CO_t* co, uint32_t timeDifference_us, uint32_t* timerNext_us) {
 1836              		.loc 1 1408 79 is_stmt 1 view -0
 1837              		.cfi_startproc
 1838              		@ args = 0, pretend = 0, frame = 0
 1839              		@ frame_needed = 0, uses_anonymous_args = 0
 1840              		.loc 1 1408 79 is_stmt 0 view .LVU543
 1841 0000 38B5     		push	{r3, r4, r5, lr}
 1842              	.LCFI23:
 1843              		.cfi_def_cfa_offset 16
 1844              		.cfi_offset 3, -16
 1845              		.cfi_offset 4, -12
 1846              		.cfi_offset 5, -8
 1847              		.cfi_offset 14, -4
1409:CANopen/CANopen.c ****     bool_t syncWas = false;
 1848              		.loc 1 1409 5 is_stmt 1 view .LVU544
 1849              	.LVL212:
1410:CANopen/CANopen.c **** 
1411:CANopen/CANopen.c ****     if ((!co->nodeIdUnconfigured) && (CO_GET_CNT(SYNC) == 1U)) {
 1850              		.loc 1 1411 5 view .LVU545
 1851              		.loc 1 1411 13 is_stmt 0 view .LVU546
 1852 0002 0568     		ldr	r5, [r0]
 1853              		.loc 1 1411 8 view .LVU547
 1854 0004 EDB9     		cbnz	r5, .L116
 1855 0006 0446     		mov	r4, r0
 1856 0008 1346     		mov	r3, r2
 1857              	.LBB66:
1412:CANopen/CANopen.c ****         CO_NMT_internalState_t NMTstate = CO_NMT_getInternalState(co->NMT);
 1858              		.loc 1 1412 9 is_stmt 1 view .LVU548
 1859              		.loc 1 1412 43 is_stmt 0 view .LVU549
 1860 000a 0269     		ldr	r2, [r0, #16]
 1861              	.LVL213:
 1862              	.LBB67:
 1863              	.LBI67:
 249:CANopen/301/CO_NMT_Heartbeat.h ****     return (NMT == NULL) ? CO_NMT_INITIALIZING : NMT->operatingState;
 1864              		.loc 2 249 1 is_stmt 1 view .LVU550
 1865              	.LBB68:
 1866              		.loc 2 250 5 view .LVU551
 1867              		.loc 2 250 48 is_stmt 0 view .LVU552
 1868 000c 9AB1     		cbz	r2, .L117
 1869              		.loc 2 250 48 discriminator 1 view .LVU553
 1870 000e 92F90020 		ldrsb	r2, [r2]
 1871              	.LVL214:
ARM GAS  C:\Users\Lenovo\AppData\Local\Temp\ccLI0PPk.s 			page 79


 1872              		.loc 2 250 48 discriminator 1 view .LVU554
 1873              	.LBE68:
 1874              	.LBE67:
1413:CANopen/CANopen.c ****         bool_t NMTisPreOrOperational = ((NMTstate == CO_NMT_PRE_OPERATIONAL) || (NMTstate == CO_NMT
 1875              		.loc 1 1413 9 is_stmt 1 view .LVU555
 1876              		.loc 1 1413 78 is_stmt 0 view .LVU556
 1877 0012 7F2A     		cmp	r2, #127
 1878 0014 13D0     		beq	.L122
 1879              	.LVL215:
 1880              	.L114:
 1881              		.loc 1 1413 78 discriminator 2 view .LVU557
 1882 0016 052A     		cmp	r2, #5
 1883 0018 0FD0     		beq	.L123
 1884              		.loc 1 1413 78 discriminator 4 view .LVU558
 1885 001a 0020     		movs	r0, #0
 1886              	.LVL216:
 1887              	.L115:
1414:CANopen/CANopen.c **** 
1415:CANopen/CANopen.c ****         CO_SYNC_status_t sync_process = CO_SYNC_process(co->SYNC, NMTisPreOrOperational, timeDiffer
 1888              		.loc 1 1415 9 is_stmt 1 view .LVU559
 1889              		.loc 1 1415 41 is_stmt 0 view .LVU560
 1890 001c 0A46     		mov	r2, r1
 1891 001e 0146     		mov	r1, r0
 1892              	.LVL217:
 1893              		.loc 1 1415 41 view .LVU561
 1894 0020 E06A     		ldr	r0, [r4, #44]
 1895              	.LVL218:
 1896              		.loc 1 1415 41 view .LVU562
 1897 0022 FFF7FEFF 		bl	CO_SYNC_process
 1898              	.LVL219:
1416:CANopen/CANopen.c ****                                                         timerNext_us);
1417:CANopen/CANopen.c **** 
1418:CANopen/CANopen.c ****         switch (sync_process) {
 1899              		.loc 1 1418 9 is_stmt 1 view .LVU563
 1900 0026 0128     		cmp	r0, #1
 1901 0028 0ED0     		beq	.L120
 1902 002a 0228     		cmp	r0, #2
 1903 002c 0AD1     		bne	.L112
1419:CANopen/CANopen.c ****             case CO_SYNC_NONE: break;
1420:CANopen/CANopen.c ****             case CO_SYNC_RX_TX: syncWas = true; break;
1421:CANopen/CANopen.c ****             case CO_SYNC_PASSED_WINDOW: CO_CANclearPendingSyncPDOs(co->CANmodule); break;
 1904              		.loc 1 1421 41 view .LVU564
 1905 002e 6068     		ldr	r0, [r4, #4]
 1906              	.LVL220:
 1907              		.loc 1 1421 41 is_stmt 0 view .LVU565
 1908 0030 FFF7FEFF 		bl	CO_CANclearPendingSyncPDOs
 1909              	.LVL221:
 1910              		.loc 1 1421 84 is_stmt 1 discriminator 1 view .LVU566
 1911              		.loc 1 1421 84 is_stmt 0 view .LVU567
 1912 0034 06E0     		b	.L112
 1913              	.LVL222:
 1914              	.L117:
 1915              	.LBB70:
 1916              	.LBB69:
 1917              		.loc 2 250 48 discriminator 2 view .LVU568
 1918 0036 0022     		movs	r2, #0
 1919              	.LVL223:
ARM GAS  C:\Users\Lenovo\AppData\Local\Temp\ccLI0PPk.s 			page 80


 1920              		.loc 2 250 48 discriminator 2 view .LVU569
 1921 0038 EDE7     		b	.L114
 1922              	.LVL224:
 1923              	.L123:
 1924              		.loc 2 250 48 discriminator 2 view .LVU570
 1925              	.LBE69:
 1926              	.LBE70:
1413:CANopen/CANopen.c **** 
 1927              		.loc 1 1413 78 discriminator 3 view .LVU571
 1928 003a 0120     		movs	r0, #1
 1929              	.LVL225:
1413:CANopen/CANopen.c **** 
 1930              		.loc 1 1413 78 discriminator 3 view .LVU572
 1931 003c EEE7     		b	.L115
 1932              	.LVL226:
 1933              	.L122:
1413:CANopen/CANopen.c **** 
 1934              		.loc 1 1413 78 discriminator 3 view .LVU573
 1935 003e 0120     		movs	r0, #1
 1936              	.LVL227:
1413:CANopen/CANopen.c **** 
 1937              		.loc 1 1413 78 discriminator 3 view .LVU574
 1938 0040 ECE7     		b	.L115
 1939              	.LVL228:
 1940              	.L116:
1413:CANopen/CANopen.c **** 
 1941              		.loc 1 1413 78 discriminator 3 view .LVU575
 1942              	.LBE66:
1409:CANopen/CANopen.c **** 
 1943              		.loc 1 1409 12 view .LVU576
 1944 0042 0025     		movs	r5, #0
 1945              	.LVL229:
 1946              	.L112:
1422:CANopen/CANopen.c ****             default:
1423:CANopen/CANopen.c ****                 /* MISRA C 2004 15.3 */
1424:CANopen/CANopen.c ****                 break;
1425:CANopen/CANopen.c ****         }
1426:CANopen/CANopen.c ****     }
1427:CANopen/CANopen.c **** 
1428:CANopen/CANopen.c ****     return syncWas;
1429:CANopen/CANopen.c **** }
 1947              		.loc 1 1429 1 view .LVU577
 1948 0044 2846     		mov	r0, r5
 1949 0046 38BD     		pop	{r3, r4, r5, pc}
 1950              	.LVL230:
 1951              	.L120:
 1952              	.LBB71:
1420:CANopen/CANopen.c ****             case CO_SYNC_PASSED_WINDOW: CO_CANclearPendingSyncPDOs(co->CANmodule); break;
 1953              		.loc 1 1420 41 view .LVU578
 1954 0048 0125     		movs	r5, #1
 1955              	.LVL231:
1420:CANopen/CANopen.c ****             case CO_SYNC_PASSED_WINDOW: CO_CANclearPendingSyncPDOs(co->CANmodule); break;
 1956              		.loc 1 1420 41 view .LVU579
 1957              	.LBE71:
1428:CANopen/CANopen.c **** }
 1958              		.loc 1 1428 5 is_stmt 1 view .LVU580
1428:CANopen/CANopen.c **** }
ARM GAS  C:\Users\Lenovo\AppData\Local\Temp\ccLI0PPk.s 			page 81


 1959              		.loc 1 1428 12 is_stmt 0 view .LVU581
 1960 004a FBE7     		b	.L112
 1961              		.cfi_endproc
 1962              	.LFE48:
 1964              		.section	.text.CO_process_RPDO,"ax",%progbits
 1965              		.align	1
 1966              		.global	CO_process_RPDO
 1967              		.syntax unified
 1968              		.thumb
 1969              		.thumb_func
 1971              	CO_process_RPDO:
 1972              	.LVL232:
 1973              	.LFB49:
1430:CANopen/CANopen.c **** #endif
1431:CANopen/CANopen.c **** 
1432:CANopen/CANopen.c **** #if ((CO_CONFIG_PDO)&CO_CONFIG_RPDO_ENABLE) != 0
1433:CANopen/CANopen.c **** void
1434:CANopen/CANopen.c **** CO_process_RPDO(CO_t* co, bool_t syncWas, uint32_t timeDifference_us, uint32_t* timerNext_us) {
 1974              		.loc 1 1434 95 is_stmt 1 view -0
 1975              		.cfi_startproc
 1976              		@ args = 0, pretend = 0, frame = 0
 1977              		@ frame_needed = 0, uses_anonymous_args = 0
 1978              		.loc 1 1434 95 is_stmt 0 view .LVU583
 1979 0000 2DE9F043 		push	{r4, r5, r6, r7, r8, r9, lr}
 1980              	.LCFI24:
 1981              		.cfi_def_cfa_offset 28
 1982              		.cfi_offset 4, -28
 1983              		.cfi_offset 5, -24
 1984              		.cfi_offset 6, -20
 1985              		.cfi_offset 7, -16
 1986              		.cfi_offset 8, -12
 1987              		.cfi_offset 9, -8
 1988              		.cfi_offset 14, -4
 1989 0004 83B0     		sub	sp, sp, #12
 1990              	.LCFI25:
 1991              		.cfi_def_cfa_offset 40
 1992 0006 9846     		mov	r8, r3
1435:CANopen/CANopen.c ****     (void)timeDifference_us;
 1993              		.loc 1 1435 5 is_stmt 1 view .LVU584
1436:CANopen/CANopen.c ****     (void)timerNext_us;
 1994              		.loc 1 1436 5 view .LVU585
1437:CANopen/CANopen.c ****     if (co->nodeIdUnconfigured) {
 1995              		.loc 1 1437 5 view .LVU586
 1996              		.loc 1 1437 11 is_stmt 0 view .LVU587
 1997 0008 0368     		ldr	r3, [r0]
 1998              	.LVL233:
 1999              		.loc 1 1437 8 view .LVU588
 2000 000a 0BBB     		cbnz	r3, .L124
 2001 000c 0546     		mov	r5, r0
 2002 000e 0E46     		mov	r6, r1
 2003 0010 1746     		mov	r7, r2
1438:CANopen/CANopen.c ****         return;
1439:CANopen/CANopen.c ****     }
1440:CANopen/CANopen.c **** 
1441:CANopen/CANopen.c ****     bool_t NMTisOperational = CO_NMT_getInternalState(co->NMT) == CO_NMT_OPERATIONAL;
 2004              		.loc 1 1441 5 is_stmt 1 view .LVU589
 2005              		.loc 1 1441 31 is_stmt 0 view .LVU590
ARM GAS  C:\Users\Lenovo\AppData\Local\Temp\ccLI0PPk.s 			page 82


 2006 0012 0369     		ldr	r3, [r0, #16]
 2007              	.LVL234:
 2008              	.LBB72:
 2009              	.LBI72:
 249:CANopen/301/CO_NMT_Heartbeat.h ****     return (NMT == NULL) ? CO_NMT_INITIALIZING : NMT->operatingState;
 2010              		.loc 2 249 1 is_stmt 1 view .LVU591
 2011              	.LBB73:
 2012              		.loc 2 250 5 view .LVU592
 2013              		.loc 2 250 48 is_stmt 0 view .LVU593
 2014 0014 53B1     		cbz	r3, .L129
 2015              		.loc 2 250 48 discriminator 1 view .LVU594
 2016 0016 93F90090 		ldrsb	r9, [r3]
 2017              	.L126:
 2018              	.LVL235:
 2019              		.loc 2 250 48 discriminator 1 view .LVU595
 2020              	.LBE73:
 2021              	.LBE72:
 2022              		.loc 1 1441 64 discriminator 1 view .LVU596
 2023 001a B9F1050F 		cmp	r9, #5
 2024 001e 14BF     		ite	ne
 2025 0020 4FF00009 		movne	r9, #0
 2026 0024 4FF00109 		moveq	r9, #1
 2027              	.LVL236:
1442:CANopen/CANopen.c **** 
1443:CANopen/CANopen.c ****     for (uint16_t i = 0; i < CO_GET_CNT(RPDO); i++) {
 2028              		.loc 1 1443 5 is_stmt 1 view .LVU597
 2029              	.LBB75:
 2030              		.loc 1 1443 10 view .LVU598
 2031              		.loc 1 1443 19 is_stmt 0 view .LVU599
 2032 0028 0024     		movs	r4, #0
 2033              		.loc 1 1443 5 view .LVU600
 2034 002a 0FE0     		b	.L127
 2035              	.LVL237:
 2036              	.L129:
 2037              		.loc 1 1443 5 view .LVU601
 2038              	.LBE75:
 2039              	.LBB76:
 2040              	.LBB74:
 2041              		.loc 2 250 48 discriminator 2 view .LVU602
 2042 002c 4FF00009 		mov	r9, #0
 2043 0030 F3E7     		b	.L126
 2044              	.LVL238:
 2045              	.L128:
 2046              		.loc 2 250 48 discriminator 2 view .LVU603
 2047              	.LBE74:
 2048              	.LBE76:
 2049              	.LBB77:
1444:CANopen/CANopen.c ****         CO_RPDO_process(&co->RPDO[i],
 2050              		.loc 1 1444 9 is_stmt 1 view .LVU604
 2051              		.loc 1 1444 28 is_stmt 0 view .LVU605
 2052 0032 286B     		ldr	r0, [r5, #48]
 2053              		.loc 1 1444 9 view .LVU606
 2054 0034 0096     		str	r6, [sp]
 2055 0036 4B46     		mov	r3, r9
 2056 0038 4246     		mov	r2, r8
 2057 003a 3946     		mov	r1, r7
 2058 003c 4FF4CA7C 		mov	ip, #404
ARM GAS  C:\Users\Lenovo\AppData\Local\Temp\ccLI0PPk.s 			page 83


 2059 0040 0CFB0400 		mla	r0, ip, r4, r0
 2060 0044 FFF7FEFF 		bl	CO_RPDO_process
 2061              	.LVL239:
1443:CANopen/CANopen.c ****         CO_RPDO_process(&co->RPDO[i],
 2062              		.loc 1 1443 49 is_stmt 1 discriminator 3 view .LVU607
 2063 0048 0134     		adds	r4, r4, #1
 2064              	.LVL240:
1443:CANopen/CANopen.c ****         CO_RPDO_process(&co->RPDO[i],
 2065              		.loc 1 1443 49 is_stmt 0 discriminator 3 view .LVU608
 2066 004a A4B2     		uxth	r4, r4
 2067              	.LVL241:
 2068              	.L127:
1443:CANopen/CANopen.c ****         CO_RPDO_process(&co->RPDO[i],
 2069              		.loc 1 1443 28 is_stmt 1 discriminator 1 view .LVU609
 2070 004c 032C     		cmp	r4, #3
 2071 004e F0D9     		bls	.L128
 2072              	.LVL242:
 2073              	.L124:
1443:CANopen/CANopen.c ****         CO_RPDO_process(&co->RPDO[i],
 2074              		.loc 1 1443 28 is_stmt 0 discriminator 1 view .LVU610
 2075              	.LBE77:
1445:CANopen/CANopen.c **** #if ((CO_CONFIG_PDO)&CO_CONFIG_RPDO_TIMERS_ENABLE) != 0
1446:CANopen/CANopen.c ****                         timeDifference_us, timerNext_us,
1447:CANopen/CANopen.c **** #endif
1448:CANopen/CANopen.c ****                         NMTisOperational, syncWas);
1449:CANopen/CANopen.c ****     }
1450:CANopen/CANopen.c **** }
 2076              		.loc 1 1450 1 view .LVU611
 2077 0050 03B0     		add	sp, sp, #12
 2078              	.LCFI26:
 2079              		.cfi_def_cfa_offset 28
 2080              		@ sp needed
 2081 0052 BDE8F083 		pop	{r4, r5, r6, r7, r8, r9, pc}
 2082              		.loc 1 1450 1 view .LVU612
 2083              		.cfi_endproc
 2084              	.LFE49:
 2086              		.section	.text.CO_process_TPDO,"ax",%progbits
 2087              		.align	1
 2088              		.global	CO_process_TPDO
 2089              		.syntax unified
 2090              		.thumb
 2091              		.thumb_func
 2093              	CO_process_TPDO:
 2094              	.LVL243:
 2095              	.LFB50:
1451:CANopen/CANopen.c **** #endif
1452:CANopen/CANopen.c **** 
1453:CANopen/CANopen.c **** #if ((CO_CONFIG_PDO)&CO_CONFIG_TPDO_ENABLE) != 0
1454:CANopen/CANopen.c **** void
1455:CANopen/CANopen.c **** CO_process_TPDO(CO_t* co, bool_t syncWas, uint32_t timeDifference_us, uint32_t* timerNext_us) {
 2096              		.loc 1 1455 95 is_stmt 1 view -0
 2097              		.cfi_startproc
 2098              		@ args = 0, pretend = 0, frame = 0
 2099              		@ frame_needed = 0, uses_anonymous_args = 0
 2100              		.loc 1 1455 95 is_stmt 0 view .LVU614
 2101 0000 2DE9F043 		push	{r4, r5, r6, r7, r8, r9, lr}
 2102              	.LCFI27:
ARM GAS  C:\Users\Lenovo\AppData\Local\Temp\ccLI0PPk.s 			page 84


 2103              		.cfi_def_cfa_offset 28
 2104              		.cfi_offset 4, -28
 2105              		.cfi_offset 5, -24
 2106              		.cfi_offset 6, -20
 2107              		.cfi_offset 7, -16
 2108              		.cfi_offset 8, -12
 2109              		.cfi_offset 9, -8
 2110              		.cfi_offset 14, -4
 2111 0004 83B0     		sub	sp, sp, #12
 2112              	.LCFI28:
 2113              		.cfi_def_cfa_offset 40
 2114 0006 9846     		mov	r8, r3
1456:CANopen/CANopen.c ****     (void)timeDifference_us;
 2115              		.loc 1 1456 5 is_stmt 1 view .LVU615
1457:CANopen/CANopen.c ****     (void)timerNext_us;
 2116              		.loc 1 1457 5 view .LVU616
1458:CANopen/CANopen.c ****     if (co->nodeIdUnconfigured) {
 2117              		.loc 1 1458 5 view .LVU617
 2118              		.loc 1 1458 11 is_stmt 0 view .LVU618
 2119 0008 0368     		ldr	r3, [r0]
 2120              	.LVL244:
 2121              		.loc 1 1458 8 view .LVU619
 2122 000a 0BBB     		cbnz	r3, .L131
 2123 000c 0546     		mov	r5, r0
 2124 000e 0E46     		mov	r6, r1
 2125 0010 1746     		mov	r7, r2
1459:CANopen/CANopen.c ****         return;
1460:CANopen/CANopen.c ****     }
1461:CANopen/CANopen.c **** 
1462:CANopen/CANopen.c ****     bool_t NMTisOperational = CO_NMT_getInternalState(co->NMT) == CO_NMT_OPERATIONAL;
 2126              		.loc 1 1462 5 is_stmt 1 view .LVU620
 2127              		.loc 1 1462 31 is_stmt 0 view .LVU621
 2128 0012 0369     		ldr	r3, [r0, #16]
 2129              	.LVL245:
 2130              	.LBB78:
 2131              	.LBI78:
 249:CANopen/301/CO_NMT_Heartbeat.h ****     return (NMT == NULL) ? CO_NMT_INITIALIZING : NMT->operatingState;
 2132              		.loc 2 249 1 is_stmt 1 view .LVU622
 2133              	.LBB79:
 2134              		.loc 2 250 5 view .LVU623
 2135              		.loc 2 250 48 is_stmt 0 view .LVU624
 2136 0014 53B1     		cbz	r3, .L136
 2137              		.loc 2 250 48 discriminator 1 view .LVU625
 2138 0016 93F90090 		ldrsb	r9, [r3]
 2139              	.L133:
 2140              	.LVL246:
 2141              		.loc 2 250 48 discriminator 1 view .LVU626
 2142              	.LBE79:
 2143              	.LBE78:
 2144              		.loc 1 1462 64 discriminator 1 view .LVU627
 2145 001a B9F1050F 		cmp	r9, #5
 2146 001e 14BF     		ite	ne
 2147 0020 4FF00009 		movne	r9, #0
 2148 0024 4FF00109 		moveq	r9, #1
 2149              	.LVL247:
1463:CANopen/CANopen.c **** 
1464:CANopen/CANopen.c ****     for (uint16_t i = 0; i < CO_GET_CNT(TPDO); i++) {
ARM GAS  C:\Users\Lenovo\AppData\Local\Temp\ccLI0PPk.s 			page 85


 2150              		.loc 1 1464 5 is_stmt 1 view .LVU628
 2151              	.LBB81:
 2152              		.loc 1 1464 10 view .LVU629
 2153              		.loc 1 1464 19 is_stmt 0 view .LVU630
 2154 0028 0024     		movs	r4, #0
 2155              		.loc 1 1464 5 view .LVU631
 2156 002a 0FE0     		b	.L134
 2157              	.LVL248:
 2158              	.L136:
 2159              		.loc 1 1464 5 view .LVU632
 2160              	.LBE81:
 2161              	.LBB82:
 2162              	.LBB80:
 2163              		.loc 2 250 48 discriminator 2 view .LVU633
 2164 002c 4FF00009 		mov	r9, #0
 2165 0030 F3E7     		b	.L133
 2166              	.LVL249:
 2167              	.L135:
 2168              		.loc 2 250 48 discriminator 2 view .LVU634
 2169              	.LBE80:
 2170              	.LBE82:
 2171              	.LBB83:
1465:CANopen/CANopen.c ****         CO_TPDO_process(&co->TPDO[i],
 2172              		.loc 1 1465 9 is_stmt 1 view .LVU635
 2173              		.loc 1 1465 28 is_stmt 0 view .LVU636
 2174 0032 686B     		ldr	r0, [r5, #52]
 2175              		.loc 1 1465 9 view .LVU637
 2176 0034 0096     		str	r6, [sp]
 2177 0036 4B46     		mov	r3, r9
 2178 0038 4246     		mov	r2, r8
 2179 003a 3946     		mov	r1, r7
 2180 003c 4FF4C67C 		mov	ip, #396
 2181 0040 0CFB0400 		mla	r0, ip, r4, r0
 2182 0044 FFF7FEFF 		bl	CO_TPDO_process
 2183              	.LVL250:
1464:CANopen/CANopen.c ****         CO_TPDO_process(&co->TPDO[i],
 2184              		.loc 1 1464 49 is_stmt 1 discriminator 3 view .LVU638
 2185 0048 0134     		adds	r4, r4, #1
 2186              	.LVL251:
1464:CANopen/CANopen.c ****         CO_TPDO_process(&co->TPDO[i],
 2187              		.loc 1 1464 49 is_stmt 0 discriminator 3 view .LVU639
 2188 004a A4B2     		uxth	r4, r4
 2189              	.LVL252:
 2190              	.L134:
1464:CANopen/CANopen.c ****         CO_TPDO_process(&co->TPDO[i],
 2191              		.loc 1 1464 28 is_stmt 1 discriminator 1 view .LVU640
 2192 004c 032C     		cmp	r4, #3
 2193 004e F0D9     		bls	.L135
 2194              	.LVL253:
 2195              	.L131:
1464:CANopen/CANopen.c ****         CO_TPDO_process(&co->TPDO[i],
 2196              		.loc 1 1464 28 is_stmt 0 discriminator 1 view .LVU641
 2197              	.LBE83:
1466:CANopen/CANopen.c **** #if ((CO_CONFIG_PDO)&CO_CONFIG_TPDO_TIMERS_ENABLE) != 0
1467:CANopen/CANopen.c ****                         timeDifference_us, timerNext_us,
1468:CANopen/CANopen.c **** #endif
1469:CANopen/CANopen.c ****                         NMTisOperational, syncWas);
ARM GAS  C:\Users\Lenovo\AppData\Local\Temp\ccLI0PPk.s 			page 86


1470:CANopen/CANopen.c ****     }
1471:CANopen/CANopen.c **** }
 2198              		.loc 1 1471 1 view .LVU642
 2199 0050 03B0     		add	sp, sp, #12
 2200              	.LCFI29:
 2201              		.cfi_def_cfa_offset 28
 2202              		@ sp needed
 2203 0052 BDE8F083 		pop	{r4, r5, r6, r7, r8, r9, pc}
 2204              		.loc 1 1471 1 view .LVU643
 2205              		.cfi_endproc
 2206              	.LFE50:
 2208              		.text
 2209              	.Letext0:
 2210              		.file 5 "D:\\vscode\\stm32cubecltv122\\stm32cubeclt_1.22.0-Win-x86_64.exe\\anzhuang\\STM32CubeCLT_
 2211              		.file 6 "D:\\vscode\\stm32cubecltv122\\stm32cubeclt_1.22.0-Win-x86_64.exe\\anzhuang\\STM32CubeCLT_
 2212              		.file 7 "D:\\vscode\\stm32cubecltv122\\stm32cubeclt_1.22.0-Win-x86_64.exe\\anzhuang\\STM32CubeCLT_
 2213              		.file 8 "CANopen/example/CO_driver_target.h"
 2214              		.file 9 "CANopen/301/CO_driver.h"
 2215              		.file 10 "CANopen/301/CO_ODinterface.h"
 2216              		.file 11 "CANopen/301/CO_HBconsumer.h"
 2217              		.file 12 "CANopen/301/CO_SDOserver.h"
 2218              		.file 13 "CANopen/301/CO_SYNC.h"
 2219              		.file 14 "CANopen/301/CO_PDO.h"
 2220              		.file 15 "CANopen/301/CO_TIME.h"
 2221              		.file 16 "CANopen/303/CO_LEDs.h"
 2222              		.file 17 "CANopen/305/CO_LSS.h"
 2223              		.file 18 "CANopen/CANopen.h"
 2224              		.file 19 "D:\\vscode\\stm32cubecltv122\\stm32cubeclt_1.22.0-Win-x86_64.exe\\anzhuang\\STM32CubeCLT
 2225              		.file 20 "CANopen/example/OD.h"
ARM GAS  C:\Users\Lenovo\AppData\Local\Temp\ccLI0PPk.s 			page 87


DEFINED SYMBOLS
                            *ABS*:00000000 CANopen.c
C:\Users\Lenovo\AppData\Local\Temp\ccLI0PPk.s:21     .text.CO_delete:00000000 $t
C:\Users\Lenovo\AppData\Local\Temp\ccLI0PPk.s:27     .text.CO_delete:00000000 CO_delete
C:\Users\Lenovo\AppData\Local\Temp\ccLI0PPk.s:129    .text.CO_new:00000000 $t
C:\Users\Lenovo\AppData\Local\Temp\ccLI0PPk.s:135    .text.CO_new:00000000 CO_new
C:\Users\Lenovo\AppData\Local\Temp\ccLI0PPk.s:534    .text.CO_isLSSslaveEnabled:00000000 $t
C:\Users\Lenovo\AppData\Local\Temp\ccLI0PPk.s:540    .text.CO_isLSSslaveEnabled:00000000 CO_isLSSslaveEnabled
C:\Users\Lenovo\AppData\Local\Temp\ccLI0PPk.s:562    .text.CO_CANinit:00000000 $t
C:\Users\Lenovo\AppData\Local\Temp\ccLI0PPk.s:568    .text.CO_CANinit:00000000 CO_CANinit
C:\Users\Lenovo\AppData\Local\Temp\ccLI0PPk.s:644    .text.CO_LSSinit:00000000 $t
C:\Users\Lenovo\AppData\Local\Temp\ccLI0PPk.s:650    .text.CO_LSSinit:00000000 CO_LSSinit
C:\Users\Lenovo\AppData\Local\Temp\ccLI0PPk.s:716    .text.CO_CANopenInit:00000000 $t
C:\Users\Lenovo\AppData\Local\Temp\ccLI0PPk.s:722    .text.CO_CANopenInit:00000000 CO_CANopenInit
C:\Users\Lenovo\AppData\Local\Temp\ccLI0PPk.s:1058   .text.CO_CANopenInit:0000019c $d
C:\Users\Lenovo\AppData\Local\Temp\ccLI0PPk.s:1063   .text.CO_CANopenInitPDO:00000000 $t
C:\Users\Lenovo\AppData\Local\Temp\ccLI0PPk.s:1069   .text.CO_CANopenInitPDO:00000000 CO_CANopenInitPDO
C:\Users\Lenovo\AppData\Local\Temp\ccLI0PPk.s:1329   .text.CO_CANopenInitPDO:000000f4 $d
C:\Users\Lenovo\AppData\Local\Temp\ccLI0PPk.s:1334   .text.CO_process:00000000 $t
C:\Users\Lenovo\AppData\Local\Temp\ccLI0PPk.s:1340   .text.CO_process:00000000 CO_process
C:\Users\Lenovo\AppData\Local\Temp\ccLI0PPk.s:1827   .text.CO_process_SYNC:00000000 $t
C:\Users\Lenovo\AppData\Local\Temp\ccLI0PPk.s:1833   .text.CO_process_SYNC:00000000 CO_process_SYNC
C:\Users\Lenovo\AppData\Local\Temp\ccLI0PPk.s:1965   .text.CO_process_RPDO:00000000 $t
C:\Users\Lenovo\AppData\Local\Temp\ccLI0PPk.s:1971   .text.CO_process_RPDO:00000000 CO_process_RPDO
C:\Users\Lenovo\AppData\Local\Temp\ccLI0PPk.s:2087   .text.CO_process_TPDO:00000000 $t
C:\Users\Lenovo\AppData\Local\Temp\ccLI0PPk.s:2093   .text.CO_process_TPDO:00000000 CO_process_TPDO
                           .group:00000000 wm4.0.35f3e76e42575b99374c7d5ae37ca977
                           .group:00000000 wm4._newlib_version.h.4.0eb654b64686e2bd29646258853f6c22
                           .group:00000000 wm4.newlib.h.27.b904f6f8971bd921b436e5701877de32
                           .group:00000000 wm4.ieeefp.h.77.61a77db5804869b1dadd307a77cf78c9
                           .group:00000000 wm4.features.h.22.4b93ad64e0d80833c46a20ecae380bb0
                           .group:00000000 wm4.config.h.224.10ee1ad185d877c6e334e6581faab44d
                           .group:00000000 wm4._ansi.h.31.de524f58584151836e90d8620a16f8e8
                           .group:00000000 wm4.stddef.h.39.811583f327f35b0df7808fda70b062a0
                           .group:00000000 wm4._default_types.h.6.959254cf5f09734ea7516c89e8bb21bd
                           .group:00000000 wm4.cdefs.h.49.56fd742369e655e7e8a7e365e706e208
                           .group:00000000 wm4._types.h.20.dd0d04dca3800a0d2a6129b87f3adbb2
                           .group:00000000 wm4.stddef.h.173.4903093a50a8482cb062b176ea61fac3
                           .group:00000000 wm4._types.h.127.3bdfe3ff8ea2d0985b03d9cbe93480e3
                           .group:00000000 wm4.reent.h.18.25503cdc8b7e55dd0d6ea7b3e5af7a03
                           .group:00000000 wm4.lock.h.2.1461d1fff82dffe8bfddc23307f6484f
                           .group:00000000 wm4.reent.h.78.6d702f69a6d6435d2dbe915b10150b1a
                           .group:00000000 wm4.string.h.15.dab3980bf35408a4c507182805e2de3a
                           .group:00000000 wm4.stddef.h.173.1cea4f16a943c8e875db6791959c3141
                           .group:00000000 wm4.string.h.177.59a005921fa78485abc80a0267de5752
                           .group:00000000 wm4.CO_config.h.22.452d50582397b0b53966b3c1806ccf35
                           .group:00000000 wm4.stdbool.h.29.c08aa3eec75cf5b9b5003883f43253f0
                           .group:00000000 wm4._intsup.h.10.48bafbb683905c4daa4565a85aeeb264
                           .group:00000000 wm4._stdint.h.10.c24fa3af3bc1706662bb5593a907e841
                           .group:00000000 wm4.stdint.h.23.d53047a68f4a85177f80b422d52785ed
                           .group:00000000 wm4.CO_driver_target.h.41.ddd9ad301db6ca3aeb9eb6b4ba80bd58
                           .group:00000000 wm4.CO_driver.h.35.ff7c66b5b3baf7d65aef1dd87f3079c4
                           .group:00000000 wm4.CO_ODinterface.h.45.a35dbb7f13cf9ebdb05520f95fc946d0
                           .group:00000000 wm4.CO_Emergency.h.22.41b266f360f60ca97b32af88c96ba262
                           .group:00000000 wm4.CO_NMT_Heartbeat.h.30.2a9f5674d06b4835a49e26d6666c769b
                           .group:00000000 wm4.CO_Node_Guarding.h.22.3adad5c9b7db16f0ce183cc386dc1be4
                           .group:00000000 wm4.CO_SDOserver.h.22.316b9f506975b42046a796e96e8c76cf
ARM GAS  C:\Users\Lenovo\AppData\Local\Temp\ccLI0PPk.s 			page 88


                           .group:00000000 wm4.CO_fifo.h.22.bad7ec45613766f5d7772f08e63994e2
                           .group:00000000 wm4.CO_SDOclient.h.32.97795de072f1035a62cf776ffd08b261
                           .group:00000000 wm4.CO_SYNC.h.22.63bd0f1ed0454b9ad5a7d2f24cc8c8f2
                           .group:00000000 wm4.CO_PDO.h.30.efa052b349a84bea934507759a7fec27
                           .group:00000000 wm4.CO_TIME.h.22.ec1f373dbc544807570ab2e0f2f35c9e
                           .group:00000000 wm4.CO_LEDs.h.22.7841c3d1936fcc1755cc652610162bea
                           .group:00000000 wm4.CO_GFC.h.23.16077471343bb20a9e4265c23c9cf6f6
                           .group:00000000 wm4.CO_SRDO.h.24.1de75b654ca8030894473f17f1771764
                           .group:00000000 wm4.CO_LSS.h.23.8ec3972e2130c6a050ac69c08712f439
                           .group:00000000 wm4.CO_trace.h.22.6ad92db5ade146a8935be12f61cce715
                           .group:00000000 wm4.OD.h.32.cb53bcf6e2991777c436db3b788f3feb
                           .group:00000000 wm4.stdlib.h.13.4ed386f5c1a80d71e72172885d946ef2
                           .group:00000000 wm4.alloca.h.8.dfc0c703c47ec3e69746825b17d9e66d
                           .group:00000000 wm4.stdlib.h.56.f4862cfbf4363a1db01842d5bdf72c18

UNDEFINED SYMBOLS
CO_CANmodule_disable
free
calloc
CO_CANsetConfigurationMode
CO_CANmodule_init
CO_LSSslave_init
CO_LEDs_init
CO_EM_init
CO_NMT_init
CO_HBconsumer_init
CO_TIME_init
CO_SYNC_init
CO_SDOserver_init
OD
CO_RPDO_init
CO_TPDO_init
CO_CANmodule_process
CO_LSSslave_process
CO_LEDs_process
CO_EM_process
CO_NMT_process
CO_HBconsumer_process
CO_TIME_process
CO_SDOserver_process
CO_SYNC_process
CO_CANclearPendingSyncPDOs
CO_RPDO_process
CO_TPDO_process
