ARM GAS  C:\Users\Lenovo\AppData\Local\Temp\ccs8sfwA.s 			page 1


   1              		.cpu cortex-m4
   2              		.arch armv7e-m
   3              		.fpu fpv4-sp-d16
   4              		.eabi_attribute 27, 1
   5              		.eabi_attribute 28, 1
   6              		.eabi_attribute 20, 1
   7              		.eabi_attribute 21, 1
   8              		.eabi_attribute 23, 3
   9              		.eabi_attribute 24, 1
  10              		.eabi_attribute 25, 1
  11              		.eabi_attribute 26, 1
  12              		.eabi_attribute 30, 1
  13              		.eabi_attribute 34, 1
  14              		.eabi_attribute 18, 4
  15              		.file	"CO_Emergency.c"
  16              		.text
  17              	.Ltext0:
  18              		.cfi_sections	.debug_frame
  19              		.file 1 "CANopen/301/CO_Emergency.c"
  20              		.section	.text.OD_read_1014_default,"ax",%progbits
  21              		.align	1
  22              		.syntax unified
  23              		.thumb
  24              		.thumb_func
  26              	OD_read_1014_default:
  27              	.LVL0:
  28              	.LFB34:
   1:CANopen/301/CO_Emergency.c **** /*
   2:CANopen/301/CO_Emergency.c ****  * CANopen Emergency object.
   3:CANopen/301/CO_Emergency.c ****  *
   4:CANopen/301/CO_Emergency.c ****  * @file        CO_Emergency.c
   5:CANopen/301/CO_Emergency.c ****  * @ingroup     CO_Emergency
   6:CANopen/301/CO_Emergency.c ****  * @author      Janez Paternoster
   7:CANopen/301/CO_Emergency.c ****  * @copyright   2020 Janez Paternoster
   8:CANopen/301/CO_Emergency.c ****  *
   9:CANopen/301/CO_Emergency.c ****  * This file is part of <https://github.com/CANopenNode/CANopenNode>, a CANopen Stack.
  10:CANopen/301/CO_Emergency.c ****  *
  11:CANopen/301/CO_Emergency.c ****  * Licensed under the Apache License, Version 2.0 (the "License"); you may not use this
  12:CANopen/301/CO_Emergency.c ****  * file except in compliance with the License. You may obtain a copy of the License at
  13:CANopen/301/CO_Emergency.c ****  *
  14:CANopen/301/CO_Emergency.c ****  *     http://www.apache.org/licenses/LICENSE-2.0
  15:CANopen/301/CO_Emergency.c ****  *
  16:CANopen/301/CO_Emergency.c ****  * Unless required by applicable law or agreed to in writing, software distributed under the Licens
  17:CANopen/301/CO_Emergency.c ****  * distributed on an "AS IS" BASIS, WITHOUT WARRANTIES OR CONDITIONS OF ANY KIND, either express or
  18:CANopen/301/CO_Emergency.c ****  * See the License for the specific language governing permissions and limitations under the Licens
  19:CANopen/301/CO_Emergency.c ****  */
  20:CANopen/301/CO_Emergency.c **** 
  21:CANopen/301/CO_Emergency.c **** #include <string.h>
  22:CANopen/301/CO_Emergency.c **** 
  23:CANopen/301/CO_Emergency.c **** #include "301/CO_Emergency.h"
  24:CANopen/301/CO_Emergency.c **** 
  25:CANopen/301/CO_Emergency.c **** /* verify configuration */
  26:CANopen/301/CO_Emergency.c **** #if CO_CONFIG_EM_ERR_STATUS_BITS_COUNT < (6U * 8U) || CO_CONFIG_EM_ERR_STATUS_BITS_COUNT > 256U    
  27:CANopen/301/CO_Emergency.c ****     || (CO_CONFIG_EM_ERR_STATUS_BITS_COUNT % 8U) != 0
  28:CANopen/301/CO_Emergency.c **** #error CO_CONFIG_EM_ERR_STATUS_BITS_COUNT is not correct
  29:CANopen/301/CO_Emergency.c **** #endif
  30:CANopen/301/CO_Emergency.c **** 
ARM GAS  C:\Users\Lenovo\AppData\Local\Temp\ccs8sfwA.s 			page 2


  31:CANopen/301/CO_Emergency.c **** /* fifo buffer example for fifoSize = 7 (actual capacity = 6)                 *
  32:CANopen/301/CO_Emergency.c ****  *                                                                            *
  33:CANopen/301/CO_Emergency.c ****  *   0      *            *             *            *                         *
  34:CANopen/301/CO_Emergency.c ****  *   1    pp==wp     fifoPpPtr     fifoWrPtr        *                         *
  35:CANopen/301/CO_Emergency.c ****  *   2      *            *             *            *                         *
  36:CANopen/301/CO_Emergency.c ****  *   3      *            *             *        fifoWrPtr                     *
  37:CANopen/301/CO_Emergency.c ****  *   4      *        fifoWrPtr     fifoPpPtr    fifoPpPtr                     *
  38:CANopen/301/CO_Emergency.c ****  *   5      *            *             *            *                         *
  39:CANopen/301/CO_Emergency.c ****  *   6      *            *             *            *                         *
  40:CANopen/301/CO_Emergency.c ****  *                                                                            *
  41:CANopen/301/CO_Emergency.c ****  *       nothing      3 bytes       4 bytes       buffer                      *
  42:CANopen/301/CO_Emergency.c ****  *     to process   to process    to process      full                        *
  43:CANopen/301/CO_Emergency.c ****  ******************************************************************************/
  44:CANopen/301/CO_Emergency.c **** 
  45:CANopen/301/CO_Emergency.c **** #if ((CO_CONFIG_EM)&CO_CONFIG_EM_PRODUCER) != 0
  46:CANopen/301/CO_Emergency.c **** #if ((CO_CONFIG_EM)&CO_CONFIG_EM_PROD_CONFIGURABLE) != 0
  47:CANopen/301/CO_Emergency.c **** /*
  48:CANopen/301/CO_Emergency.c ****  * Custom functions for read/write OD object "COB-ID EMCY"
  49:CANopen/301/CO_Emergency.c ****  *
  50:CANopen/301/CO_Emergency.c ****  * For more information see file CO_ODinterface.h, OD_IO_t.
  51:CANopen/301/CO_Emergency.c ****  */
  52:CANopen/301/CO_Emergency.c **** static ODR_t
  53:CANopen/301/CO_Emergency.c **** OD_read_1014(OD_stream_t* stream, void* buf, OD_size_t count, OD_size_t* countRead) {
  54:CANopen/301/CO_Emergency.c ****     if ((stream == NULL) || (stream->subIndex != 0U) || (buf == NULL) || (count < sizeof(uint32_t))
  55:CANopen/301/CO_Emergency.c ****         || (countRead == NULL)) {
  56:CANopen/301/CO_Emergency.c ****         return ODR_DEV_INCOMPAT;
  57:CANopen/301/CO_Emergency.c ****     }
  58:CANopen/301/CO_Emergency.c **** 
  59:CANopen/301/CO_Emergency.c ****     CO_EM_t* em = (CO_EM_t*)stream->object;
  60:CANopen/301/CO_Emergency.c **** 
  61:CANopen/301/CO_Emergency.c ****     uint16_t canId = (em->producerCanId == CO_CAN_ID_EMERGENCY) ? (CO_CAN_ID_EMERGENCY + em->nodeId
  62:CANopen/301/CO_Emergency.c ****                                                                 : em->producerCanId;
  63:CANopen/301/CO_Emergency.c ****     uint32_t COB_IDEmergency32 = em->producerEnabled ? 0U : 0x80000000U;
  64:CANopen/301/CO_Emergency.c ****     COB_IDEmergency32 |= canId;
  65:CANopen/301/CO_Emergency.c ****     (void)CO_setUint32(buf, COB_IDEmergency32);
  66:CANopen/301/CO_Emergency.c **** 
  67:CANopen/301/CO_Emergency.c ****     *countRead = sizeof(uint32_t);
  68:CANopen/301/CO_Emergency.c ****     return ODR_OK;
  69:CANopen/301/CO_Emergency.c **** }
  70:CANopen/301/CO_Emergency.c **** 
  71:CANopen/301/CO_Emergency.c **** static ODR_t
  72:CANopen/301/CO_Emergency.c **** OD_write_1014(OD_stream_t* stream, const void* buf, OD_size_t count, OD_size_t* countWritten) {
  73:CANopen/301/CO_Emergency.c ****     if ((stream == NULL) || (stream->subIndex != 0U) || (buf == NULL) || (count != sizeof(uint32_t)
  74:CANopen/301/CO_Emergency.c ****         || (countWritten == NULL)) {
  75:CANopen/301/CO_Emergency.c ****         return ODR_DEV_INCOMPAT;
  76:CANopen/301/CO_Emergency.c ****     }
  77:CANopen/301/CO_Emergency.c **** 
  78:CANopen/301/CO_Emergency.c ****     CO_EM_t* em = (CO_EM_t*)stream->object;
  79:CANopen/301/CO_Emergency.c **** 
  80:CANopen/301/CO_Emergency.c ****     /* Verify written value. COB ID must not change, if emergency is enabled */
  81:CANopen/301/CO_Emergency.c ****     uint32_t COB_IDEmergency32 = CO_getUint32(buf);
  82:CANopen/301/CO_Emergency.c ****     uint16_t newCanId = (uint16_t)(COB_IDEmergency32 & 0x7FFU);
  83:CANopen/301/CO_Emergency.c ****     uint16_t curCanId = (em->producerCanId == CO_CAN_ID_EMERGENCY) ? (CO_CAN_ID_EMERGENCY + em->nod
  84:CANopen/301/CO_Emergency.c ****                                                                    : em->producerCanId;
  85:CANopen/301/CO_Emergency.c ****     bool_t newEnabled = ((COB_IDEmergency32 & 0x80000000U) == 0U) && (newCanId != 0U);
  86:CANopen/301/CO_Emergency.c ****     if (((COB_IDEmergency32 & 0x7FFFF800U) != 0U) || CO_IS_RESTRICTED_CAN_ID(newCanId)
  87:CANopen/301/CO_Emergency.c ****         || ((em->producerEnabled && newEnabled) && (newCanId != curCanId))) {
ARM GAS  C:\Users\Lenovo\AppData\Local\Temp\ccs8sfwA.s 			page 3


  88:CANopen/301/CO_Emergency.c ****         return ODR_INVALID_VALUE;
  89:CANopen/301/CO_Emergency.c ****     }
  90:CANopen/301/CO_Emergency.c **** 
  91:CANopen/301/CO_Emergency.c ****     /* store values. If default CAN-ID is used, then store only value of CO_CAN_ID_EMERGENCY withou
  92:CANopen/301/CO_Emergency.c ****     em->producerEnabled = newEnabled;
  93:CANopen/301/CO_Emergency.c ****     em->producerCanId = (newCanId == ((uint16_t)CO_CAN_ID_EMERGENCY + em->nodeId)) ? CO_CAN_ID_EMER
  94:CANopen/301/CO_Emergency.c **** 
  95:CANopen/301/CO_Emergency.c ****     /* configure emergency message CAN transmission */
  96:CANopen/301/CO_Emergency.c ****     if (newEnabled) {
  97:CANopen/301/CO_Emergency.c ****         em->CANtxBuff = CO_CANtxBufferInit(em->CANdevTx, em->CANdevTxIdx, newCanId, false, 8U, fals
  98:CANopen/301/CO_Emergency.c ****     }
  99:CANopen/301/CO_Emergency.c **** 
 100:CANopen/301/CO_Emergency.c ****     /* write value to the original location in the Object Dictionary */
 101:CANopen/301/CO_Emergency.c ****     return OD_writeOriginal(stream, buf, count, countWritten);
 102:CANopen/301/CO_Emergency.c **** }
 103:CANopen/301/CO_Emergency.c **** #else
 104:CANopen/301/CO_Emergency.c **** /*
 105:CANopen/301/CO_Emergency.c ****  * Custom functions for read/write OD object "COB-ID EMCY"
 106:CANopen/301/CO_Emergency.c ****  *
 107:CANopen/301/CO_Emergency.c ****  * For more information see file CO_ODinterface.h, OD_IO_t.
 108:CANopen/301/CO_Emergency.c ****  */
 109:CANopen/301/CO_Emergency.c **** static ODR_t
 110:CANopen/301/CO_Emergency.c **** OD_read_1014_default(OD_stream_t* stream, void* buf, OD_size_t count, OD_size_t* countRead) {
  29              		.loc 1 110 93 view -0
  30              		.cfi_startproc
  31              		@ args = 0, pretend = 0, frame = 0
  32              		@ frame_needed = 0, uses_anonymous_args = 0
  33              		@ link register save eliminated.
 111:CANopen/301/CO_Emergency.c ****     if ((stream == NULL) || (stream->subIndex != 0U) || (buf == NULL) || (count < sizeof(uint32_t))
  34              		.loc 1 111 5 view .LVU1
  35              		.loc 1 111 8 is_stmt 0 view .LVU2
  36 0000 8446     		mov	ip, r0
  37 0002 B0B1     		cbz	r0, .L4
  38              		.loc 1 111 36 discriminator 1 view .LVU3
  39 0004 007D     		ldrb	r0, [r0, #20]	@ zero_extendqisi2
  40              	.LVL1:
  41              		.loc 1 111 26 discriminator 1 view .LVU4
  42 0006 B0B9     		cbnz	r0, .L5
  43              		.loc 1 111 54 discriminator 2 view .LVU5
  44 0008 B9B1     		cbz	r1, .L6
  45              		.loc 1 111 71 discriminator 3 view .LVU6
  46 000a 032A     		cmp	r2, #3
  47 000c 17D9     		bls	.L7
 112:CANopen/301/CO_Emergency.c ****         || (countRead == NULL)) {
  48              		.loc 1 112 9 view .LVU7
  49 000e C3B1     		cbz	r3, .L8
 113:CANopen/301/CO_Emergency.c ****         return ODR_DEV_INCOMPAT;
 114:CANopen/301/CO_Emergency.c ****     }
 115:CANopen/301/CO_Emergency.c **** 
 116:CANopen/301/CO_Emergency.c ****     CO_EM_t* em = (CO_EM_t*)stream->object;
  50              		.loc 1 116 5 is_stmt 1 view .LVU8
  51              		.loc 1 116 14 is_stmt 0 view .LVU9
  52 0010 DCF80420 		ldr	r2, [ip, #4]
  53              	.LVL2:
 117:CANopen/301/CO_Emergency.c **** 
 118:CANopen/301/CO_Emergency.c ****     uint32_t COB_IDEmergency32 = em->producerEnabled ? 0U : 0x80000000U;
  54              		.loc 1 118 5 is_stmt 1 view .LVU10
ARM GAS  C:\Users\Lenovo\AppData\Local\Temp\ccs8sfwA.s 			page 4


  55              		.loc 1 118 36 is_stmt 0 view .LVU11
  56 0014 506A     		ldr	r0, [r2, #36]
  57              		.loc 1 118 59 view .LVU12
  58 0016 48B1     		cbz	r0, .L9
  59              		.loc 1 118 59 discriminator 1 view .LVU13
  60 0018 0020     		movs	r0, #0
  61              	.L3:
  62              	.LVL3:
 119:CANopen/301/CO_Emergency.c ****     COB_IDEmergency32 |= CO_CAN_ID_EMERGENCY + (uint32_t)em->nodeId;
  63              		.loc 1 119 5 is_stmt 1 view .LVU14
  64              		.loc 1 119 60 is_stmt 0 view .LVU15
  65 001a 92F82820 		ldrb	r2, [r2, #40]	@ zero_extendqisi2
  66              	.LVL4:
  67              		.loc 1 119 46 view .LVU16
  68 001e 8032     		adds	r2, r2, #128
  69              		.loc 1 119 23 view .LVU17
  70 0020 0243     		orrs	r2, r2, r0
  71              	.LVL5:
 120:CANopen/301/CO_Emergency.c ****     (void)CO_setUint32(buf, COB_IDEmergency32);
  72              		.loc 1 120 5 is_stmt 1 view .LVU18
  73              	.LBB23:
  74              	.LBI23:
  75              		.file 2 "CANopen/301/CO_driver.h"
   1:CANopen/301/CO_driver.h **** /**
   2:CANopen/301/CO_driver.h ****  * Interface between CAN hardware and CANopenNode.
   3:CANopen/301/CO_driver.h ****  *
   4:CANopen/301/CO_driver.h ****  * @file        CO_driver.h
   5:CANopen/301/CO_driver.h ****  * @ingroup     CO_driver
   6:CANopen/301/CO_driver.h ****  * @author      Janez Paternoster
   7:CANopen/301/CO_driver.h ****  * @copyright   2004 - 2020 Janez Paternoster
   8:CANopen/301/CO_driver.h ****  *
   9:CANopen/301/CO_driver.h ****  * This file is part of <https://github.com/CANopenNode/CANopenNode>, a CANopen Stack.
  10:CANopen/301/CO_driver.h ****  *
  11:CANopen/301/CO_driver.h ****  * Licensed under the Apache License, Version 2.0 (the "License"); you may not use this
  12:CANopen/301/CO_driver.h ****  * file except in compliance with the License. You may obtain a copy of the License at
  13:CANopen/301/CO_driver.h ****  *
  14:CANopen/301/CO_driver.h ****  *     http://www.apache.org/licenses/LICENSE-2.0
  15:CANopen/301/CO_driver.h ****  *
  16:CANopen/301/CO_driver.h ****  * Unless required by applicable law or agreed to in writing, software distributed under the Licens
  17:CANopen/301/CO_driver.h ****  * distributed on an "AS IS" BASIS, WITHOUT WARRANTIES OR CONDITIONS OF ANY KIND, either express or
  18:CANopen/301/CO_driver.h ****  * See the License for the specific language governing permissions and limitations under the Licens
  19:CANopen/301/CO_driver.h ****  */
  20:CANopen/301/CO_driver.h **** 
  21:CANopen/301/CO_driver.h **** #ifndef CO_DRIVER_H
  22:CANopen/301/CO_driver.h **** #define CO_DRIVER_H
  23:CANopen/301/CO_driver.h **** 
  24:CANopen/301/CO_driver.h **** #include <string.h>
  25:CANopen/301/CO_driver.h **** 
  26:CANopen/301/CO_driver.h **** #include "CO_config.h"
  27:CANopen/301/CO_driver.h **** #include "CO_driver_target.h"
  28:CANopen/301/CO_driver.h **** 
  29:CANopen/301/CO_driver.h **** #ifdef __cplusplus
  30:CANopen/301/CO_driver.h **** extern "C" {
  31:CANopen/301/CO_driver.h **** #endif
  32:CANopen/301/CO_driver.h **** 
  33:CANopen/301/CO_driver.h **** /* Stack configuration default global values. For more information see file CO_config.h. */
  34:CANopen/301/CO_driver.h **** #ifndef CO_CONFIG_GLOBAL_FLAG_CALLBACK_PRE
ARM GAS  C:\Users\Lenovo\AppData\Local\Temp\ccs8sfwA.s 			page 5


  35:CANopen/301/CO_driver.h **** #define CO_CONFIG_GLOBAL_FLAG_CALLBACK_PRE (0)
  36:CANopen/301/CO_driver.h **** #endif
  37:CANopen/301/CO_driver.h **** #ifndef CO_CONFIG_GLOBAL_RT_FLAG_CALLBACK_PRE
  38:CANopen/301/CO_driver.h **** #define CO_CONFIG_GLOBAL_RT_FLAG_CALLBACK_PRE (0)
  39:CANopen/301/CO_driver.h **** #endif
  40:CANopen/301/CO_driver.h **** #ifndef CO_CONFIG_GLOBAL_FLAG_TIMERNEXT
  41:CANopen/301/CO_driver.h **** #define CO_CONFIG_GLOBAL_FLAG_TIMERNEXT (0)
  42:CANopen/301/CO_driver.h **** #endif
  43:CANopen/301/CO_driver.h **** #ifndef CO_CONFIG_GLOBAL_FLAG_OD_DYNAMIC
  44:CANopen/301/CO_driver.h **** #define CO_CONFIG_GLOBAL_FLAG_OD_DYNAMIC CO_CONFIG_FLAG_OD_DYNAMIC
  45:CANopen/301/CO_driver.h **** #endif
  46:CANopen/301/CO_driver.h **** #ifdef CO_DEBUG_COMMON
  47:CANopen/301/CO_driver.h **** #if (CO_CONFIG_DEBUG) & CO_CONFIG_DEBUG_SDO_CLIENT
  48:CANopen/301/CO_driver.h **** #define CO_DEBUG_SDO_CLIENT(msg) CO_DEBUG_COMMON(msg)
  49:CANopen/301/CO_driver.h **** #endif
  50:CANopen/301/CO_driver.h **** #if (CO_CONFIG_DEBUG) & CO_CONFIG_DEBUG_SDO_SERVER
  51:CANopen/301/CO_driver.h **** #define CO_DEBUG_SDO_SERVER(msg) CO_DEBUG_COMMON(msg)
  52:CANopen/301/CO_driver.h **** #endif
  53:CANopen/301/CO_driver.h **** #endif
  54:CANopen/301/CO_driver.h **** 
  55:CANopen/301/CO_driver.h **** /**
  56:CANopen/301/CO_driver.h ****  * @defgroup CO_driver Driver
  57:CANopen/301/CO_driver.h ****  * Interface between CAN hardware and CANopenNode.
  58:CANopen/301/CO_driver.h ****  *
  59:CANopen/301/CO_driver.h ****  * @ingroup CO_CANopen_301
  60:CANopen/301/CO_driver.h ****  * @{
  61:CANopen/301/CO_driver.h ****  * CANopenNode is designed for speed and portability. It runs efficiently on devices from simple 16
  62:CANopen/301/CO_driver.h ****  * to PC computers. It can run in multiple threads. Reception of CAN messages is pre-processed with
  63:CANopen/301/CO_driver.h ****  * Time critical objects, such as PDO or SYNC are processed in real-time thread and other objects a
  64:CANopen/301/CO_driver.h ****  * normal thread. See Flowchart in [README.md](index.html) for more information.
  65:CANopen/301/CO_driver.h ****  *
  66:CANopen/301/CO_driver.h ****  * @anchor CO_obj
  67:CANopen/301/CO_driver.h ****  * #### CANopenNode Object
  68:CANopen/301/CO_driver.h ****  * CANopenNode is implemented as a collection of different objects, for example SDO, SYNC, Emergenc
  69:CANopen/301/CO_driver.h ****  * Heartbeat, etc. Code is written in C language and tries to be object oriented. So each CANopenNo
  70:CANopen/301/CO_driver.h ****  * implemented in a pair of .h/.c files. It basically contains a structure with all necessary varia
  71:CANopen/301/CO_driver.h ****  * functions which operates on it. CANopenNode Object is usually connected with one or more CAN rec
  72:CANopen/301/CO_driver.h ****  * Message Objects. (CAN message Object is a CAN message with specific 11-bit CAN identifier (usual
  73:CANopen/301/CO_driver.h ****  * range).)
  74:CANopen/301/CO_driver.h ****  *
  75:CANopen/301/CO_driver.h ****  * #### Hardware interface of CANopenNode
  76:CANopen/301/CO_driver.h ****  * It consists of minimum three files:
  77:CANopen/301/CO_driver.h ****  * - **CO_driver.h** file declares common functions. This file is part of the CANopenNode. It is in
  78:CANopen/301/CO_driver.h ****  *   file from CANopenNode.
  79:CANopen/301/CO_driver.h ****  * - **CO_driver_target.h** file declares microcontroller specific type declarations and defines so
  80:CANopen/301/CO_driver.h ****  *   necessary for CANopenNode. This file is included from CO_driver.h.
  81:CANopen/301/CO_driver.h ****  * - **CO_driver.c** file defines functions declared in CO_driver.h.
  82:CANopen/301/CO_driver.h ****  *
  83:CANopen/301/CO_driver.h ****  * **CO_driver_target.h** and **CO_driver.c** files are specific for each different microcontroller
  84:CANopen/301/CO_driver.h ****  * CANopenNode. There are separate projects for different microcontrollers, which usually include C
  85:CANopen/301/CO_driver.h ****  * submodule. CANopenNode only includes those two files in the `example` directory and they are bas
  86:CANopen/301/CO_driver.h ****  * should be possible to compile the `CANopenNode/example` on any system, however compiled program 
  87:CANopen/301/CO_driver.h ****  * CO_driver.h contains documentation for all necessary macros, types and functions.
  88:CANopen/301/CO_driver.h ****  *
  89:CANopen/301/CO_driver.h ****  * See [CANopenNode/Wiki](https://github.com/CANopenNode/CANopenNode/wiki) for a known list of avai
  90:CANopen/301/CO_driver.h ****  * of CANopenNode on different systems and microcontrollers. Everybody is welcome to extend the lis
  91:CANopen/301/CO_driver.h ****  * own implementation.
ARM GAS  C:\Users\Lenovo\AppData\Local\Temp\ccs8sfwA.s 			page 6


  92:CANopen/301/CO_driver.h ****  *
  93:CANopen/301/CO_driver.h ****  * Implementation of the hardware interface for specific microcontroller is not always an easy task
  94:CANopen/301/CO_driver.h ****  * efficient operation it is necessary to know some parts of the target microcontroller in detail (
  95:CANopen/301/CO_driver.h ****  * (or interrupts), CAN module, etc.).
  96:CANopen/301/CO_driver.h ****  */
  97:CANopen/301/CO_driver.h **** 
  98:CANopen/301/CO_driver.h **** /** Major version number of CANopenNode */
  99:CANopen/301/CO_driver.h **** #define CO_VERSION_MAJOR 4
 100:CANopen/301/CO_driver.h **** /** Minor version number of CANopenNode */
 101:CANopen/301/CO_driver.h **** #define CO_VERSION_MINOR 0
 102:CANopen/301/CO_driver.h **** 
 103:CANopen/301/CO_driver.h **** /* Macros and declarations in following part are only used for documentation. */
 104:CANopen/301/CO_driver.h **** #ifdef CO_DOXYGEN
 105:CANopen/301/CO_driver.h **** /**
 106:CANopen/301/CO_driver.h ****  * @defgroup CO_dataTypes Basic definitions
 107:CANopen/301/CO_driver.h ****  * @{
 108:CANopen/301/CO_driver.h ****  *
 109:CANopen/301/CO_driver.h ****  * Target specific basic definitions and data types.
 110:CANopen/301/CO_driver.h ****  *
 111:CANopen/301/CO_driver.h ****  * Must be defined in the **CO_driver_target.h** file.
 112:CANopen/301/CO_driver.h ****  *
 113:CANopen/301/CO_driver.h ****  * Depending on processor or compiler architecture, one of the two macros must be defined: CO_LITTL
 114:CANopen/301/CO_driver.h ****  * CO_BIG_ENDIAN. CANopen itself is little endian.
 115:CANopen/301/CO_driver.h ****  *
 116:CANopen/301/CO_driver.h ****  * Basic data types may be specified differently on different architectures. Usually `true` and `fa
 117:CANopen/301/CO_driver.h ****  * `<stdbool.h>`, `NULL` is defined in `<stddef.h>`, `int8_t` to `uint64_t` are defined in `<stdint
 118:CANopen/301/CO_driver.h ****  */
 119:CANopen/301/CO_driver.h **** #define CO_LITTLE_ENDIAN                 /**< CO_LITTLE_ENDIAN or CO_BIG_ENDIAN must be defined */
 120:CANopen/301/CO_driver.h **** #define CO_SWAP_16(x)    x               /**< Macro must swap bytes, if CO_BIG_ENDIAN is defined */
 121:CANopen/301/CO_driver.h **** #define CO_SWAP_32(x)    x               /**< Macro must swap bytes, if CO_BIG_ENDIAN is defined */
 122:CANopen/301/CO_driver.h **** #define CO_SWAP_64(x)    x               /**< Macro must swap bytes, if CO_BIG_ENDIAN is defined */
 123:CANopen/301/CO_driver.h **** #define NULL             (0)             /**< NULL, for general usage */
 124:CANopen/301/CO_driver.h **** #define true             1               /**< Logical true, for general use */
 125:CANopen/301/CO_driver.h **** #define false            0               /**< Logical false, for general use */
 126:CANopen/301/CO_driver.h **** typedef uint_fast8_t bool_t;             /**< Boolean data type for general use */
 127:CANopen/301/CO_driver.h **** typedef signed char int8_t;              /**< INTEGER8 in CANopen (0002h), 8-bit signed integer */
 128:CANopen/301/CO_driver.h **** typedef signed int int16_t;              /**< INTEGER16 in CANopen (0003h), 16-bit signed integer *
 129:CANopen/301/CO_driver.h **** typedef signed long int int32_t;         /**< INTEGER32 in CANopen (0004h), 32-bit signed integer *
 130:CANopen/301/CO_driver.h **** typedef signed long long int int64_t;    /**< INTEGER64 in CANopen (0015h), 64-bit signed integer *
 131:CANopen/301/CO_driver.h **** typedef unsigned char uint8_t;           /**< UNSIGNED8 in CANopen (0005h), 8-bit unsigned integer 
 132:CANopen/301/CO_driver.h **** typedef unsigned int uint16_t;           /**< UNSIGNED16 in CANopen (0006h), 16-bit unsigned intege
 133:CANopen/301/CO_driver.h **** typedef unsigned long int uint32_t;      /**< UNSIGNED32 in CANopen (0007h), 32-bit unsigned intege
 134:CANopen/301/CO_driver.h **** typedef unsigned long long int uint64_t; /**< UNSIGNED64 in CANopen (001Bh), 64-bit unsigned intege
 135:CANopen/301/CO_driver.h **** typedef float float32_t;  /**< REAL32 in CANopen (0008h), single precision floating point value, 32
 136:CANopen/301/CO_driver.h **** typedef double float64_t; /**< REAL64 in CANopen (0011h), double precision floating point value, 64
 137:CANopen/301/CO_driver.h **** /** @} */
 138:CANopen/301/CO_driver.h **** 
 139:CANopen/301/CO_driver.h **** /**
 140:CANopen/301/CO_driver.h ****  * @defgroup CO_CAN_Message_reception Reception of CAN messages
 141:CANopen/301/CO_driver.h ****  * @{
 142:CANopen/301/CO_driver.h ****  *
 143:CANopen/301/CO_driver.h ****  * Target specific definitions and description of CAN message reception
 144:CANopen/301/CO_driver.h ****  *
 145:CANopen/301/CO_driver.h ****  * CAN messages in CANopenNode are usually received by its own thread or higher priority interrupt.
 146:CANopen/301/CO_driver.h ****  * messages are first filtered by hardware or by software. Thread then examines its 11-bit CAN-id a
 147:CANopen/301/CO_driver.h ****  * determines, to which \ref CO_obj "CANopenNode Object" it belongs to. After that it calls predefi
 148:CANopen/301/CO_driver.h ****  * function, which quickly pre-processes the message and fetches the relevant data. CANrx_callback(
ARM GAS  C:\Users\Lenovo\AppData\Local\Temp\ccs8sfwA.s 			page 7


 149:CANopen/301/CO_driver.h ****  * by each \ref CO_obj "CANopenNode Object" separately. Pre-processed fetched data are later proces
 150:CANopen/301/CO_driver.h ****  * thread.
 151:CANopen/301/CO_driver.h ****  *
 152:CANopen/301/CO_driver.h ****  * If \ref CO_obj "CANopenNode Object" reception of specific CAN message, it must first configure i
 153:CANopen/301/CO_driver.h ****  * object with the CO_CANrxBufferInit() function.
 154:CANopen/301/CO_driver.h ****  */
 155:CANopen/301/CO_driver.h **** 
 156:CANopen/301/CO_driver.h **** /**
 157:CANopen/301/CO_driver.h ****  * CAN receive callback function which pre-processes received CAN message
 158:CANopen/301/CO_driver.h ****  *
 159:CANopen/301/CO_driver.h ****  * It is called by fast CAN receive thread. Each \ref CO_obj "CANopenNode Object" defines its own a
 160:CANopen/301/CO_driver.h ****  * CO_CANrxBufferInit(), by passing function pointer.
 161:CANopen/301/CO_driver.h ****  *
 162:CANopen/301/CO_driver.h ****  * @param object pointer to specific \ref CO_obj "CANopenNode Object", registered with CO_CANrxBuff
 163:CANopen/301/CO_driver.h ****  * @param rxMsg pointer to received CAN message
 164:CANopen/301/CO_driver.h ****  */
 165:CANopen/301/CO_driver.h **** void CANrx_callback(void* object, void* rxMsg);
 166:CANopen/301/CO_driver.h **** 
 167:CANopen/301/CO_driver.h **** /**
 168:CANopen/301/CO_driver.h ****  * CANrx_callback() can read CAN identifier from received CAN message
 169:CANopen/301/CO_driver.h ****  *
 170:CANopen/301/CO_driver.h ****  * Must be defined in the **CO_driver_target.h** file.
 171:CANopen/301/CO_driver.h ****  *
 172:CANopen/301/CO_driver.h ****  * This is target specific function and is specific for specific microcontroller. It is best to imp
 173:CANopen/301/CO_driver.h ****  * inline function or macro. `rxMsg` parameter should cast to a pointer to structure. For best effi
 174:CANopen/301/CO_driver.h ****  * have the same alignment as CAN registers inside CAN module.
 175:CANopen/301/CO_driver.h ****  *
 176:CANopen/301/CO_driver.h ****  * @param rxMsg Pointer to received message
 177:CANopen/301/CO_driver.h ****  * @return 11-bit CAN standard identifier.
 178:CANopen/301/CO_driver.h ****  */
 179:CANopen/301/CO_driver.h **** static inline uint16_t
 180:CANopen/301/CO_driver.h **** CO_CANrxMsg_readIdent(void* rxMsg) {
 181:CANopen/301/CO_driver.h ****     return 0;
 182:CANopen/301/CO_driver.h **** }
 183:CANopen/301/CO_driver.h **** 
 184:CANopen/301/CO_driver.h **** /**
 185:CANopen/301/CO_driver.h ****  * CANrx_callback() can read Data Length Code from received CAN message
 186:CANopen/301/CO_driver.h ****  *
 187:CANopen/301/CO_driver.h ****  * See also CO_CANrxMsg_readIdent():
 188:CANopen/301/CO_driver.h ****  *
 189:CANopen/301/CO_driver.h ****  * @param rxMsg Pointer to received message
 190:CANopen/301/CO_driver.h ****  * @return data length in bytes (0 to 8)
 191:CANopen/301/CO_driver.h ****  */
 192:CANopen/301/CO_driver.h **** static inline uint8_t
 193:CANopen/301/CO_driver.h **** CO_CANrxMsg_readDLC(void* rxMsg) {
 194:CANopen/301/CO_driver.h ****     return 0;
 195:CANopen/301/CO_driver.h **** }
 196:CANopen/301/CO_driver.h **** 
 197:CANopen/301/CO_driver.h **** /**
 198:CANopen/301/CO_driver.h ****  * CANrx_callback() can read pointer to data from received CAN message
 199:CANopen/301/CO_driver.h ****  *
 200:CANopen/301/CO_driver.h ****  * See also CO_CANrxMsg_readIdent():
 201:CANopen/301/CO_driver.h ****  *
 202:CANopen/301/CO_driver.h ****  * @param rxMsg Pointer to received message
 203:CANopen/301/CO_driver.h ****  * @return pointer to data buffer
 204:CANopen/301/CO_driver.h ****  */
 205:CANopen/301/CO_driver.h **** static inline const uint8_t*
ARM GAS  C:\Users\Lenovo\AppData\Local\Temp\ccs8sfwA.s 			page 8


 206:CANopen/301/CO_driver.h **** CO_CANrxMsg_readData(void* rxMsg) {
 207:CANopen/301/CO_driver.h ****     return NULL;
 208:CANopen/301/CO_driver.h **** }
 209:CANopen/301/CO_driver.h **** 
 210:CANopen/301/CO_driver.h **** /**
 211:CANopen/301/CO_driver.h ****  * Configuration object for CAN received message for specific \ref CO_obj "CANopenNode Object".
 212:CANopen/301/CO_driver.h ****  *
 213:CANopen/301/CO_driver.h ****  * Must be defined in the **CO_driver_target.h** file.
 214:CANopen/301/CO_driver.h ****  *
 215:CANopen/301/CO_driver.h ****  * Data fields of this structure are used exclusively by the driver. Usually it has the following d
 216:CANopen/301/CO_driver.h ****  * may differ for different microcontrollers. Array of multiple CO_CANrx_t objects is included insi
 217:CANopen/301/CO_driver.h ****  */
 218:CANopen/301/CO_driver.h **** typedef struct {
 219:CANopen/301/CO_driver.h ****     uint16_t ident; /**< Standard CAN Identifier (bits 0..10) + RTR (bit 11) */
 220:CANopen/301/CO_driver.h ****     uint16_t mask;  /**< Standard CAN Identifier mask with the same alignment as ident */
 221:CANopen/301/CO_driver.h ****     void* object;   /**< \ref CO_obj "CANopenNode Object" initialized in from CO_CANrxBufferInit() 
 222:CANopen/301/CO_driver.h ****     void (*pCANrx_callback)(void* object,
 223:CANopen/301/CO_driver.h ****                             void* message); /**< Pointer to CANrx_callback() initialized in CO_CANr
 224:CANopen/301/CO_driver.h **** } CO_CANrx_t;
 225:CANopen/301/CO_driver.h **** 
 226:CANopen/301/CO_driver.h **** /** @} */
 227:CANopen/301/CO_driver.h **** 
 228:CANopen/301/CO_driver.h **** /**
 229:CANopen/301/CO_driver.h ****  * @defgroup CO_CAN_Message_transmission Transmission of CAN messages
 230:CANopen/301/CO_driver.h ****  * @{
 231:CANopen/301/CO_driver.h ****  *
 232:CANopen/301/CO_driver.h ****  * Target specific definitions and description of CAN message transmission
 233:CANopen/301/CO_driver.h ****  *
 234:CANopen/301/CO_driver.h ****  * If \ref CO_obj "CANopenNode Object" needs transmitting CAN message, it must first configure its 
 235:CANopen/301/CO_driver.h ****  * with the CO_CANtxBufferInit() function. CAN message can then be sent with CO_CANsend() function.
 236:CANopen/301/CO_driver.h ****  * CAN transmit buffer inside microcontroller's CAN module is free, message is copied directly to t
 237:CANopen/301/CO_driver.h ****  * Otherwise CO_CANsend() function sets _bufferFull_ flag to true. Message will be then sent by CAN
 238:CANopen/301/CO_driver.h ****  * as CAN module is freed. Until message is not copied to CAN module, its contents must not change.
 239:CANopen/301/CO_driver.h ****  * multiple CO_CANtx_t objects with _bufferFull_ flag set to true, then CO_CANtx_t with lower index
 240:CANopen/301/CO_driver.h ****  */
 241:CANopen/301/CO_driver.h **** 
 242:CANopen/301/CO_driver.h **** /**
 243:CANopen/301/CO_driver.h ****  * Configuration object for CAN transmit message for specific \ref CO_obj "CANopenNode Object".
 244:CANopen/301/CO_driver.h ****  *
 245:CANopen/301/CO_driver.h ****  * Must be defined in the **CO_driver_target.h** file.
 246:CANopen/301/CO_driver.h ****  *
 247:CANopen/301/CO_driver.h ****  * Data fields of this structure are used exclusively by the driver. Usually it has the following d
 248:CANopen/301/CO_driver.h ****  * may differ for different microcontrollers. Array of multiple CO_CANtx_t objects is included insi
 249:CANopen/301/CO_driver.h ****  */
 250:CANopen/301/CO_driver.h **** typedef struct {
 251:CANopen/301/CO_driver.h ****     uint32_t ident;             /**< CAN identifier as aligned in CAN module */
 252:CANopen/301/CO_driver.h ****     uint8_t DLC;                /**< Length of CAN message */
 253:CANopen/301/CO_driver.h ****     uint8_t data[8];            /**< 8 data bytes */
 254:CANopen/301/CO_driver.h ****     volatile bool_t bufferFull; /**< True if previous message is still in the buffer */
 255:CANopen/301/CO_driver.h ****     volatile bool_t syncFlag;   /**< Synchronous PDO messages has this flag set. It prevents them t
 256:CANopen/301/CO_driver.h ****                                    synchronous window */
 257:CANopen/301/CO_driver.h **** } CO_CANtx_t;
 258:CANopen/301/CO_driver.h **** 
 259:CANopen/301/CO_driver.h **** /** @} */
 260:CANopen/301/CO_driver.h **** 
 261:CANopen/301/CO_driver.h **** /**
 262:CANopen/301/CO_driver.h ****  * Complete CAN module object.
ARM GAS  C:\Users\Lenovo\AppData\Local\Temp\ccs8sfwA.s 			page 9


 263:CANopen/301/CO_driver.h ****  *
 264:CANopen/301/CO_driver.h ****  * Must be defined in the **CO_driver_target.h** file.
 265:CANopen/301/CO_driver.h ****  *
 266:CANopen/301/CO_driver.h ****  * Usually it has the following data fields, but they may differ for different microcontrollers.
 267:CANopen/301/CO_driver.h ****  */
 268:CANopen/301/CO_driver.h **** typedef struct {
 269:CANopen/301/CO_driver.h ****     void* CANptr;                    /**< From CO_CANmodule_init() */
 270:CANopen/301/CO_driver.h ****     CO_CANrx_t* rxArray;             /**< From CO_CANmodule_init() */
 271:CANopen/301/CO_driver.h ****     uint16_t rxSize;                 /**< From CO_CANmodule_init() */
 272:CANopen/301/CO_driver.h ****     CO_CANtx_t* txArray;             /**< From CO_CANmodule_init() */
 273:CANopen/301/CO_driver.h ****     uint16_t txSize;                 /**< From CO_CANmodule_init() */
 274:CANopen/301/CO_driver.h ****     uint16_t CANerrorStatus;         /**< CAN error status bitfield, see @ref CO_CAN_ERR_status_t *
 275:CANopen/301/CO_driver.h ****     volatile bool_t CANnormal;       /**< CAN module is in normal mode */
 276:CANopen/301/CO_driver.h ****     volatile bool_t useCANrxFilters; /**< Value different than zero indicates, that CAN module hard
 277:CANopen/301/CO_driver.h ****                                         for CAN reception. If there is not enough hardware filters,
 278:CANopen/301/CO_driver.h ****                                         In this case will be *all* received CAN messages processed 
 279:CANopen/301/CO_driver.h ****     volatile bool_t bufferInhibitFlag; /**< If flag is true, then message in transmit buffer is syn
 280:CANopen/301/CO_driver.h ****                                           which will be aborted, if CO_clearPendingSyncPDOs() funct
 281:CANopen/301/CO_driver.h ****                                           application. This may be necessary if Synchronous window 
 282:CANopen/301/CO_driver.h ****     volatile bool_t
 283:CANopen/301/CO_driver.h ****         firstCANtxMessage; /**< Equal to 1, when the first transmitted message (bootup message) is 
 284:CANopen/301/CO_driver.h ****     volatile uint16_t
 285:CANopen/301/CO_driver.h ****         CANtxCount;  /**< Number of messages in transmit buffer, which are waiting to be copied to 
 286:CANopen/301/CO_driver.h ****     uint32_t errOld; /**< Previous state of CAN errors */
 287:CANopen/301/CO_driver.h **** } CO_CANmodule_t;
 288:CANopen/301/CO_driver.h **** 
 289:CANopen/301/CO_driver.h **** /**
 290:CANopen/301/CO_driver.h ****  * Data storage object for one entry.
 291:CANopen/301/CO_driver.h ****  *
 292:CANopen/301/CO_driver.h ****  * Must be defined in the **CO_driver_target.h** file.
 293:CANopen/301/CO_driver.h ****  *
 294:CANopen/301/CO_driver.h ****  * For more information on Data storage see @ref CO_storage or **CO_storage.h** file. Structure mem
 295:CANopen/301/CO_driver.h ****  * are always required or required with @ref CO_storage_eeprom. Target system may add own additiona
 296:CANopen/301/CO_driver.h ****  * variables.
 297:CANopen/301/CO_driver.h ****  */
 298:CANopen/301/CO_driver.h **** typedef struct {
 299:CANopen/301/CO_driver.h ****     void* addr;         /**< Address of data to store, always required. */
 300:CANopen/301/CO_driver.h ****     size_t len;         /**< Length of data to store, always required. */
 301:CANopen/301/CO_driver.h ****     uint8_t subIndexOD; /**< Sub index in OD objects 1010 and 1011, from 2 to 127. Writing 0x657661
 302:CANopen/301/CO_driver.h ****                            will store data to non-volatile memory Writing 0x64616F6C to 1011,subInd
 303:CANopen/301/CO_driver.h ****                            default data, always required. */
 304:CANopen/301/CO_driver.h ****     uint8_t attr;       /**< Attribute from @ref CO_storage_attributes_t, always required. */
 305:CANopen/301/CO_driver.h ****     void* storageModule; /**< Pointer to storage module, target system specific usage, required wit
 306:CANopen/301/CO_driver.h ****                             CO_storage_eeprom. */
 307:CANopen/301/CO_driver.h ****     uint16_t crc; /**< CRC checksum of the data stored in eeprom, set on store, required with @ref 
 308:CANopen/301/CO_driver.h ****     size_t eepromAddrSignature; /**< Address of entry signature inside eeprom, set by init, require
 309:CANopen/301/CO_driver.h ****                                    CO_storage_eeprom. */
 310:CANopen/301/CO_driver.h ****     size_t eepromAddr; /**< Address of data inside eeprom, set by init, required with @ref CO_stora
 311:CANopen/301/CO_driver.h ****     size_t offset; /**< Offset of next byte being updated by automatic storage, required with @ref 
 312:CANopen/301/CO_driver.h ****     void* additionalParameters; /**< Additional target specific parameters, optional. */
 313:CANopen/301/CO_driver.h **** } CO_storage_entry_t;
 314:CANopen/301/CO_driver.h **** 
 315:CANopen/301/CO_driver.h **** /**
 316:CANopen/301/CO_driver.h ****  * @defgroup CO_critical_sections Critical sections
 317:CANopen/301/CO_driver.h ****  * @{
 318:CANopen/301/CO_driver.h ****  *
 319:CANopen/301/CO_driver.h ****  * Protection of critical sections in multi-threaded operation.
ARM GAS  C:\Users\Lenovo\AppData\Local\Temp\ccs8sfwA.s 			page 10


 320:CANopen/301/CO_driver.h ****  *
 321:CANopen/301/CO_driver.h ****  * CANopenNode is designed to run in different threads, as described in [README.md](index.html). Th
 322:CANopen/301/CO_driver.h ****  * differently in different systems. In microcontrollers threads are interrupts with different prio
 323:CANopen/301/CO_driver.h ****  * It is necessary to protect sections, where different threads access to the same resource. In sim
 324:CANopen/301/CO_driver.h ****  * interrupts or scheduler may be temporary disabled between access to the shared resource. Otherwi
 325:CANopen/301/CO_driver.h ****  * semaphores can be used.
 326:CANopen/301/CO_driver.h ****  *
 327:CANopen/301/CO_driver.h ****  * #### Reentrant functions
 328:CANopen/301/CO_driver.h ****  * Functions CO_CANsend() from C_driver.h, and CO_error() from CO_Emergency.h may be called from di
 329:CANopen/301/CO_driver.h ****  * Critical sections must be protected. Either by disabling scheduler or interrupts or by mutexes o
 330:CANopen/301/CO_driver.h ****  * Lock/unlock macro is called with pointer to CAN module, which may be used inside.
 331:CANopen/301/CO_driver.h ****  *
 332:CANopen/301/CO_driver.h ****  * #### Object Dictionary variables
 333:CANopen/301/CO_driver.h ****  * In general, there are two threads, which accesses OD variables: mainline (initialization, storag
 334:CANopen/301/CO_driver.h ****  * timer (PDO access). CANopenNode uses locking mechanism, where SDO server (or other mainline code
 335:CANopen/301/CO_driver.h ****  * of the real-time thread at the moment it reads or writes OD variable. CO_LOCK_OD(CAN_MODULE) and
 336:CANopen/301/CO_driver.h ****  * CO_UNLOCK_OD(CAN_MODULE) macros are used to protect:
 337:CANopen/301/CO_driver.h ****  * - Whole real-time thread,
 338:CANopen/301/CO_driver.h ****  * - SDO server protects read/write access to OD variable.   Locking of long OD variables, not acce
 339:CANopen/301/CO_driver.h ****  *   thread, may   block RT thread.
 340:CANopen/301/CO_driver.h ****  * - Any mainline code, which accesses PDO-mappable OD variable, must protect   read/write with loc
 341:CANopen/301/CO_driver.h ****  *   OD_mappable() for check.
 342:CANopen/301/CO_driver.h ****  * - Other cases, where non-PDO-mappable OD variable is used inside real-time   thread by some othe
 343:CANopen/301/CO_driver.h ****  *   application must be considered with   special care. Also when there are multiple threads acces
 344:CANopen/301/CO_driver.h ****  *   (e.g. when using a RTOS), you should always lock the OD.
 345:CANopen/301/CO_driver.h ****  *
 346:CANopen/301/CO_driver.h ****  * #### Synchronization functions for CAN receive
 347:CANopen/301/CO_driver.h ****  * After CAN message is received, it is pre-processed in CANrx_callback(), which copies some data i
 348:CANopen/301/CO_driver.h ****  * object and at the end sets **new_message** flag. This flag is then pooled in another thread, whi
 349:CANopen/301/CO_driver.h ****  * the message. The problem is, that compiler optimization may shuffle memory operations, so it is 
 350:CANopen/301/CO_driver.h ****  * that **new_message** flag is surely set at the end. It is necessary to use [Memory
 351:CANopen/301/CO_driver.h ****  * barrier](https://en.wikipedia.org/wiki/Memory_barrier).
 352:CANopen/301/CO_driver.h ****  *
 353:CANopen/301/CO_driver.h ****  * If receive function runs inside IRQ, no further synchronization is needed. Otherwise, some kind 
 354:CANopen/301/CO_driver.h ****  * has to be included. The following example uses GCC builtin memory barrier `__sync_synchronize()`
 355:CANopen/301/CO_driver.h ****  * can be found [here](https://stackoverflow.com/questions/982129/what-does-sync-synchronize-do#982
 356:CANopen/301/CO_driver.h ****  */
 357:CANopen/301/CO_driver.h **** 
 358:CANopen/301/CO_driver.h **** #define CO_LOCK_CAN_SEND(CAN_MODULE)   /**< Lock critical section in CO_CANsend() */
 359:CANopen/301/CO_driver.h **** #define CO_UNLOCK_CAN_SEND(CAN_MODULE) /**< Unlock critical section in CO_CANsend() */
 360:CANopen/301/CO_driver.h **** #define CO_LOCK_EMCY(CAN_MODULE)       /**< Lock critical section in CO_errorReport() or CO_errorRe
 361:CANopen/301/CO_driver.h **** #define CO_UNLOCK_EMCY(CAN_MODULE)     /**< Unlock critical section in CO_errorReport() or CO_error
 362:CANopen/301/CO_driver.h **** #define CO_LOCK_OD(CAN_MODULE)         /**< Lock critical section when accessing Object Dictionary 
 363:CANopen/301/CO_driver.h **** #define CO_UNLOCK_OD(CAN_MODULE)       /**< Unock critical section when accessing Object Dictionary
 364:CANopen/301/CO_driver.h **** 
 365:CANopen/301/CO_driver.h **** /** Check if new message has arrived */
 366:CANopen/301/CO_driver.h **** #define CO_FLAG_READ(rxNew)            ((rxNew) != NULL)
 367:CANopen/301/CO_driver.h **** /** Set new message flag */
 368:CANopen/301/CO_driver.h **** #define CO_FLAG_SET(rxNew)                                                                         
 369:CANopen/301/CO_driver.h ****     {                                                                                              
 370:CANopen/301/CO_driver.h ****         __sync_synchronize();                                                                      
 371:CANopen/301/CO_driver.h ****         rxNew = (void*)1L;                                                                         
 372:CANopen/301/CO_driver.h ****     }
 373:CANopen/301/CO_driver.h **** /** Clear new message flag */
 374:CANopen/301/CO_driver.h **** #define CO_FLAG_CLEAR(rxNew)                                                                       
 375:CANopen/301/CO_driver.h ****     {                                                                                              
 376:CANopen/301/CO_driver.h ****         __sync_synchronize();                                                                      
ARM GAS  C:\Users\Lenovo\AppData\Local\Temp\ccs8sfwA.s 			page 11


 377:CANopen/301/CO_driver.h ****         rxNew = NULL;                                                                              
 378:CANopen/301/CO_driver.h ****     }
 379:CANopen/301/CO_driver.h **** 
 380:CANopen/301/CO_driver.h **** /** @} */
 381:CANopen/301/CO_driver.h **** #endif /* CO_DOXYGEN */
 382:CANopen/301/CO_driver.h **** 
 383:CANopen/301/CO_driver.h **** /**
 384:CANopen/301/CO_driver.h ****  * @defgroup CO_Default_CAN_ID_t Default CANopen identifiers
 385:CANopen/301/CO_driver.h ****  * @{
 386:CANopen/301/CO_driver.h ****  *
 387:CANopen/301/CO_driver.h ****  * Default CANopen identifiers for CANopen communication objects. Same as 11-bit addresses of CAN m
 388:CANopen/301/CO_driver.h ****  * default identifiers and can be changed in CANopen. Especially PDO identifiers are configured in 
 389:CANopen/301/CO_driver.h ****  * the CANopen network configuration.
 390:CANopen/301/CO_driver.h ****  */
 391:CANopen/301/CO_driver.h **** #define CO_CAN_ID_NMT_SERVICE 0x000U /**< 0x000 Network management */
 392:CANopen/301/CO_driver.h **** #define CO_CAN_ID_GFC         0x001U /**< 0x001 Global fail-safe command */
 393:CANopen/301/CO_driver.h **** #define CO_CAN_ID_SYNC        0x080U /**< 0x080 Synchronous message */
 394:CANopen/301/CO_driver.h **** #define CO_CAN_ID_EMERGENCY   0x080U /**< 0x080 Emergency messages (+nodeID) */
 395:CANopen/301/CO_driver.h **** #define CO_CAN_ID_TIME        0x100U /**< 0x100 Time message */
 396:CANopen/301/CO_driver.h **** #define CO_CAN_ID_SRDO_1      0x0FFU /**< 0x0FF Default SRDO1 (+2*nodeID) */
 397:CANopen/301/CO_driver.h **** #define CO_CAN_ID_TPDO_1      0x180U /**< 0x180 Default TPDO1 (+nodeID) */
 398:CANopen/301/CO_driver.h **** #define CO_CAN_ID_RPDO_1      0x200U /**< 0x200 Default RPDO1 (+nodeID) */
 399:CANopen/301/CO_driver.h **** #define CO_CAN_ID_TPDO_2      0x280U /**< 0x280 Default TPDO2 (+nodeID) */
 400:CANopen/301/CO_driver.h **** #define CO_CAN_ID_RPDO_2      0x300U /**< 0x300 Default RPDO2 (+nodeID) */
 401:CANopen/301/CO_driver.h **** #define CO_CAN_ID_TPDO_3      0x380U /**< 0x380 Default TPDO3 (+nodeID) */
 402:CANopen/301/CO_driver.h **** #define CO_CAN_ID_RPDO_3      0x400U /**< 0x400 Default RPDO3 (+nodeID) */
 403:CANopen/301/CO_driver.h **** #define CO_CAN_ID_TPDO_4      0x480U /**< 0x480 Default TPDO4 (+nodeID) */
 404:CANopen/301/CO_driver.h **** #define CO_CAN_ID_RPDO_4      0x500U /**< 0x500 Default RPDO5 (+nodeID) */
 405:CANopen/301/CO_driver.h **** #define CO_CAN_ID_SDO_SRV     0x580U /**< 0x580 SDO response from server (+nodeID) */
 406:CANopen/301/CO_driver.h **** #define CO_CAN_ID_SDO_CLI     0x600U /**< 0x600 SDO request from client (+nodeID) */
 407:CANopen/301/CO_driver.h **** #define CO_CAN_ID_HEARTBEAT   0x700U /**< 0x700 Heartbeat message */
 408:CANopen/301/CO_driver.h **** #define CO_CAN_ID_LSS_SLV     0x7E4U /**< 0x7E4 LSS response from slave */
 409:CANopen/301/CO_driver.h **** #define CO_CAN_ID_LSS_MST     0x7E5U /**< 0x7E5 LSS request from master */
 410:CANopen/301/CO_driver.h **** 
 411:CANopen/301/CO_driver.h **** /** @} */ /* CO_Default_CAN_ID_t */
 412:CANopen/301/CO_driver.h **** 
 413:CANopen/301/CO_driver.h **** /**
 414:CANopen/301/CO_driver.h ****  * Restricted CAN-IDs
 415:CANopen/301/CO_driver.h ****  *
 416:CANopen/301/CO_driver.h ****  * Macro for verifying 'Restricted CAN-IDs', as specified by standard CiA301. They shall not be use
 417:CANopen/301/CO_driver.h ****  * EMCY, PDO and SDO.
 418:CANopen/301/CO_driver.h ****  */
 419:CANopen/301/CO_driver.h **** #ifndef CO_IS_RESTRICTED_CAN_ID
 420:CANopen/301/CO_driver.h **** #define CO_IS_RESTRICTED_CAN_ID(CAN_ID)                                                            
 421:CANopen/301/CO_driver.h ****     (((CAN_ID) <= 0x7FU) || (((CAN_ID) >= 0x101U) && ((CAN_ID) <= 0x180U))                         
 422:CANopen/301/CO_driver.h ****      || (((CAN_ID) >= 0x581U) && ((CAN_ID) <= 0x5FFU)) || (((CAN_ID) >= 0x601U) && ((CAN_ID) <= 0x6
 423:CANopen/301/CO_driver.h ****      || (((CAN_ID) >= 0x6E0U) && ((CAN_ID) <= 0x6FFU)) || ((CAN_ID) >= 0x701U))
 424:CANopen/301/CO_driver.h **** #endif
 425:CANopen/301/CO_driver.h **** 
 426:CANopen/301/CO_driver.h **** /**
 427:CANopen/301/CO_driver.h ****  * @defgroup CO_CAN_ERR_status_t CAN error status bitmasks
 428:CANopen/301/CO_driver.h ****  * @{
 429:CANopen/301/CO_driver.h ****  *
 430:CANopen/301/CO_driver.h ****  * CAN warning level is reached, if CAN transmit or receive error counter is more or equal to 96. C
 431:CANopen/301/CO_driver.h ****  * reached, if counters are more or equal to 128. Transmitter goes in error state 'bus off' if tran
 432:CANopen/301/CO_driver.h ****  * more or equal to 256.
 433:CANopen/301/CO_driver.h ****  */
ARM GAS  C:\Users\Lenovo\AppData\Local\Temp\ccs8sfwA.s 			page 12


 434:CANopen/301/CO_driver.h **** #define CO_CAN_ERRTX_WARNING    0x0001U /**< 0x0001 CAN transmitter warning */
 435:CANopen/301/CO_driver.h **** #define CO_CAN_ERRTX_PASSIVE    0x0002U /**< 0x0002 CAN transmitter passive */
 436:CANopen/301/CO_driver.h **** #define CO_CAN_ERRTX_BUS_OFF    0x0004U /**< 0x0004 CAN transmitter bus off */
 437:CANopen/301/CO_driver.h **** #define CO_CAN_ERRTX_OVERFLOW   0x0008U /**< 0x0008 CAN transmitter overflow */
 438:CANopen/301/CO_driver.h **** #define CO_CAN_ERRTX_PDO_LATE   0x0080U /**< 0x0080 TPDO is outside sync window */
 439:CANopen/301/CO_driver.h **** #define CO_CAN_ERRRX_WARNING    0x0100U /**< 0x0100 CAN receiver warning */
 440:CANopen/301/CO_driver.h **** #define CO_CAN_ERRRX_PASSIVE    0x0200U /**< 0x0200 CAN receiver passive */
 441:CANopen/301/CO_driver.h **** #define CO_CAN_ERRRX_OVERFLOW   0x0800U /**< 0x0800 CAN receiver overflow */
 442:CANopen/301/CO_driver.h **** #define CO_CAN_ERR_WARN_PASSIVE 0x0303U /**< 0x0303 combination */
 443:CANopen/301/CO_driver.h **** 
 444:CANopen/301/CO_driver.h **** /** @} */ /* CO_CAN_ERR_status_t */
 445:CANopen/301/CO_driver.h **** 
 446:CANopen/301/CO_driver.h **** /**
 447:CANopen/301/CO_driver.h ****  * Return values of some CANopen functions. If function was executed successfully it returns 0 othe
 448:CANopen/301/CO_driver.h ****  */
 449:CANopen/301/CO_driver.h **** typedef enum {
 450:CANopen/301/CO_driver.h ****     CO_ERROR_NO = 0,                /**< Operation completed successfully */
 451:CANopen/301/CO_driver.h ****     CO_ERROR_ILLEGAL_ARGUMENT = -1, /**< Error in function arguments */
 452:CANopen/301/CO_driver.h ****     CO_ERROR_OUT_OF_MEMORY = -2,    /**< Memory allocation failed */
 453:CANopen/301/CO_driver.h ****     CO_ERROR_TIMEOUT = -3,          /**< Function timeout */
 454:CANopen/301/CO_driver.h ****     CO_ERROR_ILLEGAL_BAUDRATE = -4, /**< Illegal baudrate passed to function CO_CANmodule_init() */
 455:CANopen/301/CO_driver.h ****     CO_ERROR_RX_OVERFLOW = -5,      /**< Previous message was not processed yet */
 456:CANopen/301/CO_driver.h ****     CO_ERROR_RX_PDO_OVERFLOW = -6,  /**< previous PDO was not processed yet */
 457:CANopen/301/CO_driver.h ****     CO_ERROR_RX_MSG_LENGTH = -7,    /**< Wrong receive message length */
 458:CANopen/301/CO_driver.h ****     CO_ERROR_RX_PDO_LENGTH = -8,    /**< Wrong receive PDO length */
 459:CANopen/301/CO_driver.h ****     CO_ERROR_TX_OVERFLOW = -9,      /**< Previous message is still waiting, buffer full */
 460:CANopen/301/CO_driver.h ****     CO_ERROR_TX_PDO_WINDOW = -10,   /**< Synchronous TPDO is outside window */
 461:CANopen/301/CO_driver.h ****     CO_ERROR_TX_UNCONFIGURED = -11, /**< Transmit buffer was not configured properly */
 462:CANopen/301/CO_driver.h ****     CO_ERROR_OD_PARAMETERS = -12,   /**< Error in Object Dictionary parameters */
 463:CANopen/301/CO_driver.h ****     CO_ERROR_DATA_CORRUPT = -13,    /**< Stored data are corrupt */
 464:CANopen/301/CO_driver.h ****     CO_ERROR_CRC = -14,             /**< CRC does not match */
 465:CANopen/301/CO_driver.h ****     CO_ERROR_TX_BUSY = -15,         /**< Sending rejected because driver is busy. Try again */
 466:CANopen/301/CO_driver.h ****     CO_ERROR_WRONG_NMT_STATE = -16, /**< Command can't be processed in current state */
 467:CANopen/301/CO_driver.h ****     CO_ERROR_SYSCALL = -17,         /**< Syscall failed */
 468:CANopen/301/CO_driver.h ****     CO_ERROR_INVALID_STATE = -18,   /**< Driver not ready */
 469:CANopen/301/CO_driver.h ****     CO_ERROR_NODE_ID_UNCONFIGURED_LSS =
 470:CANopen/301/CO_driver.h ****         -19 /**< Node-id is in LSS unconfigured state. If objects are handled properly, this may no
 471:CANopen/301/CO_driver.h **** } CO_ReturnError_t;
 472:CANopen/301/CO_driver.h **** 
 473:CANopen/301/CO_driver.h **** /**
 474:CANopen/301/CO_driver.h ****  * Request CAN configuration (stopped) mode and *wait* until it is set.
 475:CANopen/301/CO_driver.h ****  *
 476:CANopen/301/CO_driver.h ****  * @param CANptr Pointer to CAN device
 477:CANopen/301/CO_driver.h ****  */
 478:CANopen/301/CO_driver.h **** void CO_CANsetConfigurationMode(void* CANptr);
 479:CANopen/301/CO_driver.h **** 
 480:CANopen/301/CO_driver.h **** /**
 481:CANopen/301/CO_driver.h ****  * Request CAN normal (operational) mode and *wait* until it is set.
 482:CANopen/301/CO_driver.h ****  *
 483:CANopen/301/CO_driver.h ****  * @param CANmodule CO_CANmodule_t object.
 484:CANopen/301/CO_driver.h ****  */
 485:CANopen/301/CO_driver.h **** void CO_CANsetNormalMode(CO_CANmodule_t* CANmodule);
 486:CANopen/301/CO_driver.h **** 
 487:CANopen/301/CO_driver.h **** /**
 488:CANopen/301/CO_driver.h ****  * Initialize CAN module object.
 489:CANopen/301/CO_driver.h ****  *
 490:CANopen/301/CO_driver.h ****  * Function must be called in the communication reset section. CAN module must be in Configuration 
ARM GAS  C:\Users\Lenovo\AppData\Local\Temp\ccs8sfwA.s 			page 13


 491:CANopen/301/CO_driver.h ****  *
 492:CANopen/301/CO_driver.h ****  * @param CANmodule This object will be initialized.
 493:CANopen/301/CO_driver.h ****  * @param CANptr Pointer to CAN device.
 494:CANopen/301/CO_driver.h ****  * @param rxArray Array for handling received CAN messages
 495:CANopen/301/CO_driver.h ****  * @param rxSize Size of the above array. Must be equal to number of receiving CAN objects.
 496:CANopen/301/CO_driver.h ****  * @param txArray Array for handling transmitting CAN messages
 497:CANopen/301/CO_driver.h ****  * @param txSize Size of the above array. Must be equal to number of transmitting CAN objects.
 498:CANopen/301/CO_driver.h ****  * @param CANbitRate Valid values are (in kbps): 10, 20, 50, 125, 250, 500, 800, 1000. If value is 
 499:CANopen/301/CO_driver.h ****  * defaults to 125.
 500:CANopen/301/CO_driver.h ****  *
 501:CANopen/301/CO_driver.h ****  * Return #CO_ReturnError_t: CO_ERROR_NO or CO_ERROR_ILLEGAL_ARGUMENT.
 502:CANopen/301/CO_driver.h ****  */
 503:CANopen/301/CO_driver.h **** CO_ReturnError_t CO_CANmodule_init(CO_CANmodule_t* CANmodule, void* CANptr, CO_CANrx_t rxArray[], u
 504:CANopen/301/CO_driver.h ****                                    CO_CANtx_t txArray[], uint16_t txSize, uint16_t CANbitRate);
 505:CANopen/301/CO_driver.h **** 
 506:CANopen/301/CO_driver.h **** /**
 507:CANopen/301/CO_driver.h ****  * Switch off CANmodule. Call at program exit.
 508:CANopen/301/CO_driver.h ****  *
 509:CANopen/301/CO_driver.h ****  * @param CANmodule CAN module object.
 510:CANopen/301/CO_driver.h ****  */
 511:CANopen/301/CO_driver.h **** void CO_CANmodule_disable(CO_CANmodule_t* CANmodule);
 512:CANopen/301/CO_driver.h **** 
 513:CANopen/301/CO_driver.h **** /**
 514:CANopen/301/CO_driver.h ****  * Configure CAN message receive buffer.
 515:CANopen/301/CO_driver.h ****  *
 516:CANopen/301/CO_driver.h ****  * Function configures specific CAN receive buffer. It sets CAN identifier and connects buffer with
 517:CANopen/301/CO_driver.h ****  * Function must be called for each member in _rxArray_ from CO_CANmodule_t.
 518:CANopen/301/CO_driver.h ****  *
 519:CANopen/301/CO_driver.h ****  * @param CANmodule This object.
 520:CANopen/301/CO_driver.h ****  * @param index Index of the specific buffer in _rxArray_.
 521:CANopen/301/CO_driver.h ****  * @param ident 11-bit standard CAN Identifier. If two or more CANrx buffers have the same _ident_,
 522:CANopen/301/CO_driver.h ****  * lowest _index_ has precedence and other CANrx buffers will be ignored.
 523:CANopen/301/CO_driver.h ****  * @param mask 11-bit mask for identifier. Most usually set to 0x7FF. Received message (rcvMsg) wil
 524:CANopen/301/CO_driver.h ****  * following condition is true: (((rcvMsgId ^ ident) & mask) == 0).
 525:CANopen/301/CO_driver.h ****  * @param rtr If true, 'Remote Transmit Request' messages will be accepted.
 526:CANopen/301/CO_driver.h ****  * @param object CANopen object, to which buffer is connected. It will be used as an argument to CA
 527:CANopen/301/CO_driver.h ****  * type is (void), CANrx_callback will change its type back to the correct object type.
 528:CANopen/301/CO_driver.h ****  * @param CANrx_callback Pointer to function, which will be called, if received CAN message matches
 529:CANopen/301/CO_driver.h ****  * must be fast function.
 530:CANopen/301/CO_driver.h ****  *
 531:CANopen/301/CO_driver.h ****  * Return #CO_ReturnError_t: CO_ERROR_NO CO_ERROR_ILLEGAL_ARGUMENT or CO_ERROR_OUT_OF_MEMORY (not e
 532:CANopen/301/CO_driver.h ****  * configuration).
 533:CANopen/301/CO_driver.h ****  */
 534:CANopen/301/CO_driver.h **** CO_ReturnError_t CO_CANrxBufferInit(CO_CANmodule_t* CANmodule, uint16_t index, uint16_t ident, uint
 535:CANopen/301/CO_driver.h ****                                     bool_t rtr, void* object, void (*CANrx_callback)(void* object, 
 536:CANopen/301/CO_driver.h **** 
 537:CANopen/301/CO_driver.h **** /**
 538:CANopen/301/CO_driver.h ****  * Configure CAN message transmit buffer.
 539:CANopen/301/CO_driver.h ****  *
 540:CANopen/301/CO_driver.h ****  * Function configures specific CAN transmit buffer. Function must be called for each member in _tx
 541:CANopen/301/CO_driver.h ****  * CO_CANmodule_t.
 542:CANopen/301/CO_driver.h ****  *
 543:CANopen/301/CO_driver.h ****  * @param CANmodule This object.
 544:CANopen/301/CO_driver.h ****  * @param index Index of the specific buffer in _txArray_.
 545:CANopen/301/CO_driver.h ****  * @param ident 11-bit standard CAN Identifier.
 546:CANopen/301/CO_driver.h ****  * @param rtr If true, 'Remote Transmit Request' messages will be transmitted.
 547:CANopen/301/CO_driver.h ****  * @param noOfBytes Length of CAN message in bytes (0 to 8 bytes).
ARM GAS  C:\Users\Lenovo\AppData\Local\Temp\ccs8sfwA.s 			page 14


 548:CANopen/301/CO_driver.h ****  * @param syncFlag This flag bit is used for synchronous TPDO messages. If it is set, message will 
 549:CANopen/301/CO_driver.h ****  * current time is outside synchronous window.
 550:CANopen/301/CO_driver.h ****  *
 551:CANopen/301/CO_driver.h ****  * @return Pointer to CAN transmit message buffer. 8 bytes data array inside buffer should be writt
 552:CANopen/301/CO_driver.h ****  * CO_CANsend() function is called. Zero is returned in case of wrong arguments.
 553:CANopen/301/CO_driver.h ****  */
 554:CANopen/301/CO_driver.h **** CO_CANtx_t* CO_CANtxBufferInit(CO_CANmodule_t* CANmodule, uint16_t index, uint16_t ident, bool_t rt
 555:CANopen/301/CO_driver.h ****                                bool_t syncFlag);
 556:CANopen/301/CO_driver.h **** 
 557:CANopen/301/CO_driver.h **** /**
 558:CANopen/301/CO_driver.h ****  * Send CAN message.
 559:CANopen/301/CO_driver.h ****  *
 560:CANopen/301/CO_driver.h ****  * @param CANmodule This object.
 561:CANopen/301/CO_driver.h ****  * @param buffer Pointer to transmit buffer, returned by CO_CANtxBufferInit(). Data bytes must be w
 562:CANopen/301/CO_driver.h ****  * before function call.
 563:CANopen/301/CO_driver.h ****  *
 564:CANopen/301/CO_driver.h ****  * @return #CO_ReturnError_t: CO_ERROR_NO, CO_ERROR_TX_OVERFLOW or CO_ERROR_TX_PDO_WINDOW (Synchron
 565:CANopen/301/CO_driver.h ****  * window).
 566:CANopen/301/CO_driver.h ****  */
 567:CANopen/301/CO_driver.h **** CO_ReturnError_t CO_CANsend(CO_CANmodule_t* CANmodule, CO_CANtx_t* buffer);
 568:CANopen/301/CO_driver.h **** 
 569:CANopen/301/CO_driver.h **** /**
 570:CANopen/301/CO_driver.h ****  * Clear all synchronous TPDOs from CAN module transmit buffers.
 571:CANopen/301/CO_driver.h ****  *
 572:CANopen/301/CO_driver.h ****  * CANopen allows synchronous PDO communication only inside time between SYNC message and SYNC Wind
 573:CANopen/301/CO_driver.h ****  * outside this window, new synchronous PDOs must not be sent and all pending sync TPDOs, which may
 574:CANopen/301/CO_driver.h ****  * buffers, may optionally be cleared.
 575:CANopen/301/CO_driver.h ****  *
 576:CANopen/301/CO_driver.h ****  * This function checks (and aborts transmission if necessary) CAN TX buffers when it is called. Fu
 577:CANopen/301/CO_driver.h ****  * called by the stack in the moment, when SYNC time was just passed out of synchronous window.
 578:CANopen/301/CO_driver.h ****  *
 579:CANopen/301/CO_driver.h ****  * @param CANmodule This object.
 580:CANopen/301/CO_driver.h ****  */
 581:CANopen/301/CO_driver.h **** void CO_CANclearPendingSyncPDOs(CO_CANmodule_t* CANmodule);
 582:CANopen/301/CO_driver.h **** 
 583:CANopen/301/CO_driver.h **** /**
 584:CANopen/301/CO_driver.h ****  * Process can module - verify CAN errors
 585:CANopen/301/CO_driver.h ****  *
 586:CANopen/301/CO_driver.h ****  * Function must be called cyclically. It should calculate CANerrorStatus bitfield for CAN errors d
 587:CANopen/301/CO_driver.h ****  * CO_CAN_ERR_status_t.
 588:CANopen/301/CO_driver.h ****  *
 589:CANopen/301/CO_driver.h ****  * @param CANmodule This object.
 590:CANopen/301/CO_driver.h ****  */
 591:CANopen/301/CO_driver.h **** void CO_CANmodule_process(CO_CANmodule_t* CANmodule);
 592:CANopen/301/CO_driver.h **** 
 593:CANopen/301/CO_driver.h **** /**
 594:CANopen/301/CO_driver.h ****  * Get uint8_t value from memory buffer
 595:CANopen/301/CO_driver.h ****  *
 596:CANopen/301/CO_driver.h ****  * @param buf Memory buffer to get value from.
 597:CANopen/301/CO_driver.h ****  *
 598:CANopen/301/CO_driver.h ****  * @return Value
 599:CANopen/301/CO_driver.h ****  */
 600:CANopen/301/CO_driver.h **** static inline uint8_t
 601:CANopen/301/CO_driver.h **** CO_getUint8(const void* buf) {
 602:CANopen/301/CO_driver.h ****     uint8_t value;
 603:CANopen/301/CO_driver.h ****     (void)memmove((void*)&value, buf, sizeof(value));
 604:CANopen/301/CO_driver.h ****     return value;
ARM GAS  C:\Users\Lenovo\AppData\Local\Temp\ccs8sfwA.s 			page 15


 605:CANopen/301/CO_driver.h **** }
 606:CANopen/301/CO_driver.h **** 
 607:CANopen/301/CO_driver.h **** /** Get uint16_t value from memory buffer, see @ref CO_getUint8 */
 608:CANopen/301/CO_driver.h **** static inline uint16_t
 609:CANopen/301/CO_driver.h **** CO_getUint16(const void* buf) {
 610:CANopen/301/CO_driver.h ****     uint16_t value;
 611:CANopen/301/CO_driver.h ****     (void)memmove((void*)&value, buf, sizeof(value));
 612:CANopen/301/CO_driver.h ****     return value;
 613:CANopen/301/CO_driver.h **** }
 614:CANopen/301/CO_driver.h **** 
 615:CANopen/301/CO_driver.h **** /** Get uint32_t value from memory buffer, see @ref CO_getUint8 */
 616:CANopen/301/CO_driver.h **** static inline uint32_t
 617:CANopen/301/CO_driver.h **** CO_getUint32(const void* buf) {
 618:CANopen/301/CO_driver.h ****     uint32_t value;
 619:CANopen/301/CO_driver.h ****     (void)memmove((void*)&value, buf, sizeof(value));
 620:CANopen/301/CO_driver.h ****     return value;
 621:CANopen/301/CO_driver.h **** }
 622:CANopen/301/CO_driver.h **** 
 623:CANopen/301/CO_driver.h **** /**
 624:CANopen/301/CO_driver.h ****  * Write uint8_t value into memory buffer
 625:CANopen/301/CO_driver.h ****  *
 626:CANopen/301/CO_driver.h ****  * @param buf Memory buffer.
 627:CANopen/301/CO_driver.h ****  * @param value Value to be written into buf.
 628:CANopen/301/CO_driver.h ****  *
 629:CANopen/301/CO_driver.h ****  * @return number of bytes written.
 630:CANopen/301/CO_driver.h ****  */
 631:CANopen/301/CO_driver.h **** static inline uint8_t
 632:CANopen/301/CO_driver.h **** CO_setUint8(void* buf, uint8_t value) {
 633:CANopen/301/CO_driver.h ****     (void)memmove(buf, (const void*)&value, sizeof(value));
 634:CANopen/301/CO_driver.h ****     return (uint8_t)(sizeof(value));
 635:CANopen/301/CO_driver.h **** }
 636:CANopen/301/CO_driver.h **** 
 637:CANopen/301/CO_driver.h **** /** Write uint16_t value into memory buffer, see @ref CO_setUint8 */
 638:CANopen/301/CO_driver.h **** static inline uint8_t
 639:CANopen/301/CO_driver.h **** CO_setUint16(void* buf, uint16_t value) {
 640:CANopen/301/CO_driver.h ****     (void)memmove(buf, (const void*)&value, sizeof(value));
 641:CANopen/301/CO_driver.h ****     return (uint8_t)(sizeof(value));
 642:CANopen/301/CO_driver.h **** }
 643:CANopen/301/CO_driver.h **** 
 644:CANopen/301/CO_driver.h **** /** Write uint32_t value into memory buffer, see @ref CO_setUint8 */
 645:CANopen/301/CO_driver.h **** static inline uint8_t
 646:CANopen/301/CO_driver.h **** CO_setUint32(void* buf, uint32_t value) {
  76              		.loc 2 646 1 view .LVU19
  77              	.LBB24:
 647:CANopen/301/CO_driver.h ****     (void)memmove(buf, (const void*)&value, sizeof(value));
  78              		.loc 2 647 5 view .LVU20
  79              		.loc 2 647 11 is_stmt 0 view .LVU21
  80 0022 0A60     		str	r2, [r1]	@ unaligned
  81              	.LVL6:
 648:CANopen/301/CO_driver.h ****     return (uint8_t)(sizeof(value));
  82              		.loc 2 648 5 is_stmt 1 view .LVU22
  83              		.loc 2 648 5 is_stmt 0 view .LVU23
  84              	.LBE24:
  85              	.LBE23:
 121:CANopen/301/CO_Emergency.c **** 
 122:CANopen/301/CO_Emergency.c ****     *countRead = sizeof(uint32_t);
  86              		.loc 1 122 5 is_stmt 1 view .LVU24
ARM GAS  C:\Users\Lenovo\AppData\Local\Temp\ccs8sfwA.s 			page 16


  87              		.loc 1 122 16 is_stmt 0 view .LVU25
  88 0024 0422     		movs	r2, #4
  89              	.LVL7:
  90              		.loc 1 122 16 view .LVU26
  91 0026 1A60     		str	r2, [r3]
 123:CANopen/301/CO_Emergency.c ****     return ODR_OK;
  92              		.loc 1 123 5 is_stmt 1 view .LVU27
  93              		.loc 1 123 12 is_stmt 0 view .LVU28
  94 0028 0020     		movs	r0, #0
  95 002a 7047     		bx	lr
  96              	.LVL8:
  97              	.L9:
 118:CANopen/301/CO_Emergency.c ****     COB_IDEmergency32 |= CO_CAN_ID_EMERGENCY + (uint32_t)em->nodeId;
  98              		.loc 1 118 59 discriminator 2 view .LVU29
  99 002c 4FF00040 		mov	r0, #-2147483648
 100 0030 F3E7     		b	.L3
 101              	.LVL9:
 102              	.L4:
 113:CANopen/301/CO_Emergency.c ****     }
 103              		.loc 1 113 16 view .LVU30
 104 0032 0920     		movs	r0, #9
 105              	.LVL10:
 113:CANopen/301/CO_Emergency.c ****     }
 106              		.loc 1 113 16 view .LVU31
 107 0034 7047     		bx	lr
 108              	.L5:
 109 0036 0920     		movs	r0, #9
 110 0038 7047     		bx	lr
 111              	.L6:
 112 003a 0920     		movs	r0, #9
 113 003c 7047     		bx	lr
 114              	.L7:
 115 003e 0920     		movs	r0, #9
 116 0040 7047     		bx	lr
 117              	.L8:
 118 0042 0920     		movs	r0, #9
 124:CANopen/301/CO_Emergency.c **** }
 119              		.loc 1 124 1 view .LVU32
 120 0044 7047     		bx	lr
 121              		.cfi_endproc
 122              	.LFE34:
 124              		.section	.text.OD_read_1003,"ax",%progbits
 125              		.align	1
 126              		.syntax unified
 127              		.thumb
 128              		.thumb_func
 130              	OD_read_1003:
 131              	.LVL11:
 132              	.LFB35:
 125:CANopen/301/CO_Emergency.c **** #endif /* (CO_CONFIG_EM) & CO_CONFIG_EM_PROD_CONFIGURABLE */
 126:CANopen/301/CO_Emergency.c **** 
 127:CANopen/301/CO_Emergency.c **** #if ((CO_CONFIG_EM)&CO_CONFIG_EM_PROD_INHIBIT) != 0
 128:CANopen/301/CO_Emergency.c **** /*
 129:CANopen/301/CO_Emergency.c ****  * Custom function for writing OD object "Inhibit time EMCY"
 130:CANopen/301/CO_Emergency.c ****  *
 131:CANopen/301/CO_Emergency.c ****  * For more information see file CO_ODinterface.h, OD_IO_t.
 132:CANopen/301/CO_Emergency.c ****  */
ARM GAS  C:\Users\Lenovo\AppData\Local\Temp\ccs8sfwA.s 			page 17


 133:CANopen/301/CO_Emergency.c **** static ODR_t
 134:CANopen/301/CO_Emergency.c **** OD_write_1015(OD_stream_t* stream, const void* buf, OD_size_t count, OD_size_t* countWritten) {
 135:CANopen/301/CO_Emergency.c ****     if ((stream == NULL) || (stream->subIndex != 0U) || (buf == NULL) || (count != sizeof(uint16_t)
 136:CANopen/301/CO_Emergency.c ****         || (countWritten == NULL)) {
 137:CANopen/301/CO_Emergency.c ****         return ODR_DEV_INCOMPAT;
 138:CANopen/301/CO_Emergency.c ****     }
 139:CANopen/301/CO_Emergency.c **** 
 140:CANopen/301/CO_Emergency.c ****     CO_EM_t* em = (CO_EM_t*)stream->object;
 141:CANopen/301/CO_Emergency.c **** 
 142:CANopen/301/CO_Emergency.c ****     /* update object */
 143:CANopen/301/CO_Emergency.c ****     em->inhibitEmTime_us = (uint32_t)CO_getUint16(buf) * 100U;
 144:CANopen/301/CO_Emergency.c ****     em->inhibitEmTimer = 0;
 145:CANopen/301/CO_Emergency.c **** 
 146:CANopen/301/CO_Emergency.c ****     /* write value to the original location in the Object Dictionary */
 147:CANopen/301/CO_Emergency.c ****     return OD_writeOriginal(stream, buf, count, countWritten);
 148:CANopen/301/CO_Emergency.c **** }
 149:CANopen/301/CO_Emergency.c **** #endif /* (CO_CONFIG_EM) & CO_CONFIG_EM_PROD_INHIBIT */
 150:CANopen/301/CO_Emergency.c **** #endif /* (CO_CONFIG_EM) & CO_CONFIG_EM_PRODUCER */
 151:CANopen/301/CO_Emergency.c **** 
 152:CANopen/301/CO_Emergency.c **** #if ((CO_CONFIG_EM)&CO_CONFIG_EM_HISTORY) != 0
 153:CANopen/301/CO_Emergency.c **** /*
 154:CANopen/301/CO_Emergency.c ****  * Custom functions for read/write OD object _OD_statusBits_, optional
 155:CANopen/301/CO_Emergency.c ****  *
 156:CANopen/301/CO_Emergency.c ****  * For more information see file CO_ODinterface.h, OD_IO_t.
 157:CANopen/301/CO_Emergency.c ****  */
 158:CANopen/301/CO_Emergency.c **** static ODR_t
 159:CANopen/301/CO_Emergency.c **** OD_read_1003(OD_stream_t* stream, void* buf, OD_size_t count, OD_size_t* countRead) {
 133              		.loc 1 159 85 is_stmt 1 view -0
 134              		.cfi_startproc
 135              		@ args = 0, pretend = 0, frame = 0
 136              		@ frame_needed = 0, uses_anonymous_args = 0
 160:CANopen/301/CO_Emergency.c ****     if ((stream == NULL) || (buf == NULL) || (countRead == NULL) || ((count < 4U) && (stream->subIn
 137              		.loc 1 160 5 view .LVU34
 138              		.loc 1 160 8 is_stmt 0 view .LVU35
 139 0000 78B3     		cbz	r0, .L16
 140 0002 8446     		mov	ip, r0
 141              		.loc 1 160 26 discriminator 1 view .LVU36
 142 0004 79B3     		cbz	r1, .L17
 143              		.loc 1 160 43 discriminator 2 view .LVU37
 144 0006 83B3     		cbz	r3, .L18
 145              		.loc 1 160 66 discriminator 3 view .LVU38
 146 0008 032A     		cmp	r2, #3
 147 000a 02D8     		bhi	.L12
 148              		.loc 1 160 93 discriminator 4 view .LVU39
 149 000c 007D     		ldrb	r0, [r0, #20]	@ zero_extendqisi2
 150              	.LVL12:
 151              		.loc 1 160 83 discriminator 4 view .LVU40
 152 000e 70BB     		cbnz	r0, .L19
 161:CANopen/301/CO_Emergency.c ****         || (count < 1U)) {
 153              		.loc 1 161 9 view .LVU41
 154 0010 7AB3     		cbz	r2, .L20
 155              	.L12:
 159:CANopen/301/CO_Emergency.c ****     if ((stream == NULL) || (buf == NULL) || (countRead == NULL) || ((count < 4U) && (stream->subIn
 156              		.loc 1 159 85 view .LVU42
 157 0012 10B5     		push	{r4, lr}
 158              	.LCFI0:
 159              		.cfi_def_cfa_offset 8
ARM GAS  C:\Users\Lenovo\AppData\Local\Temp\ccs8sfwA.s 			page 18


 160              		.cfi_offset 4, -8
 161              		.cfi_offset 14, -4
 162:CANopen/301/CO_Emergency.c ****         return ODR_DEV_INCOMPAT;
 163:CANopen/301/CO_Emergency.c ****     }
 164:CANopen/301/CO_Emergency.c **** 
 165:CANopen/301/CO_Emergency.c ****     CO_EM_t* em = (CO_EM_t*)stream->object;
 162              		.loc 1 165 5 is_stmt 1 view .LVU43
 163              		.loc 1 165 14 is_stmt 0 view .LVU44
 164 0014 DCF80400 		ldr	r0, [ip, #4]
 165              	.LVL13:
 166:CANopen/301/CO_Emergency.c **** 
 167:CANopen/301/CO_Emergency.c ****     if (em->fifoSize < 2U) {
 166              		.loc 1 167 5 is_stmt 1 view .LVU45
 167              		.loc 1 167 11 is_stmt 0 view .LVU46
 168 0018 90F81CE0 		ldrb	lr, [r0, #28]	@ zero_extendqisi2
 169              		.loc 1 167 8 view .LVU47
 170 001c BEF1010F 		cmp	lr, #1
 171 0020 29D9     		bls	.L21
 168:CANopen/301/CO_Emergency.c ****         return ODR_DEV_INCOMPAT;
 169:CANopen/301/CO_Emergency.c ****     }
 170:CANopen/301/CO_Emergency.c ****     if (stream->subIndex == 0U) {
 172              		.loc 1 170 5 is_stmt 1 view .LVU48
 173              		.loc 1 170 15 is_stmt 0 view .LVU49
 174 0022 9CF81440 		ldrb	r4, [ip, #20]	@ zero_extendqisi2
 175              		.loc 1 170 8 view .LVU50
 176 0026 94B1     		cbz	r4, .L27
 171:CANopen/301/CO_Emergency.c ****         (void)CO_setUint8(buf, em->fifoCount);
 172:CANopen/301/CO_Emergency.c **** 
 173:CANopen/301/CO_Emergency.c ****         *countRead = sizeof(uint8_t);
 174:CANopen/301/CO_Emergency.c ****         return ODR_OK;
 175:CANopen/301/CO_Emergency.c ****     } else if (stream->subIndex <= em->fifoCount) {
 177              		.loc 1 175 12 is_stmt 1 view .LVU51
 178              		.loc 1 175 38 is_stmt 0 view .LVU52
 179 0028 90F82020 		ldrb	r2, [r0, #32]	@ zero_extendqisi2
 180              	.LVL14:
 181              		.loc 1 175 15 view .LVU53
 182 002c 9442     		cmp	r4, r2
 183 002e 24D8     		bhi	.L22
 184              	.LBB25:
 176:CANopen/301/CO_Emergency.c ****         /* newest error is reported on subIndex 1 and is stored just behind
 177:CANopen/301/CO_Emergency.c ****          * fifoWrPtr. Get correct index in FIFO buffer. */
 178:CANopen/301/CO_Emergency.c ****         int16_t index = (int16_t)em->fifoWrPtr - (int16_t)stream->subIndex;
 185              		.loc 1 178 9 is_stmt 1 view .LVU54
 186              		.loc 1 178 36 is_stmt 0 view .LVU55
 187 0030 427F     		ldrb	r2, [r0, #29]	@ zero_extendqisi2
 188              		.loc 1 178 48 view .LVU56
 189 0032 121B     		subs	r2, r2, r4
 190 0034 94B2     		uxth	r4, r2
 191              	.LVL15:
 179:CANopen/301/CO_Emergency.c ****         if (index < 0) {
 192              		.loc 1 179 9 is_stmt 1 view .LVU57
 193              		.loc 1 179 12 is_stmt 0 view .LVU58
 194 0036 002A     		cmp	r2, #0
 195              	.LVL16:
 196              		.loc 1 179 12 view .LVU59
 197 0038 10DB     		blt	.L28
 180:CANopen/301/CO_Emergency.c ****             index += (int16_t)em->fifoSize;
ARM GAS  C:\Users\Lenovo\AppData\Local\Temp\ccs8sfwA.s 			page 19


 181:CANopen/301/CO_Emergency.c ****         } else if (index >= (int16_t)(em->fifoSize)) {
 198              		.loc 1 181 16 is_stmt 1 view .LVU60
 199              		.loc 1 181 19 is_stmt 0 view .LVU61
 200 003a 7245     		cmp	r2, lr
 201 003c 1FDA     		bge	.L23
 202              	.LVL17:
 203              	.L15:
 182:CANopen/301/CO_Emergency.c ****             return ODR_DEV_INCOMPAT;
 183:CANopen/301/CO_Emergency.c ****         } else { /* MISRA C 2004 14.10 */
 184:CANopen/301/CO_Emergency.c ****         }
 204              		.loc 1 184 9 is_stmt 1 view .LVU62
 185:CANopen/301/CO_Emergency.c ****         (void)CO_setUint32(buf, em->fifo[index].msg);
 205              		.loc 1 185 9 view .LVU63
 206              		.loc 1 185 35 is_stmt 0 view .LVU64
 207 003e 8069     		ldr	r0, [r0, #24]
 208              	.LVL18:
 209              		.loc 1 185 15 view .LVU65
 210 0040 50F83220 		ldr	r2, [r0, r2, lsl #3]
 211              	.LVL19:
 212              	.LBB26:
 213              	.LBI26:
 646:CANopen/301/CO_driver.h ****     (void)memmove(buf, (const void*)&value, sizeof(value));
 214              		.loc 2 646 1 is_stmt 1 view .LVU66
 215              	.LBB27:
 647:CANopen/301/CO_driver.h ****     return (uint8_t)(sizeof(value));
 216              		.loc 2 647 5 view .LVU67
 647:CANopen/301/CO_driver.h ****     return (uint8_t)(sizeof(value));
 217              		.loc 2 647 11 is_stmt 0 view .LVU68
 218 0044 0A60     		str	r2, [r1]	@ unaligned
 219              	.LVL20:
 220              		.loc 2 648 5 is_stmt 1 view .LVU69
 221              		.loc 2 648 5 is_stmt 0 view .LVU70
 222              	.LBE27:
 223              	.LBE26:
 186:CANopen/301/CO_Emergency.c **** 
 187:CANopen/301/CO_Emergency.c ****         *countRead = sizeof(uint32_t);
 224              		.loc 1 187 9 is_stmt 1 view .LVU71
 225              		.loc 1 187 20 is_stmt 0 view .LVU72
 226 0046 0422     		movs	r2, #4
 227 0048 1A60     		str	r2, [r3]
 188:CANopen/301/CO_Emergency.c ****         return ODR_OK;
 228              		.loc 1 188 9 is_stmt 1 view .LVU73
 229              		.loc 1 188 16 is_stmt 0 view .LVU74
 230 004a 0020     		movs	r0, #0
 231              	.LVL21:
 232              	.L11:
 233              		.loc 1 188 16 view .LVU75
 234              	.LBE25:
 189:CANopen/301/CO_Emergency.c ****     } else {
 190:CANopen/301/CO_Emergency.c ****         return ODR_NO_DATA;
 191:CANopen/301/CO_Emergency.c ****     }
 192:CANopen/301/CO_Emergency.c **** }
 235              		.loc 1 192 1 view .LVU76
 236 004c 10BD     		pop	{r4, pc}
 237              	.LVL22:
 238              	.L27:
 171:CANopen/301/CO_Emergency.c **** 
ARM GAS  C:\Users\Lenovo\AppData\Local\Temp\ccs8sfwA.s 			page 20


 239              		.loc 1 171 9 is_stmt 1 view .LVU77
 171:CANopen/301/CO_Emergency.c **** 
 240              		.loc 1 171 15 is_stmt 0 view .LVU78
 241 004e 90F82020 		ldrb	r2, [r0, #32]	@ zero_extendqisi2
 242              	.LVL23:
 243              	.LBB28:
 244              	.LBI28:
 632:CANopen/301/CO_driver.h ****     (void)memmove(buf, (const void*)&value, sizeof(value));
 245              		.loc 2 632 1 is_stmt 1 view .LVU79
 246              	.LBB29:
 633:CANopen/301/CO_driver.h ****     return (uint8_t)(sizeof(value));
 247              		.loc 2 633 5 view .LVU80
 633:CANopen/301/CO_driver.h ****     return (uint8_t)(sizeof(value));
 248              		.loc 2 633 11 is_stmt 0 view .LVU81
 249 0052 0A70     		strb	r2, [r1]
 634:CANopen/301/CO_driver.h **** }
 250              		.loc 2 634 5 is_stmt 1 view .LVU82
 251              	.LVL24:
 634:CANopen/301/CO_driver.h **** }
 252              		.loc 2 634 5 is_stmt 0 view .LVU83
 253              	.LBE29:
 254              	.LBE28:
 173:CANopen/301/CO_Emergency.c ****         return ODR_OK;
 255              		.loc 1 173 9 is_stmt 1 view .LVU84
 173:CANopen/301/CO_Emergency.c ****         return ODR_OK;
 256              		.loc 1 173 20 is_stmt 0 view .LVU85
 257 0054 0122     		movs	r2, #1
 258 0056 1A60     		str	r2, [r3]
 174:CANopen/301/CO_Emergency.c ****     } else if (stream->subIndex <= em->fifoCount) {
 259              		.loc 1 174 9 is_stmt 1 view .LVU86
 174:CANopen/301/CO_Emergency.c ****     } else if (stream->subIndex <= em->fifoCount) {
 260              		.loc 1 174 16 is_stmt 0 view .LVU87
 261 0058 0020     		movs	r0, #0
 262              	.LVL25:
 174:CANopen/301/CO_Emergency.c ****     } else if (stream->subIndex <= em->fifoCount) {
 263              		.loc 1 174 16 view .LVU88
 264 005a F7E7     		b	.L11
 265              	.LVL26:
 266              	.L28:
 267              	.LBB30:
 180:CANopen/301/CO_Emergency.c ****         } else if (index >= (int16_t)(em->fifoSize)) {
 268              		.loc 1 180 13 is_stmt 1 view .LVU89
 180:CANopen/301/CO_Emergency.c ****         } else if (index >= (int16_t)(em->fifoSize)) {
 269              		.loc 1 180 19 is_stmt 0 view .LVU90
 270 005c 7444     		add	r4, r4, lr
 271              	.LVL27:
 180:CANopen/301/CO_Emergency.c ****         } else if (index >= (int16_t)(em->fifoSize)) {
 272              		.loc 1 180 19 view .LVU91
 273 005e 22B2     		sxth	r2, r4
 274              	.LVL28:
 180:CANopen/301/CO_Emergency.c ****         } else if (index >= (int16_t)(em->fifoSize)) {
 275              		.loc 1 180 19 view .LVU92
 276 0060 EDE7     		b	.L15
 277              	.LVL29:
 278              	.L16:
 279              	.LCFI1:
 280              		.cfi_def_cfa_offset 0
ARM GAS  C:\Users\Lenovo\AppData\Local\Temp\ccs8sfwA.s 			page 21


 281              		.cfi_restore 4
 282              		.cfi_restore 14
 180:CANopen/301/CO_Emergency.c ****         } else if (index >= (int16_t)(em->fifoSize)) {
 283              		.loc 1 180 19 view .LVU93
 284              	.LBE30:
 162:CANopen/301/CO_Emergency.c ****     }
 285              		.loc 1 162 16 view .LVU94
 286 0062 0920     		movs	r0, #9
 287              	.LVL30:
 162:CANopen/301/CO_Emergency.c ****     }
 288              		.loc 1 162 16 view .LVU95
 289 0064 7047     		bx	lr
 290              	.LVL31:
 291              	.L17:
 162:CANopen/301/CO_Emergency.c ****     }
 292              		.loc 1 162 16 view .LVU96
 293 0066 0920     		movs	r0, #9
 294              	.LVL32:
 162:CANopen/301/CO_Emergency.c ****     }
 295              		.loc 1 162 16 view .LVU97
 296 0068 7047     		bx	lr
 297              	.LVL33:
 298              	.L18:
 162:CANopen/301/CO_Emergency.c ****     }
 299              		.loc 1 162 16 view .LVU98
 300 006a 0920     		movs	r0, #9
 301              	.LVL34:
 162:CANopen/301/CO_Emergency.c ****     }
 302              		.loc 1 162 16 view .LVU99
 303 006c 7047     		bx	lr
 304              	.L19:
 305 006e 0920     		movs	r0, #9
 306 0070 7047     		bx	lr
 307              	.L20:
 308 0072 0920     		movs	r0, #9
 309              		.loc 1 192 1 view .LVU100
 310 0074 7047     		bx	lr
 311              	.LVL35:
 312              	.L21:
 313              	.LCFI2:
 314              		.cfi_def_cfa_offset 8
 315              		.cfi_offset 4, -8
 316              		.cfi_offset 14, -4
 168:CANopen/301/CO_Emergency.c ****     }
 317              		.loc 1 168 16 view .LVU101
 318 0076 0920     		movs	r0, #9
 319              	.LVL36:
 168:CANopen/301/CO_Emergency.c ****     }
 320              		.loc 1 168 16 view .LVU102
 321 0078 E8E7     		b	.L11
 322              	.LVL37:
 323              	.L22:
 190:CANopen/301/CO_Emergency.c ****     }
 324              		.loc 1 190 16 view .LVU103
 325 007a 1920     		movs	r0, #25
 326              	.LVL38:
 190:CANopen/301/CO_Emergency.c ****     }
ARM GAS  C:\Users\Lenovo\AppData\Local\Temp\ccs8sfwA.s 			page 22


 327              		.loc 1 190 16 view .LVU104
 328 007c E6E7     		b	.L11
 329              	.LVL39:
 330              	.L23:
 331              	.LBB31:
 182:CANopen/301/CO_Emergency.c ****         } else { /* MISRA C 2004 14.10 */
 332              		.loc 1 182 20 view .LVU105
 333 007e 0920     		movs	r0, #9
 334              	.LVL40:
 182:CANopen/301/CO_Emergency.c ****         } else { /* MISRA C 2004 14.10 */
 335              		.loc 1 182 20 view .LVU106
 336 0080 E4E7     		b	.L11
 337              	.LBE31:
 338              		.cfi_endproc
 339              	.LFE35:
 341              		.section	.text.OD_write_1003,"ax",%progbits
 342              		.align	1
 343              		.syntax unified
 344              		.thumb
 345              		.thumb_func
 347              	OD_write_1003:
 348              	.LVL41:
 349              	.LFB36:
 193:CANopen/301/CO_Emergency.c **** 
 194:CANopen/301/CO_Emergency.c **** static ODR_t
 195:CANopen/301/CO_Emergency.c **** OD_write_1003(OD_stream_t* stream, const void* buf, OD_size_t count, OD_size_t* countWritten) {
 350              		.loc 1 195 95 is_stmt 1 view -0
 351              		.cfi_startproc
 352              		@ args = 0, pretend = 0, frame = 0
 353              		@ frame_needed = 0, uses_anonymous_args = 0
 354              		@ link register save eliminated.
 196:CANopen/301/CO_Emergency.c ****     if ((stream == NULL) || (stream->subIndex != 0U) || (buf == NULL) || (count != 1U) || (countWri
 355              		.loc 1 196 5 view .LVU108
 356              		.loc 1 196 8 is_stmt 0 view .LVU109
 357 0000 8446     		mov	ip, r0
 358 0002 70B1     		cbz	r0, .L31
 359              		.loc 1 196 36 discriminator 1 view .LVU110
 360 0004 007D     		ldrb	r0, [r0, #20]	@ zero_extendqisi2
 361              	.LVL42:
 362              		.loc 1 196 26 discriminator 1 view .LVU111
 363 0006 70B9     		cbnz	r0, .L32
 364              		.loc 1 196 54 discriminator 2 view .LVU112
 365 0008 79B1     		cbz	r1, .L33
 366              		.loc 1 196 71 discriminator 3 view .LVU113
 367 000a 012A     		cmp	r2, #1
 368 000c 0FD1     		bne	.L34
 369              		.loc 1 196 88 discriminator 4 view .LVU114
 370 000e 83B1     		cbz	r3, .L35
 197:CANopen/301/CO_Emergency.c ****         return ODR_DEV_INCOMPAT;
 198:CANopen/301/CO_Emergency.c ****     }
 199:CANopen/301/CO_Emergency.c **** 
 200:CANopen/301/CO_Emergency.c ****     if (CO_getUint8(buf) != 0U) {
 371              		.loc 1 200 5 is_stmt 1 view .LVU115
 372              	.LVL43:
 373              	.LBB32:
 374              	.LBI32:
 601:CANopen/301/CO_driver.h ****     uint8_t value;
ARM GAS  C:\Users\Lenovo\AppData\Local\Temp\ccs8sfwA.s 			page 23


 375              		.loc 2 601 1 view .LVU116
 376              	.LBB33:
 602:CANopen/301/CO_driver.h ****     (void)memmove((void*)&value, buf, sizeof(value));
 377              		.loc 2 602 5 view .LVU117
 603:CANopen/301/CO_driver.h ****     return value;
 378              		.loc 2 603 5 view .LVU118
 603:CANopen/301/CO_driver.h ****     return value;
 379              		.loc 2 603 11 is_stmt 0 view .LVU119
 380 0010 0A78     		ldrb	r2, [r1]	@ zero_extendqisi2
 381              	.LVL44:
 604:CANopen/301/CO_driver.h **** }
 382              		.loc 2 604 5 is_stmt 1 view .LVU120
 604:CANopen/301/CO_driver.h **** }
 383              		.loc 2 604 5 is_stmt 0 view .LVU121
 384              	.LBE33:
 385              	.LBE32:
 386              		.loc 1 200 8 discriminator 1 view .LVU122
 387 0012 82B9     		cbnz	r2, .L36
 201:CANopen/301/CO_Emergency.c ****         return ODR_INVALID_VALUE;
 202:CANopen/301/CO_Emergency.c ****     }
 203:CANopen/301/CO_Emergency.c **** 
 204:CANopen/301/CO_Emergency.c ****     CO_EM_t* em = (CO_EM_t*)stream->object;
 388              		.loc 1 204 5 is_stmt 1 view .LVU123
 389              		.loc 1 204 14 is_stmt 0 view .LVU124
 390 0014 DCF80420 		ldr	r2, [ip, #4]
 391              	.LVL45:
 205:CANopen/301/CO_Emergency.c **** 
 206:CANopen/301/CO_Emergency.c ****     /* clear error history */
 207:CANopen/301/CO_Emergency.c ****     em->fifoCount = 0;
 392              		.loc 1 207 5 is_stmt 1 view .LVU125
 393              		.loc 1 207 19 is_stmt 0 view .LVU126
 394 0018 82F82000 		strb	r0, [r2, #32]
 395              	.LVL46:
 208:CANopen/301/CO_Emergency.c **** 
 209:CANopen/301/CO_Emergency.c ****     *countWritten = sizeof(uint8_t);
 396              		.loc 1 209 5 is_stmt 1 view .LVU127
 397              		.loc 1 209 19 is_stmt 0 view .LVU128
 398 001c 0122     		movs	r2, #1
 399              	.LVL47:
 400              		.loc 1 209 19 view .LVU129
 401 001e 1A60     		str	r2, [r3]
 210:CANopen/301/CO_Emergency.c ****     return ODR_OK;
 402              		.loc 1 210 5 is_stmt 1 view .LVU130
 403              		.loc 1 210 12 is_stmt 0 view .LVU131
 404 0020 7047     		bx	lr
 405              	.LVL48:
 406              	.L31:
 197:CANopen/301/CO_Emergency.c ****     }
 407              		.loc 1 197 16 view .LVU132
 408 0022 0920     		movs	r0, #9
 409              	.LVL49:
 197:CANopen/301/CO_Emergency.c ****     }
 410              		.loc 1 197 16 view .LVU133
 411 0024 7047     		bx	lr
 412              	.L32:
 413 0026 0920     		movs	r0, #9
 414 0028 7047     		bx	lr
ARM GAS  C:\Users\Lenovo\AppData\Local\Temp\ccs8sfwA.s 			page 24


 415              	.L33:
 416 002a 0920     		movs	r0, #9
 417 002c 7047     		bx	lr
 418              	.L34:
 419 002e 0920     		movs	r0, #9
 420 0030 7047     		bx	lr
 421              	.L35:
 422 0032 0920     		movs	r0, #9
 423 0034 7047     		bx	lr
 424              	.LVL50:
 425              	.L36:
 201:CANopen/301/CO_Emergency.c ****     }
 426              		.loc 1 201 16 view .LVU134
 427 0036 0F20     		movs	r0, #15
 211:CANopen/301/CO_Emergency.c **** }
 428              		.loc 1 211 1 view .LVU135
 429 0038 7047     		bx	lr
 430              		.cfi_endproc
 431              	.LFE36:
 433              		.section	.text.CO_EM_init,"ax",%progbits
 434              		.align	1
 435              		.global	CO_EM_init
 436              		.syntax unified
 437              		.thumb
 438              		.thumb_func
 440              	CO_EM_init:
 441              	.LVL51:
 442              	.LFB37:
 212:CANopen/301/CO_Emergency.c **** #endif /* (CO_CONFIG_EM) & CO_CONFIG_EM_HISTORY */
 213:CANopen/301/CO_Emergency.c **** 
 214:CANopen/301/CO_Emergency.c **** #if ((CO_CONFIG_EM)&CO_CONFIG_EM_STATUS_BITS) != 0
 215:CANopen/301/CO_Emergency.c **** /*
 216:CANopen/301/CO_Emergency.c ****  * Custom functions for read/write OD object _OD_statusBits_, optional
 217:CANopen/301/CO_Emergency.c ****  *
 218:CANopen/301/CO_Emergency.c ****  * For more information see file CO_ODinterface.h, OD_IO_t.
 219:CANopen/301/CO_Emergency.c ****  */
 220:CANopen/301/CO_Emergency.c **** static ODR_t
 221:CANopen/301/CO_Emergency.c **** OD_read_statusBits(OD_stream_t* stream, void* buf, OD_size_t count, OD_size_t* countRead) {
 222:CANopen/301/CO_Emergency.c ****     if ((stream == NULL) || (stream->subIndex != 0U) || (buf == NULL) || (countRead == NULL)) {
 223:CANopen/301/CO_Emergency.c ****         return ODR_DEV_INCOMPAT;
 224:CANopen/301/CO_Emergency.c ****     }
 225:CANopen/301/CO_Emergency.c **** 
 226:CANopen/301/CO_Emergency.c ****     CO_EM_t* em = (CO_EM_t*)stream->object;
 227:CANopen/301/CO_Emergency.c **** 
 228:CANopen/301/CO_Emergency.c ****     /* get MAX(errorStatusBitsSize, bufSize, ODsizeIndication) */
 229:CANopen/301/CO_Emergency.c ****     OD_size_t countReadLocal = CO_CONFIG_EM_ERR_STATUS_BITS_COUNT / 8U;
 230:CANopen/301/CO_Emergency.c ****     if (countReadLocal > count) {
 231:CANopen/301/CO_Emergency.c ****         countReadLocal = count;
 232:CANopen/301/CO_Emergency.c ****     }
 233:CANopen/301/CO_Emergency.c ****     if ((stream->dataLength != 0U) && (countReadLocal > stream->dataLength)) {
 234:CANopen/301/CO_Emergency.c ****         countReadLocal = stream->dataLength;
 235:CANopen/301/CO_Emergency.c ****     } else {
 236:CANopen/301/CO_Emergency.c ****         stream->dataLength = countReadLocal;
 237:CANopen/301/CO_Emergency.c ****     }
 238:CANopen/301/CO_Emergency.c **** 
 239:CANopen/301/CO_Emergency.c ****     (void)memcpy((void*)(buf), (const void*)(&em->errorStatusBits[0]), countReadLocal);
 240:CANopen/301/CO_Emergency.c **** 
ARM GAS  C:\Users\Lenovo\AppData\Local\Temp\ccs8sfwA.s 			page 25


 241:CANopen/301/CO_Emergency.c ****     *countRead = countReadLocal;
 242:CANopen/301/CO_Emergency.c ****     return ODR_OK;
 243:CANopen/301/CO_Emergency.c **** }
 244:CANopen/301/CO_Emergency.c **** 
 245:CANopen/301/CO_Emergency.c **** static ODR_t
 246:CANopen/301/CO_Emergency.c **** OD_write_statusBits(OD_stream_t* stream, const void* buf, OD_size_t count, OD_size_t* countWritten)
 247:CANopen/301/CO_Emergency.c ****     if ((stream == NULL) || (stream->subIndex != 0U) || (buf == NULL) || (countWritten == NULL)) {
 248:CANopen/301/CO_Emergency.c ****         return ODR_DEV_INCOMPAT;
 249:CANopen/301/CO_Emergency.c ****     }
 250:CANopen/301/CO_Emergency.c **** 
 251:CANopen/301/CO_Emergency.c ****     CO_EM_t* em = (CO_EM_t*)stream->object;
 252:CANopen/301/CO_Emergency.c **** 
 253:CANopen/301/CO_Emergency.c ****     /* get MAX(errorStatusBitsSize, bufSize, ODsizeIndication) */
 254:CANopen/301/CO_Emergency.c ****     OD_size_t countWrite = CO_CONFIG_EM_ERR_STATUS_BITS_COUNT / 8U;
 255:CANopen/301/CO_Emergency.c ****     if (countWrite > count) {
 256:CANopen/301/CO_Emergency.c ****         countWrite = count;
 257:CANopen/301/CO_Emergency.c ****     }
 258:CANopen/301/CO_Emergency.c ****     if ((stream->dataLength != 0U) && (countWrite > stream->dataLength)) {
 259:CANopen/301/CO_Emergency.c ****         countWrite = stream->dataLength;
 260:CANopen/301/CO_Emergency.c ****     } else {
 261:CANopen/301/CO_Emergency.c ****         stream->dataLength = countWrite;
 262:CANopen/301/CO_Emergency.c ****     }
 263:CANopen/301/CO_Emergency.c **** 
 264:CANopen/301/CO_Emergency.c ****     (void)memcpy((void*)(&em->errorStatusBits[0]), (const void*)(buf), countWrite);
 265:CANopen/301/CO_Emergency.c **** 
 266:CANopen/301/CO_Emergency.c ****     *countWritten = countWrite;
 267:CANopen/301/CO_Emergency.c ****     return ODR_OK;
 268:CANopen/301/CO_Emergency.c **** }
 269:CANopen/301/CO_Emergency.c **** #endif /* (CO_CONFIG_EM) & CO_CONFIG_EM_STATUS_BITS */
 270:CANopen/301/CO_Emergency.c **** 
 271:CANopen/301/CO_Emergency.c **** #if ((CO_CONFIG_EM)&CO_CONFIG_EM_CONSUMER) != 0
 272:CANopen/301/CO_Emergency.c **** /*
 273:CANopen/301/CO_Emergency.c ****  * Read received message from CAN module.
 274:CANopen/301/CO_Emergency.c ****  *
 275:CANopen/301/CO_Emergency.c ****  * Function will be called (by CAN receive interrupt) every time, when CAN message with correct ide
 276:CANopen/301/CO_Emergency.c ****  * will be received. For more information and description of parameters see file CO_driver.h.
 277:CANopen/301/CO_Emergency.c ****  */
 278:CANopen/301/CO_Emergency.c **** static void
 279:CANopen/301/CO_Emergency.c **** CO_EM_receive(void* object, void* msg) {
 280:CANopen/301/CO_Emergency.c ****     CO_EM_t* em = (CO_EM_t*)object;
 281:CANopen/301/CO_Emergency.c **** 
 282:CANopen/301/CO_Emergency.c ****     if ((em != NULL) && (em->pFunctSignalRx != NULL)) {
 283:CANopen/301/CO_Emergency.c ****         uint16_t ident = CO_CANrxMsg_readIdent(msg);
 284:CANopen/301/CO_Emergency.c **** 
 285:CANopen/301/CO_Emergency.c ****         /* ignore sync messages (necessary if sync object is not used) */
 286:CANopen/301/CO_Emergency.c ****         if (ident != 0x80U) {
 287:CANopen/301/CO_Emergency.c ****             const uint8_t* data = CO_CANrxMsg_readData(msg);
 288:CANopen/301/CO_Emergency.c ****             uint16_t errorCode;
 289:CANopen/301/CO_Emergency.c ****             uint32_t infoCode;
 290:CANopen/301/CO_Emergency.c **** 
 291:CANopen/301/CO_Emergency.c ****             (void)memcpy((void*)(&errorCode), (const void*)(&data[0]), sizeof(errorCode));
 292:CANopen/301/CO_Emergency.c ****             (void)memcpy((void*)(&infoCode), (const void*)(&data[4]), sizeof(infoCode));
 293:CANopen/301/CO_Emergency.c ****             em->pFunctSignalRx(ident, CO_SWAP_16(errorCode), data[2], data[3], CO_SWAP_32(infoCode)
 294:CANopen/301/CO_Emergency.c ****         }
 295:CANopen/301/CO_Emergency.c ****     }
 296:CANopen/301/CO_Emergency.c **** }
 297:CANopen/301/CO_Emergency.c **** #endif
ARM GAS  C:\Users\Lenovo\AppData\Local\Temp\ccs8sfwA.s 			page 26


 298:CANopen/301/CO_Emergency.c **** 
 299:CANopen/301/CO_Emergency.c **** CO_ReturnError_t
 300:CANopen/301/CO_Emergency.c **** CO_EM_init(CO_EM_t* em, CO_CANmodule_t* CANdevTx, const OD_entry_t* OD_1001_errReg,
 301:CANopen/301/CO_Emergency.c **** #if (((CO_CONFIG_EM) & (CO_CONFIG_EM_PRODUCER | CO_CONFIG_EM_HISTORY)) != 0) || defined CO_DOXYGEN
 302:CANopen/301/CO_Emergency.c ****            CO_EM_fifo_t* fifo, uint8_t fifoSize,
 303:CANopen/301/CO_Emergency.c **** #endif
 304:CANopen/301/CO_Emergency.c **** #if (((CO_CONFIG_EM)&CO_CONFIG_EM_PRODUCER) != 0) || defined CO_DOXYGEN
 305:CANopen/301/CO_Emergency.c ****            OD_entry_t* OD_1014_cobIdEm, uint16_t CANdevTxIdx,
 306:CANopen/301/CO_Emergency.c **** #if (((CO_CONFIG_EM)&CO_CONFIG_EM_PROD_INHIBIT) != 0) || defined CO_DOXYGEN
 307:CANopen/301/CO_Emergency.c ****            OD_entry_t* OD_1015_InhTime,
 308:CANopen/301/CO_Emergency.c **** #endif
 309:CANopen/301/CO_Emergency.c **** #endif
 310:CANopen/301/CO_Emergency.c **** #if (((CO_CONFIG_EM)&CO_CONFIG_EM_HISTORY) != 0) || defined CO_DOXYGEN
 311:CANopen/301/CO_Emergency.c ****            OD_entry_t* OD_1003_preDefErr,
 312:CANopen/301/CO_Emergency.c **** #endif
 313:CANopen/301/CO_Emergency.c **** #if (((CO_CONFIG_EM)&CO_CONFIG_EM_STATUS_BITS) != 0) || defined CO_DOXYGEN
 314:CANopen/301/CO_Emergency.c ****            OD_entry_t* OD_statusBits,
 315:CANopen/301/CO_Emergency.c **** #endif
 316:CANopen/301/CO_Emergency.c **** #if (((CO_CONFIG_EM)&CO_CONFIG_EM_CONSUMER) != 0) || defined CO_DOXYGEN
 317:CANopen/301/CO_Emergency.c ****            CO_CANmodule_t* CANdevRx, uint16_t CANdevRxIdx,
 318:CANopen/301/CO_Emergency.c **** #endif
 319:CANopen/301/CO_Emergency.c ****            const uint8_t nodeId, uint32_t* errInfo) {
 443              		.loc 1 319 53 is_stmt 1 view -0
 444              		.cfi_startproc
 445              		@ args = 24, pretend = 0, frame = 8
 446              		@ frame_needed = 0, uses_anonymous_args = 0
 447              		.loc 1 319 53 is_stmt 0 view .LVU137
 448 0000 2DE9F04F 		push	{r4, r5, r6, r7, r8, r9, r10, fp, lr}
 449              	.LCFI3:
 450              		.cfi_def_cfa_offset 36
 451              		.cfi_offset 4, -36
 452              		.cfi_offset 5, -32
 453              		.cfi_offset 6, -28
 454              		.cfi_offset 7, -24
 455              		.cfi_offset 8, -20
 456              		.cfi_offset 9, -16
 457              		.cfi_offset 10, -12
 458              		.cfi_offset 11, -8
 459              		.cfi_offset 14, -4
 460 0004 85B0     		sub	sp, sp, #20
 461              	.LCFI4:
 462              		.cfi_def_cfa_offset 56
 463 0006 9DF838B0 		ldrb	fp, [sp, #56]	@ zero_extendqisi2
 464 000a DDF83C90 		ldr	r9, [sp, #60]
 465 000e DDF844A0 		ldr	r10, [sp, #68]
 466 0012 9DF84880 		ldrb	r8, [sp, #72]	@ zero_extendqisi2
 320:CANopen/301/CO_Emergency.c ****     (void)nodeId; /* may be unused */
 467              		.loc 1 320 5 is_stmt 1 view .LVU138
 321:CANopen/301/CO_Emergency.c ****     CO_ReturnError_t ret = CO_ERROR_NO;
 468              		.loc 1 321 5 view .LVU139
 469              	.LVL52:
 322:CANopen/301/CO_Emergency.c **** 
 323:CANopen/301/CO_Emergency.c ****     /* verify arguments */
 324:CANopen/301/CO_Emergency.c ****     if ((em == NULL) || (OD_1001_errReg == NULL)
 470              		.loc 1 324 5 view .LVU140
 471              		.loc 1 324 8 is_stmt 0 view .LVU141
 472 0016 0028     		cmp	r0, #0
ARM GAS  C:\Users\Lenovo\AppData\Local\Temp\ccs8sfwA.s 			page 27


 473 0018 74D0     		beq	.L45
 474 001a 0D46     		mov	r5, r1
 475 001c 1646     		mov	r6, r2
 476 001e 1F46     		mov	r7, r3
 477 0020 0446     		mov	r4, r0
 478              		.loc 1 324 22 discriminator 1 view .LVU142
 479 0022 002A     		cmp	r2, #0
 480 0024 71D0     		beq	.L46
 325:CANopen/301/CO_Emergency.c **** #if ((CO_CONFIG_EM) & (CO_CONFIG_EM_PRODUCER | CO_CONFIG_EM_HISTORY)) != 0
 326:CANopen/301/CO_Emergency.c ****         || ((fifo == NULL) && (fifoSize >= 2U))
 481              		.loc 1 326 9 view .LVU143
 482 0026 002B     		cmp	r3, #0
 483 0028 5ED0     		beq	.L56
 484              	.L39:
 327:CANopen/301/CO_Emergency.c **** #endif
 328:CANopen/301/CO_Emergency.c **** #if ((CO_CONFIG_EM)&CO_CONFIG_EM_PRODUCER) != 0
 329:CANopen/301/CO_Emergency.c ****         || (OD_1014_cobIdEm == NULL) || (CANdevTx == NULL) || (nodeId < 1U) || (nodeId > 127U)
 485              		.loc 1 329 9 view .LVU144
 486 002a B9F1000F 		cmp	r9, #0
 487 002e 6FD0     		beq	.L48
 488              		.loc 1 329 38 discriminator 1 view .LVU145
 489 0030 002D     		cmp	r5, #0
 490 0032 70D0     		beq	.L49
 491              		.loc 1 329 60 discriminator 2 view .LVU146
 492 0034 B8F1000F 		cmp	r8, #0
 493 0038 70D0     		beq	.L50
 494              		.loc 1 329 77 discriminator 3 view .LVU147
 495 003a 18F0800F 		tst	r8, #128
 496 003e 70D1     		bne	.L51
 330:CANopen/301/CO_Emergency.c **** #endif
 331:CANopen/301/CO_Emergency.c **** #if ((CO_CONFIG_EM)&CO_CONFIG_EM_HISTORY) != 0
 332:CANopen/301/CO_Emergency.c ****         || (OD_1003_preDefErr == NULL)
 497              		.loc 1 332 9 view .LVU148
 498 0040 BAF1000F 		cmp	r10, #0
 499 0044 70D0     		beq	.L52
 333:CANopen/301/CO_Emergency.c **** #endif
 334:CANopen/301/CO_Emergency.c **** #if ((CO_CONFIG_EM)&CO_CONFIG_EM_CONSUMER) != 0
 335:CANopen/301/CO_Emergency.c ****         || (CANdevRx == NULL)
 336:CANopen/301/CO_Emergency.c **** #endif
 337:CANopen/301/CO_Emergency.c ****     ) {
 338:CANopen/301/CO_Emergency.c ****         return CO_ERROR_ILLEGAL_ARGUMENT;
 339:CANopen/301/CO_Emergency.c ****     }
 340:CANopen/301/CO_Emergency.c **** 
 341:CANopen/301/CO_Emergency.c ****     /* clear the object */
 342:CANopen/301/CO_Emergency.c ****     (void)memset(em, 0, sizeof(CO_EM_t));
 500              		.loc 1 342 5 is_stmt 1 view .LVU149
 501              		.loc 1 342 11 is_stmt 0 view .LVU150
 502 0046 5022     		movs	r2, #80
 503              	.LVL53:
 504              		.loc 1 342 11 view .LVU151
 505 0048 0021     		movs	r1, #0
 506              	.LVL54:
 507              		.loc 1 342 11 view .LVU152
 508 004a 2046     		mov	r0, r4
 509              	.LVL55:
 510              		.loc 1 342 11 view .LVU153
 511 004c FFF7FEFF 		bl	memset
ARM GAS  C:\Users\Lenovo\AppData\Local\Temp\ccs8sfwA.s 			page 28


 512              	.LVL56:
 343:CANopen/301/CO_Emergency.c **** 
 344:CANopen/301/CO_Emergency.c ****     /* set object variables */
 345:CANopen/301/CO_Emergency.c ****     em->CANdevTx = CANdevTx;
 513              		.loc 1 345 5 is_stmt 1 view .LVU154
 514              		.loc 1 345 18 is_stmt 0 view .LVU155
 515 0050 6561     		str	r5, [r4, #20]
 346:CANopen/301/CO_Emergency.c **** 
 347:CANopen/301/CO_Emergency.c ****     /* get and verify "Error register" from Object Dictionary */
 348:CANopen/301/CO_Emergency.c ****     em->errorRegister = OD_getPtr(OD_1001_errReg, 0, sizeof(uint8_t), NULL);
 516              		.loc 1 348 5 is_stmt 1 view .LVU156
 517              		.loc 1 348 25 is_stmt 0 view .LVU157
 518 0052 0023     		movs	r3, #0
 519 0054 0122     		movs	r2, #1
 520 0056 1946     		mov	r1, r3
 521 0058 3046     		mov	r0, r6
 522 005a FFF7FEFF 		bl	OD_getPtr
 523              	.LVL57:
 524              		.loc 1 348 23 discriminator 1 view .LVU158
 525 005e E060     		str	r0, [r4, #12]
 349:CANopen/301/CO_Emergency.c ****     if (em->errorRegister == NULL) {
 526              		.loc 1 349 5 is_stmt 1 view .LVU159
 527              		.loc 1 349 8 is_stmt 0 view .LVU160
 528 0060 0028     		cmp	r0, #0
 529 0062 47D0     		beq	.L57
 350:CANopen/301/CO_Emergency.c ****         if (errInfo != NULL) {
 351:CANopen/301/CO_Emergency.c ****             *errInfo = OD_getIndex(OD_1001_errReg);
 352:CANopen/301/CO_Emergency.c ****         }
 353:CANopen/301/CO_Emergency.c ****         return CO_ERROR_OD_PARAMETERS;
 354:CANopen/301/CO_Emergency.c ****     }
 355:CANopen/301/CO_Emergency.c ****     *em->errorRegister = 0;
 530              		.loc 1 355 5 is_stmt 1 view .LVU161
 531              		.loc 1 355 24 is_stmt 0 view .LVU162
 532 0064 0021     		movs	r1, #0
 533 0066 0170     		strb	r1, [r0]
 356:CANopen/301/CO_Emergency.c **** 
 357:CANopen/301/CO_Emergency.c **** #if ((CO_CONFIG_EM) & (CO_CONFIG_EM_PRODUCER | CO_CONFIG_EM_HISTORY)) != 0
 358:CANopen/301/CO_Emergency.c ****     em->fifo = fifo;
 534              		.loc 1 358 5 is_stmt 1 view .LVU163
 535              		.loc 1 358 14 is_stmt 0 view .LVU164
 536 0068 A761     		str	r7, [r4, #24]
 359:CANopen/301/CO_Emergency.c ****     em->fifoSize = fifoSize;
 537              		.loc 1 359 5 is_stmt 1 view .LVU165
 538              		.loc 1 359 18 is_stmt 0 view .LVU166
 539 006a 84F81CB0 		strb	fp, [r4, #28]
 360:CANopen/301/CO_Emergency.c **** #endif
 361:CANopen/301/CO_Emergency.c **** #if ((CO_CONFIG_EM)&CO_CONFIG_EM_PRODUCER) != 0
 362:CANopen/301/CO_Emergency.c ****     /* get initial and verify "COB-ID EMCY" from Object Dictionary */
 363:CANopen/301/CO_Emergency.c ****     uint32_t COB_IDEmergency32;
 540              		.loc 1 363 5 is_stmt 1 view .LVU167
 364:CANopen/301/CO_Emergency.c ****     ODR_t odRet;
 541              		.loc 1 364 5 view .LVU168
 365:CANopen/301/CO_Emergency.c ****     odRet = OD_get_u32(OD_1014_cobIdEm, 0, &COB_IDEmergency32, true);
 542              		.loc 1 365 5 view .LVU169
 543              	.LVL58:
 544              	.LBB34:
 545              	.LBI34:
ARM GAS  C:\Users\Lenovo\AppData\Local\Temp\ccs8sfwA.s 			page 29


 546              		.file 3 "CANopen/301/CO_ODinterface.h"
   1:CANopen/301/CO_ODinterface.h **** /**
   2:CANopen/301/CO_ODinterface.h ****  * CANopen Object Dictionary interface
   3:CANopen/301/CO_ODinterface.h ****  *
   4:CANopen/301/CO_ODinterface.h ****  * @file        CO_ODinterface.h
   5:CANopen/301/CO_ODinterface.h ****  * @ingroup     CO_ODinterface
   6:CANopen/301/CO_ODinterface.h ****  * @author      Janez Paternoster
   7:CANopen/301/CO_ODinterface.h ****  * @copyright   2020 Janez Paternoster
   8:CANopen/301/CO_ODinterface.h ****  *
   9:CANopen/301/CO_ODinterface.h ****  * This file is part of <https://github.com/CANopenNode/CANopenNode>, a CANopen Stack.
  10:CANopen/301/CO_ODinterface.h ****  *
  11:CANopen/301/CO_ODinterface.h ****  * Licensed under the Apache License, Version 2.0 (the "License"); you may not use this
  12:CANopen/301/CO_ODinterface.h ****  * file except in compliance with the License. You may obtain a copy of the License at
  13:CANopen/301/CO_ODinterface.h ****  *
  14:CANopen/301/CO_ODinterface.h ****  *     http://www.apache.org/licenses/LICENSE-2.0
  15:CANopen/301/CO_ODinterface.h ****  *
  16:CANopen/301/CO_ODinterface.h ****  * Unless required by applicable law or agreed to in writing, software distributed under the Licens
  17:CANopen/301/CO_ODinterface.h ****  * distributed on an "AS IS" BASIS, WITHOUT WARRANTIES OR CONDITIONS OF ANY KIND, either express or
  18:CANopen/301/CO_ODinterface.h ****  * See the License for the specific language governing permissions and limitations under the Licens
  19:CANopen/301/CO_ODinterface.h ****  */
  20:CANopen/301/CO_ODinterface.h **** 
  21:CANopen/301/CO_ODinterface.h **** #ifndef CO_OD_INTERFACE_H
  22:CANopen/301/CO_ODinterface.h **** #define CO_OD_INTERFACE_H
  23:CANopen/301/CO_ODinterface.h **** 
  24:CANopen/301/CO_ODinterface.h **** #include "301/CO_driver.h"
  25:CANopen/301/CO_ODinterface.h **** 
  26:CANopen/301/CO_ODinterface.h **** #ifdef __cplusplus
  27:CANopen/301/CO_ODinterface.h **** extern "C" {
  28:CANopen/301/CO_ODinterface.h **** #endif
  29:CANopen/301/CO_ODinterface.h **** 
  30:CANopen/301/CO_ODinterface.h **** /**
  31:CANopen/301/CO_ODinterface.h ****  * @defgroup CO_ODinterface OD interface
  32:CANopen/301/CO_ODinterface.h ****  * CANopen Object Dictionary interface.
  33:CANopen/301/CO_ODinterface.h ****  *
  34:CANopen/301/CO_ODinterface.h ****  * @ingroup CO_CANopen_301
  35:CANopen/301/CO_ODinterface.h ****  * @{
  36:CANopen/301/CO_ODinterface.h ****  * See @ref md_doc_2objectDictionary
  37:CANopen/301/CO_ODinterface.h ****  */
  38:CANopen/301/CO_ODinterface.h **** 
  39:CANopen/301/CO_ODinterface.h **** #ifndef CO_OD_OWN_TYPES
  40:CANopen/301/CO_ODinterface.h **** typedef uint32_t OD_size_t; /**< Variable of type OD_size_t contains data length in bytes of OD var
  41:CANopen/301/CO_ODinterface.h **** typedef uint8_t OD_attr_t;  /**< Type (and size) of Object Dictionary attribute */
  42:CANopen/301/CO_ODinterface.h **** #endif
  43:CANopen/301/CO_ODinterface.h **** 
  44:CANopen/301/CO_ODinterface.h **** #ifndef OD_FLAGS_PDO_SIZE
  45:CANopen/301/CO_ODinterface.h **** #define OD_FLAGS_PDO_SIZE 4U /**< Size of of flagsPDO variable inside @ref OD_extension_t, from 0 t
  46:CANopen/301/CO_ODinterface.h **** #endif
  47:CANopen/301/CO_ODinterface.h **** 
  48:CANopen/301/CO_ODinterface.h **** #ifndef CO_PROGMEM
  49:CANopen/301/CO_ODinterface.h **** /** Modifier for OD objects. This is large amount of data and is specified in Object Dictionary (OD
  50:CANopen/301/CO_ODinterface.h **** #define CO_PROGMEM const
  51:CANopen/301/CO_ODinterface.h **** #endif
  52:CANopen/301/CO_ODinterface.h **** 
  53:CANopen/301/CO_ODinterface.h **** /**
  54:CANopen/301/CO_ODinterface.h ****  * Common DS301 object dictionary entries.
  55:CANopen/301/CO_ODinterface.h ****  */
  56:CANopen/301/CO_ODinterface.h **** typedef enum {
ARM GAS  C:\Users\Lenovo\AppData\Local\Temp\ccs8sfwA.s 			page 30


  57:CANopen/301/CO_ODinterface.h ****     OD_H1000_DEV_TYPE = 0x1000U,           /**< Device type */
  58:CANopen/301/CO_ODinterface.h ****     OD_H1001_ERR_REG = 0x1001U,            /**< Error register */
  59:CANopen/301/CO_ODinterface.h ****     OD_H1002_MANUF_STATUS_REG = 0x1002U,   /**< Manufacturer status register */
  60:CANopen/301/CO_ODinterface.h ****     OD_H1003_PREDEF_ERR_FIELD = 0x1003U,   /**< Predefined error field */
  61:CANopen/301/CO_ODinterface.h ****     OD_H1004_RSV = 0x1004U,                /**< Reserved */
  62:CANopen/301/CO_ODinterface.h ****     OD_H1005_COBID_SYNC = 0x1005U,         /**< Sync message cob-id */
  63:CANopen/301/CO_ODinterface.h ****     OD_H1006_COMM_CYCL_PERIOD = 0x1006U,   /**< Communication cycle period */
  64:CANopen/301/CO_ODinterface.h ****     OD_H1007_SYNC_WINDOW_LEN = 0x1007U,    /**< Sync windows length */
  65:CANopen/301/CO_ODinterface.h ****     OD_H1008_MANUF_DEV_NAME = 0x1008U,     /**< Manufacturer device name */
  66:CANopen/301/CO_ODinterface.h ****     OD_H1009_MANUF_HW_VERSION = 0x1009U,   /**< Manufacturer hardware version */
  67:CANopen/301/CO_ODinterface.h ****     OD_H100A_MANUF_SW_VERSION = 0x100AU,   /**< Manufacturer software version */
  68:CANopen/301/CO_ODinterface.h ****     OD_H100B_RSV = 0x100BU,                /**< Reserved */
  69:CANopen/301/CO_ODinterface.h ****     OD_H100C_GUARD_TIME = 0x100CU,         /**< Guard time */
  70:CANopen/301/CO_ODinterface.h ****     OD_H100D_LIFETIME_FACTOR = 0x100DU,    /**< Life time factor */
  71:CANopen/301/CO_ODinterface.h ****     OD_H100E_RSV = 0x100EU,                /**< Reserved */
  72:CANopen/301/CO_ODinterface.h ****     OD_H100F_RSV = 0x100FU,                /**< Reserved */
  73:CANopen/301/CO_ODinterface.h ****     OD_H1010_STORE_PARAMETERS = 0x1010U,   /**< Store params in persistent mem. */
  74:CANopen/301/CO_ODinterface.h ****     OD_H1011_RESTORE_DEFAULT = 0x1011U,    /**< Restore default parameters */
  75:CANopen/301/CO_ODinterface.h ****     OD_H1012_COBID_TIME = 0x1012U,         /**< Timestamp message cob-id */
  76:CANopen/301/CO_ODinterface.h ****     OD_H1013_HIGH_RES_TIMESTAMP = 0x1013U, /**< High resolution timestamp */
  77:CANopen/301/CO_ODinterface.h ****     OD_H1014_COBID_EMERGENCY = 0x1014U,    /**< Emergency message cob-id */
  78:CANopen/301/CO_ODinterface.h ****     OD_H1015_INHIBIT_TIME_EMCY = 0x1015U,  /**< Inhibit time emergency message */
  79:CANopen/301/CO_ODinterface.h ****     OD_H1016_CONSUMER_HB_TIME = 0x1016U,   /**< Consumer heartbeat time */
  80:CANopen/301/CO_ODinterface.h ****     OD_H1017_PRODUCER_HB_TIME = 0x1017U,   /**< Producer heartbeat time */
  81:CANopen/301/CO_ODinterface.h ****     OD_H1018_IDENTITY_OBJECT = 0x1018U,    /**< Identity object */
  82:CANopen/301/CO_ODinterface.h ****     OD_H1019_SYNC_CNT_OVERFLOW = 0x1019U,  /**< Sync counter overflow value */
  83:CANopen/301/CO_ODinterface.h ****     OD_H1020_VERIFY_CONFIG = 0x1020U,      /**< Verify configuration */
  84:CANopen/301/CO_ODinterface.h ****     OD_H1021_STORE_EDS = 0x1021U,          /**< Store EDS */
  85:CANopen/301/CO_ODinterface.h ****     OD_H1022_STORE_FORMAT = 0x1022U,       /**< Store format */
  86:CANopen/301/CO_ODinterface.h ****     OD_H1023_OS_CMD = 0x1023U,             /**< OS command */
  87:CANopen/301/CO_ODinterface.h ****     OD_H1024_OS_CMD_MODE = 0x1024U,        /**< OS command mode */
  88:CANopen/301/CO_ODinterface.h ****     OD_H1025_OS_DBG_INTERFACE = 0x1025U,   /**< OS debug interface */
  89:CANopen/301/CO_ODinterface.h ****     OD_H1026_OS_PROMPT = 0x1026U,          /**< OS prompt */
  90:CANopen/301/CO_ODinterface.h ****     OD_H1027_MODULE_LIST = 0x1027U,        /**< Module list */
  91:CANopen/301/CO_ODinterface.h ****     OD_H1028_EMCY_CONSUMER = 0x1028U,      /**< Emergency consumer object */
  92:CANopen/301/CO_ODinterface.h ****     OD_H1029_ERR_BEHAVIOR = 0x1029U,       /**< Error behaviour */
  93:CANopen/301/CO_ODinterface.h ****     OD_H1200_SDO_SERVER_1_PARAM = 0x1200U, /**< SDO server parameter */
  94:CANopen/301/CO_ODinterface.h ****     OD_H1280_SDO_CLIENT_1_PARAM = 0x1280U, /**< SDO client parameter */
  95:CANopen/301/CO_ODinterface.h ****     OD_H1300_GFC_PARAM = 0x1300U,          /**< Global fail-safe command param */
  96:CANopen/301/CO_ODinterface.h ****     OD_H1301_SRDO_1_PARAM = 0x1301U,       /**< SRDO communication parameter */
  97:CANopen/301/CO_ODinterface.h ****     OD_H1381_SRDO_1_MAPPING = 0x1381U,     /**< SRDO mapping parameter */
  98:CANopen/301/CO_ODinterface.h ****     OD_H13FE_SRDO_VALID = 0x13FEU,         /**< SRDO Configuration valid */
  99:CANopen/301/CO_ODinterface.h ****     OD_H13FF_SRDO_CHECKSUM = 0x13FFU,      /**< SRDO configuration checksum */
 100:CANopen/301/CO_ODinterface.h ****     OD_H1400_RXPDO_1_PARAM = 0x1400U,      /**< RXPDO communication parameter */
 101:CANopen/301/CO_ODinterface.h ****     OD_H1600_RXPDO_1_MAPPING = 0x1600U,    /**< RXPDO mapping parameters */
 102:CANopen/301/CO_ODinterface.h ****     OD_H1800_TXPDO_1_PARAM = 0x1800U,      /**< TXPDO communication parameter */
 103:CANopen/301/CO_ODinterface.h ****     OD_H1A00_TXPDO_1_MAPPING = 0x1A00U,    /**< TXPDO mapping parameters */
 104:CANopen/301/CO_ODinterface.h **** } OD_ObjDicId_30x_t;
 105:CANopen/301/CO_ODinterface.h **** 
 106:CANopen/301/CO_ODinterface.h **** /**
 107:CANopen/301/CO_ODinterface.h ****  * Attributes (bit masks) for OD sub-object.
 108:CANopen/301/CO_ODinterface.h ****  */
 109:CANopen/301/CO_ODinterface.h **** typedef enum {
 110:CANopen/301/CO_ODinterface.h ****     ODA_SDO_R = 0x01U,  /**< SDO server may read from the variable */
 111:CANopen/301/CO_ODinterface.h ****     ODA_SDO_W = 0x02U,  /**< SDO server may write to the variable */
 112:CANopen/301/CO_ODinterface.h ****     ODA_SDO_RW = 0x03U, /**< SDO server may read from or write to the variable */
 113:CANopen/301/CO_ODinterface.h ****     ODA_TPDO = 0x04U,   /**< Variable is mappable into TPDO (can be read) */
ARM GAS  C:\Users\Lenovo\AppData\Local\Temp\ccs8sfwA.s 			page 31


 114:CANopen/301/CO_ODinterface.h ****     ODA_RPDO = 0x08U,   /**< Variable is mappable into RPDO (can be written) */
 115:CANopen/301/CO_ODinterface.h ****     ODA_TRPDO = 0x0CU,  /**< Variable is mappable into TPDO or RPDO */
 116:CANopen/301/CO_ODinterface.h ****     ODA_TSRDO = 0x10U,  /**< Variable is mappable into transmitting SRDO */
 117:CANopen/301/CO_ODinterface.h ****     ODA_RSRDO = 0x20U,  /**< Variable is mappable into receiving SRDO */
 118:CANopen/301/CO_ODinterface.h ****     ODA_TRSRDO = 0x30U, /**< Variable is mappable into tx or rx SRDO */
 119:CANopen/301/CO_ODinterface.h ****     ODA_MB = 0x40U,     /**< Variable is multi-byte ((u)int16_t to (u)int64_t) */
 120:CANopen/301/CO_ODinterface.h ****     ODA_STR = 0x80U     /**< Shorter value, than specified variable size, may be written to the var
 121:CANopen/301/CO_ODinterface.h ****                            fill remaining memory with zeroes. Attribute is used for VISIBLE_STRING 
 122:CANopen/301/CO_ODinterface.h **** } OD_attributes_t;
 123:CANopen/301/CO_ODinterface.h **** 
 124:CANopen/301/CO_ODinterface.h **** /**
 125:CANopen/301/CO_ODinterface.h ****  * Return codes from OD access functions.
 126:CANopen/301/CO_ODinterface.h ****  *
 127:CANopen/301/CO_ODinterface.h ****  * @ref OD_getSDOabCode() can be used to retrieve corresponding SDO abort code.
 128:CANopen/301/CO_ODinterface.h ****  */
 129:CANopen/301/CO_ODinterface.h **** typedef enum {
 130:CANopen/301/CO_ODinterface.h ****     /* !!!! WARNING !!!! If changing these values, change also OD_getSDOabCode() function! */
 131:CANopen/301/CO_ODinterface.h ****     ODR_PARTIAL = -1,        /**< Read/write is only partial, make more calls */
 132:CANopen/301/CO_ODinterface.h ****     ODR_OK = 0,              /**< SDO abort 0x00000000 - Read/write successfully finished */
 133:CANopen/301/CO_ODinterface.h ****     ODR_OUT_OF_MEM = 1,      /**< SDO abort 0x05040005 - Out of memory */
 134:CANopen/301/CO_ODinterface.h ****     ODR_UNSUPP_ACCESS = 2,   /**< SDO abort 0x06010000 - Unsupported access to an object */
 135:CANopen/301/CO_ODinterface.h ****     ODR_WRITEONLY = 3,       /**< SDO abort 0x06010001 - Attempt to read a write only object */
 136:CANopen/301/CO_ODinterface.h ****     ODR_READONLY = 4,        /**< SDO abort 0x06010002 - Attempt to write a read only object */
 137:CANopen/301/CO_ODinterface.h ****     ODR_IDX_NOT_EXIST = 5,   /**< SDO abort 0x06020000 - Object does not exist in the object dict. 
 138:CANopen/301/CO_ODinterface.h ****     ODR_NO_MAP = 6,          /**< SDO abort 0x06040041 - Object cannot be mapped to the PDO */
 139:CANopen/301/CO_ODinterface.h ****     ODR_MAP_LEN = 7,         /**< SDO abort 0x06040042 - PDO length exceeded */
 140:CANopen/301/CO_ODinterface.h ****     ODR_PAR_INCOMPAT = 8,    /**< SDO abort 0x06040043 - General parameter incompatibility reasons 
 141:CANopen/301/CO_ODinterface.h ****     ODR_DEV_INCOMPAT = 9,    /**< SDO abort 0x06040047 - General internal incompatibility in device
 142:CANopen/301/CO_ODinterface.h ****     ODR_HW = 10,             /**< SDO abort 0x06060000 - Access failed due to hardware error */
 143:CANopen/301/CO_ODinterface.h ****     ODR_TYPE_MISMATCH = 11,  /**< SDO abort 0x06070010 - Data type does not match */
 144:CANopen/301/CO_ODinterface.h ****     ODR_DATA_LONG = 12,      /**< SDO abort 0x06070012 - Data type does not match, length too high 
 145:CANopen/301/CO_ODinterface.h ****     ODR_DATA_SHORT = 13,     /**< SDO abort 0x06070013 - Data type does not match, length too short
 146:CANopen/301/CO_ODinterface.h ****     ODR_SUB_NOT_EXIST = 14,  /**< SDO abort 0x06090011 - Sub index does not exist */
 147:CANopen/301/CO_ODinterface.h ****     ODR_INVALID_VALUE = 15,  /**< SDO abort 0x06090030 - Invalid value for parameter (download only
 148:CANopen/301/CO_ODinterface.h ****     ODR_VALUE_HIGH = 16,     /**< SDO abort 0x06090031 - Value range of parameter written too high 
 149:CANopen/301/CO_ODinterface.h ****     ODR_VALUE_LOW = 17,      /**< SDO abort 0x06090032 - Value range of parameter written too low *
 150:CANopen/301/CO_ODinterface.h ****     ODR_MAX_LESS_MIN = 18,   /**< SDO abort 0x06090036 - Maximum value is less than minimum value *
 151:CANopen/301/CO_ODinterface.h ****     ODR_NO_RESOURCE = 19,    /**< SDO abort 0x060A0023 - Resource not available: SDO connection */
 152:CANopen/301/CO_ODinterface.h ****     ODR_GENERAL = 20,        /**< SDO abort 0x08000000 - General error */
 153:CANopen/301/CO_ODinterface.h ****     ODR_DATA_TRANSF = 21,    /**< SDO abort 0x08000020 - Data cannot be transferred or stored to ap
 154:CANopen/301/CO_ODinterface.h ****     ODR_DATA_LOC_CTRL = 22,  /**< SDO abort 0x08000021 - Data can't be transferred (local control) 
 155:CANopen/301/CO_ODinterface.h ****     ODR_DATA_DEV_STATE = 23, /**< SDO abort 0x08000022 - Data can't be transf. (present device stat
 156:CANopen/301/CO_ODinterface.h ****     ODR_OD_MISSING = 24,     /**< SDO abort 0x08000023 - Object dictionary not present */
 157:CANopen/301/CO_ODinterface.h ****     ODR_NO_DATA = 25,        /**< SDO abort 0x08000024 - No data available */
 158:CANopen/301/CO_ODinterface.h ****     ODR_COUNT = 26           /**< Last element, number of responses */
 159:CANopen/301/CO_ODinterface.h **** } ODR_t;
 160:CANopen/301/CO_ODinterface.h **** 
 161:CANopen/301/CO_ODinterface.h **** /**
 162:CANopen/301/CO_ODinterface.h ****  * IO stream structure, used for read/write access to OD variable, part of @ref OD_IO_t.
 163:CANopen/301/CO_ODinterface.h ****  */
 164:CANopen/301/CO_ODinterface.h **** typedef struct {
 165:CANopen/301/CO_ODinterface.h ****     void* dataOrig; /**< Pointer to original data object, defined by Object Dictionary. Default rea
 166:CANopen/301/CO_ODinterface.h ****                      * operate on it. If memory for data object is not specified by Object Dictiona
 167:CANopen/301/CO_ODinterface.h ****                      * NULL. */
 168:CANopen/301/CO_ODinterface.h ****     void* object; /**< Pointer to object, passed by @ref OD_extension_init(). Can be used inside re
 169:CANopen/301/CO_ODinterface.h ****                    * from IO   extension. */
 170:CANopen/301/CO_ODinterface.h ****     OD_size_t dataLength; /**< Data length in bytes or 0, if length is not specified */
ARM GAS  C:\Users\Lenovo\AppData\Local\Temp\ccs8sfwA.s 			page 32


 171:CANopen/301/CO_ODinterface.h ****     OD_size_t dataOffset; /**< In case of large data, dataOffset indicates position of already tran
 172:CANopen/301/CO_ODinterface.h ****     OD_attr_t attribute;  /**< Attribute bit-field of the OD sub-object, see @ref OD_attributes_t *
 173:CANopen/301/CO_ODinterface.h ****     uint16_t index;       /**< Index of the OD object, informative */
 174:CANopen/301/CO_ODinterface.h ****     uint8_t subIndex;     /**< Sub index of the OD sub-object, informative */
 175:CANopen/301/CO_ODinterface.h **** } OD_stream_t;
 176:CANopen/301/CO_ODinterface.h **** 
 177:CANopen/301/CO_ODinterface.h **** /**
 178:CANopen/301/CO_ODinterface.h ****  * Structure for input / output on the OD variable. It is initialized with @ref OD_getSub() functio
 179:CANopen/301/CO_ODinterface.h ****  * to OD variable is via read/write functions operating on stream, similar as standard read/write.
 180:CANopen/301/CO_ODinterface.h ****  */
 181:CANopen/301/CO_ODinterface.h **** typedef struct {
 182:CANopen/301/CO_ODinterface.h ****     /** Object Dictionary stream object, passed to read or write */
 183:CANopen/301/CO_ODinterface.h ****     OD_stream_t stream;
 184:CANopen/301/CO_ODinterface.h ****     /**
 185:CANopen/301/CO_ODinterface.h ****      * Function pointer for reading value from specified variable from Object Dictionary. If OD var
 186:CANopen/301/CO_ODinterface.h ****      * buf, then this function must be called several times. After completed successful read functi
 187:CANopen/301/CO_ODinterface.h ****      * If read is partial, it returns 'ODR_PARTIAL'. In case of errors function returns code simila
 188:CANopen/301/CO_ODinterface.h ****      *
 189:CANopen/301/CO_ODinterface.h ****      * Read can be restarted with @ref OD_rwRestart() function.
 190:CANopen/301/CO_ODinterface.h ****      *
 191:CANopen/301/CO_ODinterface.h ****      * At the moment, when Object Dictionary is initialized, every variable has assigned the same "
 192:CANopen/301/CO_ODinterface.h ****      * default function simply copies data from Object Dictionary variable. Application can bind it
 193:CANopen/301/CO_ODinterface.h ****      * for specific object. In that case application is able to calculate data for reading from own
 194:CANopen/301/CO_ODinterface.h ****      * the moment of "read" function call. Own "read" function on OD object can be initialized with
 195:CANopen/301/CO_ODinterface.h ****      * OD_extension_init() function.
 196:CANopen/301/CO_ODinterface.h ****      *
 197:CANopen/301/CO_ODinterface.h ****      * "read" function must always copy all own data to buf, except if "buf" is not large enough. (
 198:CANopen/301/CO_ODinterface.h ****      * not return 'ODR_PARTIAL', if there is still space in "buf".)
 199:CANopen/301/CO_ODinterface.h ****      *
 200:CANopen/301/CO_ODinterface.h ****      * @warning Do not use @ref CO_LOCK_OD() and @ref CO_UNLOCK_OD() macros inside the read() funct
 201:CANopen/301/CO_ODinterface.h ****      * CO_critical_sections.
 202:CANopen/301/CO_ODinterface.h ****      *
 203:CANopen/301/CO_ODinterface.h ****      * @param stream Object Dictionary stream object.
 204:CANopen/301/CO_ODinterface.h ****      * @param buf Pointer to external buffer, where to data will be copied.
 205:CANopen/301/CO_ODinterface.h ****      * @param count Size of the external buffer in bytes.
 206:CANopen/301/CO_ODinterface.h ****      * @param [out] countRead If return value is "ODR_OK" or "ODR_PARTIAL", then number of bytes su
 207:CANopen/301/CO_ODinterface.h ****      * be returned here.
 208:CANopen/301/CO_ODinterface.h ****      *
 209:CANopen/301/CO_ODinterface.h ****      * @return Value from @ref ODR_t, "ODR_OK" in case of success.
 210:CANopen/301/CO_ODinterface.h ****      */
 211:CANopen/301/CO_ODinterface.h ****     ODR_t (*read)(OD_stream_t* stream, void* buf, OD_size_t count, OD_size_t* countRead);
 212:CANopen/301/CO_ODinterface.h ****     /**
 213:CANopen/301/CO_ODinterface.h ****      * Function pointer for writing value into specified variable inside Object Dictionary. If OD v
 214:CANopen/301/CO_ODinterface.h ****      * than buf, then this function must be called several times. After completed successful write 
 215:CANopen/301/CO_ODinterface.h ****      * 'ODR_OK'. If write is partial, it returns 'ODR_PARTIAL'. In case of errors function returns 
 216:CANopen/301/CO_ODinterface.h ****      * abort code.
 217:CANopen/301/CO_ODinterface.h ****      *
 218:CANopen/301/CO_ODinterface.h ****      * Write can be restarted with @ref OD_rwRestart() function.
 219:CANopen/301/CO_ODinterface.h ****      *
 220:CANopen/301/CO_ODinterface.h ****      * At the moment, when Object Dictionary is initialized, every variable has assigned the same "
 221:CANopen/301/CO_ODinterface.h ****      * which simply copies data to Object Dictionary variable. Application can bind its own "write"
 222:CANopen/301/CO_ODinterface.h ****      * it can bind "read" function.
 223:CANopen/301/CO_ODinterface.h ****      *
 224:CANopen/301/CO_ODinterface.h ****      * "write" function must always copy all available data from buf. If OD variable expect more da
 225:CANopen/301/CO_ODinterface.h ****      * "*returnCode" must return 'ODR_PARTIAL'.
 226:CANopen/301/CO_ODinterface.h ****      *
 227:CANopen/301/CO_ODinterface.h ****      * @warning Do not use @ref CO_LOCK_OD() and @ref CO_UNLOCK_OD() macros inside the write() func
ARM GAS  C:\Users\Lenovo\AppData\Local\Temp\ccs8sfwA.s 			page 33


 228:CANopen/301/CO_ODinterface.h ****      * CO_critical_sections.
 229:CANopen/301/CO_ODinterface.h ****      *
 230:CANopen/301/CO_ODinterface.h ****      * @param stream Object Dictionary stream object.
 231:CANopen/301/CO_ODinterface.h ****      * @param buf Pointer to external buffer, from where data will be copied.
 232:CANopen/301/CO_ODinterface.h ****      * @param count Size of the external buffer in bytes.
 233:CANopen/301/CO_ODinterface.h ****      * @param [out] countWritten If return value is "ODR_OK" or "ODR_PARTIAL", then number of bytes
 234:CANopen/301/CO_ODinterface.h ****      * must be returned here.
 235:CANopen/301/CO_ODinterface.h ****      *
 236:CANopen/301/CO_ODinterface.h ****      * @return Value from @ref ODR_t, "ODR_OK" in case of success.
 237:CANopen/301/CO_ODinterface.h ****      */
 238:CANopen/301/CO_ODinterface.h ****     ODR_t (*write)(OD_stream_t* stream, const void* buf, OD_size_t count, OD_size_t* countWritten);
 239:CANopen/301/CO_ODinterface.h **** } OD_IO_t;
 240:CANopen/301/CO_ODinterface.h **** 
 241:CANopen/301/CO_ODinterface.h **** /**
 242:CANopen/301/CO_ODinterface.h ****  * Extension of OD object, which can optionally be specified by application in initialization phase
 243:CANopen/301/CO_ODinterface.h ****  * OD_extension_init() function.
 244:CANopen/301/CO_ODinterface.h ****  */
 245:CANopen/301/CO_ODinterface.h **** typedef struct {
 246:CANopen/301/CO_ODinterface.h ****     /** Object on which read and write will operate, part of @ref OD_stream_t */
 247:CANopen/301/CO_ODinterface.h ****     void* object;
 248:CANopen/301/CO_ODinterface.h ****     /** Application specified read function pointer. If NULL, then read will be disabled. @ref OD_r
 249:CANopen/301/CO_ODinterface.h ****      * used here to keep the original read function. For function description see @ref OD_IO_t. */
 250:CANopen/301/CO_ODinterface.h ****     ODR_t (*read)(OD_stream_t* stream, void* buf, OD_size_t count, OD_size_t* countRead);
 251:CANopen/301/CO_ODinterface.h ****     /** Application specified write function pointer. If NULL, then write will be disabled. @ref OD
 252:CANopen/301/CO_ODinterface.h ****      * used here to keep the original write function. For function description see @ref OD_IO_t. */
 253:CANopen/301/CO_ODinterface.h ****     ODR_t (*write)(OD_stream_t* stream, const void* buf, OD_size_t count, OD_size_t* countWritten);
 254:CANopen/301/CO_ODinterface.h **** #if OD_FLAGS_PDO_SIZE > 0
 255:CANopen/301/CO_ODinterface.h ****     /** PDO flags bit-field provides one bit for each OD variable, which exist inside OD object at 
 256:CANopen/301/CO_ODinterface.h ****      * If application clears that bit, and OD variable is mapped to an event driven TPDO, then TPDO
 257:CANopen/301/CO_ODinterface.h ****      *
 258:CANopen/301/CO_ODinterface.h ****      * @ref OD_FLAGS_PDO_SIZE can have a value from 0 to 32 bytes, which corresponds to 0 to 256 av
 259:CANopen/301/CO_ODinterface.h ****      * example, @ref OD_FLAGS_PDO_SIZE has value 4, then OD variables with sub index up to 31 will 
 260:CANopen/301/CO_ODinterface.h ****      * requesting functionality. See also @ref OD_requestTPDO and @ref OD_TPDOtransmitted. */
 261:CANopen/301/CO_ODinterface.h ****     uint8_t flagsPDO[OD_FLAGS_PDO_SIZE];
 262:CANopen/301/CO_ODinterface.h **** #endif
 263:CANopen/301/CO_ODinterface.h **** } OD_extension_t;
 264:CANopen/301/CO_ODinterface.h **** 
 265:CANopen/301/CO_ODinterface.h **** /**
 266:CANopen/301/CO_ODinterface.h ****  * Object Dictionary entry for one OD object.
 267:CANopen/301/CO_ODinterface.h ****  *
 268:CANopen/301/CO_ODinterface.h ****  * OD entries are collected inside OD_t as array (list). Each OD entry contains basic information a
 269:CANopen/301/CO_ODinterface.h ****  * and subEntriesCount), pointer to odObject with additional information about var, array or record
 270:CANopen/301/CO_ODinterface.h ****  * extension, configurable by application.
 271:CANopen/301/CO_ODinterface.h ****  */
 272:CANopen/301/CO_ODinterface.h **** typedef struct {
 273:CANopen/301/CO_ODinterface.h ****     uint16_t index;            /**< Object Dictionary index */
 274:CANopen/301/CO_ODinterface.h ****     uint8_t subEntriesCount;   /**< Number of all sub-entries, including sub-entry at sub-index 0 *
 275:CANopen/301/CO_ODinterface.h ****     uint8_t odObjectType;      /**< Type of the odObject, indicated by @ref OD_objectTypes_t enumer
 276:CANopen/301/CO_ODinterface.h ****     CO_PROGMEM void* odObject; /**< OD object of type indicated by odObjectType, from which @ref OD
 277:CANopen/301/CO_ODinterface.h ****                                   information */
 278:CANopen/301/CO_ODinterface.h ****     OD_extension_t* extension; /**< Extension to OD, specified by application */
 279:CANopen/301/CO_ODinterface.h **** } OD_entry_t;
 280:CANopen/301/CO_ODinterface.h **** 
 281:CANopen/301/CO_ODinterface.h **** /**
 282:CANopen/301/CO_ODinterface.h ****  * Object Dictionary
 283:CANopen/301/CO_ODinterface.h ****  */
 284:CANopen/301/CO_ODinterface.h **** typedef struct {
ARM GAS  C:\Users\Lenovo\AppData\Local\Temp\ccs8sfwA.s 			page 34


 285:CANopen/301/CO_ODinterface.h ****     uint16_t size;    /**< Number of elements in the list, without last element, which is blank */
 286:CANopen/301/CO_ODinterface.h ****     OD_entry_t* list; /**< List OD entries (table of contents), ordered by index */
 287:CANopen/301/CO_ODinterface.h **** } OD_t;
 288:CANopen/301/CO_ODinterface.h **** 
 289:CANopen/301/CO_ODinterface.h **** /**
 290:CANopen/301/CO_ODinterface.h ****  * Read value from original OD location
 291:CANopen/301/CO_ODinterface.h ****  *
 292:CANopen/301/CO_ODinterface.h ****  * This function can be used inside read / write functions, specified by @ref OD_extension_init(). 
 293:CANopen/301/CO_ODinterface.h ****  * directly from memory location specified by Object dictionary. If no IO extension is used on OD e
 294:CANopen/301/CO_ODinterface.h ****  * returned by @ref OD_getSub() equals to this function. See also @ref OD_IO_t.
 295:CANopen/301/CO_ODinterface.h ****  */
 296:CANopen/301/CO_ODinterface.h **** ODR_t OD_readOriginal(OD_stream_t* stream, void* buf, OD_size_t count, OD_size_t* countRead);
 297:CANopen/301/CO_ODinterface.h **** 
 298:CANopen/301/CO_ODinterface.h **** /**
 299:CANopen/301/CO_ODinterface.h ****  * Write value to original OD location
 300:CANopen/301/CO_ODinterface.h ****  *
 301:CANopen/301/CO_ODinterface.h ****  * This function can be used inside read / write functions, specified by @ref OD_extension_init(). 
 302:CANopen/301/CO_ODinterface.h ****  * directly to memory location specified by Object dictionary. If no IO extension is used on OD ent
 303:CANopen/301/CO_ODinterface.h ****  * returned by @ref OD_getSub() equals to this function. See also @ref OD_IO_t.
 304:CANopen/301/CO_ODinterface.h ****  */
 305:CANopen/301/CO_ODinterface.h **** ODR_t OD_writeOriginal(OD_stream_t* stream, const void* buf, OD_size_t count, OD_size_t* countWritt
 306:CANopen/301/CO_ODinterface.h **** 
 307:CANopen/301/CO_ODinterface.h **** /**
 308:CANopen/301/CO_ODinterface.h ****  * Find OD entry in Object Dictionary
 309:CANopen/301/CO_ODinterface.h ****  *
 310:CANopen/301/CO_ODinterface.h ****  * @param od Object Dictionary
 311:CANopen/301/CO_ODinterface.h ****  * @param index CANopen Object Dictionary index of object in Object Dictionary
 312:CANopen/301/CO_ODinterface.h ****  *
 313:CANopen/301/CO_ODinterface.h ****  * @return Pointer to OD entry or NULL if not found
 314:CANopen/301/CO_ODinterface.h ****  */
 315:CANopen/301/CO_ODinterface.h **** OD_entry_t* OD_find(OD_t* od, uint16_t index);
 316:CANopen/301/CO_ODinterface.h **** 
 317:CANopen/301/CO_ODinterface.h **** /**
 318:CANopen/301/CO_ODinterface.h ****  * Find sub-object with specified sub-index on OD entry returned by OD_find. Function populates io 
 319:CANopen/301/CO_ODinterface.h ****  * sub-object data.
 320:CANopen/301/CO_ODinterface.h ****  *
 321:CANopen/301/CO_ODinterface.h ****  * @warning
 322:CANopen/301/CO_ODinterface.h ****  * Read and write functions may be called from different threads, so critical sections in custom fu
 323:CANopen/301/CO_ODinterface.h ****  * observed, see @ref CO_critical_sections.
 324:CANopen/301/CO_ODinterface.h ****  *
 325:CANopen/301/CO_ODinterface.h ****  * @param entry Object Dictionary entry.
 326:CANopen/301/CO_ODinterface.h ****  * @param subIndex Sub-index of the variable from the OD object.
 327:CANopen/301/CO_ODinterface.h ****  * @param [out] io Structure will be populated on success.
 328:CANopen/301/CO_ODinterface.h ****  * @param odOrig If true, then potential IO extension on entry will be ignored and access to data e
 329:CANopen/301/CO_ODinterface.h ****  * OD location will be returned
 330:CANopen/301/CO_ODinterface.h ****  *
 331:CANopen/301/CO_ODinterface.h ****  * @return Value from @ref ODR_t, "ODR_OK" in case of success.
 332:CANopen/301/CO_ODinterface.h ****  */
 333:CANopen/301/CO_ODinterface.h **** ODR_t OD_getSub(const OD_entry_t* entry, uint8_t subIndex, OD_IO_t* io, bool_t odOrig);
 334:CANopen/301/CO_ODinterface.h **** 
 335:CANopen/301/CO_ODinterface.h **** /**
 336:CANopen/301/CO_ODinterface.h ****  * Return index from OD entry
 337:CANopen/301/CO_ODinterface.h ****  *
 338:CANopen/301/CO_ODinterface.h ****  * @param entry Object Dictionary entry.
 339:CANopen/301/CO_ODinterface.h ****  *
 340:CANopen/301/CO_ODinterface.h ****  * @return OD index
 341:CANopen/301/CO_ODinterface.h ****  */
ARM GAS  C:\Users\Lenovo\AppData\Local\Temp\ccs8sfwA.s 			page 35


 342:CANopen/301/CO_ODinterface.h **** static inline uint16_t
 343:CANopen/301/CO_ODinterface.h **** OD_getIndex(const OD_entry_t* entry) {
 344:CANopen/301/CO_ODinterface.h ****     return (entry != NULL) ? entry->index : 0U;
 345:CANopen/301/CO_ODinterface.h **** }
 346:CANopen/301/CO_ODinterface.h **** 
 347:CANopen/301/CO_ODinterface.h **** /**
 348:CANopen/301/CO_ODinterface.h ****  * Check, if OD variable is mappable to PDO or SRDO.
 349:CANopen/301/CO_ODinterface.h ****  *
 350:CANopen/301/CO_ODinterface.h ****  * If OD variable is mappable, then it may be necessary to protect read/write access from mainline 
 351:CANopen/301/CO_ODinterface.h ****  * CO_critical_sections.
 352:CANopen/301/CO_ODinterface.h ****  *
 353:CANopen/301/CO_ODinterface.h ****  * @param stream Object Dictionary stream object.
 354:CANopen/301/CO_ODinterface.h ****  *
 355:CANopen/301/CO_ODinterface.h ****  * @return true, if OD variable is mappable.
 356:CANopen/301/CO_ODinterface.h ****  */
 357:CANopen/301/CO_ODinterface.h **** static inline bool_t
 358:CANopen/301/CO_ODinterface.h **** OD_mappable(OD_stream_t* stream) {
 359:CANopen/301/CO_ODinterface.h ****     return (stream != NULL) ? ((stream->attribute & ((OD_attr_t)ODA_TRPDO | (OD_attr_t)ODA_TRSRDO))
 360:CANopen/301/CO_ODinterface.h **** }
 361:CANopen/301/CO_ODinterface.h **** 
 362:CANopen/301/CO_ODinterface.h **** /**
 363:CANopen/301/CO_ODinterface.h ****  * Restart read or write operation on OD variable
 364:CANopen/301/CO_ODinterface.h ****  *
 365:CANopen/301/CO_ODinterface.h ****  * It is not necessary to call this function, if stream was initialized by @ref OD_getSub(). It is 
 366:CANopen/301/CO_ODinterface.h ****  * call this function, if previous read or write was successfully finished.
 367:CANopen/301/CO_ODinterface.h ****  *
 368:CANopen/301/CO_ODinterface.h ****  * @param stream Object Dictionary stream object.
 369:CANopen/301/CO_ODinterface.h ****  */
 370:CANopen/301/CO_ODinterface.h **** static inline void
 371:CANopen/301/CO_ODinterface.h **** OD_rwRestart(OD_stream_t* stream) {
 372:CANopen/301/CO_ODinterface.h ****     if (stream != NULL) {
 373:CANopen/301/CO_ODinterface.h ****         stream->dataOffset = 0U;
 374:CANopen/301/CO_ODinterface.h ****     }
 375:CANopen/301/CO_ODinterface.h **** }
 376:CANopen/301/CO_ODinterface.h **** 
 377:CANopen/301/CO_ODinterface.h **** /**
 378:CANopen/301/CO_ODinterface.h ****  * Request TPDO, to which OD variable is mapped
 379:CANopen/301/CO_ODinterface.h ****  *
 380:CANopen/301/CO_ODinterface.h ****  * Function clears the flagPDO bit, which corresponds to OD variable at specific OD index and subin
 381:CANopen/301/CO_ODinterface.h ****  * functionality to work, @ref OD_extension_t must be enabled on OD variable. If OD variable is map
 382:CANopen/301/CO_ODinterface.h ****  * event driven transmission, then TPDO will be transmitted after this function call. If OD variabl
 383:CANopen/301/CO_ODinterface.h ****  * than one TPDO with event driven transmission, only the first matched TPDO will be transmitted.
 384:CANopen/301/CO_ODinterface.h ****  *
 385:CANopen/301/CO_ODinterface.h ****  * TPDO event driven transmission is enabled, if TPDO communication parameter, transmission type is
 386:CANopen/301/CO_ODinterface.h ****  * or 255. For other transmission types (synchronous) flagPDO bit is ignored.
 387:CANopen/301/CO_ODinterface.h ****  *
 388:CANopen/301/CO_ODinterface.h ****  * @param entry Object Dictionary entry.
 389:CANopen/301/CO_ODinterface.h ****  * @param subIndex subIndex of the OD variable.
 390:CANopen/301/CO_ODinterface.h ****  */
 391:CANopen/301/CO_ODinterface.h **** static inline void
 392:CANopen/301/CO_ODinterface.h **** OD_requestTPDO(OD_entry_t* entry, uint8_t subIndex) {
 393:CANopen/301/CO_ODinterface.h **** #if OD_FLAGS_PDO_SIZE > 0
 394:CANopen/301/CO_ODinterface.h ****     if ((entry != NULL) && (entry->extension != NULL) && (subIndex < (OD_FLAGS_PDO_SIZE * 8U))) {
 395:CANopen/301/CO_ODinterface.h ****         /* clear subIndex-th bit */
 396:CANopen/301/CO_ODinterface.h ****         uint8_t mask = ~(1U << (subIndex & 0x07U));
 397:CANopen/301/CO_ODinterface.h ****         entry->extension->flagsPDO[subIndex >> 3] &= mask;
 398:CANopen/301/CO_ODinterface.h ****     }
ARM GAS  C:\Users\Lenovo\AppData\Local\Temp\ccs8sfwA.s 			page 36


 399:CANopen/301/CO_ODinterface.h **** #endif
 400:CANopen/301/CO_ODinterface.h **** }
 401:CANopen/301/CO_ODinterface.h **** 
 402:CANopen/301/CO_ODinterface.h **** /**
 403:CANopen/301/CO_ODinterface.h ****  * Check if requested TPDO was transmitted
 404:CANopen/301/CO_ODinterface.h ****  *
 405:CANopen/301/CO_ODinterface.h ****  * @param entry Object Dictionary entry.
 406:CANopen/301/CO_ODinterface.h ****  * @param subIndex subIndex of the OD variable.
 407:CANopen/301/CO_ODinterface.h ****  *
 408:CANopen/301/CO_ODinterface.h ****  * @return Return true if event driven TPDO with mapping to OD variable, indicated by entry and sub
 409:CANopen/301/CO_ODinterface.h ****  * transmitted since last @ref OD_requestTPDO call. If there was no @ref OD_requestTPDO call yet an
 410:CANopen/301/CO_ODinterface.h ****  * transmitted by other event, function also returns true.
 411:CANopen/301/CO_ODinterface.h ****  */
 412:CANopen/301/CO_ODinterface.h **** static inline bool_t
 413:CANopen/301/CO_ODinterface.h **** OD_TPDOtransmitted(OD_entry_t* entry, uint8_t subIndex) {
 414:CANopen/301/CO_ODinterface.h **** #if OD_FLAGS_PDO_SIZE > 0
 415:CANopen/301/CO_ODinterface.h ****     if ((entry != NULL) && (entry->extension != NULL) && (subIndex < (OD_FLAGS_PDO_SIZE * 8U))) {
 416:CANopen/301/CO_ODinterface.h ****         /* return true, if subIndex-th bit is set */
 417:CANopen/301/CO_ODinterface.h ****         uint8_t mask = 1U << (subIndex & 0x07U);
 418:CANopen/301/CO_ODinterface.h ****         if ((entry->extension->flagsPDO[subIndex >> 3] & mask) != 0U) {
 419:CANopen/301/CO_ODinterface.h ****             return true;
 420:CANopen/301/CO_ODinterface.h ****         }
 421:CANopen/301/CO_ODinterface.h ****     }
 422:CANopen/301/CO_ODinterface.h **** #endif
 423:CANopen/301/CO_ODinterface.h ****     return false;
 424:CANopen/301/CO_ODinterface.h **** }
 425:CANopen/301/CO_ODinterface.h **** 
 426:CANopen/301/CO_ODinterface.h **** /**
 427:CANopen/301/CO_ODinterface.h ****  * Get SDO abort code from returnCode
 428:CANopen/301/CO_ODinterface.h ****  *
 429:CANopen/301/CO_ODinterface.h ****  * @param returnCode Returned from some OD access functions
 430:CANopen/301/CO_ODinterface.h ****  *
 431:CANopen/301/CO_ODinterface.h ****  * @return Corresponding @ref CO_SDO_abortCode_t
 432:CANopen/301/CO_ODinterface.h ****  */
 433:CANopen/301/CO_ODinterface.h **** uint32_t OD_getSDOabCode(ODR_t returnCode);
 434:CANopen/301/CO_ODinterface.h **** 
 435:CANopen/301/CO_ODinterface.h **** /**
 436:CANopen/301/CO_ODinterface.h ****  * Extend OD object with own read/write functions and/or flagsPDO
 437:CANopen/301/CO_ODinterface.h ****  *
 438:CANopen/301/CO_ODinterface.h ****  * This function gives application very powerful tool: definition of own IO access on OD object. St
 439:CANopen/301/CO_ODinterface.h ****  * attributes are the same as defined in original OD object, but data are read directly from (or wr
 440:CANopen/301/CO_ODinterface.h ****  * application specified object via custom function calls.
 441:CANopen/301/CO_ODinterface.h ****  *
 442:CANopen/301/CO_ODinterface.h ****  * Before this function specifies extension, OD variables are accessed from original OD location. A
 443:CANopen/301/CO_ODinterface.h ****  * specifies extension OD variables are accessed from read/write functions specified by extension. 
 444:CANopen/301/CO_ODinterface.h ****  * argument to @ref OD_getSub() is set to true.)
 445:CANopen/301/CO_ODinterface.h ****  *
 446:CANopen/301/CO_ODinterface.h ****  * This function must also be used, when flagsPDO needs to be enabled for specific entry.
 447:CANopen/301/CO_ODinterface.h ****  *
 448:CANopen/301/CO_ODinterface.h ****  * @warning
 449:CANopen/301/CO_ODinterface.h ****  * Object dictionary storage works only directly on OD variables. It does not access read function 
 450:CANopen/301/CO_ODinterface.h ****  * if extended OD objects needs to be preserved, then @ref OD_writeOriginal can be used inside cust
 451:CANopen/301/CO_ODinterface.h ****  *
 452:CANopen/301/CO_ODinterface.h ****  * @warning
 453:CANopen/301/CO_ODinterface.h ****  * Read and write functions may be called from different threads, so critical sections in custom fu
 454:CANopen/301/CO_ODinterface.h ****  * observed, see @ref CO_critical_sections.
 455:CANopen/301/CO_ODinterface.h ****  *
ARM GAS  C:\Users\Lenovo\AppData\Local\Temp\ccs8sfwA.s 			page 37


 456:CANopen/301/CO_ODinterface.h ****  * @param entry Object Dictionary entry.
 457:CANopen/301/CO_ODinterface.h ****  * @param extension Extension object, which must be initialized externally. Extension object must e
 458:CANopen/301/CO_ODinterface.h ****  * NULL, extension will be removed.
 459:CANopen/301/CO_ODinterface.h ****  *
 460:CANopen/301/CO_ODinterface.h ****  * @return "ODR_OK" on success, "ODR_IDX_NOT_EXIST" if OD object doesn't exist.
 461:CANopen/301/CO_ODinterface.h ****  */
 462:CANopen/301/CO_ODinterface.h **** static inline ODR_t
 463:CANopen/301/CO_ODinterface.h **** OD_extension_init(OD_entry_t* entry, OD_extension_t* extension) {
 464:CANopen/301/CO_ODinterface.h ****     if (entry == NULL) {
 465:CANopen/301/CO_ODinterface.h ****         return ODR_IDX_NOT_EXIST;
 466:CANopen/301/CO_ODinterface.h ****     }
 467:CANopen/301/CO_ODinterface.h ****     entry->extension = extension;
 468:CANopen/301/CO_ODinterface.h ****     return ODR_OK;
 469:CANopen/301/CO_ODinterface.h **** }
 470:CANopen/301/CO_ODinterface.h **** 
 471:CANopen/301/CO_ODinterface.h **** /**
 472:CANopen/301/CO_ODinterface.h ****  * @defgroup CO_ODgetSetters Getters and setters
 473:CANopen/301/CO_ODinterface.h ****  * @{
 474:CANopen/301/CO_ODinterface.h ****  *
 475:CANopen/301/CO_ODinterface.h ****  * Getter and setter helper functions for accessing different types of Object Dictionary variables.
 476:CANopen/301/CO_ODinterface.h ****  */
 477:CANopen/301/CO_ODinterface.h **** /**
 478:CANopen/301/CO_ODinterface.h ****  * Get variable from Object Dictionary
 479:CANopen/301/CO_ODinterface.h ****  *
 480:CANopen/301/CO_ODinterface.h ****  * @param entry Object Dictionary entry.
 481:CANopen/301/CO_ODinterface.h ****  * @param subIndex Sub-index of the variable from the OD object.
 482:CANopen/301/CO_ODinterface.h ****  * @param [out] val Value will be written here.
 483:CANopen/301/CO_ODinterface.h ****  * @param len Size of value to retrieve from OD.
 484:CANopen/301/CO_ODinterface.h ****  * @param odOrig If true, then potential IO extension on entry will be ignored and data in the orig
 485:CANopen/301/CO_ODinterface.h ****  * be returned.
 486:CANopen/301/CO_ODinterface.h ****  *
 487:CANopen/301/CO_ODinterface.h ****  * @return Value from @ref ODR_t, "ODR_OK" in case of success. Error, if variable does not exist in
 488:CANopen/301/CO_ODinterface.h ****  * it does not have the correct length or other reason.
 489:CANopen/301/CO_ODinterface.h ****  */
 490:CANopen/301/CO_ODinterface.h **** ODR_t OD_get_value(const OD_entry_t* entry, uint8_t subIndex, void* val, OD_size_t len, bool_t odOr
 491:CANopen/301/CO_ODinterface.h **** 
 492:CANopen/301/CO_ODinterface.h **** /** Get int8_t variable from Object Dictionary, see @ref OD_get_value */
 493:CANopen/301/CO_ODinterface.h **** static inline ODR_t
 494:CANopen/301/CO_ODinterface.h **** OD_get_i8(const OD_entry_t* entry, uint8_t subIndex, int8_t* val, bool_t odOrig) {
 495:CANopen/301/CO_ODinterface.h ****     return OD_get_value(entry, subIndex, val, sizeof(*val), odOrig);
 496:CANopen/301/CO_ODinterface.h **** }
 497:CANopen/301/CO_ODinterface.h **** 
 498:CANopen/301/CO_ODinterface.h **** /** Get int16_t variable from Object Dictionary, see @ref OD_get_value */
 499:CANopen/301/CO_ODinterface.h **** static inline ODR_t
 500:CANopen/301/CO_ODinterface.h **** OD_get_i16(const OD_entry_t* entry, uint8_t subIndex, int16_t* val, bool_t odOrig) {
 501:CANopen/301/CO_ODinterface.h ****     return OD_get_value(entry, subIndex, val, sizeof(*val), odOrig);
 502:CANopen/301/CO_ODinterface.h **** }
 503:CANopen/301/CO_ODinterface.h **** 
 504:CANopen/301/CO_ODinterface.h **** /** Get int32_t variable from Object Dictionary, see @ref OD_get_value */
 505:CANopen/301/CO_ODinterface.h **** static inline ODR_t
 506:CANopen/301/CO_ODinterface.h **** OD_get_i32(const OD_entry_t* entry, uint8_t subIndex, int32_t* val, bool_t odOrig) {
 507:CANopen/301/CO_ODinterface.h ****     return OD_get_value(entry, subIndex, val, sizeof(*val), odOrig);
 508:CANopen/301/CO_ODinterface.h **** }
 509:CANopen/301/CO_ODinterface.h **** 
 510:CANopen/301/CO_ODinterface.h **** /** Get int64_t variable from Object Dictionary, see @ref OD_get_value */
 511:CANopen/301/CO_ODinterface.h **** static inline ODR_t
 512:CANopen/301/CO_ODinterface.h **** OD_get_i64(const OD_entry_t* entry, uint8_t subIndex, int64_t* val, bool_t odOrig) {
ARM GAS  C:\Users\Lenovo\AppData\Local\Temp\ccs8sfwA.s 			page 38


 513:CANopen/301/CO_ODinterface.h ****     return OD_get_value(entry, subIndex, val, sizeof(*val), odOrig);
 514:CANopen/301/CO_ODinterface.h **** }
 515:CANopen/301/CO_ODinterface.h **** 
 516:CANopen/301/CO_ODinterface.h **** /** Get uint8_t variable from Object Dictionary, see @ref OD_get_value */
 517:CANopen/301/CO_ODinterface.h **** static inline ODR_t
 518:CANopen/301/CO_ODinterface.h **** OD_get_u8(const OD_entry_t* entry, uint8_t subIndex, uint8_t* val, bool_t odOrig) {
 519:CANopen/301/CO_ODinterface.h ****     return OD_get_value(entry, subIndex, val, sizeof(*val), odOrig);
 520:CANopen/301/CO_ODinterface.h **** }
 521:CANopen/301/CO_ODinterface.h **** 
 522:CANopen/301/CO_ODinterface.h **** /** Get uint16_t variable from Object Dictionary, see @ref OD_get_value */
 523:CANopen/301/CO_ODinterface.h **** static inline ODR_t
 524:CANopen/301/CO_ODinterface.h **** OD_get_u16(const OD_entry_t* entry, uint8_t subIndex, uint16_t* val, bool_t odOrig) {
 525:CANopen/301/CO_ODinterface.h ****     return OD_get_value(entry, subIndex, val, sizeof(*val), odOrig);
 526:CANopen/301/CO_ODinterface.h **** }
 527:CANopen/301/CO_ODinterface.h **** 
 528:CANopen/301/CO_ODinterface.h **** /** Get uint32_t variable from Object Dictionary, see @ref OD_get_value */
 529:CANopen/301/CO_ODinterface.h **** static inline ODR_t
 530:CANopen/301/CO_ODinterface.h **** OD_get_u32(const OD_entry_t* entry, uint8_t subIndex, uint32_t* val, bool_t odOrig) {
 547              		.loc 3 530 1 view .LVU170
 548              	.LBB35:
 531:CANopen/301/CO_ODinterface.h ****     return OD_get_value(entry, subIndex, val, sizeof(*val), odOrig);
 549              		.loc 3 531 5 view .LVU171
 550              		.loc 3 531 12 is_stmt 0 view .LVU172
 551 006e 0123     		movs	r3, #1
 552 0070 0093     		str	r3, [sp]
 553 0072 0423     		movs	r3, #4
 554 0074 03AA     		add	r2, sp, #12
 555              	.LVL59:
 556              		.loc 3 531 12 view .LVU173
 557 0076 4846     		mov	r0, r9
 558 0078 FFF7FEFF 		bl	OD_get_value
 559              	.LVL60:
 560              		.loc 3 531 12 view .LVU174
 561              	.LBE35:
 562              	.LBE34:
 366:CANopen/301/CO_Emergency.c ****     if ((odRet != ODR_OK) || ((COB_IDEmergency32 & 0x7FFFF800U) != 0U)) {
 563              		.loc 1 366 5 is_stmt 1 view .LVU175
 564              		.loc 1 366 8 is_stmt 0 view .LVU176
 565 007c 0246     		mov	r2, r0
 566 007e 18B9     		cbnz	r0, .L42
 567              		.loc 1 366 50 discriminator 1 view .LVU177
 568 0080 2E4B     		ldr	r3, .L58
 569 0082 0399     		ldr	r1, [sp, #12]
 570 0084 0B40     		ands	r3, r3, r1
 571              		.loc 1 366 27 discriminator 1 view .LVU178
 572 0086 3BB1     		cbz	r3, .L43
 573              	.L42:
 367:CANopen/301/CO_Emergency.c ****         if (errInfo != NULL) {
 574              		.loc 1 367 9 is_stmt 1 view .LVU179
 575              		.loc 1 367 12 is_stmt 0 view .LVU180
 576 0088 139B     		ldr	r3, [sp, #76]
 577 008a 1BB1     		cbz	r3, .L44
 368:CANopen/301/CO_Emergency.c ****             *errInfo = OD_getIndex(OD_1014_cobIdEm);
 578              		.loc 1 368 13 is_stmt 1 view .LVU181
 579              	.LVL61:
 580              	.LBB36:
 581              	.LBI36:
ARM GAS  C:\Users\Lenovo\AppData\Local\Temp\ccs8sfwA.s 			page 39


 343:CANopen/301/CO_ODinterface.h ****     return (entry != NULL) ? entry->index : 0U;
 582              		.loc 3 343 1 view .LVU182
 583              	.LBB37:
 344:CANopen/301/CO_ODinterface.h **** }
 584              		.loc 3 344 5 view .LVU183
 344:CANopen/301/CO_ODinterface.h **** }
 585              		.loc 3 344 43 is_stmt 0 discriminator 1 view .LVU184
 586 008c B9F80030 		ldrh	r3, [r9]
 587              	.LVL62:
 344:CANopen/301/CO_ODinterface.h **** }
 588              		.loc 3 344 43 discriminator 1 view .LVU185
 589              	.LBE37:
 590              	.LBE36:
 591              		.loc 1 368 22 discriminator 1 view .LVU186
 592 0090 1399     		ldr	r1, [sp, #76]
 593 0092 0B60     		str	r3, [r1]
 594              	.L44:
 369:CANopen/301/CO_Emergency.c ****         }
 370:CANopen/301/CO_Emergency.c ****         /* don't break a program, if only value of a parameter is wrong */
 371:CANopen/301/CO_Emergency.c ****         if (odRet != ODR_OK) {
 595              		.loc 1 371 9 is_stmt 1 view .LVU187
 596              		.loc 1 371 12 is_stmt 0 view .LVU188
 597 0094 002A     		cmp	r2, #0
 598 0096 4AD1     		bne	.L53
 599              	.L43:
 372:CANopen/301/CO_Emergency.c ****             return CO_ERROR_OD_PARAMETERS;
 373:CANopen/301/CO_Emergency.c ****         }
 374:CANopen/301/CO_Emergency.c ****     }
 375:CANopen/301/CO_Emergency.c **** 
 376:CANopen/301/CO_Emergency.c **** #if ((CO_CONFIG_EM)&CO_CONFIG_EM_PROD_CONFIGURABLE) != 0
 377:CANopen/301/CO_Emergency.c ****     uint16_t producerCanId = (uint16_t)(COB_IDEmergency32 & 0x7FFU);
 378:CANopen/301/CO_Emergency.c ****     em->producerEnabled = ((COB_IDEmergency32 & 0x80000000U) == 0U) && (producerCanId != 0U);
 379:CANopen/301/CO_Emergency.c **** 
 380:CANopen/301/CO_Emergency.c ****     em->OD_1014_extension.object = em;
 381:CANopen/301/CO_Emergency.c ****     em->OD_1014_extension.read = OD_read_1014;
 382:CANopen/301/CO_Emergency.c ****     em->OD_1014_extension.write = OD_write_1014;
 383:CANopen/301/CO_Emergency.c ****     odRet = OD_extension_init(OD_1014_cobIdEm, &em->OD_1014_extension);
 384:CANopen/301/CO_Emergency.c ****     if (odRet != ODR_OK) {
 385:CANopen/301/CO_Emergency.c ****         if (errInfo != NULL) {
 386:CANopen/301/CO_Emergency.c ****             *errInfo = OD_getIndex(OD_1014_cobIdEm);
 387:CANopen/301/CO_Emergency.c ****         }
 388:CANopen/301/CO_Emergency.c ****         return CO_ERROR_OD_PARAMETERS;
 389:CANopen/301/CO_Emergency.c ****     }
 390:CANopen/301/CO_Emergency.c ****     /* following two variables are used inside OD_read_1014 and OD_write_1014 */
 391:CANopen/301/CO_Emergency.c ****     em->producerCanId = producerCanId;
 392:CANopen/301/CO_Emergency.c ****     em->CANdevTxIdx = CANdevTxIdx;
 393:CANopen/301/CO_Emergency.c ****     /* if default producerCanId is used, then value of CO_CAN_ID_EMERGENCY (0x80) is stored into no
 394:CANopen/301/CO_Emergency.c ****      * memory. In that case it is necessary to add nodeId of this node to the stored value. */
 395:CANopen/301/CO_Emergency.c ****     if (producerCanId == CO_CAN_ID_EMERGENCY) {
 396:CANopen/301/CO_Emergency.c ****         producerCanId += nodeId;
 397:CANopen/301/CO_Emergency.c ****     }
 398:CANopen/301/CO_Emergency.c **** #else
 399:CANopen/301/CO_Emergency.c ****     uint16_t producerCanId = CO_CAN_ID_EMERGENCY + (uint16_t)nodeId;
 600              		.loc 1 399 5 is_stmt 1 view .LVU189
 601              	.LVL63:
 400:CANopen/301/CO_Emergency.c ****     em->producerEnabled = (COB_IDEmergency32 & 0x80000000U) == 0U;
 602              		.loc 1 400 5 view .LVU190
ARM GAS  C:\Users\Lenovo\AppData\Local\Temp\ccs8sfwA.s 			page 40


 603              		.loc 1 400 61 is_stmt 0 view .LVU191
 604 0098 039B     		ldr	r3, [sp, #12]
 605 009a DB43     		mvns	r3, r3
 606 009c DB0F     		lsrs	r3, r3, #31
 607              		.loc 1 400 25 view .LVU192
 608 009e 6362     		str	r3, [r4, #36]
 401:CANopen/301/CO_Emergency.c **** 
 402:CANopen/301/CO_Emergency.c ****     em->OD_1014_extension.object = em;
 609              		.loc 1 402 5 is_stmt 1 view .LVU193
 610              		.loc 1 402 34 is_stmt 0 view .LVU194
 611 00a0 2463     		str	r4, [r4, #48]
 403:CANopen/301/CO_Emergency.c ****     em->OD_1014_extension.read = OD_read_1014_default;
 612              		.loc 1 403 5 is_stmt 1 view .LVU195
 613              		.loc 1 403 32 is_stmt 0 view .LVU196
 614 00a2 274B     		ldr	r3, .L58+4
 615 00a4 6363     		str	r3, [r4, #52]
 404:CANopen/301/CO_Emergency.c ****     em->OD_1014_extension.write = OD_writeOriginal;
 616              		.loc 1 404 5 is_stmt 1 view .LVU197
 617              		.loc 1 404 33 is_stmt 0 view .LVU198
 618 00a6 274B     		ldr	r3, .L58+8
 619 00a8 A363     		str	r3, [r4, #56]
 405:CANopen/301/CO_Emergency.c ****     odRet = OD_extension_init(OD_1014_cobIdEm, &em->OD_1014_extension);
 620              		.loc 1 405 5 is_stmt 1 view .LVU199
 621              		.loc 1 405 13 is_stmt 0 view .LVU200
 622 00aa 04F13003 		add	r3, r4, #48
 623              	.LVL64:
 624              	.LBB38:
 625              	.LBI38:
 463:CANopen/301/CO_ODinterface.h ****     if (entry == NULL) {
 626              		.loc 3 463 1 is_stmt 1 view .LVU201
 627              	.LBB39:
 464:CANopen/301/CO_ODinterface.h ****         return ODR_IDX_NOT_EXIST;
 628              		.loc 3 464 5 view .LVU202
 467:CANopen/301/CO_ODinterface.h ****     return ODR_OK;
 629              		.loc 3 467 5 view .LVU203
 467:CANopen/301/CO_ODinterface.h ****     return ODR_OK;
 630              		.loc 3 467 22 is_stmt 0 view .LVU204
 631 00ae C9F80830 		str	r3, [r9, #8]
 468:CANopen/301/CO_ODinterface.h **** }
 632              		.loc 3 468 5 is_stmt 1 view .LVU205
 633              	.LVL65:
 468:CANopen/301/CO_ODinterface.h **** }
 634              		.loc 3 468 5 is_stmt 0 view .LVU206
 635              	.LBE39:
 636              	.LBE38:
 406:CANopen/301/CO_Emergency.c ****     if (odRet != ODR_OK) {
 637              		.loc 1 406 5 is_stmt 1 view .LVU207
 407:CANopen/301/CO_Emergency.c ****         if (errInfo != NULL) {
 408:CANopen/301/CO_Emergency.c ****             *errInfo = OD_getIndex(OD_1014_cobIdEm);
 409:CANopen/301/CO_Emergency.c ****         }
 410:CANopen/301/CO_Emergency.c ****         return CO_ERROR_OD_PARAMETERS;
 411:CANopen/301/CO_Emergency.c ****     }
 412:CANopen/301/CO_Emergency.c **** #endif
 413:CANopen/301/CO_Emergency.c **** 
 414:CANopen/301/CO_Emergency.c ****     /* configure parameters and emergency message CAN transmission */
 415:CANopen/301/CO_Emergency.c ****     em->nodeId = nodeId;
 638              		.loc 1 415 5 view .LVU208
ARM GAS  C:\Users\Lenovo\AppData\Local\Temp\ccs8sfwA.s 			page 41


 639              		.loc 1 415 16 is_stmt 0 view .LVU209
 640 00b2 84F82880 		strb	r8, [r4, #40]
 416:CANopen/301/CO_Emergency.c **** 
 417:CANopen/301/CO_Emergency.c ****     em->CANtxBuff = CO_CANtxBufferInit(CANdevTx, CANdevTxIdx, producerCanId, false, 8U, false);
 641              		.loc 1 417 5 is_stmt 1 view .LVU210
 642              		.loc 1 417 21 is_stmt 0 view .LVU211
 643 00b6 0023     		movs	r3, #0
 644 00b8 0193     		str	r3, [sp, #4]
 645 00ba 0822     		movs	r2, #8
 646 00bc 0092     		str	r2, [sp]
 647 00be 08F18002 		add	r2, r8, #128
 648 00c2 BDF84010 		ldrh	r1, [sp, #64]
 649 00c6 2846     		mov	r0, r5
 650 00c8 FFF7FEFF 		bl	CO_CANtxBufferInit
 651              	.LVL66:
 652              		.loc 1 417 19 discriminator 1 view .LVU212
 653 00cc E062     		str	r0, [r4, #44]
 418:CANopen/301/CO_Emergency.c **** 
 419:CANopen/301/CO_Emergency.c ****     if (em->CANtxBuff == NULL) {
 654              		.loc 1 419 5 is_stmt 1 view .LVU213
 655              		.loc 1 419 8 is_stmt 0 view .LVU214
 656 00ce 88B3     		cbz	r0, .L54
 420:CANopen/301/CO_Emergency.c ****         return CO_ERROR_ILLEGAL_ARGUMENT;
 421:CANopen/301/CO_Emergency.c ****     }
 422:CANopen/301/CO_Emergency.c **** 
 423:CANopen/301/CO_Emergency.c **** #if ((CO_CONFIG_EM)&CO_CONFIG_EM_PROD_INHIBIT) != 0
 424:CANopen/301/CO_Emergency.c ****     /* get and verify optional "Inhibit time EMCY" from Object Dictionary */
 425:CANopen/301/CO_Emergency.c ****     em->inhibitEmTime_us = 0;
 426:CANopen/301/CO_Emergency.c ****     em->inhibitEmTimer = 0;
 427:CANopen/301/CO_Emergency.c ****     uint16_t inhibitTime_100us;
 428:CANopen/301/CO_Emergency.c ****     odRet = OD_get_u16(OD_1015_InhTime, 0, &inhibitTime_100us, true);
 429:CANopen/301/CO_Emergency.c ****     if (odRet == ODR_OK) {
 430:CANopen/301/CO_Emergency.c ****         em->inhibitEmTime_us = (uint32_t)inhibitTime_100us * 100U;
 431:CANopen/301/CO_Emergency.c **** 
 432:CANopen/301/CO_Emergency.c ****         em->OD_1015_extension.object = em;
 433:CANopen/301/CO_Emergency.c ****         em->OD_1015_extension.read = OD_readOriginal;
 434:CANopen/301/CO_Emergency.c ****         em->OD_1015_extension.write = OD_write_1015;
 435:CANopen/301/CO_Emergency.c ****         (void)OD_extension_init(OD_1015_InhTime, &em->OD_1015_extension);
 436:CANopen/301/CO_Emergency.c ****     }
 437:CANopen/301/CO_Emergency.c **** #endif /* (CO_CONFIG_EM) & CO_CONFIG_EM_PROD_INHIBIT */
 438:CANopen/301/CO_Emergency.c **** #endif /* (CO_CONFIG_EM) & CO_CONFIG_EM_PRODUCER */
 439:CANopen/301/CO_Emergency.c **** 
 440:CANopen/301/CO_Emergency.c **** #if ((CO_CONFIG_EM)&CO_CONFIG_EM_HISTORY) != 0
 441:CANopen/301/CO_Emergency.c ****     /* If OD entry available, make access to em->preDefErr */
 442:CANopen/301/CO_Emergency.c ****     em->OD_1003_extension.object = em;
 657              		.loc 1 442 5 is_stmt 1 view .LVU215
 658              		.loc 1 442 34 is_stmt 0 view .LVU216
 659 00d0 2464     		str	r4, [r4, #64]
 443:CANopen/301/CO_Emergency.c ****     em->OD_1003_extension.read = OD_read_1003;
 660              		.loc 1 443 5 is_stmt 1 view .LVU217
 661              		.loc 1 443 32 is_stmt 0 view .LVU218
 662 00d2 1D4B     		ldr	r3, .L58+12
 663 00d4 6364     		str	r3, [r4, #68]
 444:CANopen/301/CO_Emergency.c ****     em->OD_1003_extension.write = OD_write_1003;
 664              		.loc 1 444 5 is_stmt 1 view .LVU219
 665              		.loc 1 444 33 is_stmt 0 view .LVU220
 666 00d6 1D4B     		ldr	r3, .L58+16
ARM GAS  C:\Users\Lenovo\AppData\Local\Temp\ccs8sfwA.s 			page 42


 667 00d8 A364     		str	r3, [r4, #72]
 445:CANopen/301/CO_Emergency.c ****     (void)OD_extension_init(OD_1003_preDefErr, &em->OD_1003_extension);
 668              		.loc 1 445 5 is_stmt 1 view .LVU221
 669              		.loc 1 445 11 is_stmt 0 view .LVU222
 670 00da 4034     		adds	r4, r4, #64
 671              	.LVL67:
 672              	.LBB40:
 673              	.LBI40:
 463:CANopen/301/CO_ODinterface.h ****     if (entry == NULL) {
 674              		.loc 3 463 1 is_stmt 1 view .LVU223
 675              	.LBB41:
 464:CANopen/301/CO_ODinterface.h ****         return ODR_IDX_NOT_EXIST;
 676              		.loc 3 464 5 view .LVU224
 467:CANopen/301/CO_ODinterface.h ****     return ODR_OK;
 677              		.loc 3 467 5 view .LVU225
 467:CANopen/301/CO_ODinterface.h ****     return ODR_OK;
 678              		.loc 3 467 22 is_stmt 0 view .LVU226
 679 00dc CAF80840 		str	r4, [r10, #8]
 680              	.LVL68:
 468:CANopen/301/CO_ODinterface.h **** }
 681              		.loc 3 468 5 is_stmt 1 view .LVU227
 468:CANopen/301/CO_ODinterface.h **** }
 682              		.loc 3 468 5 is_stmt 0 view .LVU228
 683              	.LBE41:
 684              	.LBE40:
 446:CANopen/301/CO_Emergency.c **** #endif /* (CO_CONFIG_EM) & CO_CONFIG_EM_HISTORY */
 447:CANopen/301/CO_Emergency.c **** 
 448:CANopen/301/CO_Emergency.c **** #if ((CO_CONFIG_EM)&CO_CONFIG_EM_STATUS_BITS) != 0
 449:CANopen/301/CO_Emergency.c ****     /* If OD entry available, make access to em->errorStatusBits */
 450:CANopen/301/CO_Emergency.c ****     em->OD_statusBits_extension.object = em;
 451:CANopen/301/CO_Emergency.c ****     em->OD_statusBits_extension.read = OD_read_statusBits;
 452:CANopen/301/CO_Emergency.c ****     em->OD_statusBits_extension.write = OD_write_statusBits;
 453:CANopen/301/CO_Emergency.c ****     (void)OD_extension_init(OD_statusBits, &em->OD_statusBits_extension);
 454:CANopen/301/CO_Emergency.c **** #endif /* (CO_CONFIG_EM) & CO_CONFIG_EM_STATUS_BITS */
 455:CANopen/301/CO_Emergency.c **** 
 456:CANopen/301/CO_Emergency.c **** #if ((CO_CONFIG_EM)&CO_CONFIG_EM_CONSUMER) != 0
 457:CANopen/301/CO_Emergency.c ****     em->pFunctSignalRx = NULL;
 458:CANopen/301/CO_Emergency.c ****     /* configure SDO server CAN reception */
 459:CANopen/301/CO_Emergency.c ****     ret = CO_CANrxBufferInit(CANdevRx, CANdevRxIdx, CO_CAN_ID_EMERGENCY, 0x780, false, (void*)em, C
 460:CANopen/301/CO_Emergency.c **** #endif /* (CO_CONFIG_EM) & CO_CONFIG_EM_CONSUMER */
 461:CANopen/301/CO_Emergency.c **** 
 462:CANopen/301/CO_Emergency.c ****     return ret;
 685              		.loc 1 462 5 is_stmt 1 view .LVU229
 686              		.loc 1 462 12 is_stmt 0 view .LVU230
 687 00e0 0020     		movs	r0, #0
 688              	.LVL69:
 689              	.L38:
 463:CANopen/301/CO_Emergency.c **** }
 690              		.loc 1 463 1 view .LVU231
 691 00e2 05B0     		add	sp, sp, #20
 692              	.LCFI5:
 693              		.cfi_remember_state
 694              		.cfi_def_cfa_offset 36
 695              		@ sp needed
 696 00e4 BDE8F08F 		pop	{r4, r5, r6, r7, r8, r9, r10, fp, pc}
 697              	.LVL70:
 698              	.L56:
ARM GAS  C:\Users\Lenovo\AppData\Local\Temp\ccs8sfwA.s 			page 43


 699              	.LCFI6:
 700              		.cfi_restore_state
 326:CANopen/301/CO_Emergency.c **** #endif
 701              		.loc 1 326 28 discriminator 1 view .LVU232
 702 00e8 BBF1010F 		cmp	fp, #1
 703 00ec 9DD9     		bls	.L39
 338:CANopen/301/CO_Emergency.c ****     }
 704              		.loc 1 338 16 view .LVU233
 705 00ee 4FF0FF30 		mov	r0, #-1
 706              	.LVL71:
 338:CANopen/301/CO_Emergency.c ****     }
 707              		.loc 1 338 16 view .LVU234
 708 00f2 F6E7     		b	.L38
 709              	.LVL72:
 710              	.L57:
 350:CANopen/301/CO_Emergency.c ****             *errInfo = OD_getIndex(OD_1001_errReg);
 711              		.loc 1 350 9 is_stmt 1 view .LVU235
 350:CANopen/301/CO_Emergency.c ****             *errInfo = OD_getIndex(OD_1001_errReg);
 712              		.loc 1 350 12 is_stmt 0 view .LVU236
 713 00f4 139B     		ldr	r3, [sp, #76]
 714 00f6 13B1     		cbz	r3, .L41
 351:CANopen/301/CO_Emergency.c ****         }
 715              		.loc 1 351 13 is_stmt 1 view .LVU237
 716              	.LVL73:
 717              	.LBB42:
 718              	.LBI42:
 343:CANopen/301/CO_ODinterface.h ****     return (entry != NULL) ? entry->index : 0U;
 719              		.loc 3 343 1 view .LVU238
 720              	.LBB43:
 344:CANopen/301/CO_ODinterface.h **** }
 721              		.loc 3 344 5 view .LVU239
 344:CANopen/301/CO_ODinterface.h **** }
 722              		.loc 3 344 43 is_stmt 0 discriminator 1 view .LVU240
 723 00f8 3388     		ldrh	r3, [r6]
 724              	.LVL74:
 344:CANopen/301/CO_ODinterface.h **** }
 725              		.loc 3 344 43 discriminator 1 view .LVU241
 726              	.LBE43:
 727              	.LBE42:
 351:CANopen/301/CO_Emergency.c ****         }
 728              		.loc 1 351 22 discriminator 1 view .LVU242
 729 00fa 139A     		ldr	r2, [sp, #76]
 730 00fc 1360     		str	r3, [r2]
 731              	.L41:
 353:CANopen/301/CO_Emergency.c ****     }
 732              		.loc 1 353 9 is_stmt 1 view .LVU243
 353:CANopen/301/CO_Emergency.c ****     }
 733              		.loc 1 353 16 is_stmt 0 view .LVU244
 734 00fe 6FF00B00 		mvn	r0, #11
 735 0102 EEE7     		b	.L38
 736              	.LVL75:
 737              	.L45:
 338:CANopen/301/CO_Emergency.c ****     }
 738              		.loc 1 338 16 view .LVU245
 739 0104 4FF0FF30 		mov	r0, #-1
 740              	.LVL76:
 338:CANopen/301/CO_Emergency.c ****     }
ARM GAS  C:\Users\Lenovo\AppData\Local\Temp\ccs8sfwA.s 			page 44


 741              		.loc 1 338 16 view .LVU246
 742 0108 EBE7     		b	.L38
 743              	.LVL77:
 744              	.L46:
 338:CANopen/301/CO_Emergency.c ****     }
 745              		.loc 1 338 16 view .LVU247
 746 010a 4FF0FF30 		mov	r0, #-1
 747              	.LVL78:
 338:CANopen/301/CO_Emergency.c ****     }
 748              		.loc 1 338 16 view .LVU248
 749 010e E8E7     		b	.L38
 750              	.LVL79:
 751              	.L48:
 338:CANopen/301/CO_Emergency.c ****     }
 752              		.loc 1 338 16 view .LVU249
 753 0110 4FF0FF30 		mov	r0, #-1
 754              	.LVL80:
 338:CANopen/301/CO_Emergency.c ****     }
 755              		.loc 1 338 16 view .LVU250
 756 0114 E5E7     		b	.L38
 757              	.LVL81:
 758              	.L49:
 338:CANopen/301/CO_Emergency.c ****     }
 759              		.loc 1 338 16 view .LVU251
 760 0116 4FF0FF30 		mov	r0, #-1
 761              	.LVL82:
 338:CANopen/301/CO_Emergency.c ****     }
 762              		.loc 1 338 16 view .LVU252
 763 011a E2E7     		b	.L38
 764              	.LVL83:
 765              	.L50:
 338:CANopen/301/CO_Emergency.c ****     }
 766              		.loc 1 338 16 view .LVU253
 767 011c 4FF0FF30 		mov	r0, #-1
 768              	.LVL84:
 338:CANopen/301/CO_Emergency.c ****     }
 769              		.loc 1 338 16 view .LVU254
 770 0120 DFE7     		b	.L38
 771              	.LVL85:
 772              	.L51:
 338:CANopen/301/CO_Emergency.c ****     }
 773              		.loc 1 338 16 view .LVU255
 774 0122 4FF0FF30 		mov	r0, #-1
 775              	.LVL86:
 338:CANopen/301/CO_Emergency.c ****     }
 776              		.loc 1 338 16 view .LVU256
 777 0126 DCE7     		b	.L38
 778              	.LVL87:
 779              	.L52:
 338:CANopen/301/CO_Emergency.c ****     }
 780              		.loc 1 338 16 view .LVU257
 781 0128 4FF0FF30 		mov	r0, #-1
 782              	.LVL88:
 338:CANopen/301/CO_Emergency.c ****     }
 783              		.loc 1 338 16 view .LVU258
 784 012c D9E7     		b	.L38
 785              	.LVL89:
ARM GAS  C:\Users\Lenovo\AppData\Local\Temp\ccs8sfwA.s 			page 45


 786              	.L53:
 372:CANopen/301/CO_Emergency.c ****         }
 787              		.loc 1 372 20 view .LVU259
 788 012e 6FF00B00 		mvn	r0, #11
 789              	.LVL90:
 372:CANopen/301/CO_Emergency.c ****         }
 790              		.loc 1 372 20 view .LVU260
 791 0132 D6E7     		b	.L38
 792              	.LVL91:
 793              	.L54:
 420:CANopen/301/CO_Emergency.c ****     }
 794              		.loc 1 420 16 view .LVU261
 795 0134 4FF0FF30 		mov	r0, #-1
 796 0138 D3E7     		b	.L38
 797              	.L59:
 798 013a 00BF     		.align	2
 799              	.L58:
 800 013c 00F8FF7F 		.word	2147481600
 801 0140 00000000 		.word	OD_read_1014_default
 802 0144 00000000 		.word	OD_writeOriginal
 803 0148 00000000 		.word	OD_read_1003
 804 014c 00000000 		.word	OD_write_1003
 805              		.cfi_endproc
 806              	.LFE37:
 808              		.section	.text.CO_error,"ax",%progbits
 809              		.align	1
 810              		.global	CO_error
 811              		.syntax unified
 812              		.thumb
 813              		.thumb_func
 815              	CO_error:
 816              	.LVL92:
 817              	.LFB39:
 464:CANopen/301/CO_Emergency.c **** 
 465:CANopen/301/CO_Emergency.c **** #if ((CO_CONFIG_EM)&CO_CONFIG_EM_CONSUMER) != 0
 466:CANopen/301/CO_Emergency.c **** void
 467:CANopen/301/CO_Emergency.c **** CO_EM_initCallbackRx(CO_EM_t* em,
 468:CANopen/301/CO_Emergency.c ****                      void (*pFunctSignalRx)(const uint16_t ident, const uint16_t errorCode, const u
 469:CANopen/301/CO_Emergency.c ****                                             const uint8_t errorBit, const uint32_t infoCode)) {
 470:CANopen/301/CO_Emergency.c ****     if (em != NULL) {
 471:CANopen/301/CO_Emergency.c ****         em->pFunctSignalRx = pFunctSignalRx;
 472:CANopen/301/CO_Emergency.c ****     }
 473:CANopen/301/CO_Emergency.c **** }
 474:CANopen/301/CO_Emergency.c **** #endif
 475:CANopen/301/CO_Emergency.c **** 
 476:CANopen/301/CO_Emergency.c **** #if ((CO_CONFIG_EM)&CO_CONFIG_FLAG_CALLBACK_PRE) != 0
 477:CANopen/301/CO_Emergency.c **** void
 478:CANopen/301/CO_Emergency.c **** CO_EM_initCallbackPre(CO_EM_t* em, void* object, void (*pFunctSignal)(void* object)) {
 479:CANopen/301/CO_Emergency.c ****     if (em != NULL) {
 480:CANopen/301/CO_Emergency.c ****         em->functSignalObjectPre = object;
 481:CANopen/301/CO_Emergency.c ****         em->pFunctSignalPre = pFunctSignal;
 482:CANopen/301/CO_Emergency.c ****     }
 483:CANopen/301/CO_Emergency.c **** }
 484:CANopen/301/CO_Emergency.c **** #endif
 485:CANopen/301/CO_Emergency.c **** 
 486:CANopen/301/CO_Emergency.c **** void
 487:CANopen/301/CO_Emergency.c **** CO_EM_process(CO_EM_t* em, bool_t NMTisPreOrOperational, uint32_t timeDifference_us, uint32_t* time
ARM GAS  C:\Users\Lenovo\AppData\Local\Temp\ccs8sfwA.s 			page 46


 488:CANopen/301/CO_Emergency.c ****     (void)timerNext_us; /* may be unused */
 489:CANopen/301/CO_Emergency.c **** 
 490:CANopen/301/CO_Emergency.c **** #if ((CO_CONFIG_EM)&CO_CONFIG_EM_PROD_INHIBIT) == 0
 491:CANopen/301/CO_Emergency.c ****     (void)timeDifference_us; /* may be unused */
 492:CANopen/301/CO_Emergency.c **** #endif
 493:CANopen/301/CO_Emergency.c **** 
 494:CANopen/301/CO_Emergency.c ****     /* verify errors from driver */
 495:CANopen/301/CO_Emergency.c ****     uint16_t CANerrSt = em->CANdevTx->CANerrorStatus;
 496:CANopen/301/CO_Emergency.c ****     if (CANerrSt != em->CANerrorStatusOld) {
 497:CANopen/301/CO_Emergency.c ****         uint16_t CANerrStChanged = CANerrSt ^ em->CANerrorStatusOld;
 498:CANopen/301/CO_Emergency.c ****         em->CANerrorStatusOld = CANerrSt;
 499:CANopen/301/CO_Emergency.c **** 
 500:CANopen/301/CO_Emergency.c ****         if ((CANerrStChanged & (CO_CAN_ERRTX_WARNING | CO_CAN_ERRRX_WARNING)) != 0U) {
 501:CANopen/301/CO_Emergency.c ****             CO_error(em, (CANerrSt & (CO_CAN_ERRTX_WARNING | CO_CAN_ERRRX_WARNING)) != 0U, CO_EM_CA
 502:CANopen/301/CO_Emergency.c ****                      CO_EMC_NO_ERROR, 0);
 503:CANopen/301/CO_Emergency.c ****         }
 504:CANopen/301/CO_Emergency.c ****         if ((CANerrStChanged & CO_CAN_ERRTX_PASSIVE) != 0U) {
 505:CANopen/301/CO_Emergency.c ****             CO_error(em, (CANerrSt & CO_CAN_ERRTX_PASSIVE) != 0U, CO_EM_CAN_TX_BUS_PASSIVE, CO_EMC_
 506:CANopen/301/CO_Emergency.c ****         }
 507:CANopen/301/CO_Emergency.c ****         if ((CANerrStChanged & CO_CAN_ERRTX_BUS_OFF) != 0U) {
 508:CANopen/301/CO_Emergency.c ****             CO_error(em, (CANerrSt & CO_CAN_ERRTX_BUS_OFF) != 0U, CO_EM_CAN_TX_BUS_OFF, CO_EMC_BUS_
 509:CANopen/301/CO_Emergency.c ****         }
 510:CANopen/301/CO_Emergency.c ****         if ((CANerrStChanged & CO_CAN_ERRTX_OVERFLOW) != 0U) {
 511:CANopen/301/CO_Emergency.c ****             CO_error(em, (CANerrSt & CO_CAN_ERRTX_OVERFLOW) != 0U, CO_EM_CAN_TX_OVERFLOW, CO_EMC_CA
 512:CANopen/301/CO_Emergency.c ****         }
 513:CANopen/301/CO_Emergency.c ****         if ((CANerrStChanged & CO_CAN_ERRTX_PDO_LATE) != 0U) {
 514:CANopen/301/CO_Emergency.c ****             CO_error(em, (CANerrSt & CO_CAN_ERRTX_PDO_LATE) != 0U, CO_EM_TPDO_OUTSIDE_WINDOW, CO_EM
 515:CANopen/301/CO_Emergency.c ****         }
 516:CANopen/301/CO_Emergency.c ****         if ((CANerrStChanged & CO_CAN_ERRRX_PASSIVE) != 0U) {
 517:CANopen/301/CO_Emergency.c ****             CO_error(em, (CANerrSt & CO_CAN_ERRRX_PASSIVE) != 0U, CO_EM_CAN_RX_BUS_PASSIVE, CO_EMC_
 518:CANopen/301/CO_Emergency.c ****         }
 519:CANopen/301/CO_Emergency.c ****         if ((CANerrStChanged & CO_CAN_ERRRX_OVERFLOW) != 0U) {
 520:CANopen/301/CO_Emergency.c ****             CO_error(em, (CANerrSt & CO_CAN_ERRRX_OVERFLOW) != 0U, CO_EM_CAN_RXB_OVERFLOW, CO_EMC_C
 521:CANopen/301/CO_Emergency.c ****         }
 522:CANopen/301/CO_Emergency.c ****     }
 523:CANopen/301/CO_Emergency.c **** 
 524:CANopen/301/CO_Emergency.c ****     /* calculate Error register */
 525:CANopen/301/CO_Emergency.c ****     uint8_t errorRegister = 0U;
 526:CANopen/301/CO_Emergency.c ****     if (CO_CONFIG_ERR_CONDITION_GENERIC) {
 527:CANopen/301/CO_Emergency.c ****         errorRegister |= (uint8_t)CO_ERR_REG_GENERIC_ERR;
 528:CANopen/301/CO_Emergency.c ****     }
 529:CANopen/301/CO_Emergency.c **** #ifdef CO_CONFIG_ERR_CONDITION_CURRENT
 530:CANopen/301/CO_Emergency.c ****     if (CO_CONFIG_ERR_CONDITION_CURRENT) {
 531:CANopen/301/CO_Emergency.c ****         errorRegister |= (uint8_t)CO_ERR_REG_CURRENT;
 532:CANopen/301/CO_Emergency.c ****     }
 533:CANopen/301/CO_Emergency.c **** #endif
 534:CANopen/301/CO_Emergency.c **** #ifdef CO_CONFIG_ERR_CONDITION_VOLTAGE
 535:CANopen/301/CO_Emergency.c ****     if (CO_CONFIG_ERR_CONDITION_VOLTAGE) {
 536:CANopen/301/CO_Emergency.c ****         errorRegister |= (uint8_t)CO_ERR_REG_VOLTAGE;
 537:CANopen/301/CO_Emergency.c ****     }
 538:CANopen/301/CO_Emergency.c **** #endif
 539:CANopen/301/CO_Emergency.c **** #ifdef CO_CONFIG_ERR_CONDITION_TEMPERATURE
 540:CANopen/301/CO_Emergency.c ****     if (CO_CONFIG_ERR_CONDITION_TEMPERATURE) {
 541:CANopen/301/CO_Emergency.c ****         errorRegister |= (uint8_t)CO_ERR_REG_TEMPERATURE;
 542:CANopen/301/CO_Emergency.c ****     }
 543:CANopen/301/CO_Emergency.c **** #endif
 544:CANopen/301/CO_Emergency.c ****     if (CO_CONFIG_ERR_CONDITION_COMMUNICATION) {
ARM GAS  C:\Users\Lenovo\AppData\Local\Temp\ccs8sfwA.s 			page 47


 545:CANopen/301/CO_Emergency.c ****         errorRegister |= (uint8_t)CO_ERR_REG_COMMUNICATION;
 546:CANopen/301/CO_Emergency.c ****     }
 547:CANopen/301/CO_Emergency.c **** #ifdef CO_CONFIG_ERR_CONDITION_DEV_PROFILE
 548:CANopen/301/CO_Emergency.c ****     if (CO_CONFIG_ERR_CONDITION_DEV_PROFILE) {
 549:CANopen/301/CO_Emergency.c ****         errorRegister |= (uint8_t)CO_ERR_REG_DEV_PROFILE;
 550:CANopen/301/CO_Emergency.c ****     }
 551:CANopen/301/CO_Emergency.c **** #endif
 552:CANopen/301/CO_Emergency.c ****     if (CO_CONFIG_ERR_CONDITION_MANUFACTURER) {
 553:CANopen/301/CO_Emergency.c ****         errorRegister |= (uint8_t)CO_ERR_REG_MANUFACTURER;
 554:CANopen/301/CO_Emergency.c ****     }
 555:CANopen/301/CO_Emergency.c ****     *em->errorRegister = errorRegister;
 556:CANopen/301/CO_Emergency.c **** 
 557:CANopen/301/CO_Emergency.c ****     if (!NMTisPreOrOperational) {
 558:CANopen/301/CO_Emergency.c ****         return;
 559:CANopen/301/CO_Emergency.c ****     }
 560:CANopen/301/CO_Emergency.c **** 
 561:CANopen/301/CO_Emergency.c ****     /* post-process Emergency message in fifo buffer. */
 562:CANopen/301/CO_Emergency.c **** #if ((CO_CONFIG_EM)&CO_CONFIG_EM_PRODUCER) != 0
 563:CANopen/301/CO_Emergency.c ****     if (em->fifoSize >= 2U) {
 564:CANopen/301/CO_Emergency.c ****         uint8_t fifoPpPtr = em->fifoPpPtr;
 565:CANopen/301/CO_Emergency.c **** 
 566:CANopen/301/CO_Emergency.c **** #if ((CO_CONFIG_EM)&CO_CONFIG_EM_PROD_INHIBIT) != 0
 567:CANopen/301/CO_Emergency.c ****         if (em->inhibitEmTimer < em->inhibitEmTime_us) {
 568:CANopen/301/CO_Emergency.c ****             em->inhibitEmTimer += timeDifference_us;
 569:CANopen/301/CO_Emergency.c ****         }
 570:CANopen/301/CO_Emergency.c **** 
 571:CANopen/301/CO_Emergency.c ****         if (!em->CANtxBuff->bufferFull && (fifoPpPtr != em->fifoWrPtr)
 572:CANopen/301/CO_Emergency.c ****             && (em->inhibitEmTimer >= em->inhibitEmTime_us)) {
 573:CANopen/301/CO_Emergency.c ****             em->inhibitEmTimer = 0;
 574:CANopen/301/CO_Emergency.c **** #else
 575:CANopen/301/CO_Emergency.c ****         if ((!em->CANtxBuff->bufferFull) && (fifoPpPtr != em->fifoWrPtr)) {
 576:CANopen/301/CO_Emergency.c **** #endif
 577:CANopen/301/CO_Emergency.c ****             /* add error register to emergency message */
 578:CANopen/301/CO_Emergency.c ****             em->fifo[fifoPpPtr].msg |= (uint32_t)errorRegister << 16;
 579:CANopen/301/CO_Emergency.c **** 
 580:CANopen/301/CO_Emergency.c ****             /* send emergency message */
 581:CANopen/301/CO_Emergency.c ****             (void)memcpy((void*)em->CANtxBuff->data, (void*)&em->fifo[fifoPpPtr].msg, sizeof(em->CA
 582:CANopen/301/CO_Emergency.c ****             (void)CO_CANsend(em->CANdevTx, em->CANtxBuff);
 583:CANopen/301/CO_Emergency.c **** 
 584:CANopen/301/CO_Emergency.c **** #if ((CO_CONFIG_EM)&CO_CONFIG_EM_CONSUMER) != 0
 585:CANopen/301/CO_Emergency.c ****             /* report also own emergency messages */
 586:CANopen/301/CO_Emergency.c ****             if (em->pFunctSignalRx != NULL) {
 587:CANopen/301/CO_Emergency.c ****                 uint32_t errMsg = em->fifo[fifoPpPtr].msg;
 588:CANopen/301/CO_Emergency.c ****                 em->pFunctSignalRx(0, CO_SWAP_16((uint16_t)errMsg), errorRegister, (uint8_t)(errMsg
 589:CANopen/301/CO_Emergency.c ****                                    CO_SWAP_32(em->fifo[fifoPpPtr].info));
 590:CANopen/301/CO_Emergency.c ****             }
 591:CANopen/301/CO_Emergency.c **** #endif
 592:CANopen/301/CO_Emergency.c **** 
 593:CANopen/301/CO_Emergency.c ****             /* increment pointer */
 594:CANopen/301/CO_Emergency.c ****             fifoPpPtr++;
 595:CANopen/301/CO_Emergency.c ****             em->fifoPpPtr = (fifoPpPtr < em->fifoSize) ? fifoPpPtr : 0U;
 596:CANopen/301/CO_Emergency.c **** 
 597:CANopen/301/CO_Emergency.c ****             /* verify message buffer overflow. Clear error condition if all messages from fifo buff
 598:CANopen/301/CO_Emergency.c ****             if (em->fifoOverflow == 1U) {
 599:CANopen/301/CO_Emergency.c ****                 em->fifoOverflow = 2;
 600:CANopen/301/CO_Emergency.c ****                 CO_errorReport(em, CO_EM_EMERGENCY_BUFFER_FULL, CO_EMC_GENERIC, 0);
 601:CANopen/301/CO_Emergency.c ****             } else if ((em->fifoOverflow == 2U) && (em->fifoPpPtr == em->fifoWrPtr)) {
ARM GAS  C:\Users\Lenovo\AppData\Local\Temp\ccs8sfwA.s 			page 48


 602:CANopen/301/CO_Emergency.c ****                 em->fifoOverflow = 0;
 603:CANopen/301/CO_Emergency.c ****                 CO_errorReset(em, CO_EM_EMERGENCY_BUFFER_FULL, 0);
 604:CANopen/301/CO_Emergency.c ****             } else { /* MISRA C 2004 14.10 */
 605:CANopen/301/CO_Emergency.c ****             }
 606:CANopen/301/CO_Emergency.c ****         }
 607:CANopen/301/CO_Emergency.c **** #if ((CO_CONFIG_EM)&CO_CONFIG_EM_PROD_INHIBIT) != 0
 608:CANopen/301/CO_Emergency.c **** #if ((CO_CONFIG_EM)&CO_CONFIG_FLAG_TIMERNEXT) != 0
 609:CANopen/301/CO_Emergency.c ****         else if ((timerNext_us != NULL) && (em->inhibitEmTimer < em->inhibitEmTime_us)) {
 610:CANopen/301/CO_Emergency.c ****             /* check again after inhibit time elapsed */
 611:CANopen/301/CO_Emergency.c ****             uint32_t diff = em->inhibitEmTime_us - em->inhibitEmTimer;
 612:CANopen/301/CO_Emergency.c ****             if (*timerNext_us > diff) {
 613:CANopen/301/CO_Emergency.c ****                 *timerNext_us = diff;
 614:CANopen/301/CO_Emergency.c ****             }
 615:CANopen/301/CO_Emergency.c ****         } else { /* MISRA C 2004 14.10 */
 616:CANopen/301/CO_Emergency.c ****         }
 617:CANopen/301/CO_Emergency.c **** #endif
 618:CANopen/301/CO_Emergency.c **** #endif
 619:CANopen/301/CO_Emergency.c ****     }
 620:CANopen/301/CO_Emergency.c **** #elif ((CO_CONFIG_EM)&CO_CONFIG_EM_HISTORY) != 0
 621:CANopen/301/CO_Emergency.c ****     if (em->fifoSize >= 2) {
 622:CANopen/301/CO_Emergency.c ****         uint8_t fifoPpPtr = em->fifoPpPtr;
 623:CANopen/301/CO_Emergency.c ****         while (fifoPpPtr != em->fifoWrPtr) {
 624:CANopen/301/CO_Emergency.c ****             /* add error register to emergency message and increment pointers */
 625:CANopen/301/CO_Emergency.c ****             em->fifo[fifoPpPtr].msg |= (uint32_t)errorRegister << 16;
 626:CANopen/301/CO_Emergency.c **** 
 627:CANopen/301/CO_Emergency.c ****             if (++fifoPpPtr >= em->fifoSize) {
 628:CANopen/301/CO_Emergency.c ****                 fifoPpPtr = 0;
 629:CANopen/301/CO_Emergency.c ****             }
 630:CANopen/301/CO_Emergency.c ****         }
 631:CANopen/301/CO_Emergency.c ****         em->fifoPpPtr = fifoPpPtr;
 632:CANopen/301/CO_Emergency.c ****     }
 633:CANopen/301/CO_Emergency.c **** #endif /* (CO_CONFIG_EM) & CO_CONFIG_EM_PRODUCER, #elif CO_CONFIG_EM_HISTORY */
 634:CANopen/301/CO_Emergency.c **** 
 635:CANopen/301/CO_Emergency.c ****     return;
 636:CANopen/301/CO_Emergency.c **** }
 637:CANopen/301/CO_Emergency.c **** 
 638:CANopen/301/CO_Emergency.c **** void
 639:CANopen/301/CO_Emergency.c **** CO_error(CO_EM_t* em, bool_t setError, const uint8_t errorBit, uint16_t errorCode, uint32_t infoCod
 818              		.loc 1 639 103 is_stmt 1 view -0
 819              		.cfi_startproc
 820              		@ args = 4, pretend = 0, frame = 0
 821              		@ frame_needed = 0, uses_anonymous_args = 0
 640:CANopen/301/CO_Emergency.c ****     if (em == NULL) {
 822              		.loc 1 640 5 view .LVU263
 823              		.loc 1 640 8 is_stmt 0 view .LVU264
 824 0000 0028     		cmp	r0, #0
 825 0002 52D0     		beq	.L71
 639:CANopen/301/CO_Emergency.c ****     if (em == NULL) {
 826              		.loc 1 639 103 view .LVU265
 827 0004 30B5     		push	{r4, r5, lr}
 828              	.LCFI7:
 829              		.cfi_def_cfa_offset 12
 830              		.cfi_offset 4, -12
 831              		.cfi_offset 5, -8
 832              		.cfi_offset 14, -4
 833 0006 8446     		mov	ip, r0
 641:CANopen/301/CO_Emergency.c ****         return;
ARM GAS  C:\Users\Lenovo\AppData\Local\Temp\ccs8sfwA.s 			page 49


 642:CANopen/301/CO_Emergency.c ****     }
 643:CANopen/301/CO_Emergency.c **** 
 644:CANopen/301/CO_Emergency.c ****     uint8_t index = errorBit >> 3;
 834              		.loc 1 644 5 is_stmt 1 view .LVU266
 835              		.loc 1 644 13 is_stmt 0 view .LVU267
 836 0008 4FEAD20E 		lsr	lr, r2, #3
 837              	.LVL93:
 645:CANopen/301/CO_Emergency.c ****     uint8_t bitmask = 1U << (errorBit & 0x7U);
 838              		.loc 1 645 5 is_stmt 1 view .LVU268
 839              		.loc 1 645 39 is_stmt 0 view .LVU269
 840 000c 02F00704 		and	r4, r2, #7
 841              		.loc 1 645 26 view .LVU270
 842 0010 0120     		movs	r0, #1
 843              	.LVL94:
 844              		.loc 1 645 26 view .LVU271
 845 0012 A040     		lsls	r0, r0, r4
 846              		.loc 1 645 13 view .LVU272
 847 0014 C0B2     		uxtb	r0, r0
 848              	.LVL95:
 646:CANopen/301/CO_Emergency.c **** 
 647:CANopen/301/CO_Emergency.c ****     /* if unsupported errorBit, change to 'CO_EM_WRONG_ERROR_REPORT' */
 648:CANopen/301/CO_Emergency.c ****     if (index >= (CO_CONFIG_EM_ERR_STATUS_BITS_COUNT / 8U)) {
 849              		.loc 1 648 5 is_stmt 1 view .LVU273
 850              		.loc 1 648 8 is_stmt 0 view .LVU274
 851 0016 4F2A     		cmp	r2, #79
 852 0018 05D9     		bls	.L62
 649:CANopen/301/CO_Emergency.c ****         index = CO_EM_WRONG_ERROR_REPORT >> 3;
 853              		.loc 1 649 9 is_stmt 1 view .LVU275
 854              	.LVL96:
 650:CANopen/301/CO_Emergency.c ****         bitmask = 1U << (CO_EM_WRONG_ERROR_REPORT & 0x7U);
 855              		.loc 1 650 9 view .LVU276
 651:CANopen/301/CO_Emergency.c ****         errorCode = CO_EMC_SOFTWARE_INTERNAL;
 856              		.loc 1 651 9 view .LVU277
 652:CANopen/301/CO_Emergency.c ****         infoCode = errorBit;
 857              		.loc 1 652 9 view .LVU278
 858              		.loc 1 652 18 is_stmt 0 view .LVU279
 859 001a 0392     		str	r2, [sp, #12]
 860              	.LVL97:
 650:CANopen/301/CO_Emergency.c ****         bitmask = 1U << (CO_EM_WRONG_ERROR_REPORT & 0x7U);
 861              		.loc 1 650 17 view .LVU280
 862 001c 0120     		movs	r0, #1
 649:CANopen/301/CO_Emergency.c ****         bitmask = 1U << (CO_EM_WRONG_ERROR_REPORT & 0x7U);
 863              		.loc 1 649 15 view .LVU281
 864 001e 4FF0050E 		mov	lr, #5
 651:CANopen/301/CO_Emergency.c ****         errorCode = CO_EMC_SOFTWARE_INTERNAL;
 865              		.loc 1 651 19 view .LVU282
 866 0022 4FF4C243 		mov	r3, #24832
 867              	.LVL98:
 868              	.L62:
 653:CANopen/301/CO_Emergency.c ****     }
 654:CANopen/301/CO_Emergency.c **** 
 655:CANopen/301/CO_Emergency.c ****     uint8_t* errorStatusBits = &em->errorStatusBits[index];
 869              		.loc 1 655 5 is_stmt 1 view .LVU283
 870              		.loc 1 655 52 is_stmt 0 view .LVU284
 871 0026 7546     		mov	r5, lr
 872              	.LVL99:
 656:CANopen/301/CO_Emergency.c ****     uint8_t errorStatusBitMasked = *errorStatusBits & bitmask;
ARM GAS  C:\Users\Lenovo\AppData\Local\Temp\ccs8sfwA.s 			page 50


 873              		.loc 1 656 5 is_stmt 1 view .LVU285
 874              		.loc 1 656 36 is_stmt 0 view .LVU286
 875 0028 1CF80EE0 		ldrb	lr, [ip, lr]	@ zero_extendqisi2
 876              	.LVL100:
 877              		.loc 1 656 13 view .LVU287
 878 002c 0EEA0004 		and	r4, lr, r0
 879              	.LVL101:
 657:CANopen/301/CO_Emergency.c **** 
 658:CANopen/301/CO_Emergency.c ****     /* If error is already set (or unset), return without further actions,
 659:CANopen/301/CO_Emergency.c ****      * otherwise toggle bit and continue with error indication. */
 660:CANopen/301/CO_Emergency.c ****     if (setError) {
 880              		.loc 1 660 5 is_stmt 1 view .LVU288
 881              		.loc 1 660 8 is_stmt 0 view .LVU289
 882 0030 69B3     		cbz	r1, .L63
 661:CANopen/301/CO_Emergency.c ****         if (errorStatusBitMasked != 0U) {
 883              		.loc 1 661 9 is_stmt 1 view .LVU290
 884              		.loc 1 661 12 is_stmt 0 view .LVU291
 885 0032 CCBB     		cbnz	r4, .L60
 886              	.LVL102:
 887              	.L64:
 662:CANopen/301/CO_Emergency.c ****             return;
 663:CANopen/301/CO_Emergency.c ****         }
 664:CANopen/301/CO_Emergency.c ****     } else {
 665:CANopen/301/CO_Emergency.c ****         if (errorStatusBitMasked == 0U) {
 666:CANopen/301/CO_Emergency.c ****             return;
 667:CANopen/301/CO_Emergency.c ****         }
 668:CANopen/301/CO_Emergency.c ****         errorCode = CO_EMC_NO_ERROR;
 669:CANopen/301/CO_Emergency.c ****     }
 670:CANopen/301/CO_Emergency.c **** 
 671:CANopen/301/CO_Emergency.c **** #if ((CO_CONFIG_EM) & (CO_CONFIG_EM_PRODUCER | CO_CONFIG_EM_HISTORY)) != 0
 672:CANopen/301/CO_Emergency.c ****     /* prepare emergency message. Error register will be added in post-process */
 673:CANopen/301/CO_Emergency.c ****     uint32_t errMsg = ((uint32_t)errorBit << 24) | CO_SWAP_16(errorCode);
 888              		.loc 1 673 5 is_stmt 1 view .LVU292
 889              		.loc 1 673 14 is_stmt 0 view .LVU293
 890 0034 43EA0263 		orr	r3, r3, r2, lsl #24
 891              	.LVL103:
 674:CANopen/301/CO_Emergency.c **** #if ((CO_CONFIG_EM)&CO_CONFIG_EM_PRODUCER) != 0
 675:CANopen/301/CO_Emergency.c ****     uint32_t infoCodeSwapped = CO_SWAP_32(infoCode);
 892              		.loc 1 675 5 is_stmt 1 view .LVU294
 676:CANopen/301/CO_Emergency.c **** #endif
 677:CANopen/301/CO_Emergency.c **** #endif
 678:CANopen/301/CO_Emergency.c **** 
 679:CANopen/301/CO_Emergency.c ****     /* safely write data, and increment pointers */
 680:CANopen/301/CO_Emergency.c ****     CO_LOCK_EMCY(em->CANdevTx);
 893              		.loc 1 680 31 view .LVU295
 681:CANopen/301/CO_Emergency.c ****     if (setError) {
 894              		.loc 1 681 5 view .LVU296
 895              		.loc 1 681 8 is_stmt 0 view .LVU297
 896 0038 61B3     		cbz	r1, .L65
 682:CANopen/301/CO_Emergency.c ****         *errorStatusBits |= bitmask;
 897              		.loc 1 682 9 is_stmt 1 view .LVU298
 898              		.loc 1 682 26 is_stmt 0 view .LVU299
 899 003a 4EEA000E 		orr	lr, lr, r0
 900 003e 0CF805E0 		strb	lr, [ip, r5]
 901              	.LVL104:
 902              	.L66:
 683:CANopen/301/CO_Emergency.c ****     } else {
ARM GAS  C:\Users\Lenovo\AppData\Local\Temp\ccs8sfwA.s 			page 51


 684:CANopen/301/CO_Emergency.c ****         *errorStatusBits &= ~bitmask;
 685:CANopen/301/CO_Emergency.c ****     }
 686:CANopen/301/CO_Emergency.c **** 
 687:CANopen/301/CO_Emergency.c **** #if ((CO_CONFIG_EM) & (CO_CONFIG_EM_PRODUCER | CO_CONFIG_EM_HISTORY)) != 0
 688:CANopen/301/CO_Emergency.c ****     if (em->fifoSize >= 2U) {
 903              		.loc 1 688 5 is_stmt 1 view .LVU300
 904              		.loc 1 688 11 is_stmt 0 view .LVU301
 905 0042 9CF81C10 		ldrb	r1, [ip, #28]	@ zero_extendqisi2
 906              	.LVL105:
 907              		.loc 1 688 8 view .LVU302
 908 0046 0129     		cmp	r1, #1
 909 0048 2ED9     		bls	.L60
 910              	.LBB44:
 689:CANopen/301/CO_Emergency.c ****         uint8_t fifoWrPtr = em->fifoWrPtr;
 911              		.loc 1 689 9 is_stmt 1 view .LVU303
 912              		.loc 1 689 17 is_stmt 0 view .LVU304
 913 004a 9CF81D00 		ldrb	r0, [ip, #29]	@ zero_extendqisi2
 914              	.LVL106:
 690:CANopen/301/CO_Emergency.c ****         uint8_t fifoWrPtrNext = fifoWrPtr + 1U;
 915              		.loc 1 690 9 is_stmt 1 view .LVU305
 916              		.loc 1 690 17 is_stmt 0 view .LVU306
 917 004e 421C     		adds	r2, r0, #1
 918              	.LVL107:
 919              		.loc 1 690 17 view .LVU307
 920 0050 D2B2     		uxtb	r2, r2
 921              	.LVL108:
 691:CANopen/301/CO_Emergency.c ****         if (fifoWrPtrNext >= em->fifoSize) {
 922              		.loc 1 691 9 is_stmt 1 view .LVU308
 923              		.loc 1 691 12 is_stmt 0 view .LVU309
 924 0052 9142     		cmp	r1, r2
 925 0054 00D8     		bhi	.L67
 692:CANopen/301/CO_Emergency.c ****             fifoWrPtrNext = 0;
 926              		.loc 1 692 27 view .LVU310
 927 0056 0022     		movs	r2, #0
 928              	.LVL109:
 929              	.L67:
 693:CANopen/301/CO_Emergency.c ****         }
 694:CANopen/301/CO_Emergency.c **** 
 695:CANopen/301/CO_Emergency.c ****         if (fifoWrPtrNext == em->fifoPpPtr) {
 930              		.loc 1 695 9 is_stmt 1 view .LVU311
 931              		.loc 1 695 32 is_stmt 0 view .LVU312
 932 0058 9CF81E10 		ldrb	r1, [ip, #30]	@ zero_extendqisi2
 933              		.loc 1 695 12 view .LVU313
 934 005c 9142     		cmp	r1, r2
 935 005e 20D0     		beq	.L74
 696:CANopen/301/CO_Emergency.c ****             em->fifoOverflow = 1;
 697:CANopen/301/CO_Emergency.c ****         } else {
 698:CANopen/301/CO_Emergency.c ****             em->fifo[fifoWrPtr].msg = errMsg;
 936              		.loc 1 698 13 is_stmt 1 view .LVU314
 937              		.loc 1 698 15 is_stmt 0 view .LVU315
 938 0060 DCF81810 		ldr	r1, [ip, #24]
 939              		.loc 1 698 37 view .LVU316
 940 0064 41F83030 		str	r3, [r1, r0, lsl #3]
 699:CANopen/301/CO_Emergency.c **** #if ((CO_CONFIG_EM)&CO_CONFIG_EM_PRODUCER) != 0
 700:CANopen/301/CO_Emergency.c ****             em->fifo[fifoWrPtr].info = infoCodeSwapped;
 941              		.loc 1 700 13 is_stmt 1 view .LVU317
 942              		.loc 1 700 15 is_stmt 0 view .LVU318
ARM GAS  C:\Users\Lenovo\AppData\Local\Temp\ccs8sfwA.s 			page 52


 943 0068 DCF81830 		ldr	r3, [ip, #24]
 944              	.LVL110:
 945              		.loc 1 700 21 view .LVU319
 946 006c 03EBC003 		add	r3, r3, r0, lsl #3
 947              		.loc 1 700 38 view .LVU320
 948 0070 0399     		ldr	r1, [sp, #12]
 949              	.LVL111:
 950              		.loc 1 700 38 view .LVU321
 951 0072 5960     		str	r1, [r3, #4]
 701:CANopen/301/CO_Emergency.c **** #endif
 702:CANopen/301/CO_Emergency.c ****             em->fifoWrPtr = fifoWrPtrNext;
 952              		.loc 1 702 13 is_stmt 1 view .LVU322
 953              		.loc 1 702 27 is_stmt 0 view .LVU323
 954 0074 8CF81D20 		strb	r2, [ip, #29]
 703:CANopen/301/CO_Emergency.c ****             if (em->fifoCount < (em->fifoSize - 1U)) {
 955              		.loc 1 703 13 is_stmt 1 view .LVU324
 956              		.loc 1 703 19 is_stmt 0 view .LVU325
 957 0078 9CF82020 		ldrb	r2, [ip, #32]	@ zero_extendqisi2
 958              	.LVL112:
 959              		.loc 1 703 36 view .LVU326
 960 007c 9CF81C30 		ldrb	r3, [ip, #28]	@ zero_extendqisi2
 961              		.loc 1 703 47 view .LVU327
 962 0080 013B     		subs	r3, r3, #1
 963              		.loc 1 703 16 view .LVU328
 964 0082 9A42     		cmp	r2, r3
 965 0084 10D2     		bcs	.L60
 704:CANopen/301/CO_Emergency.c ****                 em->fifoCount++;
 966              		.loc 1 704 17 is_stmt 1 view .LVU329
 967              		.loc 1 704 30 is_stmt 0 view .LVU330
 968 0086 0132     		adds	r2, r2, #1
 969 0088 8CF82020 		strb	r2, [ip, #32]
 970              	.LBE44:
 705:CANopen/301/CO_Emergency.c ****             }
 706:CANopen/301/CO_Emergency.c ****         }
 707:CANopen/301/CO_Emergency.c ****     }
 708:CANopen/301/CO_Emergency.c **** #endif /* (CO_CONFIG_EM) & (CO_CONFIG_EM_PRODUCER | CO_CONFIG_EM_HISTORY) */
 709:CANopen/301/CO_Emergency.c **** 
 710:CANopen/301/CO_Emergency.c ****     CO_UNLOCK_EMCY(em->CANdevTx);
 971              		.loc 1 710 33 is_stmt 1 view .LVU331
 972 008c 0CE0     		b	.L60
 973              	.LVL113:
 974              	.L63:
 665:CANopen/301/CO_Emergency.c ****             return;
 975              		.loc 1 665 9 view .LVU332
 665:CANopen/301/CO_Emergency.c ****             return;
 976              		.loc 1 665 12 is_stmt 0 view .LVU333
 977 008e 5CB1     		cbz	r4, .L60
 668:CANopen/301/CO_Emergency.c ****     }
 978              		.loc 1 668 19 view .LVU334
 979 0090 0023     		movs	r3, #0
 980              	.LVL114:
 668:CANopen/301/CO_Emergency.c ****     }
 981              		.loc 1 668 19 view .LVU335
 982 0092 CFE7     		b	.L64
 983              	.LVL115:
 984              	.L65:
 684:CANopen/301/CO_Emergency.c ****     }
ARM GAS  C:\Users\Lenovo\AppData\Local\Temp\ccs8sfwA.s 			page 53


 985              		.loc 1 684 9 is_stmt 1 view .LVU336
 684:CANopen/301/CO_Emergency.c ****     }
 986              		.loc 1 684 26 is_stmt 0 view .LVU337
 987 0094 C043     		mvns	r0, r0
 988              	.LVL116:
 684:CANopen/301/CO_Emergency.c ****     }
 989              		.loc 1 684 26 view .LVU338
 990 0096 40B2     		sxtb	r0, r0
 991              	.LVL117:
 684:CANopen/301/CO_Emergency.c ****     }
 992              		.loc 1 684 26 view .LVU339
 993 0098 0EEA000E 		and	lr, lr, r0
 994 009c 0CF805E0 		strb	lr, [ip, r5]
 995 00a0 CFE7     		b	.L66
 996              	.LVL118:
 997              	.L74:
 998              	.LBB45:
 696:CANopen/301/CO_Emergency.c ****         } else {
 999              		.loc 1 696 13 is_stmt 1 view .LVU340
 696:CANopen/301/CO_Emergency.c ****         } else {
 1000              		.loc 1 696 30 is_stmt 0 view .LVU341
 1001 00a2 0123     		movs	r3, #1
 1002              	.LVL119:
 696:CANopen/301/CO_Emergency.c ****         } else {
 1003              		.loc 1 696 30 view .LVU342
 1004 00a4 8CF81F30 		strb	r3, [ip, #31]
 1005              	.LVL120:
 1006              	.L60:
 696:CANopen/301/CO_Emergency.c ****         } else {
 1007              		.loc 1 696 30 view .LVU343
 1008              	.LBE45:
 711:CANopen/301/CO_Emergency.c **** 
 712:CANopen/301/CO_Emergency.c **** #if ((CO_CONFIG_EM)&CO_CONFIG_FLAG_CALLBACK_PRE) != 0
 713:CANopen/301/CO_Emergency.c **** #if ((CO_CONFIG_EM)&CO_CONFIG_EM_PRODUCER) != 0
 714:CANopen/301/CO_Emergency.c ****     /* Optional signal to RTOS, which can resume task, which handles CO_EM_process */
 715:CANopen/301/CO_Emergency.c ****     if ((em->pFunctSignalPre != NULL) && em->producerEnabled) {
 716:CANopen/301/CO_Emergency.c ****         em->pFunctSignalPre(em->functSignalObjectPre);
 717:CANopen/301/CO_Emergency.c ****     }
 718:CANopen/301/CO_Emergency.c **** #endif
 719:CANopen/301/CO_Emergency.c **** #endif
 720:CANopen/301/CO_Emergency.c **** }
 1009              		.loc 1 720 1 view .LVU344
 1010 00a8 30BD     		pop	{r4, r5, pc}
 1011              	.LVL121:
 1012              	.L71:
 1013              	.LCFI8:
 1014              		.cfi_def_cfa_offset 0
 1015              		.cfi_restore 4
 1016              		.cfi_restore 5
 1017              		.cfi_restore 14
 1018              		.loc 1 720 1 view .LVU345
 1019 00aa 7047     		bx	lr
 1020              		.cfi_endproc
 1021              	.LFE39:
 1023              		.section	.text.CO_EM_process,"ax",%progbits
 1024              		.align	1
 1025              		.global	CO_EM_process
ARM GAS  C:\Users\Lenovo\AppData\Local\Temp\ccs8sfwA.s 			page 54


 1026              		.syntax unified
 1027              		.thumb
 1028              		.thumb_func
 1030              	CO_EM_process:
 1031              	.LVL122:
 1032              	.LFB38:
 487:CANopen/301/CO_Emergency.c ****     (void)timerNext_us; /* may be unused */
 1033              		.loc 1 487 110 is_stmt 1 view -0
 1034              		.cfi_startproc
 1035              		@ args = 0, pretend = 0, frame = 0
 1036              		@ frame_needed = 0, uses_anonymous_args = 0
 487:CANopen/301/CO_Emergency.c ****     (void)timerNext_us; /* may be unused */
 1037              		.loc 1 487 110 is_stmt 0 view .LVU347
 1038 0000 F0B5     		push	{r4, r5, r6, r7, lr}
 1039              	.LCFI9:
 1040              		.cfi_def_cfa_offset 20
 1041              		.cfi_offset 4, -20
 1042              		.cfi_offset 5, -16
 1043              		.cfi_offset 6, -12
 1044              		.cfi_offset 7, -8
 1045              		.cfi_offset 14, -4
 1046 0002 83B0     		sub	sp, sp, #12
 1047              	.LCFI10:
 1048              		.cfi_def_cfa_offset 32
 1049 0004 0446     		mov	r4, r0
 1050 0006 0F46     		mov	r7, r1
 488:CANopen/301/CO_Emergency.c **** 
 1051              		.loc 1 488 5 is_stmt 1 view .LVU348
 491:CANopen/301/CO_Emergency.c **** #endif
 1052              		.loc 1 491 5 view .LVU349
 495:CANopen/301/CO_Emergency.c ****     if (CANerrSt != em->CANerrorStatusOld) {
 1053              		.loc 1 495 5 view .LVU350
 495:CANopen/301/CO_Emergency.c ****     if (CANerrSt != em->CANerrorStatusOld) {
 1054              		.loc 1 495 27 is_stmt 0 view .LVU351
 1055 0008 4369     		ldr	r3, [r0, #20]
 1056              	.LVL123:
 495:CANopen/301/CO_Emergency.c ****     if (CANerrSt != em->CANerrorStatusOld) {
 1057              		.loc 1 495 14 view .LVU352
 1058 000a 5E8A     		ldrh	r6, [r3, #18]
 1059              	.LVL124:
 496:CANopen/301/CO_Emergency.c ****         uint16_t CANerrStChanged = CANerrSt ^ em->CANerrorStatusOld;
 1060              		.loc 1 496 5 is_stmt 1 view .LVU353
 496:CANopen/301/CO_Emergency.c ****         uint16_t CANerrStChanged = CANerrSt ^ em->CANerrorStatusOld;
 1061              		.loc 1 496 23 is_stmt 0 view .LVU354
 1062 000c 058A     		ldrh	r5, [r0, #16]
 496:CANopen/301/CO_Emergency.c ****         uint16_t CANerrStChanged = CANerrSt ^ em->CANerrorStatusOld;
 1063              		.loc 1 496 8 view .LVU355
 1064 000e B542     		cmp	r5, r6
 1065 0010 17D0     		beq	.L76
 1066              	.LBB46:
 497:CANopen/301/CO_Emergency.c ****         em->CANerrorStatusOld = CANerrSt;
 1067              		.loc 1 497 9 is_stmt 1 view .LVU356
 497:CANopen/301/CO_Emergency.c ****         em->CANerrorStatusOld = CANerrSt;
 1068              		.loc 1 497 18 is_stmt 0 view .LVU357
 1069 0012 7540     		eors	r5, r5, r6
 1070              	.LVL125:
 498:CANopen/301/CO_Emergency.c **** 
ARM GAS  C:\Users\Lenovo\AppData\Local\Temp\ccs8sfwA.s 			page 55


 1071              		.loc 1 498 9 is_stmt 1 view .LVU358
 498:CANopen/301/CO_Emergency.c **** 
 1072              		.loc 1 498 31 is_stmt 0 view .LVU359
 1073 0014 0682     		strh	r6, [r0, #16]	@ movhi
 500:CANopen/301/CO_Emergency.c ****             CO_error(em, (CANerrSt & (CO_CAN_ERRTX_WARNING | CO_CAN_ERRRX_WARNING)) != 0U, CO_EM_CA
 1074              		.loc 1 500 9 is_stmt 1 view .LVU360
 500:CANopen/301/CO_Emergency.c ****             CO_error(em, (CANerrSt & (CO_CAN_ERRTX_WARNING | CO_CAN_ERRRX_WARNING)) != 0U, CO_EM_CA
 1075              		.loc 1 500 12 is_stmt 0 view .LVU361
 1076 0016 40F20113 		movw	r3, #257
 1077 001a 1D42     		tst	r5, r3
 1078 001c 2BD1     		bne	.L92
 1079              	.LVL126:
 1080              	.L77:
 504:CANopen/301/CO_Emergency.c ****             CO_error(em, (CANerrSt & CO_CAN_ERRTX_PASSIVE) != 0U, CO_EM_CAN_TX_BUS_PASSIVE, CO_EMC_
 1081              		.loc 1 504 9 is_stmt 1 view .LVU362
 504:CANopen/301/CO_Emergency.c ****             CO_error(em, (CANerrSt & CO_CAN_ERRTX_PASSIVE) != 0U, CO_EM_CAN_TX_BUS_PASSIVE, CO_EMC_
 1082              		.loc 1 504 12 is_stmt 0 view .LVU363
 1083 001e 15F0020F 		tst	r5, #2
 1084 0022 34D1     		bne	.L93
 1085              	.L78:
 507:CANopen/301/CO_Emergency.c ****             CO_error(em, (CANerrSt & CO_CAN_ERRTX_BUS_OFF) != 0U, CO_EM_CAN_TX_BUS_OFF, CO_EMC_BUS_
 1086              		.loc 1 507 9 is_stmt 1 view .LVU364
 507:CANopen/301/CO_Emergency.c ****             CO_error(em, (CANerrSt & CO_CAN_ERRTX_BUS_OFF) != 0U, CO_EM_CAN_TX_BUS_OFF, CO_EMC_BUS_
 1087              		.loc 1 507 12 is_stmt 0 view .LVU365
 1088 0024 15F0040F 		tst	r5, #4
 1089 0028 3CD1     		bne	.L94
 1090              	.L79:
 510:CANopen/301/CO_Emergency.c ****             CO_error(em, (CANerrSt & CO_CAN_ERRTX_OVERFLOW) != 0U, CO_EM_CAN_TX_OVERFLOW, CO_EMC_CA
 1091              		.loc 1 510 9 is_stmt 1 view .LVU366
 510:CANopen/301/CO_Emergency.c ****             CO_error(em, (CANerrSt & CO_CAN_ERRTX_OVERFLOW) != 0U, CO_EM_CAN_TX_OVERFLOW, CO_EMC_CA
 1092              		.loc 1 510 12 is_stmt 0 view .LVU367
 1093 002a 15F0080F 		tst	r5, #8
 1094 002e 44D1     		bne	.L95
 1095              	.L80:
 513:CANopen/301/CO_Emergency.c ****             CO_error(em, (CANerrSt & CO_CAN_ERRTX_PDO_LATE) != 0U, CO_EM_TPDO_OUTSIDE_WINDOW, CO_EM
 1096              		.loc 1 513 9 is_stmt 1 view .LVU368
 513:CANopen/301/CO_Emergency.c ****             CO_error(em, (CANerrSt & CO_CAN_ERRTX_PDO_LATE) != 0U, CO_EM_TPDO_OUTSIDE_WINDOW, CO_EM
 1097              		.loc 1 513 12 is_stmt 0 view .LVU369
 1098 0030 15F0800F 		tst	r5, #128
 1099 0034 4CD1     		bne	.L96
 1100              	.L81:
 516:CANopen/301/CO_Emergency.c ****             CO_error(em, (CANerrSt & CO_CAN_ERRRX_PASSIVE) != 0U, CO_EM_CAN_RX_BUS_PASSIVE, CO_EMC_
 1101              		.loc 1 516 9 is_stmt 1 view .LVU370
 516:CANopen/301/CO_Emergency.c ****             CO_error(em, (CANerrSt & CO_CAN_ERRRX_PASSIVE) != 0U, CO_EM_CAN_RX_BUS_PASSIVE, CO_EMC_
 1102              		.loc 1 516 12 is_stmt 0 view .LVU371
 1103 0036 15F4007F 		tst	r5, #512
 1104 003a 54D1     		bne	.L97
 1105              	.L82:
 519:CANopen/301/CO_Emergency.c ****             CO_error(em, (CANerrSt & CO_CAN_ERRRX_OVERFLOW) != 0U, CO_EM_CAN_RXB_OVERFLOW, CO_EMC_C
 1106              		.loc 1 519 9 is_stmt 1 view .LVU372
 519:CANopen/301/CO_Emergency.c ****             CO_error(em, (CANerrSt & CO_CAN_ERRRX_OVERFLOW) != 0U, CO_EM_CAN_RXB_OVERFLOW, CO_EMC_C
 1107              		.loc 1 519 12 is_stmt 0 view .LVU373
 1108 003c 15F4006F 		tst	r5, #2048
 1109 0040 5CD1     		bne	.L98
 1110              	.LVL127:
 1111              	.L76:
 519:CANopen/301/CO_Emergency.c ****             CO_error(em, (CANerrSt & CO_CAN_ERRRX_OVERFLOW) != 0U, CO_EM_CAN_RXB_OVERFLOW, CO_EMC_C
ARM GAS  C:\Users\Lenovo\AppData\Local\Temp\ccs8sfwA.s 			page 56


 1112              		.loc 1 519 12 view .LVU374
 1113              	.LBE46:
 525:CANopen/301/CO_Emergency.c ****     if (CO_CONFIG_ERR_CONDITION_GENERIC) {
 1114              		.loc 1 525 5 is_stmt 1 view .LVU375
 526:CANopen/301/CO_Emergency.c ****         errorRegister |= (uint8_t)CO_ERR_REG_GENERIC_ERR;
 1115              		.loc 1 526 5 view .LVU376
 526:CANopen/301/CO_Emergency.c ****         errorRegister |= (uint8_t)CO_ERR_REG_GENERIC_ERR;
 1116              		.loc 1 526 9 is_stmt 0 view .LVU377
 1117 0042 6379     		ldrb	r3, [r4, #5]	@ zero_extendqisi2
 526:CANopen/301/CO_Emergency.c ****         errorRegister |= (uint8_t)CO_ERR_REG_GENERIC_ERR;
 1118              		.loc 1 526 8 view .LVU378
 1119 0044 03B1     		cbz	r3, .L83
 527:CANopen/301/CO_Emergency.c ****     }
 1120              		.loc 1 527 23 view .LVU379
 1121 0046 0123     		movs	r3, #1
 1122              	.L83:
 1123              	.LVL128:
 544:CANopen/301/CO_Emergency.c ****         errorRegister |= (uint8_t)CO_ERR_REG_COMMUNICATION;
 1124              		.loc 1 544 5 is_stmt 1 view .LVU380
 544:CANopen/301/CO_Emergency.c ****         errorRegister |= (uint8_t)CO_ERR_REG_COMMUNICATION;
 1125              		.loc 1 544 9 is_stmt 0 view .LVU381
 1126 0048 6288     		ldrh	r2, [r4, #2]
 544:CANopen/301/CO_Emergency.c ****         errorRegister |= (uint8_t)CO_ERR_REG_COMMUNICATION;
 1127              		.loc 1 544 8 view .LVU382
 1128 004a 0AB1     		cbz	r2, .L84
 545:CANopen/301/CO_Emergency.c ****     }
 1129              		.loc 1 545 9 is_stmt 1 view .LVU383
 545:CANopen/301/CO_Emergency.c ****     }
 1130              		.loc 1 545 23 is_stmt 0 view .LVU384
 1131 004c 43F01003 		orr	r3, r3, #16
 1132              	.LVL129:
 1133              	.L84:
 552:CANopen/301/CO_Emergency.c ****         errorRegister |= (uint8_t)CO_ERR_REG_MANUFACTURER;
 1134              		.loc 1 552 5 is_stmt 1 view .LVU385
 552:CANopen/301/CO_Emergency.c ****         errorRegister |= (uint8_t)CO_ERR_REG_MANUFACTURER;
 1135              		.loc 1 552 9 is_stmt 0 view .LVU386
 1136 0050 2289     		ldrh	r2, [r4, #8]
 552:CANopen/301/CO_Emergency.c ****         errorRegister |= (uint8_t)CO_ERR_REG_MANUFACTURER;
 1137              		.loc 1 552 8 view .LVU387
 1138 0052 0AB1     		cbz	r2, .L85
 553:CANopen/301/CO_Emergency.c ****     }
 1139              		.loc 1 553 9 is_stmt 1 view .LVU388
 553:CANopen/301/CO_Emergency.c ****     }
 1140              		.loc 1 553 23 is_stmt 0 view .LVU389
 1141 0054 43F08003 		orr	r3, r3, #128
 1142              	.LVL130:
 1143              	.L85:
 555:CANopen/301/CO_Emergency.c **** 
 1144              		.loc 1 555 5 is_stmt 1 view .LVU390
 555:CANopen/301/CO_Emergency.c **** 
 1145              		.loc 1 555 8 is_stmt 0 view .LVU391
 1146 0058 E268     		ldr	r2, [r4, #12]
 555:CANopen/301/CO_Emergency.c **** 
 1147              		.loc 1 555 24 view .LVU392
 1148 005a 1370     		strb	r3, [r2]
 557:CANopen/301/CO_Emergency.c ****         return;
 1149              		.loc 1 557 5 is_stmt 1 view .LVU393
ARM GAS  C:\Users\Lenovo\AppData\Local\Temp\ccs8sfwA.s 			page 57


 557:CANopen/301/CO_Emergency.c ****         return;
 1150              		.loc 1 557 8 is_stmt 0 view .LVU394
 1151 005c 4FB1     		cbz	r7, .L75
 563:CANopen/301/CO_Emergency.c ****         uint8_t fifoPpPtr = em->fifoPpPtr;
 1152              		.loc 1 563 5 is_stmt 1 view .LVU395
 563:CANopen/301/CO_Emergency.c ****         uint8_t fifoPpPtr = em->fifoPpPtr;
 1153              		.loc 1 563 11 is_stmt 0 view .LVU396
 1154 005e 227F     		ldrb	r2, [r4, #28]	@ zero_extendqisi2
 563:CANopen/301/CO_Emergency.c ****         uint8_t fifoPpPtr = em->fifoPpPtr;
 1155              		.loc 1 563 8 view .LVU397
 1156 0060 012A     		cmp	r2, #1
 1157 0062 06D9     		bls	.L75
 1158              	.LBB47:
 564:CANopen/301/CO_Emergency.c **** 
 1159              		.loc 1 564 9 is_stmt 1 view .LVU398
 564:CANopen/301/CO_Emergency.c **** 
 1160              		.loc 1 564 17 is_stmt 0 view .LVU399
 1161 0064 A57F     		ldrb	r5, [r4, #30]	@ zero_extendqisi2
 1162              	.LVL131:
 575:CANopen/301/CO_Emergency.c **** #endif
 1163              		.loc 1 575 9 is_stmt 1 view .LVU400
 575:CANopen/301/CO_Emergency.c **** #endif
 1164              		.loc 1 575 17 is_stmt 0 view .LVU401
 1165 0066 E26A     		ldr	r2, [r4, #44]
 575:CANopen/301/CO_Emergency.c **** #endif
 1166              		.loc 1 575 28 view .LVU402
 1167 0068 1269     		ldr	r2, [r2, #16]
 575:CANopen/301/CO_Emergency.c **** #endif
 1168              		.loc 1 575 12 view .LVU403
 1169 006a 12B9     		cbnz	r2, .L75
 575:CANopen/301/CO_Emergency.c **** #endif
 1170              		.loc 1 575 61 discriminator 1 view .LVU404
 1171 006c 627F     		ldrb	r2, [r4, #29]	@ zero_extendqisi2
 575:CANopen/301/CO_Emergency.c **** #endif
 1172              		.loc 1 575 42 discriminator 1 view .LVU405
 1173 006e AA42     		cmp	r2, r5
 1174 0070 4FD1     		bne	.L99
 1175              	.LVL132:
 1176              	.L75:
 575:CANopen/301/CO_Emergency.c **** #endif
 1177              		.loc 1 575 42 discriminator 1 view .LVU406
 1178              	.LBE47:
 636:CANopen/301/CO_Emergency.c **** 
 1179              		.loc 1 636 1 view .LVU407
 1180 0072 03B0     		add	sp, sp, #12
 1181              	.LCFI11:
 1182              		.cfi_remember_state
 1183              		.cfi_def_cfa_offset 20
 1184              		@ sp needed
 1185 0074 F0BD     		pop	{r4, r5, r6, r7, pc}
 1186              	.LVL133:
 1187              	.L92:
 1188              	.LCFI12:
 1189              		.cfi_restore_state
 1190              	.LBB48:
 501:CANopen/301/CO_Emergency.c ****                      CO_EMC_NO_ERROR, 0);
 1191              		.loc 1 501 13 is_stmt 1 view .LVU408
ARM GAS  C:\Users\Lenovo\AppData\Local\Temp\ccs8sfwA.s 			page 58


 1192 0076 0023     		movs	r3, #0
 1193 0078 0093     		str	r3, [sp]
 1194 007a 0122     		movs	r2, #1
 1195              	.LVL134:
 501:CANopen/301/CO_Emergency.c ****                      CO_EMC_NO_ERROR, 0);
 1196              		.loc 1 501 13 is_stmt 0 view .LVU409
 1197 007c 40F20111 		movw	r1, #257
 1198              	.LVL135:
 501:CANopen/301/CO_Emergency.c ****                      CO_EMC_NO_ERROR, 0);
 1199              		.loc 1 501 13 view .LVU410
 1200 0080 3140     		ands	r1, r1, r6
 1201 0082 C91A     		subs	r1, r1, r3
 1202 0084 18BF     		it	ne
 1203 0086 0121     		movne	r1, #1
 1204 0088 FFF7FEFF 		bl	CO_error
 1205              	.LVL136:
 501:CANopen/301/CO_Emergency.c ****                      CO_EMC_NO_ERROR, 0);
 1206              		.loc 1 501 13 view .LVU411
 1207 008c C7E7     		b	.L77
 1208              	.L93:
 505:CANopen/301/CO_Emergency.c ****         }
 1209              		.loc 1 505 13 is_stmt 1 view .LVU412
 1210 008e 0023     		movs	r3, #0
 1211 0090 0093     		str	r3, [sp]
 1212 0092 48F22013 		movw	r3, #33056
 1213 0096 0722     		movs	r2, #7
 1214 0098 C6F34001 		ubfx	r1, r6, #1, #1
 1215 009c 2046     		mov	r0, r4
 1216 009e FFF7FEFF 		bl	CO_error
 1217              	.LVL137:
 1218 00a2 BFE7     		b	.L78
 1219              	.L94:
 508:CANopen/301/CO_Emergency.c ****         }
 1220              		.loc 1 508 13 view .LVU413
 1221 00a4 0023     		movs	r3, #0
 1222 00a6 0093     		str	r3, [sp]
 1223 00a8 48F24013 		movw	r3, #33088
 1224 00ac 1222     		movs	r2, #18
 1225 00ae C6F38001 		ubfx	r1, r6, #2, #1
 1226 00b2 2046     		mov	r0, r4
 1227 00b4 FFF7FEFF 		bl	CO_error
 1228              	.LVL138:
 1229 00b8 B7E7     		b	.L79
 1230              	.L95:
 511:CANopen/301/CO_Emergency.c ****         }
 1231              		.loc 1 511 13 view .LVU414
 1232 00ba 0023     		movs	r3, #0
 1233 00bc 0093     		str	r3, [sp]
 1234 00be 48F21013 		movw	r3, #33040
 1235 00c2 1422     		movs	r2, #20
 1236 00c4 C6F3C001 		ubfx	r1, r6, #3, #1
 1237 00c8 2046     		mov	r0, r4
 1238 00ca FFF7FEFF 		bl	CO_error
 1239              	.LVL139:
 1240 00ce AFE7     		b	.L80
 1241              	.L96:
 514:CANopen/301/CO_Emergency.c ****         }
ARM GAS  C:\Users\Lenovo\AppData\Local\Temp\ccs8sfwA.s 			page 59


 1242              		.loc 1 514 13 view .LVU415
 1243 00d0 0023     		movs	r3, #0
 1244 00d2 0093     		str	r3, [sp]
 1245 00d4 4FF40143 		mov	r3, #33024
 1246 00d8 1522     		movs	r2, #21
 1247 00da C6F3C011 		ubfx	r1, r6, #7, #1
 1248 00de 2046     		mov	r0, r4
 1249 00e0 FFF7FEFF 		bl	CO_error
 1250              	.LVL140:
 1251 00e4 A7E7     		b	.L81
 1252              	.L97:
 517:CANopen/301/CO_Emergency.c ****         }
 1253              		.loc 1 517 13 view .LVU416
 1254 00e6 0023     		movs	r3, #0
 1255 00e8 0093     		str	r3, [sp]
 1256 00ea 48F22013 		movw	r3, #33056
 1257 00ee 0622     		movs	r2, #6
 1258 00f0 C6F34021 		ubfx	r1, r6, #9, #1
 1259 00f4 2046     		mov	r0, r4
 1260 00f6 FFF7FEFF 		bl	CO_error
 1261              	.LVL141:
 1262 00fa 9FE7     		b	.L82
 1263              	.L98:
 520:CANopen/301/CO_Emergency.c ****         }
 1264              		.loc 1 520 13 view .LVU417
 1265 00fc 0023     		movs	r3, #0
 1266 00fe 0093     		str	r3, [sp]
 1267 0100 48F21013 		movw	r3, #33040
 1268 0104 1322     		movs	r2, #19
 1269 0106 C6F3C021 		ubfx	r1, r6, #11, #1
 1270 010a 2046     		mov	r0, r4
 1271 010c FFF7FEFF 		bl	CO_error
 1272              	.LVL142:
 1273 0110 97E7     		b	.L76
 1274              	.LVL143:
 1275              	.L99:
 520:CANopen/301/CO_Emergency.c ****         }
 1276              		.loc 1 520 13 is_stmt 0 view .LVU418
 1277              	.LBE48:
 1278              	.LBB49:
 578:CANopen/301/CO_Emergency.c **** 
 1279              		.loc 1 578 13 is_stmt 1 view .LVU419
 578:CANopen/301/CO_Emergency.c **** 
 1280              		.loc 1 578 15 is_stmt 0 view .LVU420
 1281 0112 A169     		ldr	r1, [r4, #24]
 578:CANopen/301/CO_Emergency.c **** 
 1282              		.loc 1 578 32 view .LVU421
 1283 0114 51F83520 		ldr	r2, [r1, r5, lsl #3]
 578:CANopen/301/CO_Emergency.c **** 
 1284              		.loc 1 578 37 view .LVU422
 1285 0118 42EA0342 		orr	r2, r2, r3, lsl #16
 1286 011c 41F83520 		str	r2, [r1, r5, lsl #3]
 581:CANopen/301/CO_Emergency.c ****             (void)CO_CANsend(em->CANdevTx, em->CANtxBuff);
 1287              		.loc 1 581 13 is_stmt 1 view .LVU423
 581:CANopen/301/CO_Emergency.c ****             (void)CO_CANsend(em->CANdevTx, em->CANtxBuff);
 1288              		.loc 1 581 35 is_stmt 0 view .LVU424
 1289 0120 E36A     		ldr	r3, [r4, #44]
ARM GAS  C:\Users\Lenovo\AppData\Local\Temp\ccs8sfwA.s 			page 60


 1290              	.LVL144:
 581:CANopen/301/CO_Emergency.c ****             (void)CO_CANsend(em->CANdevTx, em->CANtxBuff);
 1291              		.loc 1 581 64 view .LVU425
 1292 0122 A269     		ldr	r2, [r4, #24]
 581:CANopen/301/CO_Emergency.c ****             (void)CO_CANsend(em->CANdevTx, em->CANtxBuff);
 1293              		.loc 1 581 70 view .LVU426
 1294 0124 02EBC500 		add	r0, r2, r5, lsl #3
 581:CANopen/301/CO_Emergency.c ****             (void)CO_CANsend(em->CANdevTx, em->CANtxBuff);
 1295              		.loc 1 581 19 view .LVU427
 1296 0128 52F83510 		ldr	r1, [r2, r5, lsl #3]	@ unaligned
 1297 012c 4268     		ldr	r2, [r0, #4]	@ unaligned
 1298 012e C3F80510 		str	r1, [r3, #5]	@ unaligned
 1299 0132 C3F80920 		str	r2, [r3, #9]	@ unaligned
 582:CANopen/301/CO_Emergency.c **** 
 1300              		.loc 1 582 13 is_stmt 1 view .LVU428
 582:CANopen/301/CO_Emergency.c **** 
 1301              		.loc 1 582 19 is_stmt 0 view .LVU429
 1302 0136 E16A     		ldr	r1, [r4, #44]
 1303 0138 6069     		ldr	r0, [r4, #20]
 1304 013a FFF7FEFF 		bl	CO_CANsend
 1305              	.LVL145:
 594:CANopen/301/CO_Emergency.c ****             em->fifoPpPtr = (fifoPpPtr < em->fifoSize) ? fifoPpPtr : 0U;
 1306              		.loc 1 594 13 is_stmt 1 view .LVU430
 594:CANopen/301/CO_Emergency.c ****             em->fifoPpPtr = (fifoPpPtr < em->fifoSize) ? fifoPpPtr : 0U;
 1307              		.loc 1 594 22 is_stmt 0 view .LVU431
 1308 013e 0135     		adds	r5, r5, #1
 1309              	.LVL146:
 594:CANopen/301/CO_Emergency.c ****             em->fifoPpPtr = (fifoPpPtr < em->fifoSize) ? fifoPpPtr : 0U;
 1310              		.loc 1 594 22 view .LVU432
 1311 0140 EDB2     		uxtb	r5, r5
 1312              	.LVL147:
 595:CANopen/301/CO_Emergency.c **** 
 1313              		.loc 1 595 13 is_stmt 1 view .LVU433
 595:CANopen/301/CO_Emergency.c **** 
 1314              		.loc 1 595 44 is_stmt 0 view .LVU434
 1315 0142 237F     		ldrb	r3, [r4, #28]	@ zero_extendqisi2
 595:CANopen/301/CO_Emergency.c **** 
 1316              		.loc 1 595 27 view .LVU435
 1317 0144 AB42     		cmp	r3, r5
 1318 0146 00D8     		bhi	.L87
 595:CANopen/301/CO_Emergency.c **** 
 1319              		.loc 1 595 27 discriminator 2 view .LVU436
 1320 0148 0025     		movs	r5, #0
 1321              	.LVL148:
 1322              	.L87:
 595:CANopen/301/CO_Emergency.c **** 
 1323              		.loc 1 595 27 discriminator 4 view .LVU437
 1324 014a A577     		strb	r5, [r4, #30]
 598:CANopen/301/CO_Emergency.c ****                 em->fifoOverflow = 2;
 1325              		.loc 1 598 13 is_stmt 1 view .LVU438
 598:CANopen/301/CO_Emergency.c ****                 em->fifoOverflow = 2;
 1326              		.loc 1 598 19 is_stmt 0 view .LVU439
 1327 014c E37F     		ldrb	r3, [r4, #31]	@ zero_extendqisi2
 598:CANopen/301/CO_Emergency.c ****                 em->fifoOverflow = 2;
 1328              		.loc 1 598 16 view .LVU440
 1329 014e 012B     		cmp	r3, #1
 1330 0150 0DD0     		beq	.L100
ARM GAS  C:\Users\Lenovo\AppData\Local\Temp\ccs8sfwA.s 			page 61


 601:CANopen/301/CO_Emergency.c ****                 em->fifoOverflow = 0;
 1331              		.loc 1 601 20 is_stmt 1 view .LVU441
 601:CANopen/301/CO_Emergency.c ****                 em->fifoOverflow = 0;
 1332              		.loc 1 601 23 is_stmt 0 view .LVU442
 1333 0152 022B     		cmp	r3, #2
 1334 0154 8DD1     		bne	.L75
 601:CANopen/301/CO_Emergency.c ****                 em->fifoOverflow = 0;
 1335              		.loc 1 601 72 discriminator 1 view .LVU443
 1336 0156 637F     		ldrb	r3, [r4, #29]	@ zero_extendqisi2
 601:CANopen/301/CO_Emergency.c ****                 em->fifoOverflow = 0;
 1337              		.loc 1 601 49 discriminator 1 view .LVU444
 1338 0158 AB42     		cmp	r3, r5
 1339 015a 8AD1     		bne	.L75
 602:CANopen/301/CO_Emergency.c ****                 CO_errorReset(em, CO_EM_EMERGENCY_BUFFER_FULL, 0);
 1340              		.loc 1 602 17 is_stmt 1 view .LVU445
 602:CANopen/301/CO_Emergency.c ****                 CO_errorReset(em, CO_EM_EMERGENCY_BUFFER_FULL, 0);
 1341              		.loc 1 602 34 is_stmt 0 view .LVU446
 1342 015c 0021     		movs	r1, #0
 1343 015e E177     		strb	r1, [r4, #31]
 603:CANopen/301/CO_Emergency.c ****             } else { /* MISRA C 2004 14.10 */
 1344              		.loc 1 603 17 is_stmt 1 view .LVU447
 1345 0160 0091     		str	r1, [sp]
 1346 0162 0B46     		mov	r3, r1
 1347 0164 2022     		movs	r2, #32
 1348 0166 2046     		mov	r0, r4
 1349 0168 FFF7FEFF 		bl	CO_error
 1350              	.LVL149:
 1351 016c 81E7     		b	.L75
 1352              	.L100:
 599:CANopen/301/CO_Emergency.c ****                 CO_errorReport(em, CO_EM_EMERGENCY_BUFFER_FULL, CO_EMC_GENERIC, 0);
 1353              		.loc 1 599 17 view .LVU448
 599:CANopen/301/CO_Emergency.c ****                 CO_errorReport(em, CO_EM_EMERGENCY_BUFFER_FULL, CO_EMC_GENERIC, 0);
 1354              		.loc 1 599 34 is_stmt 0 view .LVU449
 1355 016e 0223     		movs	r3, #2
 1356 0170 E377     		strb	r3, [r4, #31]
 600:CANopen/301/CO_Emergency.c ****             } else if ((em->fifoOverflow == 2U) && (em->fifoPpPtr == em->fifoWrPtr)) {
 1357              		.loc 1 600 17 is_stmt 1 view .LVU450
 1358 0172 0023     		movs	r3, #0
 1359 0174 0093     		str	r3, [sp]
 1360 0176 4FF48053 		mov	r3, #4096
 1361 017a 2022     		movs	r2, #32
 1362 017c 0121     		movs	r1, #1
 1363 017e 2046     		mov	r0, r4
 1364 0180 FFF7FEFF 		bl	CO_error
 1365              	.LVL150:
 1366 0184 75E7     		b	.L75
 1367              	.LBE49:
 1368              		.cfi_endproc
 1369              	.LFE38:
 1371              		.text
 1372              	.Letext0:
 1373              		.file 4 "D:\\vscode\\stm32cubecltv122\\stm32cubeclt_1.22.0-Win-x86_64.exe\\anzhuang\\STM32CubeCLT_
 1374              		.file 5 "D:\\vscode\\stm32cubecltv122\\stm32cubeclt_1.22.0-Win-x86_64.exe\\anzhuang\\STM32CubeCLT_
 1375              		.file 6 "D:\\vscode\\stm32cubecltv122\\stm32cubeclt_1.22.0-Win-x86_64.exe\\anzhuang\\STM32CubeCLT_
 1376              		.file 7 "CANopen/example/CO_driver_target.h"
 1377              		.file 8 "CANopen/301/CO_Emergency.h"
 1378              		.file 9 "D:\\vscode\\stm32cubecltv122\\stm32cubeclt_1.22.0-Win-x86_64.exe\\anzhuang\\STM32CubeCLT_
ARM GAS  C:\Users\Lenovo\AppData\Local\Temp\ccs8sfwA.s 			page 62


 1379              		.file 10 "<built-in>"
ARM GAS  C:\Users\Lenovo\AppData\Local\Temp\ccs8sfwA.s 			page 63


DEFINED SYMBOLS
                            *ABS*:00000000 CO_Emergency.c
C:\Users\Lenovo\AppData\Local\Temp\ccs8sfwA.s:21     .text.OD_read_1014_default:00000000 $t
C:\Users\Lenovo\AppData\Local\Temp\ccs8sfwA.s:26     .text.OD_read_1014_default:00000000 OD_read_1014_default
C:\Users\Lenovo\AppData\Local\Temp\ccs8sfwA.s:125    .text.OD_read_1003:00000000 $t
C:\Users\Lenovo\AppData\Local\Temp\ccs8sfwA.s:130    .text.OD_read_1003:00000000 OD_read_1003
C:\Users\Lenovo\AppData\Local\Temp\ccs8sfwA.s:342    .text.OD_write_1003:00000000 $t
C:\Users\Lenovo\AppData\Local\Temp\ccs8sfwA.s:347    .text.OD_write_1003:00000000 OD_write_1003
C:\Users\Lenovo\AppData\Local\Temp\ccs8sfwA.s:434    .text.CO_EM_init:00000000 $t
C:\Users\Lenovo\AppData\Local\Temp\ccs8sfwA.s:440    .text.CO_EM_init:00000000 CO_EM_init
C:\Users\Lenovo\AppData\Local\Temp\ccs8sfwA.s:800    .text.CO_EM_init:0000013c $d
C:\Users\Lenovo\AppData\Local\Temp\ccs8sfwA.s:809    .text.CO_error:00000000 $t
C:\Users\Lenovo\AppData\Local\Temp\ccs8sfwA.s:815    .text.CO_error:00000000 CO_error
C:\Users\Lenovo\AppData\Local\Temp\ccs8sfwA.s:1024   .text.CO_EM_process:00000000 $t
C:\Users\Lenovo\AppData\Local\Temp\ccs8sfwA.s:1030   .text.CO_EM_process:00000000 CO_EM_process
                           .group:00000000 wm4.0.35f3e76e42575b99374c7d5ae37ca977
                           .group:00000000 wm4._newlib_version.h.4.0eb654b64686e2bd29646258853f6c22
                           .group:00000000 wm4.newlib.h.27.b904f6f8971bd921b436e5701877de32
                           .group:00000000 wm4.ieeefp.h.77.61a77db5804869b1dadd307a77cf78c9
                           .group:00000000 wm4.features.h.22.4b93ad64e0d80833c46a20ecae380bb0
                           .group:00000000 wm4.config.h.224.10ee1ad185d877c6e334e6581faab44d
                           .group:00000000 wm4._ansi.h.31.de524f58584151836e90d8620a16f8e8
                           .group:00000000 wm4.stddef.h.39.811583f327f35b0df7808fda70b062a0
                           .group:00000000 wm4._default_types.h.6.959254cf5f09734ea7516c89e8bb21bd
                           .group:00000000 wm4.cdefs.h.49.56fd742369e655e7e8a7e365e706e208
                           .group:00000000 wm4._types.h.20.dd0d04dca3800a0d2a6129b87f3adbb2
                           .group:00000000 wm4.stddef.h.173.4903093a50a8482cb062b176ea61fac3
                           .group:00000000 wm4._types.h.127.3bdfe3ff8ea2d0985b03d9cbe93480e3
                           .group:00000000 wm4.reent.h.18.25503cdc8b7e55dd0d6ea7b3e5af7a03
                           .group:00000000 wm4.lock.h.2.1461d1fff82dffe8bfddc23307f6484f
                           .group:00000000 wm4.reent.h.78.6d702f69a6d6435d2dbe915b10150b1a
                           .group:00000000 wm4.string.h.15.dab3980bf35408a4c507182805e2de3a
                           .group:00000000 wm4.stddef.h.173.1cea4f16a943c8e875db6791959c3141
                           .group:00000000 wm4.string.h.177.59a005921fa78485abc80a0267de5752
                           .group:00000000 wm4.CO_config.h.22.452d50582397b0b53966b3c1806ccf35
                           .group:00000000 wm4.stdbool.h.29.c08aa3eec75cf5b9b5003883f43253f0
                           .group:00000000 wm4._intsup.h.10.48bafbb683905c4daa4565a85aeeb264
                           .group:00000000 wm4._stdint.h.10.c24fa3af3bc1706662bb5593a907e841
                           .group:00000000 wm4.stdint.h.23.d53047a68f4a85177f80b422d52785ed
                           .group:00000000 wm4.CO_driver_target.h.41.ddd9ad301db6ca3aeb9eb6b4ba80bd58
                           .group:00000000 wm4.CO_driver.h.35.ff7c66b5b3baf7d65aef1dd87f3079c4
                           .group:00000000 wm4.CO_ODinterface.h.22.cd716bb058f440300efc08854f292063
                           .group:00000000 wm4.CO_Emergency.h.29.e4e0d7faa78841b864a1cd04adb91bc8

UNDEFINED SYMBOLS
memset
OD_getPtr
OD_get_value
CO_CANtxBufferInit
OD_writeOriginal
CO_CANsend
