ARM GAS  C:\Users\Lenovo\AppData\Local\Temp\ccXm1HrZ.s 			page 1


   1              		.cpu cortex-m4
   2              		.arch armv7e-m
   3              		.fpu fpv4-sp-d16
   4              		.eabi_attribute 27, 1
   5              		.eabi_attribute 28, 1
   6              		.eabi_attribute 20, 1
   7              		.eabi_attribute 21, 1
   8              		.eabi_attribute 23, 3
   9              		.eabi_attribute 24, 1
  10              		.eabi_attribute 25, 1
  11              		.eabi_attribute 26, 1
  12              		.eabi_attribute 30, 1
  13              		.eabi_attribute 34, 1
  14              		.eabi_attribute 18, 4
  15              		.file	"CO_NMT_Heartbeat.c"
  16              		.text
  17              	.Ltext0:
  18              		.cfi_sections	.debug_frame
  19              		.file 1 "CANopen/301/CO_NMT_Heartbeat.c"
  20              		.section	.text.CO_NMT_receive,"ax",%progbits
  21              		.align	1
  22              		.syntax unified
  23              		.thumb
  24              		.thumb_func
  26              	CO_NMT_receive:
  27              	.LVL0:
  28              	.LFB36:
   1:CANopen/301/CO_NMT_Heartbeat.c **** /*
   2:CANopen/301/CO_NMT_Heartbeat.c ****  * CANopen NMT and Heartbeat producer object.
   3:CANopen/301/CO_NMT_Heartbeat.c ****  *
   4:CANopen/301/CO_NMT_Heartbeat.c ****  * @file        CO_NMT_Heartbeat.c
   5:CANopen/301/CO_NMT_Heartbeat.c ****  * @ingroup     CO_NMT_Heartbeat
   6:CANopen/301/CO_NMT_Heartbeat.c ****  * @author      Janez Paternoster
   7:CANopen/301/CO_NMT_Heartbeat.c ****  * @copyright   2004 - 2020 Janez Paternoster
   8:CANopen/301/CO_NMT_Heartbeat.c ****  *
   9:CANopen/301/CO_NMT_Heartbeat.c ****  * This file is part of <https://github.com/CANopenNode/CANopenNode>, a CANopen Stack.
  10:CANopen/301/CO_NMT_Heartbeat.c ****  *
  11:CANopen/301/CO_NMT_Heartbeat.c ****  * Licensed under the Apache License, Version 2.0 (the "License"); you may not use this
  12:CANopen/301/CO_NMT_Heartbeat.c ****  * file except in compliance with the License. You may obtain a copy of the License at
  13:CANopen/301/CO_NMT_Heartbeat.c ****  *
  14:CANopen/301/CO_NMT_Heartbeat.c ****  *     http://www.apache.org/licenses/LICENSE-2.0
  15:CANopen/301/CO_NMT_Heartbeat.c ****  *
  16:CANopen/301/CO_NMT_Heartbeat.c ****  * Unless required by applicable law or agreed to in writing, software distributed under the Licens
  17:CANopen/301/CO_NMT_Heartbeat.c ****  * distributed on an "AS IS" BASIS, WITHOUT WARRANTIES OR CONDITIONS OF ANY KIND, either express or
  18:CANopen/301/CO_NMT_Heartbeat.c ****  * See the License for the specific language governing permissions and limitations under the Licens
  19:CANopen/301/CO_NMT_Heartbeat.c ****  */
  20:CANopen/301/CO_NMT_Heartbeat.c **** 
  21:CANopen/301/CO_NMT_Heartbeat.c **** #include "301/CO_NMT_Heartbeat.h"
  22:CANopen/301/CO_NMT_Heartbeat.c **** 
  23:CANopen/301/CO_NMT_Heartbeat.c **** /*
  24:CANopen/301/CO_NMT_Heartbeat.c ****  * Read received message from CAN module.
  25:CANopen/301/CO_NMT_Heartbeat.c ****  *
  26:CANopen/301/CO_NMT_Heartbeat.c ****  * Function will be called (by CAN receive interrupt) every time, when CAN message with correct ide
  27:CANopen/301/CO_NMT_Heartbeat.c ****  * will be received. For more information and description of parameters see file CO_driver.h.
  28:CANopen/301/CO_NMT_Heartbeat.c ****  */
  29:CANopen/301/CO_NMT_Heartbeat.c **** static void
  30:CANopen/301/CO_NMT_Heartbeat.c **** CO_NMT_receive(void* object, void* msg) {
ARM GAS  C:\Users\Lenovo\AppData\Local\Temp\ccXm1HrZ.s 			page 2


  29              		.loc 1 30 41 view -0
  30              		.cfi_startproc
  31              		@ args = 0, pretend = 0, frame = 0
  32              		@ frame_needed = 0, uses_anonymous_args = 0
  33              		@ link register save eliminated.
  31:CANopen/301/CO_NMT_Heartbeat.c ****     uint8_t DLC = CO_CANrxMsg_readDLC(msg);
  34              		.loc 1 31 5 view .LVU1
  32:CANopen/301/CO_NMT_Heartbeat.c ****     const uint8_t* data = CO_CANrxMsg_readData(msg);
  35              		.loc 1 32 5 view .LVU2
  33:CANopen/301/CO_NMT_Heartbeat.c ****     CO_NMT_command_t command = (CO_NMT_command_t)data[0];
  36              		.loc 1 33 5 view .LVU3
  34:CANopen/301/CO_NMT_Heartbeat.c ****     uint8_t nodeId = data[1];
  37              		.loc 1 34 5 view .LVU4
  35:CANopen/301/CO_NMT_Heartbeat.c **** 
  36:CANopen/301/CO_NMT_Heartbeat.c ****     CO_NMT_t* NMT = (CO_NMT_t*)object;
  38              		.loc 1 36 5 view .LVU5
  37:CANopen/301/CO_NMT_Heartbeat.c **** 
  38:CANopen/301/CO_NMT_Heartbeat.c ****     if ((DLC == 2U) && ((nodeId == 0U) || (nodeId == NMT->nodeId))) {
  39              		.loc 1 38 5 view .LVU6
  39:CANopen/301/CO_NMT_Heartbeat.c ****         NMT->internalCommand = command;
  40:CANopen/301/CO_NMT_Heartbeat.c **** 
  41:CANopen/301/CO_NMT_Heartbeat.c **** #if ((CO_CONFIG_NMT)&CO_CONFIG_FLAG_CALLBACK_PRE) != 0
  42:CANopen/301/CO_NMT_Heartbeat.c ****         /* Optional signal to RTOS, which can resume task, which handles NMT. */
  43:CANopen/301/CO_NMT_Heartbeat.c ****         if (NMT->pFunctSignalPre != NULL) {
  44:CANopen/301/CO_NMT_Heartbeat.c ****             NMT->pFunctSignalPre(NMT->functSignalObjectPre);
  45:CANopen/301/CO_NMT_Heartbeat.c ****         }
  46:CANopen/301/CO_NMT_Heartbeat.c **** #endif
  47:CANopen/301/CO_NMT_Heartbeat.c ****     }
  48:CANopen/301/CO_NMT_Heartbeat.c **** }
  40              		.loc 1 48 1 is_stmt 0 view .LVU7
  41 0000 7047     		bx	lr
  42              		.cfi_endproc
  43              	.LFE36:
  45              		.section	.text.OD_write_1017,"ax",%progbits
  46              		.align	1
  47              		.syntax unified
  48              		.thumb
  49              		.thumb_func
  51              	OD_write_1017:
  52              	.LVL1:
  53              	.LFB37:
  49:CANopen/301/CO_NMT_Heartbeat.c **** 
  50:CANopen/301/CO_NMT_Heartbeat.c **** /*
  51:CANopen/301/CO_NMT_Heartbeat.c ****  * Custom function for writing OD object "Producer heartbeat time"
  52:CANopen/301/CO_NMT_Heartbeat.c ****  *
  53:CANopen/301/CO_NMT_Heartbeat.c ****  * For more information see file CO_ODinterface.h, OD_IO_t.
  54:CANopen/301/CO_NMT_Heartbeat.c ****  */
  55:CANopen/301/CO_NMT_Heartbeat.c **** static ODR_t
  56:CANopen/301/CO_NMT_Heartbeat.c **** OD_write_1017(OD_stream_t* stream, const void* buf, OD_size_t count, OD_size_t* countWritten) {
  54              		.loc 1 56 95 is_stmt 1 view -0
  55              		.cfi_startproc
  56              		@ args = 0, pretend = 0, frame = 0
  57              		@ frame_needed = 0, uses_anonymous_args = 0
  57:CANopen/301/CO_NMT_Heartbeat.c ****     if ((stream == NULL) || (stream->subIndex != 0U) || (buf == NULL) || (count != sizeof(uint16_t)
  58              		.loc 1 57 5 view .LVU9
  59              		.loc 1 57 8 is_stmt 0 view .LVU10
  60 0000 A8B1     		cbz	r0, .L4
ARM GAS  C:\Users\Lenovo\AppData\Local\Temp\ccXm1HrZ.s 			page 3


  61 0002 8446     		mov	ip, r0
  62              		.loc 1 57 36 discriminator 1 view .LVU11
  63 0004 007D     		ldrb	r0, [r0, #20]	@ zero_extendqisi2
  64              	.LVL2:
  65              		.loc 1 57 26 discriminator 1 view .LVU12
  66 0006 A0B9     		cbnz	r0, .L5
  67              		.loc 1 57 54 discriminator 2 view .LVU13
  68 0008 A9B1     		cbz	r1, .L6
  69              		.loc 1 57 71 discriminator 3 view .LVU14
  70 000a 022A     		cmp	r2, #2
  71 000c 15D1     		bne	.L7
  58:CANopen/301/CO_NMT_Heartbeat.c ****         || (countWritten == NULL)) {
  72              		.loc 1 58 9 view .LVU15
  73 000e B3B1     		cbz	r3, .L8
  56:CANopen/301/CO_NMT_Heartbeat.c ****     if ((stream == NULL) || (stream->subIndex != 0U) || (buf == NULL) || (count != sizeof(uint16_t)
  74              		.loc 1 56 95 view .LVU16
  75 0010 10B5     		push	{r4, lr}
  76              	.LCFI0:
  77              		.cfi_def_cfa_offset 8
  78              		.cfi_offset 4, -8
  79              		.cfi_offset 14, -4
  59:CANopen/301/CO_NMT_Heartbeat.c ****         return ODR_DEV_INCOMPAT;
  60:CANopen/301/CO_NMT_Heartbeat.c ****     }
  61:CANopen/301/CO_NMT_Heartbeat.c **** 
  62:CANopen/301/CO_NMT_Heartbeat.c ****     CO_NMT_t* NMT = (CO_NMT_t*)stream->object;
  80              		.loc 1 62 5 is_stmt 1 view .LVU17
  81              		.loc 1 62 15 is_stmt 0 view .LVU18
  82 0012 DCF80440 		ldr	r4, [ip, #4]
  83              	.LVL3:
  63:CANopen/301/CO_NMT_Heartbeat.c **** 
  64:CANopen/301/CO_NMT_Heartbeat.c ****     /* update object, send Heartbeat immediately */
  65:CANopen/301/CO_NMT_Heartbeat.c ****     NMT->HBproducerTime_us = (uint32_t)CO_getUint16(buf) * 1000U;
  84              		.loc 1 65 5 is_stmt 1 view .LVU19
  85              	.LBB20:
  86              	.LBI20:
  87              		.file 2 "CANopen/301/CO_driver.h"
   1:CANopen/301/CO_driver.h **** /**
   2:CANopen/301/CO_driver.h ****  * Interface between CAN hardware and CANopenNode.
   3:CANopen/301/CO_driver.h ****  *
   4:CANopen/301/CO_driver.h ****  * @file        CO_driver.h
   5:CANopen/301/CO_driver.h ****  * @ingroup     CO_driver
   6:CANopen/301/CO_driver.h ****  * @author      Janez Paternoster
   7:CANopen/301/CO_driver.h ****  * @copyright   2004 - 2020 Janez Paternoster
   8:CANopen/301/CO_driver.h ****  *
   9:CANopen/301/CO_driver.h ****  * This file is part of <https://github.com/CANopenNode/CANopenNode>, a CANopen Stack.
  10:CANopen/301/CO_driver.h ****  *
  11:CANopen/301/CO_driver.h ****  * Licensed under the Apache License, Version 2.0 (the "License"); you may not use this
  12:CANopen/301/CO_driver.h ****  * file except in compliance with the License. You may obtain a copy of the License at
  13:CANopen/301/CO_driver.h ****  *
  14:CANopen/301/CO_driver.h ****  *     http://www.apache.org/licenses/LICENSE-2.0
  15:CANopen/301/CO_driver.h ****  *
  16:CANopen/301/CO_driver.h ****  * Unless required by applicable law or agreed to in writing, software distributed under the Licens
  17:CANopen/301/CO_driver.h ****  * distributed on an "AS IS" BASIS, WITHOUT WARRANTIES OR CONDITIONS OF ANY KIND, either express or
  18:CANopen/301/CO_driver.h ****  * See the License for the specific language governing permissions and limitations under the Licens
  19:CANopen/301/CO_driver.h ****  */
  20:CANopen/301/CO_driver.h **** 
  21:CANopen/301/CO_driver.h **** #ifndef CO_DRIVER_H
ARM GAS  C:\Users\Lenovo\AppData\Local\Temp\ccXm1HrZ.s 			page 4


  22:CANopen/301/CO_driver.h **** #define CO_DRIVER_H
  23:CANopen/301/CO_driver.h **** 
  24:CANopen/301/CO_driver.h **** #include <string.h>
  25:CANopen/301/CO_driver.h **** 
  26:CANopen/301/CO_driver.h **** #include "CO_config.h"
  27:CANopen/301/CO_driver.h **** #include "CO_driver_target.h"
  28:CANopen/301/CO_driver.h **** 
  29:CANopen/301/CO_driver.h **** #ifdef __cplusplus
  30:CANopen/301/CO_driver.h **** extern "C" {
  31:CANopen/301/CO_driver.h **** #endif
  32:CANopen/301/CO_driver.h **** 
  33:CANopen/301/CO_driver.h **** /* Stack configuration default global values. For more information see file CO_config.h. */
  34:CANopen/301/CO_driver.h **** #ifndef CO_CONFIG_GLOBAL_FLAG_CALLBACK_PRE
  35:CANopen/301/CO_driver.h **** #define CO_CONFIG_GLOBAL_FLAG_CALLBACK_PRE (0)
  36:CANopen/301/CO_driver.h **** #endif
  37:CANopen/301/CO_driver.h **** #ifndef CO_CONFIG_GLOBAL_RT_FLAG_CALLBACK_PRE
  38:CANopen/301/CO_driver.h **** #define CO_CONFIG_GLOBAL_RT_FLAG_CALLBACK_PRE (0)
  39:CANopen/301/CO_driver.h **** #endif
  40:CANopen/301/CO_driver.h **** #ifndef CO_CONFIG_GLOBAL_FLAG_TIMERNEXT
  41:CANopen/301/CO_driver.h **** #define CO_CONFIG_GLOBAL_FLAG_TIMERNEXT (0)
  42:CANopen/301/CO_driver.h **** #endif
  43:CANopen/301/CO_driver.h **** #ifndef CO_CONFIG_GLOBAL_FLAG_OD_DYNAMIC
  44:CANopen/301/CO_driver.h **** #define CO_CONFIG_GLOBAL_FLAG_OD_DYNAMIC CO_CONFIG_FLAG_OD_DYNAMIC
  45:CANopen/301/CO_driver.h **** #endif
  46:CANopen/301/CO_driver.h **** #ifdef CO_DEBUG_COMMON
  47:CANopen/301/CO_driver.h **** #if (CO_CONFIG_DEBUG) & CO_CONFIG_DEBUG_SDO_CLIENT
  48:CANopen/301/CO_driver.h **** #define CO_DEBUG_SDO_CLIENT(msg) CO_DEBUG_COMMON(msg)
  49:CANopen/301/CO_driver.h **** #endif
  50:CANopen/301/CO_driver.h **** #if (CO_CONFIG_DEBUG) & CO_CONFIG_DEBUG_SDO_SERVER
  51:CANopen/301/CO_driver.h **** #define CO_DEBUG_SDO_SERVER(msg) CO_DEBUG_COMMON(msg)
  52:CANopen/301/CO_driver.h **** #endif
  53:CANopen/301/CO_driver.h **** #endif
  54:CANopen/301/CO_driver.h **** 
  55:CANopen/301/CO_driver.h **** /**
  56:CANopen/301/CO_driver.h ****  * @defgroup CO_driver Driver
  57:CANopen/301/CO_driver.h ****  * Interface between CAN hardware and CANopenNode.
  58:CANopen/301/CO_driver.h ****  *
  59:CANopen/301/CO_driver.h ****  * @ingroup CO_CANopen_301
  60:CANopen/301/CO_driver.h ****  * @{
  61:CANopen/301/CO_driver.h ****  * CANopenNode is designed for speed and portability. It runs efficiently on devices from simple 16
  62:CANopen/301/CO_driver.h ****  * to PC computers. It can run in multiple threads. Reception of CAN messages is pre-processed with
  63:CANopen/301/CO_driver.h ****  * Time critical objects, such as PDO or SYNC are processed in real-time thread and other objects a
  64:CANopen/301/CO_driver.h ****  * normal thread. See Flowchart in [README.md](index.html) for more information.
  65:CANopen/301/CO_driver.h ****  *
  66:CANopen/301/CO_driver.h ****  * @anchor CO_obj
  67:CANopen/301/CO_driver.h ****  * #### CANopenNode Object
  68:CANopen/301/CO_driver.h ****  * CANopenNode is implemented as a collection of different objects, for example SDO, SYNC, Emergenc
  69:CANopen/301/CO_driver.h ****  * Heartbeat, etc. Code is written in C language and tries to be object oriented. So each CANopenNo
  70:CANopen/301/CO_driver.h ****  * implemented in a pair of .h/.c files. It basically contains a structure with all necessary varia
  71:CANopen/301/CO_driver.h ****  * functions which operates on it. CANopenNode Object is usually connected with one or more CAN rec
  72:CANopen/301/CO_driver.h ****  * Message Objects. (CAN message Object is a CAN message with specific 11-bit CAN identifier (usual
  73:CANopen/301/CO_driver.h ****  * range).)
  74:CANopen/301/CO_driver.h ****  *
  75:CANopen/301/CO_driver.h ****  * #### Hardware interface of CANopenNode
  76:CANopen/301/CO_driver.h ****  * It consists of minimum three files:
  77:CANopen/301/CO_driver.h ****  * - **CO_driver.h** file declares common functions. This file is part of the CANopenNode. It is in
  78:CANopen/301/CO_driver.h ****  *   file from CANopenNode.
ARM GAS  C:\Users\Lenovo\AppData\Local\Temp\ccXm1HrZ.s 			page 5


  79:CANopen/301/CO_driver.h ****  * - **CO_driver_target.h** file declares microcontroller specific type declarations and defines so
  80:CANopen/301/CO_driver.h ****  *   necessary for CANopenNode. This file is included from CO_driver.h.
  81:CANopen/301/CO_driver.h ****  * - **CO_driver.c** file defines functions declared in CO_driver.h.
  82:CANopen/301/CO_driver.h ****  *
  83:CANopen/301/CO_driver.h ****  * **CO_driver_target.h** and **CO_driver.c** files are specific for each different microcontroller
  84:CANopen/301/CO_driver.h ****  * CANopenNode. There are separate projects for different microcontrollers, which usually include C
  85:CANopen/301/CO_driver.h ****  * submodule. CANopenNode only includes those two files in the `example` directory and they are bas
  86:CANopen/301/CO_driver.h ****  * should be possible to compile the `CANopenNode/example` on any system, however compiled program 
  87:CANopen/301/CO_driver.h ****  * CO_driver.h contains documentation for all necessary macros, types and functions.
  88:CANopen/301/CO_driver.h ****  *
  89:CANopen/301/CO_driver.h ****  * See [CANopenNode/Wiki](https://github.com/CANopenNode/CANopenNode/wiki) for a known list of avai
  90:CANopen/301/CO_driver.h ****  * of CANopenNode on different systems and microcontrollers. Everybody is welcome to extend the lis
  91:CANopen/301/CO_driver.h ****  * own implementation.
  92:CANopen/301/CO_driver.h ****  *
  93:CANopen/301/CO_driver.h ****  * Implementation of the hardware interface for specific microcontroller is not always an easy task
  94:CANopen/301/CO_driver.h ****  * efficient operation it is necessary to know some parts of the target microcontroller in detail (
  95:CANopen/301/CO_driver.h ****  * (or interrupts), CAN module, etc.).
  96:CANopen/301/CO_driver.h ****  */
  97:CANopen/301/CO_driver.h **** 
  98:CANopen/301/CO_driver.h **** /** Major version number of CANopenNode */
  99:CANopen/301/CO_driver.h **** #define CO_VERSION_MAJOR 4
 100:CANopen/301/CO_driver.h **** /** Minor version number of CANopenNode */
 101:CANopen/301/CO_driver.h **** #define CO_VERSION_MINOR 0
 102:CANopen/301/CO_driver.h **** 
 103:CANopen/301/CO_driver.h **** /* Macros and declarations in following part are only used for documentation. */
 104:CANopen/301/CO_driver.h **** #ifdef CO_DOXYGEN
 105:CANopen/301/CO_driver.h **** /**
 106:CANopen/301/CO_driver.h ****  * @defgroup CO_dataTypes Basic definitions
 107:CANopen/301/CO_driver.h ****  * @{
 108:CANopen/301/CO_driver.h ****  *
 109:CANopen/301/CO_driver.h ****  * Target specific basic definitions and data types.
 110:CANopen/301/CO_driver.h ****  *
 111:CANopen/301/CO_driver.h ****  * Must be defined in the **CO_driver_target.h** file.
 112:CANopen/301/CO_driver.h ****  *
 113:CANopen/301/CO_driver.h ****  * Depending on processor or compiler architecture, one of the two macros must be defined: CO_LITTL
 114:CANopen/301/CO_driver.h ****  * CO_BIG_ENDIAN. CANopen itself is little endian.
 115:CANopen/301/CO_driver.h ****  *
 116:CANopen/301/CO_driver.h ****  * Basic data types may be specified differently on different architectures. Usually `true` and `fa
 117:CANopen/301/CO_driver.h ****  * `<stdbool.h>`, `NULL` is defined in `<stddef.h>`, `int8_t` to `uint64_t` are defined in `<stdint
 118:CANopen/301/CO_driver.h ****  */
 119:CANopen/301/CO_driver.h **** #define CO_LITTLE_ENDIAN                 /**< CO_LITTLE_ENDIAN or CO_BIG_ENDIAN must be defined */
 120:CANopen/301/CO_driver.h **** #define CO_SWAP_16(x)    x               /**< Macro must swap bytes, if CO_BIG_ENDIAN is defined */
 121:CANopen/301/CO_driver.h **** #define CO_SWAP_32(x)    x               /**< Macro must swap bytes, if CO_BIG_ENDIAN is defined */
 122:CANopen/301/CO_driver.h **** #define CO_SWAP_64(x)    x               /**< Macro must swap bytes, if CO_BIG_ENDIAN is defined */
 123:CANopen/301/CO_driver.h **** #define NULL             (0)             /**< NULL, for general usage */
 124:CANopen/301/CO_driver.h **** #define true             1               /**< Logical true, for general use */
 125:CANopen/301/CO_driver.h **** #define false            0               /**< Logical false, for general use */
 126:CANopen/301/CO_driver.h **** typedef uint_fast8_t bool_t;             /**< Boolean data type for general use */
 127:CANopen/301/CO_driver.h **** typedef signed char int8_t;              /**< INTEGER8 in CANopen (0002h), 8-bit signed integer */
 128:CANopen/301/CO_driver.h **** typedef signed int int16_t;              /**< INTEGER16 in CANopen (0003h), 16-bit signed integer *
 129:CANopen/301/CO_driver.h **** typedef signed long int int32_t;         /**< INTEGER32 in CANopen (0004h), 32-bit signed integer *
 130:CANopen/301/CO_driver.h **** typedef signed long long int int64_t;    /**< INTEGER64 in CANopen (0015h), 64-bit signed integer *
 131:CANopen/301/CO_driver.h **** typedef unsigned char uint8_t;           /**< UNSIGNED8 in CANopen (0005h), 8-bit unsigned integer 
 132:CANopen/301/CO_driver.h **** typedef unsigned int uint16_t;           /**< UNSIGNED16 in CANopen (0006h), 16-bit unsigned intege
 133:CANopen/301/CO_driver.h **** typedef unsigned long int uint32_t;      /**< UNSIGNED32 in CANopen (0007h), 32-bit unsigned intege
 134:CANopen/301/CO_driver.h **** typedef unsigned long long int uint64_t; /**< UNSIGNED64 in CANopen (001Bh), 64-bit unsigned intege
 135:CANopen/301/CO_driver.h **** typedef float float32_t;  /**< REAL32 in CANopen (0008h), single precision floating point value, 32
ARM GAS  C:\Users\Lenovo\AppData\Local\Temp\ccXm1HrZ.s 			page 6


 136:CANopen/301/CO_driver.h **** typedef double float64_t; /**< REAL64 in CANopen (0011h), double precision floating point value, 64
 137:CANopen/301/CO_driver.h **** /** @} */
 138:CANopen/301/CO_driver.h **** 
 139:CANopen/301/CO_driver.h **** /**
 140:CANopen/301/CO_driver.h ****  * @defgroup CO_CAN_Message_reception Reception of CAN messages
 141:CANopen/301/CO_driver.h ****  * @{
 142:CANopen/301/CO_driver.h ****  *
 143:CANopen/301/CO_driver.h ****  * Target specific definitions and description of CAN message reception
 144:CANopen/301/CO_driver.h ****  *
 145:CANopen/301/CO_driver.h ****  * CAN messages in CANopenNode are usually received by its own thread or higher priority interrupt.
 146:CANopen/301/CO_driver.h ****  * messages are first filtered by hardware or by software. Thread then examines its 11-bit CAN-id a
 147:CANopen/301/CO_driver.h ****  * determines, to which \ref CO_obj "CANopenNode Object" it belongs to. After that it calls predefi
 148:CANopen/301/CO_driver.h ****  * function, which quickly pre-processes the message and fetches the relevant data. CANrx_callback(
 149:CANopen/301/CO_driver.h ****  * by each \ref CO_obj "CANopenNode Object" separately. Pre-processed fetched data are later proces
 150:CANopen/301/CO_driver.h ****  * thread.
 151:CANopen/301/CO_driver.h ****  *
 152:CANopen/301/CO_driver.h ****  * If \ref CO_obj "CANopenNode Object" reception of specific CAN message, it must first configure i
 153:CANopen/301/CO_driver.h ****  * object with the CO_CANrxBufferInit() function.
 154:CANopen/301/CO_driver.h ****  */
 155:CANopen/301/CO_driver.h **** 
 156:CANopen/301/CO_driver.h **** /**
 157:CANopen/301/CO_driver.h ****  * CAN receive callback function which pre-processes received CAN message
 158:CANopen/301/CO_driver.h ****  *
 159:CANopen/301/CO_driver.h ****  * It is called by fast CAN receive thread. Each \ref CO_obj "CANopenNode Object" defines its own a
 160:CANopen/301/CO_driver.h ****  * CO_CANrxBufferInit(), by passing function pointer.
 161:CANopen/301/CO_driver.h ****  *
 162:CANopen/301/CO_driver.h ****  * @param object pointer to specific \ref CO_obj "CANopenNode Object", registered with CO_CANrxBuff
 163:CANopen/301/CO_driver.h ****  * @param rxMsg pointer to received CAN message
 164:CANopen/301/CO_driver.h ****  */
 165:CANopen/301/CO_driver.h **** void CANrx_callback(void* object, void* rxMsg);
 166:CANopen/301/CO_driver.h **** 
 167:CANopen/301/CO_driver.h **** /**
 168:CANopen/301/CO_driver.h ****  * CANrx_callback() can read CAN identifier from received CAN message
 169:CANopen/301/CO_driver.h ****  *
 170:CANopen/301/CO_driver.h ****  * Must be defined in the **CO_driver_target.h** file.
 171:CANopen/301/CO_driver.h ****  *
 172:CANopen/301/CO_driver.h ****  * This is target specific function and is specific for specific microcontroller. It is best to imp
 173:CANopen/301/CO_driver.h ****  * inline function or macro. `rxMsg` parameter should cast to a pointer to structure. For best effi
 174:CANopen/301/CO_driver.h ****  * have the same alignment as CAN registers inside CAN module.
 175:CANopen/301/CO_driver.h ****  *
 176:CANopen/301/CO_driver.h ****  * @param rxMsg Pointer to received message
 177:CANopen/301/CO_driver.h ****  * @return 11-bit CAN standard identifier.
 178:CANopen/301/CO_driver.h ****  */
 179:CANopen/301/CO_driver.h **** static inline uint16_t
 180:CANopen/301/CO_driver.h **** CO_CANrxMsg_readIdent(void* rxMsg) {
 181:CANopen/301/CO_driver.h ****     return 0;
 182:CANopen/301/CO_driver.h **** }
 183:CANopen/301/CO_driver.h **** 
 184:CANopen/301/CO_driver.h **** /**
 185:CANopen/301/CO_driver.h ****  * CANrx_callback() can read Data Length Code from received CAN message
 186:CANopen/301/CO_driver.h ****  *
 187:CANopen/301/CO_driver.h ****  * See also CO_CANrxMsg_readIdent():
 188:CANopen/301/CO_driver.h ****  *
 189:CANopen/301/CO_driver.h ****  * @param rxMsg Pointer to received message
 190:CANopen/301/CO_driver.h ****  * @return data length in bytes (0 to 8)
 191:CANopen/301/CO_driver.h ****  */
 192:CANopen/301/CO_driver.h **** static inline uint8_t
ARM GAS  C:\Users\Lenovo\AppData\Local\Temp\ccXm1HrZ.s 			page 7


 193:CANopen/301/CO_driver.h **** CO_CANrxMsg_readDLC(void* rxMsg) {
 194:CANopen/301/CO_driver.h ****     return 0;
 195:CANopen/301/CO_driver.h **** }
 196:CANopen/301/CO_driver.h **** 
 197:CANopen/301/CO_driver.h **** /**
 198:CANopen/301/CO_driver.h ****  * CANrx_callback() can read pointer to data from received CAN message
 199:CANopen/301/CO_driver.h ****  *
 200:CANopen/301/CO_driver.h ****  * See also CO_CANrxMsg_readIdent():
 201:CANopen/301/CO_driver.h ****  *
 202:CANopen/301/CO_driver.h ****  * @param rxMsg Pointer to received message
 203:CANopen/301/CO_driver.h ****  * @return pointer to data buffer
 204:CANopen/301/CO_driver.h ****  */
 205:CANopen/301/CO_driver.h **** static inline const uint8_t*
 206:CANopen/301/CO_driver.h **** CO_CANrxMsg_readData(void* rxMsg) {
 207:CANopen/301/CO_driver.h ****     return NULL;
 208:CANopen/301/CO_driver.h **** }
 209:CANopen/301/CO_driver.h **** 
 210:CANopen/301/CO_driver.h **** /**
 211:CANopen/301/CO_driver.h ****  * Configuration object for CAN received message for specific \ref CO_obj "CANopenNode Object".
 212:CANopen/301/CO_driver.h ****  *
 213:CANopen/301/CO_driver.h ****  * Must be defined in the **CO_driver_target.h** file.
 214:CANopen/301/CO_driver.h ****  *
 215:CANopen/301/CO_driver.h ****  * Data fields of this structure are used exclusively by the driver. Usually it has the following d
 216:CANopen/301/CO_driver.h ****  * may differ for different microcontrollers. Array of multiple CO_CANrx_t objects is included insi
 217:CANopen/301/CO_driver.h ****  */
 218:CANopen/301/CO_driver.h **** typedef struct {
 219:CANopen/301/CO_driver.h ****     uint16_t ident; /**< Standard CAN Identifier (bits 0..10) + RTR (bit 11) */
 220:CANopen/301/CO_driver.h ****     uint16_t mask;  /**< Standard CAN Identifier mask with the same alignment as ident */
 221:CANopen/301/CO_driver.h ****     void* object;   /**< \ref CO_obj "CANopenNode Object" initialized in from CO_CANrxBufferInit() 
 222:CANopen/301/CO_driver.h ****     void (*pCANrx_callback)(void* object,
 223:CANopen/301/CO_driver.h ****                             void* message); /**< Pointer to CANrx_callback() initialized in CO_CANr
 224:CANopen/301/CO_driver.h **** } CO_CANrx_t;
 225:CANopen/301/CO_driver.h **** 
 226:CANopen/301/CO_driver.h **** /** @} */
 227:CANopen/301/CO_driver.h **** 
 228:CANopen/301/CO_driver.h **** /**
 229:CANopen/301/CO_driver.h ****  * @defgroup CO_CAN_Message_transmission Transmission of CAN messages
 230:CANopen/301/CO_driver.h ****  * @{
 231:CANopen/301/CO_driver.h ****  *
 232:CANopen/301/CO_driver.h ****  * Target specific definitions and description of CAN message transmission
 233:CANopen/301/CO_driver.h ****  *
 234:CANopen/301/CO_driver.h ****  * If \ref CO_obj "CANopenNode Object" needs transmitting CAN message, it must first configure its 
 235:CANopen/301/CO_driver.h ****  * with the CO_CANtxBufferInit() function. CAN message can then be sent with CO_CANsend() function.
 236:CANopen/301/CO_driver.h ****  * CAN transmit buffer inside microcontroller's CAN module is free, message is copied directly to t
 237:CANopen/301/CO_driver.h ****  * Otherwise CO_CANsend() function sets _bufferFull_ flag to true. Message will be then sent by CAN
 238:CANopen/301/CO_driver.h ****  * as CAN module is freed. Until message is not copied to CAN module, its contents must not change.
 239:CANopen/301/CO_driver.h ****  * multiple CO_CANtx_t objects with _bufferFull_ flag set to true, then CO_CANtx_t with lower index
 240:CANopen/301/CO_driver.h ****  */
 241:CANopen/301/CO_driver.h **** 
 242:CANopen/301/CO_driver.h **** /**
 243:CANopen/301/CO_driver.h ****  * Configuration object for CAN transmit message for specific \ref CO_obj "CANopenNode Object".
 244:CANopen/301/CO_driver.h ****  *
 245:CANopen/301/CO_driver.h ****  * Must be defined in the **CO_driver_target.h** file.
 246:CANopen/301/CO_driver.h ****  *
 247:CANopen/301/CO_driver.h ****  * Data fields of this structure are used exclusively by the driver. Usually it has the following d
 248:CANopen/301/CO_driver.h ****  * may differ for different microcontrollers. Array of multiple CO_CANtx_t objects is included insi
 249:CANopen/301/CO_driver.h ****  */
ARM GAS  C:\Users\Lenovo\AppData\Local\Temp\ccXm1HrZ.s 			page 8


 250:CANopen/301/CO_driver.h **** typedef struct {
 251:CANopen/301/CO_driver.h ****     uint32_t ident;             /**< CAN identifier as aligned in CAN module */
 252:CANopen/301/CO_driver.h ****     uint8_t DLC;                /**< Length of CAN message */
 253:CANopen/301/CO_driver.h ****     uint8_t data[8];            /**< 8 data bytes */
 254:CANopen/301/CO_driver.h ****     volatile bool_t bufferFull; /**< True if previous message is still in the buffer */
 255:CANopen/301/CO_driver.h ****     volatile bool_t syncFlag;   /**< Synchronous PDO messages has this flag set. It prevents them t
 256:CANopen/301/CO_driver.h ****                                    synchronous window */
 257:CANopen/301/CO_driver.h **** } CO_CANtx_t;
 258:CANopen/301/CO_driver.h **** 
 259:CANopen/301/CO_driver.h **** /** @} */
 260:CANopen/301/CO_driver.h **** 
 261:CANopen/301/CO_driver.h **** /**
 262:CANopen/301/CO_driver.h ****  * Complete CAN module object.
 263:CANopen/301/CO_driver.h ****  *
 264:CANopen/301/CO_driver.h ****  * Must be defined in the **CO_driver_target.h** file.
 265:CANopen/301/CO_driver.h ****  *
 266:CANopen/301/CO_driver.h ****  * Usually it has the following data fields, but they may differ for different microcontrollers.
 267:CANopen/301/CO_driver.h ****  */
 268:CANopen/301/CO_driver.h **** typedef struct {
 269:CANopen/301/CO_driver.h ****     void* CANptr;                    /**< From CO_CANmodule_init() */
 270:CANopen/301/CO_driver.h ****     CO_CANrx_t* rxArray;             /**< From CO_CANmodule_init() */
 271:CANopen/301/CO_driver.h ****     uint16_t rxSize;                 /**< From CO_CANmodule_init() */
 272:CANopen/301/CO_driver.h ****     CO_CANtx_t* txArray;             /**< From CO_CANmodule_init() */
 273:CANopen/301/CO_driver.h ****     uint16_t txSize;                 /**< From CO_CANmodule_init() */
 274:CANopen/301/CO_driver.h ****     uint16_t CANerrorStatus;         /**< CAN error status bitfield, see @ref CO_CAN_ERR_status_t *
 275:CANopen/301/CO_driver.h ****     volatile bool_t CANnormal;       /**< CAN module is in normal mode */
 276:CANopen/301/CO_driver.h ****     volatile bool_t useCANrxFilters; /**< Value different than zero indicates, that CAN module hard
 277:CANopen/301/CO_driver.h ****                                         for CAN reception. If there is not enough hardware filters,
 278:CANopen/301/CO_driver.h ****                                         In this case will be *all* received CAN messages processed 
 279:CANopen/301/CO_driver.h ****     volatile bool_t bufferInhibitFlag; /**< If flag is true, then message in transmit buffer is syn
 280:CANopen/301/CO_driver.h ****                                           which will be aborted, if CO_clearPendingSyncPDOs() funct
 281:CANopen/301/CO_driver.h ****                                           application. This may be necessary if Synchronous window 
 282:CANopen/301/CO_driver.h ****     volatile bool_t
 283:CANopen/301/CO_driver.h ****         firstCANtxMessage; /**< Equal to 1, when the first transmitted message (bootup message) is 
 284:CANopen/301/CO_driver.h ****     volatile uint16_t
 285:CANopen/301/CO_driver.h ****         CANtxCount;  /**< Number of messages in transmit buffer, which are waiting to be copied to 
 286:CANopen/301/CO_driver.h ****     uint32_t errOld; /**< Previous state of CAN errors */
 287:CANopen/301/CO_driver.h **** } CO_CANmodule_t;
 288:CANopen/301/CO_driver.h **** 
 289:CANopen/301/CO_driver.h **** /**
 290:CANopen/301/CO_driver.h ****  * Data storage object for one entry.
 291:CANopen/301/CO_driver.h ****  *
 292:CANopen/301/CO_driver.h ****  * Must be defined in the **CO_driver_target.h** file.
 293:CANopen/301/CO_driver.h ****  *
 294:CANopen/301/CO_driver.h ****  * For more information on Data storage see @ref CO_storage or **CO_storage.h** file. Structure mem
 295:CANopen/301/CO_driver.h ****  * are always required or required with @ref CO_storage_eeprom. Target system may add own additiona
 296:CANopen/301/CO_driver.h ****  * variables.
 297:CANopen/301/CO_driver.h ****  */
 298:CANopen/301/CO_driver.h **** typedef struct {
 299:CANopen/301/CO_driver.h ****     void* addr;         /**< Address of data to store, always required. */
 300:CANopen/301/CO_driver.h ****     size_t len;         /**< Length of data to store, always required. */
 301:CANopen/301/CO_driver.h ****     uint8_t subIndexOD; /**< Sub index in OD objects 1010 and 1011, from 2 to 127. Writing 0x657661
 302:CANopen/301/CO_driver.h ****                            will store data to non-volatile memory Writing 0x64616F6C to 1011,subInd
 303:CANopen/301/CO_driver.h ****                            default data, always required. */
 304:CANopen/301/CO_driver.h ****     uint8_t attr;       /**< Attribute from @ref CO_storage_attributes_t, always required. */
 305:CANopen/301/CO_driver.h ****     void* storageModule; /**< Pointer to storage module, target system specific usage, required wit
 306:CANopen/301/CO_driver.h ****                             CO_storage_eeprom. */
ARM GAS  C:\Users\Lenovo\AppData\Local\Temp\ccXm1HrZ.s 			page 9


 307:CANopen/301/CO_driver.h ****     uint16_t crc; /**< CRC checksum of the data stored in eeprom, set on store, required with @ref 
 308:CANopen/301/CO_driver.h ****     size_t eepromAddrSignature; /**< Address of entry signature inside eeprom, set by init, require
 309:CANopen/301/CO_driver.h ****                                    CO_storage_eeprom. */
 310:CANopen/301/CO_driver.h ****     size_t eepromAddr; /**< Address of data inside eeprom, set by init, required with @ref CO_stora
 311:CANopen/301/CO_driver.h ****     size_t offset; /**< Offset of next byte being updated by automatic storage, required with @ref 
 312:CANopen/301/CO_driver.h ****     void* additionalParameters; /**< Additional target specific parameters, optional. */
 313:CANopen/301/CO_driver.h **** } CO_storage_entry_t;
 314:CANopen/301/CO_driver.h **** 
 315:CANopen/301/CO_driver.h **** /**
 316:CANopen/301/CO_driver.h ****  * @defgroup CO_critical_sections Critical sections
 317:CANopen/301/CO_driver.h ****  * @{
 318:CANopen/301/CO_driver.h ****  *
 319:CANopen/301/CO_driver.h ****  * Protection of critical sections in multi-threaded operation.
 320:CANopen/301/CO_driver.h ****  *
 321:CANopen/301/CO_driver.h ****  * CANopenNode is designed to run in different threads, as described in [README.md](index.html). Th
 322:CANopen/301/CO_driver.h ****  * differently in different systems. In microcontrollers threads are interrupts with different prio
 323:CANopen/301/CO_driver.h ****  * It is necessary to protect sections, where different threads access to the same resource. In sim
 324:CANopen/301/CO_driver.h ****  * interrupts or scheduler may be temporary disabled between access to the shared resource. Otherwi
 325:CANopen/301/CO_driver.h ****  * semaphores can be used.
 326:CANopen/301/CO_driver.h ****  *
 327:CANopen/301/CO_driver.h ****  * #### Reentrant functions
 328:CANopen/301/CO_driver.h ****  * Functions CO_CANsend() from C_driver.h, and CO_error() from CO_Emergency.h may be called from di
 329:CANopen/301/CO_driver.h ****  * Critical sections must be protected. Either by disabling scheduler or interrupts or by mutexes o
 330:CANopen/301/CO_driver.h ****  * Lock/unlock macro is called with pointer to CAN module, which may be used inside.
 331:CANopen/301/CO_driver.h ****  *
 332:CANopen/301/CO_driver.h ****  * #### Object Dictionary variables
 333:CANopen/301/CO_driver.h ****  * In general, there are two threads, which accesses OD variables: mainline (initialization, storag
 334:CANopen/301/CO_driver.h ****  * timer (PDO access). CANopenNode uses locking mechanism, where SDO server (or other mainline code
 335:CANopen/301/CO_driver.h ****  * of the real-time thread at the moment it reads or writes OD variable. CO_LOCK_OD(CAN_MODULE) and
 336:CANopen/301/CO_driver.h ****  * CO_UNLOCK_OD(CAN_MODULE) macros are used to protect:
 337:CANopen/301/CO_driver.h ****  * - Whole real-time thread,
 338:CANopen/301/CO_driver.h ****  * - SDO server protects read/write access to OD variable.   Locking of long OD variables, not acce
 339:CANopen/301/CO_driver.h ****  *   thread, may   block RT thread.
 340:CANopen/301/CO_driver.h ****  * - Any mainline code, which accesses PDO-mappable OD variable, must protect   read/write with loc
 341:CANopen/301/CO_driver.h ****  *   OD_mappable() for check.
 342:CANopen/301/CO_driver.h ****  * - Other cases, where non-PDO-mappable OD variable is used inside real-time   thread by some othe
 343:CANopen/301/CO_driver.h ****  *   application must be considered with   special care. Also when there are multiple threads acces
 344:CANopen/301/CO_driver.h ****  *   (e.g. when using a RTOS), you should always lock the OD.
 345:CANopen/301/CO_driver.h ****  *
 346:CANopen/301/CO_driver.h ****  * #### Synchronization functions for CAN receive
 347:CANopen/301/CO_driver.h ****  * After CAN message is received, it is pre-processed in CANrx_callback(), which copies some data i
 348:CANopen/301/CO_driver.h ****  * object and at the end sets **new_message** flag. This flag is then pooled in another thread, whi
 349:CANopen/301/CO_driver.h ****  * the message. The problem is, that compiler optimization may shuffle memory operations, so it is 
 350:CANopen/301/CO_driver.h ****  * that **new_message** flag is surely set at the end. It is necessary to use [Memory
 351:CANopen/301/CO_driver.h ****  * barrier](https://en.wikipedia.org/wiki/Memory_barrier).
 352:CANopen/301/CO_driver.h ****  *
 353:CANopen/301/CO_driver.h ****  * If receive function runs inside IRQ, no further synchronization is needed. Otherwise, some kind 
 354:CANopen/301/CO_driver.h ****  * has to be included. The following example uses GCC builtin memory barrier `__sync_synchronize()`
 355:CANopen/301/CO_driver.h ****  * can be found [here](https://stackoverflow.com/questions/982129/what-does-sync-synchronize-do#982
 356:CANopen/301/CO_driver.h ****  */
 357:CANopen/301/CO_driver.h **** 
 358:CANopen/301/CO_driver.h **** #define CO_LOCK_CAN_SEND(CAN_MODULE)   /**< Lock critical section in CO_CANsend() */
 359:CANopen/301/CO_driver.h **** #define CO_UNLOCK_CAN_SEND(CAN_MODULE) /**< Unlock critical section in CO_CANsend() */
 360:CANopen/301/CO_driver.h **** #define CO_LOCK_EMCY(CAN_MODULE)       /**< Lock critical section in CO_errorReport() or CO_errorRe
 361:CANopen/301/CO_driver.h **** #define CO_UNLOCK_EMCY(CAN_MODULE)     /**< Unlock critical section in CO_errorReport() or CO_error
 362:CANopen/301/CO_driver.h **** #define CO_LOCK_OD(CAN_MODULE)         /**< Lock critical section when accessing Object Dictionary 
 363:CANopen/301/CO_driver.h **** #define CO_UNLOCK_OD(CAN_MODULE)       /**< Unock critical section when accessing Object Dictionary
ARM GAS  C:\Users\Lenovo\AppData\Local\Temp\ccXm1HrZ.s 			page 10


 364:CANopen/301/CO_driver.h **** 
 365:CANopen/301/CO_driver.h **** /** Check if new message has arrived */
 366:CANopen/301/CO_driver.h **** #define CO_FLAG_READ(rxNew)            ((rxNew) != NULL)
 367:CANopen/301/CO_driver.h **** /** Set new message flag */
 368:CANopen/301/CO_driver.h **** #define CO_FLAG_SET(rxNew)                                                                         
 369:CANopen/301/CO_driver.h ****     {                                                                                              
 370:CANopen/301/CO_driver.h ****         __sync_synchronize();                                                                      
 371:CANopen/301/CO_driver.h ****         rxNew = (void*)1L;                                                                         
 372:CANopen/301/CO_driver.h ****     }
 373:CANopen/301/CO_driver.h **** /** Clear new message flag */
 374:CANopen/301/CO_driver.h **** #define CO_FLAG_CLEAR(rxNew)                                                                       
 375:CANopen/301/CO_driver.h ****     {                                                                                              
 376:CANopen/301/CO_driver.h ****         __sync_synchronize();                                                                      
 377:CANopen/301/CO_driver.h ****         rxNew = NULL;                                                                              
 378:CANopen/301/CO_driver.h ****     }
 379:CANopen/301/CO_driver.h **** 
 380:CANopen/301/CO_driver.h **** /** @} */
 381:CANopen/301/CO_driver.h **** #endif /* CO_DOXYGEN */
 382:CANopen/301/CO_driver.h **** 
 383:CANopen/301/CO_driver.h **** /**
 384:CANopen/301/CO_driver.h ****  * @defgroup CO_Default_CAN_ID_t Default CANopen identifiers
 385:CANopen/301/CO_driver.h ****  * @{
 386:CANopen/301/CO_driver.h ****  *
 387:CANopen/301/CO_driver.h ****  * Default CANopen identifiers for CANopen communication objects. Same as 11-bit addresses of CAN m
 388:CANopen/301/CO_driver.h ****  * default identifiers and can be changed in CANopen. Especially PDO identifiers are configured in 
 389:CANopen/301/CO_driver.h ****  * the CANopen network configuration.
 390:CANopen/301/CO_driver.h ****  */
 391:CANopen/301/CO_driver.h **** #define CO_CAN_ID_NMT_SERVICE 0x000U /**< 0x000 Network management */
 392:CANopen/301/CO_driver.h **** #define CO_CAN_ID_GFC         0x001U /**< 0x001 Global fail-safe command */
 393:CANopen/301/CO_driver.h **** #define CO_CAN_ID_SYNC        0x080U /**< 0x080 Synchronous message */
 394:CANopen/301/CO_driver.h **** #define CO_CAN_ID_EMERGENCY   0x080U /**< 0x080 Emergency messages (+nodeID) */
 395:CANopen/301/CO_driver.h **** #define CO_CAN_ID_TIME        0x100U /**< 0x100 Time message */
 396:CANopen/301/CO_driver.h **** #define CO_CAN_ID_SRDO_1      0x0FFU /**< 0x0FF Default SRDO1 (+2*nodeID) */
 397:CANopen/301/CO_driver.h **** #define CO_CAN_ID_TPDO_1      0x180U /**< 0x180 Default TPDO1 (+nodeID) */
 398:CANopen/301/CO_driver.h **** #define CO_CAN_ID_RPDO_1      0x200U /**< 0x200 Default RPDO1 (+nodeID) */
 399:CANopen/301/CO_driver.h **** #define CO_CAN_ID_TPDO_2      0x280U /**< 0x280 Default TPDO2 (+nodeID) */
 400:CANopen/301/CO_driver.h **** #define CO_CAN_ID_RPDO_2      0x300U /**< 0x300 Default RPDO2 (+nodeID) */
 401:CANopen/301/CO_driver.h **** #define CO_CAN_ID_TPDO_3      0x380U /**< 0x380 Default TPDO3 (+nodeID) */
 402:CANopen/301/CO_driver.h **** #define CO_CAN_ID_RPDO_3      0x400U /**< 0x400 Default RPDO3 (+nodeID) */
 403:CANopen/301/CO_driver.h **** #define CO_CAN_ID_TPDO_4      0x480U /**< 0x480 Default TPDO4 (+nodeID) */
 404:CANopen/301/CO_driver.h **** #define CO_CAN_ID_RPDO_4      0x500U /**< 0x500 Default RPDO5 (+nodeID) */
 405:CANopen/301/CO_driver.h **** #define CO_CAN_ID_SDO_SRV     0x580U /**< 0x580 SDO response from server (+nodeID) */
 406:CANopen/301/CO_driver.h **** #define CO_CAN_ID_SDO_CLI     0x600U /**< 0x600 SDO request from client (+nodeID) */
 407:CANopen/301/CO_driver.h **** #define CO_CAN_ID_HEARTBEAT   0x700U /**< 0x700 Heartbeat message */
 408:CANopen/301/CO_driver.h **** #define CO_CAN_ID_LSS_SLV     0x7E4U /**< 0x7E4 LSS response from slave */
 409:CANopen/301/CO_driver.h **** #define CO_CAN_ID_LSS_MST     0x7E5U /**< 0x7E5 LSS request from master */
 410:CANopen/301/CO_driver.h **** 
 411:CANopen/301/CO_driver.h **** /** @} */ /* CO_Default_CAN_ID_t */
 412:CANopen/301/CO_driver.h **** 
 413:CANopen/301/CO_driver.h **** /**
 414:CANopen/301/CO_driver.h ****  * Restricted CAN-IDs
 415:CANopen/301/CO_driver.h ****  *
 416:CANopen/301/CO_driver.h ****  * Macro for verifying 'Restricted CAN-IDs', as specified by standard CiA301. They shall not be use
 417:CANopen/301/CO_driver.h ****  * EMCY, PDO and SDO.
 418:CANopen/301/CO_driver.h ****  */
 419:CANopen/301/CO_driver.h **** #ifndef CO_IS_RESTRICTED_CAN_ID
 420:CANopen/301/CO_driver.h **** #define CO_IS_RESTRICTED_CAN_ID(CAN_ID)                                                            
ARM GAS  C:\Users\Lenovo\AppData\Local\Temp\ccXm1HrZ.s 			page 11


 421:CANopen/301/CO_driver.h ****     (((CAN_ID) <= 0x7FU) || (((CAN_ID) >= 0x101U) && ((CAN_ID) <= 0x180U))                         
 422:CANopen/301/CO_driver.h ****      || (((CAN_ID) >= 0x581U) && ((CAN_ID) <= 0x5FFU)) || (((CAN_ID) >= 0x601U) && ((CAN_ID) <= 0x6
 423:CANopen/301/CO_driver.h ****      || (((CAN_ID) >= 0x6E0U) && ((CAN_ID) <= 0x6FFU)) || ((CAN_ID) >= 0x701U))
 424:CANopen/301/CO_driver.h **** #endif
 425:CANopen/301/CO_driver.h **** 
 426:CANopen/301/CO_driver.h **** /**
 427:CANopen/301/CO_driver.h ****  * @defgroup CO_CAN_ERR_status_t CAN error status bitmasks
 428:CANopen/301/CO_driver.h ****  * @{
 429:CANopen/301/CO_driver.h ****  *
 430:CANopen/301/CO_driver.h ****  * CAN warning level is reached, if CAN transmit or receive error counter is more or equal to 96. C
 431:CANopen/301/CO_driver.h ****  * reached, if counters are more or equal to 128. Transmitter goes in error state 'bus off' if tran
 432:CANopen/301/CO_driver.h ****  * more or equal to 256.
 433:CANopen/301/CO_driver.h ****  */
 434:CANopen/301/CO_driver.h **** #define CO_CAN_ERRTX_WARNING    0x0001U /**< 0x0001 CAN transmitter warning */
 435:CANopen/301/CO_driver.h **** #define CO_CAN_ERRTX_PASSIVE    0x0002U /**< 0x0002 CAN transmitter passive */
 436:CANopen/301/CO_driver.h **** #define CO_CAN_ERRTX_BUS_OFF    0x0004U /**< 0x0004 CAN transmitter bus off */
 437:CANopen/301/CO_driver.h **** #define CO_CAN_ERRTX_OVERFLOW   0x0008U /**< 0x0008 CAN transmitter overflow */
 438:CANopen/301/CO_driver.h **** #define CO_CAN_ERRTX_PDO_LATE   0x0080U /**< 0x0080 TPDO is outside sync window */
 439:CANopen/301/CO_driver.h **** #define CO_CAN_ERRRX_WARNING    0x0100U /**< 0x0100 CAN receiver warning */
 440:CANopen/301/CO_driver.h **** #define CO_CAN_ERRRX_PASSIVE    0x0200U /**< 0x0200 CAN receiver passive */
 441:CANopen/301/CO_driver.h **** #define CO_CAN_ERRRX_OVERFLOW   0x0800U /**< 0x0800 CAN receiver overflow */
 442:CANopen/301/CO_driver.h **** #define CO_CAN_ERR_WARN_PASSIVE 0x0303U /**< 0x0303 combination */
 443:CANopen/301/CO_driver.h **** 
 444:CANopen/301/CO_driver.h **** /** @} */ /* CO_CAN_ERR_status_t */
 445:CANopen/301/CO_driver.h **** 
 446:CANopen/301/CO_driver.h **** /**
 447:CANopen/301/CO_driver.h ****  * Return values of some CANopen functions. If function was executed successfully it returns 0 othe
 448:CANopen/301/CO_driver.h ****  */
 449:CANopen/301/CO_driver.h **** typedef enum {
 450:CANopen/301/CO_driver.h ****     CO_ERROR_NO = 0,                /**< Operation completed successfully */
 451:CANopen/301/CO_driver.h ****     CO_ERROR_ILLEGAL_ARGUMENT = -1, /**< Error in function arguments */
 452:CANopen/301/CO_driver.h ****     CO_ERROR_OUT_OF_MEMORY = -2,    /**< Memory allocation failed */
 453:CANopen/301/CO_driver.h ****     CO_ERROR_TIMEOUT = -3,          /**< Function timeout */
 454:CANopen/301/CO_driver.h ****     CO_ERROR_ILLEGAL_BAUDRATE = -4, /**< Illegal baudrate passed to function CO_CANmodule_init() */
 455:CANopen/301/CO_driver.h ****     CO_ERROR_RX_OVERFLOW = -5,      /**< Previous message was not processed yet */
 456:CANopen/301/CO_driver.h ****     CO_ERROR_RX_PDO_OVERFLOW = -6,  /**< previous PDO was not processed yet */
 457:CANopen/301/CO_driver.h ****     CO_ERROR_RX_MSG_LENGTH = -7,    /**< Wrong receive message length */
 458:CANopen/301/CO_driver.h ****     CO_ERROR_RX_PDO_LENGTH = -8,    /**< Wrong receive PDO length */
 459:CANopen/301/CO_driver.h ****     CO_ERROR_TX_OVERFLOW = -9,      /**< Previous message is still waiting, buffer full */
 460:CANopen/301/CO_driver.h ****     CO_ERROR_TX_PDO_WINDOW = -10,   /**< Synchronous TPDO is outside window */
 461:CANopen/301/CO_driver.h ****     CO_ERROR_TX_UNCONFIGURED = -11, /**< Transmit buffer was not configured properly */
 462:CANopen/301/CO_driver.h ****     CO_ERROR_OD_PARAMETERS = -12,   /**< Error in Object Dictionary parameters */
 463:CANopen/301/CO_driver.h ****     CO_ERROR_DATA_CORRUPT = -13,    /**< Stored data are corrupt */
 464:CANopen/301/CO_driver.h ****     CO_ERROR_CRC = -14,             /**< CRC does not match */
 465:CANopen/301/CO_driver.h ****     CO_ERROR_TX_BUSY = -15,         /**< Sending rejected because driver is busy. Try again */
 466:CANopen/301/CO_driver.h ****     CO_ERROR_WRONG_NMT_STATE = -16, /**< Command can't be processed in current state */
 467:CANopen/301/CO_driver.h ****     CO_ERROR_SYSCALL = -17,         /**< Syscall failed */
 468:CANopen/301/CO_driver.h ****     CO_ERROR_INVALID_STATE = -18,   /**< Driver not ready */
 469:CANopen/301/CO_driver.h ****     CO_ERROR_NODE_ID_UNCONFIGURED_LSS =
 470:CANopen/301/CO_driver.h ****         -19 /**< Node-id is in LSS unconfigured state. If objects are handled properly, this may no
 471:CANopen/301/CO_driver.h **** } CO_ReturnError_t;
 472:CANopen/301/CO_driver.h **** 
 473:CANopen/301/CO_driver.h **** /**
 474:CANopen/301/CO_driver.h ****  * Request CAN configuration (stopped) mode and *wait* until it is set.
 475:CANopen/301/CO_driver.h ****  *
 476:CANopen/301/CO_driver.h ****  * @param CANptr Pointer to CAN device
 477:CANopen/301/CO_driver.h ****  */
ARM GAS  C:\Users\Lenovo\AppData\Local\Temp\ccXm1HrZ.s 			page 12


 478:CANopen/301/CO_driver.h **** void CO_CANsetConfigurationMode(void* CANptr);
 479:CANopen/301/CO_driver.h **** 
 480:CANopen/301/CO_driver.h **** /**
 481:CANopen/301/CO_driver.h ****  * Request CAN normal (operational) mode and *wait* until it is set.
 482:CANopen/301/CO_driver.h ****  *
 483:CANopen/301/CO_driver.h ****  * @param CANmodule CO_CANmodule_t object.
 484:CANopen/301/CO_driver.h ****  */
 485:CANopen/301/CO_driver.h **** void CO_CANsetNormalMode(CO_CANmodule_t* CANmodule);
 486:CANopen/301/CO_driver.h **** 
 487:CANopen/301/CO_driver.h **** /**
 488:CANopen/301/CO_driver.h ****  * Initialize CAN module object.
 489:CANopen/301/CO_driver.h ****  *
 490:CANopen/301/CO_driver.h ****  * Function must be called in the communication reset section. CAN module must be in Configuration 
 491:CANopen/301/CO_driver.h ****  *
 492:CANopen/301/CO_driver.h ****  * @param CANmodule This object will be initialized.
 493:CANopen/301/CO_driver.h ****  * @param CANptr Pointer to CAN device.
 494:CANopen/301/CO_driver.h ****  * @param rxArray Array for handling received CAN messages
 495:CANopen/301/CO_driver.h ****  * @param rxSize Size of the above array. Must be equal to number of receiving CAN objects.
 496:CANopen/301/CO_driver.h ****  * @param txArray Array for handling transmitting CAN messages
 497:CANopen/301/CO_driver.h ****  * @param txSize Size of the above array. Must be equal to number of transmitting CAN objects.
 498:CANopen/301/CO_driver.h ****  * @param CANbitRate Valid values are (in kbps): 10, 20, 50, 125, 250, 500, 800, 1000. If value is 
 499:CANopen/301/CO_driver.h ****  * defaults to 125.
 500:CANopen/301/CO_driver.h ****  *
 501:CANopen/301/CO_driver.h ****  * Return #CO_ReturnError_t: CO_ERROR_NO or CO_ERROR_ILLEGAL_ARGUMENT.
 502:CANopen/301/CO_driver.h ****  */
 503:CANopen/301/CO_driver.h **** CO_ReturnError_t CO_CANmodule_init(CO_CANmodule_t* CANmodule, void* CANptr, CO_CANrx_t rxArray[], u
 504:CANopen/301/CO_driver.h ****                                    CO_CANtx_t txArray[], uint16_t txSize, uint16_t CANbitRate);
 505:CANopen/301/CO_driver.h **** 
 506:CANopen/301/CO_driver.h **** /**
 507:CANopen/301/CO_driver.h ****  * Switch off CANmodule. Call at program exit.
 508:CANopen/301/CO_driver.h ****  *
 509:CANopen/301/CO_driver.h ****  * @param CANmodule CAN module object.
 510:CANopen/301/CO_driver.h ****  */
 511:CANopen/301/CO_driver.h **** void CO_CANmodule_disable(CO_CANmodule_t* CANmodule);
 512:CANopen/301/CO_driver.h **** 
 513:CANopen/301/CO_driver.h **** /**
 514:CANopen/301/CO_driver.h ****  * Configure CAN message receive buffer.
 515:CANopen/301/CO_driver.h ****  *
 516:CANopen/301/CO_driver.h ****  * Function configures specific CAN receive buffer. It sets CAN identifier and connects buffer with
 517:CANopen/301/CO_driver.h ****  * Function must be called for each member in _rxArray_ from CO_CANmodule_t.
 518:CANopen/301/CO_driver.h ****  *
 519:CANopen/301/CO_driver.h ****  * @param CANmodule This object.
 520:CANopen/301/CO_driver.h ****  * @param index Index of the specific buffer in _rxArray_.
 521:CANopen/301/CO_driver.h ****  * @param ident 11-bit standard CAN Identifier. If two or more CANrx buffers have the same _ident_,
 522:CANopen/301/CO_driver.h ****  * lowest _index_ has precedence and other CANrx buffers will be ignored.
 523:CANopen/301/CO_driver.h ****  * @param mask 11-bit mask for identifier. Most usually set to 0x7FF. Received message (rcvMsg) wil
 524:CANopen/301/CO_driver.h ****  * following condition is true: (((rcvMsgId ^ ident) & mask) == 0).
 525:CANopen/301/CO_driver.h ****  * @param rtr If true, 'Remote Transmit Request' messages will be accepted.
 526:CANopen/301/CO_driver.h ****  * @param object CANopen object, to which buffer is connected. It will be used as an argument to CA
 527:CANopen/301/CO_driver.h ****  * type is (void), CANrx_callback will change its type back to the correct object type.
 528:CANopen/301/CO_driver.h ****  * @param CANrx_callback Pointer to function, which will be called, if received CAN message matches
 529:CANopen/301/CO_driver.h ****  * must be fast function.
 530:CANopen/301/CO_driver.h ****  *
 531:CANopen/301/CO_driver.h ****  * Return #CO_ReturnError_t: CO_ERROR_NO CO_ERROR_ILLEGAL_ARGUMENT or CO_ERROR_OUT_OF_MEMORY (not e
 532:CANopen/301/CO_driver.h ****  * configuration).
 533:CANopen/301/CO_driver.h ****  */
 534:CANopen/301/CO_driver.h **** CO_ReturnError_t CO_CANrxBufferInit(CO_CANmodule_t* CANmodule, uint16_t index, uint16_t ident, uint
ARM GAS  C:\Users\Lenovo\AppData\Local\Temp\ccXm1HrZ.s 			page 13


 535:CANopen/301/CO_driver.h ****                                     bool_t rtr, void* object, void (*CANrx_callback)(void* object, 
 536:CANopen/301/CO_driver.h **** 
 537:CANopen/301/CO_driver.h **** /**
 538:CANopen/301/CO_driver.h ****  * Configure CAN message transmit buffer.
 539:CANopen/301/CO_driver.h ****  *
 540:CANopen/301/CO_driver.h ****  * Function configures specific CAN transmit buffer. Function must be called for each member in _tx
 541:CANopen/301/CO_driver.h ****  * CO_CANmodule_t.
 542:CANopen/301/CO_driver.h ****  *
 543:CANopen/301/CO_driver.h ****  * @param CANmodule This object.
 544:CANopen/301/CO_driver.h ****  * @param index Index of the specific buffer in _txArray_.
 545:CANopen/301/CO_driver.h ****  * @param ident 11-bit standard CAN Identifier.
 546:CANopen/301/CO_driver.h ****  * @param rtr If true, 'Remote Transmit Request' messages will be transmitted.
 547:CANopen/301/CO_driver.h ****  * @param noOfBytes Length of CAN message in bytes (0 to 8 bytes).
 548:CANopen/301/CO_driver.h ****  * @param syncFlag This flag bit is used for synchronous TPDO messages. If it is set, message will 
 549:CANopen/301/CO_driver.h ****  * current time is outside synchronous window.
 550:CANopen/301/CO_driver.h ****  *
 551:CANopen/301/CO_driver.h ****  * @return Pointer to CAN transmit message buffer. 8 bytes data array inside buffer should be writt
 552:CANopen/301/CO_driver.h ****  * CO_CANsend() function is called. Zero is returned in case of wrong arguments.
 553:CANopen/301/CO_driver.h ****  */
 554:CANopen/301/CO_driver.h **** CO_CANtx_t* CO_CANtxBufferInit(CO_CANmodule_t* CANmodule, uint16_t index, uint16_t ident, bool_t rt
 555:CANopen/301/CO_driver.h ****                                bool_t syncFlag);
 556:CANopen/301/CO_driver.h **** 
 557:CANopen/301/CO_driver.h **** /**
 558:CANopen/301/CO_driver.h ****  * Send CAN message.
 559:CANopen/301/CO_driver.h ****  *
 560:CANopen/301/CO_driver.h ****  * @param CANmodule This object.
 561:CANopen/301/CO_driver.h ****  * @param buffer Pointer to transmit buffer, returned by CO_CANtxBufferInit(). Data bytes must be w
 562:CANopen/301/CO_driver.h ****  * before function call.
 563:CANopen/301/CO_driver.h ****  *
 564:CANopen/301/CO_driver.h ****  * @return #CO_ReturnError_t: CO_ERROR_NO, CO_ERROR_TX_OVERFLOW or CO_ERROR_TX_PDO_WINDOW (Synchron
 565:CANopen/301/CO_driver.h ****  * window).
 566:CANopen/301/CO_driver.h ****  */
 567:CANopen/301/CO_driver.h **** CO_ReturnError_t CO_CANsend(CO_CANmodule_t* CANmodule, CO_CANtx_t* buffer);
 568:CANopen/301/CO_driver.h **** 
 569:CANopen/301/CO_driver.h **** /**
 570:CANopen/301/CO_driver.h ****  * Clear all synchronous TPDOs from CAN module transmit buffers.
 571:CANopen/301/CO_driver.h ****  *
 572:CANopen/301/CO_driver.h ****  * CANopen allows synchronous PDO communication only inside time between SYNC message and SYNC Wind
 573:CANopen/301/CO_driver.h ****  * outside this window, new synchronous PDOs must not be sent and all pending sync TPDOs, which may
 574:CANopen/301/CO_driver.h ****  * buffers, may optionally be cleared.
 575:CANopen/301/CO_driver.h ****  *
 576:CANopen/301/CO_driver.h ****  * This function checks (and aborts transmission if necessary) CAN TX buffers when it is called. Fu
 577:CANopen/301/CO_driver.h ****  * called by the stack in the moment, when SYNC time was just passed out of synchronous window.
 578:CANopen/301/CO_driver.h ****  *
 579:CANopen/301/CO_driver.h ****  * @param CANmodule This object.
 580:CANopen/301/CO_driver.h ****  */
 581:CANopen/301/CO_driver.h **** void CO_CANclearPendingSyncPDOs(CO_CANmodule_t* CANmodule);
 582:CANopen/301/CO_driver.h **** 
 583:CANopen/301/CO_driver.h **** /**
 584:CANopen/301/CO_driver.h ****  * Process can module - verify CAN errors
 585:CANopen/301/CO_driver.h ****  *
 586:CANopen/301/CO_driver.h ****  * Function must be called cyclically. It should calculate CANerrorStatus bitfield for CAN errors d
 587:CANopen/301/CO_driver.h ****  * CO_CAN_ERR_status_t.
 588:CANopen/301/CO_driver.h ****  *
 589:CANopen/301/CO_driver.h ****  * @param CANmodule This object.
 590:CANopen/301/CO_driver.h ****  */
 591:CANopen/301/CO_driver.h **** void CO_CANmodule_process(CO_CANmodule_t* CANmodule);
ARM GAS  C:\Users\Lenovo\AppData\Local\Temp\ccXm1HrZ.s 			page 14


 592:CANopen/301/CO_driver.h **** 
 593:CANopen/301/CO_driver.h **** /**
 594:CANopen/301/CO_driver.h ****  * Get uint8_t value from memory buffer
 595:CANopen/301/CO_driver.h ****  *
 596:CANopen/301/CO_driver.h ****  * @param buf Memory buffer to get value from.
 597:CANopen/301/CO_driver.h ****  *
 598:CANopen/301/CO_driver.h ****  * @return Value
 599:CANopen/301/CO_driver.h ****  */
 600:CANopen/301/CO_driver.h **** static inline uint8_t
 601:CANopen/301/CO_driver.h **** CO_getUint8(const void* buf) {
 602:CANopen/301/CO_driver.h ****     uint8_t value;
 603:CANopen/301/CO_driver.h ****     (void)memmove((void*)&value, buf, sizeof(value));
 604:CANopen/301/CO_driver.h ****     return value;
 605:CANopen/301/CO_driver.h **** }
 606:CANopen/301/CO_driver.h **** 
 607:CANopen/301/CO_driver.h **** /** Get uint16_t value from memory buffer, see @ref CO_getUint8 */
 608:CANopen/301/CO_driver.h **** static inline uint16_t
 609:CANopen/301/CO_driver.h **** CO_getUint16(const void* buf) {
  88              		.loc 2 609 1 view .LVU20
  89              	.LBB21:
 610:CANopen/301/CO_driver.h ****     uint16_t value;
  90              		.loc 2 610 5 view .LVU21
 611:CANopen/301/CO_driver.h ****     (void)memmove((void*)&value, buf, sizeof(value));
  91              		.loc 2 611 5 view .LVU22
  92              		.loc 2 611 11 is_stmt 0 view .LVU23
  93 0016 0888     		ldrh	r0, [r1]	@ unaligned
  94              	.LVL4:
 612:CANopen/301/CO_driver.h ****     return value;
  95              		.loc 2 612 5 is_stmt 1 view .LVU24
  96              		.loc 2 612 5 is_stmt 0 view .LVU25
  97              	.LBE21:
  98              	.LBE20:
  99              		.loc 1 65 58 discriminator 1 view .LVU26
 100 0018 4FF47A7E 		mov	lr, #1000
 101 001c 0EFB00F0 		mul	r0, lr, r0
 102              	.LVL5:
 103              		.loc 1 65 28 discriminator 1 view .LVU27
 104 0020 A060     		str	r0, [r4, #8]
 105              	.LVL6:
  66:CANopen/301/CO_NMT_Heartbeat.c ****     NMT->HBproducerTimer = 0;
 106              		.loc 1 66 5 is_stmt 1 view .LVU28
 107              		.loc 1 66 26 is_stmt 0 view .LVU29
 108 0022 0020     		movs	r0, #0
 109 0024 E060     		str	r0, [r4, #12]
  67:CANopen/301/CO_NMT_Heartbeat.c **** 
  68:CANopen/301/CO_NMT_Heartbeat.c ****     /* write value to the original location in the Object Dictionary */
  69:CANopen/301/CO_NMT_Heartbeat.c ****     return OD_writeOriginal(stream, buf, count, countWritten);
 110              		.loc 1 69 5 is_stmt 1 view .LVU30
 111              		.loc 1 69 12 is_stmt 0 view .LVU31
 112 0026 6046     		mov	r0, ip
 113 0028 FFF7FEFF 		bl	OD_writeOriginal
 114              	.LVL7:
  70:CANopen/301/CO_NMT_Heartbeat.c **** }
 115              		.loc 1 70 1 view .LVU32
 116 002c 10BD     		pop	{r4, pc}
 117              	.LVL8:
 118              	.L4:
ARM GAS  C:\Users\Lenovo\AppData\Local\Temp\ccXm1HrZ.s 			page 15


 119              	.LCFI1:
 120              		.cfi_def_cfa_offset 0
 121              		.cfi_restore 4
 122              		.cfi_restore 14
  59:CANopen/301/CO_NMT_Heartbeat.c ****     }
 123              		.loc 1 59 16 view .LVU33
 124 002e 0920     		movs	r0, #9
 125              	.LVL9:
  59:CANopen/301/CO_NMT_Heartbeat.c ****     }
 126              		.loc 1 59 16 view .LVU34
 127 0030 7047     		bx	lr
 128              	.LVL10:
 129              	.L5:
  59:CANopen/301/CO_NMT_Heartbeat.c ****     }
 130              		.loc 1 59 16 view .LVU35
 131 0032 0920     		movs	r0, #9
 132 0034 7047     		bx	lr
 133              	.L6:
 134 0036 0920     		movs	r0, #9
 135 0038 7047     		bx	lr
 136              	.L7:
 137 003a 0920     		movs	r0, #9
 138 003c 7047     		bx	lr
 139              	.L8:
 140 003e 0920     		movs	r0, #9
 141              		.loc 1 70 1 view .LVU36
 142 0040 7047     		bx	lr
 143              		.cfi_endproc
 144              	.LFE37:
 146              		.section	.text.CO_NMT_init,"ax",%progbits
 147              		.align	1
 148              		.global	CO_NMT_init
 149              		.syntax unified
 150              		.thumb
 151              		.thumb_func
 153              	CO_NMT_init:
 154              	.LVL11:
 155              	.LFB38:
  71:CANopen/301/CO_NMT_Heartbeat.c **** 
  72:CANopen/301/CO_NMT_Heartbeat.c **** CO_ReturnError_t
  73:CANopen/301/CO_NMT_Heartbeat.c **** CO_NMT_init(CO_NMT_t* NMT, OD_entry_t* OD_1017_ProducerHbTime, CO_EM_t* em, uint8_t nodeId, uint16_
  74:CANopen/301/CO_NMT_Heartbeat.c ****             uint16_t firstHBTime_ms, CO_CANmodule_t* NMT_CANdevRx, uint16_t NMT_rxIdx, uint16_t CAN
  75:CANopen/301/CO_NMT_Heartbeat.c **** #if (((CO_CONFIG_NMT)&CO_CONFIG_NMT_MASTER) != 0) || defined CO_DOXYGEN
  76:CANopen/301/CO_NMT_Heartbeat.c ****             CO_CANmodule_t* NMT_CANdevTx, uint16_t NMT_txIdx, uint16_t CANidTxNMT,
  77:CANopen/301/CO_NMT_Heartbeat.c **** #endif
  78:CANopen/301/CO_NMT_Heartbeat.c ****             CO_CANmodule_t* HB_CANdevTx, uint16_t HB_txIdx, uint16_t CANidTxHB, uint32_t* errInfo) 
 156              		.loc 1 78 100 is_stmt 1 view -0
 157              		.cfi_startproc
 158              		@ args = 36, pretend = 0, frame = 8
 159              		@ frame_needed = 0, uses_anonymous_args = 0
 160              		.loc 1 78 100 is_stmt 0 view .LVU38
 161 0000 2DE9F043 		push	{r4, r5, r6, r7, r8, r9, lr}
 162              	.LCFI2:
 163              		.cfi_def_cfa_offset 28
 164              		.cfi_offset 4, -28
 165              		.cfi_offset 5, -24
 166              		.cfi_offset 6, -20
ARM GAS  C:\Users\Lenovo\AppData\Local\Temp\ccXm1HrZ.s 			page 16


 167              		.cfi_offset 7, -16
 168              		.cfi_offset 8, -12
 169              		.cfi_offset 9, -8
 170              		.cfi_offset 14, -4
 171 0004 87B0     		sub	sp, sp, #28
 172              	.LCFI3:
 173              		.cfi_def_cfa_offset 56
 174 0006 DDF84080 		ldr	r8, [sp, #64]
 175 000a DDF84C90 		ldr	r9, [sp, #76]
  79:CANopen/301/CO_NMT_Heartbeat.c ****     CO_ReturnError_t ret = CO_ERROR_NO;
 176              		.loc 1 79 5 is_stmt 1 view .LVU39
 177              	.LVL12:
  80:CANopen/301/CO_NMT_Heartbeat.c **** 
  81:CANopen/301/CO_NMT_Heartbeat.c ****     /* verify arguments */
  82:CANopen/301/CO_NMT_Heartbeat.c ****     if ((NMT == NULL) || (OD_1017_ProducerHbTime == NULL) || (em == NULL) || (NMT_CANdevRx == NULL)
 178              		.loc 1 82 5 view .LVU40
 179              		.loc 1 82 8 is_stmt 0 view .LVU41
 180 000e 0028     		cmp	r0, #0
 181 0010 6AD0     		beq	.L18
 182 0012 0D46     		mov	r5, r1
 183 0014 1646     		mov	r6, r2
 184 0016 1F46     		mov	r7, r3
 185 0018 0446     		mov	r4, r0
 186              		.loc 1 82 23 discriminator 1 view .LVU42
 187 001a 0029     		cmp	r1, #0
 188 001c 67D0     		beq	.L19
 189              		.loc 1 82 59 discriminator 2 view .LVU43
 190 001e 002A     		cmp	r2, #0
 191 0020 68D0     		beq	.L20
 192              		.loc 1 82 75 discriminator 3 view .LVU44
 193 0022 B8F1000F 		cmp	r8, #0
 194 0026 68D0     		beq	.L21
  83:CANopen/301/CO_NMT_Heartbeat.c ****         || (HB_CANdevTx == NULL)
 195              		.loc 1 83 9 view .LVU45
 196 0028 B9F1000F 		cmp	r9, #0
 197 002c 68D0     		beq	.L22
  84:CANopen/301/CO_NMT_Heartbeat.c **** #if ((CO_CONFIG_NMT)&CO_CONFIG_NMT_MASTER) != 0
  85:CANopen/301/CO_NMT_Heartbeat.c ****         || (NMT_CANdevTx == NULL)
  86:CANopen/301/CO_NMT_Heartbeat.c **** #endif
  87:CANopen/301/CO_NMT_Heartbeat.c ****     ) {
  88:CANopen/301/CO_NMT_Heartbeat.c ****         return CO_ERROR_ILLEGAL_ARGUMENT;
  89:CANopen/301/CO_NMT_Heartbeat.c ****     }
  90:CANopen/301/CO_NMT_Heartbeat.c **** 
  91:CANopen/301/CO_NMT_Heartbeat.c ****     /* clear the object */
  92:CANopen/301/CO_NMT_Heartbeat.c ****     (void)memset(NMT, 0, sizeof(CO_NMT_t));
 198              		.loc 1 92 5 is_stmt 1 view .LVU46
 199              		.loc 1 92 11 is_stmt 0 view .LVU47
 200 002e 2C22     		movs	r2, #44
 201              	.LVL13:
 202              		.loc 1 92 11 view .LVU48
 203 0030 0021     		movs	r1, #0
 204              	.LVL14:
 205              		.loc 1 92 11 view .LVU49
 206 0032 FFF7FEFF 		bl	memset
 207              	.LVL15:
  93:CANopen/301/CO_NMT_Heartbeat.c **** 
  94:CANopen/301/CO_NMT_Heartbeat.c ****     /* Configure object variables */
ARM GAS  C:\Users\Lenovo\AppData\Local\Temp\ccXm1HrZ.s 			page 17


  95:CANopen/301/CO_NMT_Heartbeat.c ****     NMT->operatingState = CO_NMT_INITIALIZING;
 208              		.loc 1 95 5 is_stmt 1 view .LVU50
  96:CANopen/301/CO_NMT_Heartbeat.c ****     NMT->operatingStatePrev = CO_NMT_INITIALIZING;
 209              		.loc 1 96 5 view .LVU51
  97:CANopen/301/CO_NMT_Heartbeat.c ****     NMT->nodeId = nodeId;
 210              		.loc 1 97 5 view .LVU52
 211              		.loc 1 97 17 is_stmt 0 view .LVU53
 212 0036 E770     		strb	r7, [r4, #3]
  98:CANopen/301/CO_NMT_Heartbeat.c ****     NMT->NMTcontrol = NMTcontrol;
 213              		.loc 1 98 5 is_stmt 1 view .LVU54
 214              		.loc 1 98 21 is_stmt 0 view .LVU55
 215 0038 BDF83830 		ldrh	r3, [sp, #56]
 216 003c A380     		strh	r3, [r4, #4]	@ movhi
  99:CANopen/301/CO_NMT_Heartbeat.c ****     NMT->em = em;
 217              		.loc 1 99 5 is_stmt 1 view .LVU56
 218              		.loc 1 99 13 is_stmt 0 view .LVU57
 219 003e 2662     		str	r6, [r4, #32]
 100:CANopen/301/CO_NMT_Heartbeat.c ****     NMT->HBproducerTimer = (uint32_t)firstHBTime_ms * 1000U;
 220              		.loc 1 100 5 is_stmt 1 view .LVU58
 221              		.loc 1 100 53 is_stmt 0 view .LVU59
 222 0040 BDF83C30 		ldrh	r3, [sp, #60]
 223 0044 4FF47A72 		mov	r2, #1000
 224 0048 02FB03F3 		mul	r3, r2, r3
 225              		.loc 1 100 26 view .LVU60
 226 004c E360     		str	r3, [r4, #12]
 101:CANopen/301/CO_NMT_Heartbeat.c **** 
 102:CANopen/301/CO_NMT_Heartbeat.c ****     /* get and verify required "Producer heartbeat time" from Object Dict. */
 103:CANopen/301/CO_NMT_Heartbeat.c ****     uint16_t HBprodTime_ms;
 227              		.loc 1 103 5 is_stmt 1 view .LVU61
 104:CANopen/301/CO_NMT_Heartbeat.c ****     ODR_t odRet = OD_get_u16(OD_1017_ProducerHbTime, 0, &HBprodTime_ms, true);
 228              		.loc 1 104 5 view .LVU62
 229              	.LVL16:
 230              	.LBB22:
 231              	.LBI22:
 232              		.file 3 "CANopen/301/CO_ODinterface.h"
   1:CANopen/301/CO_ODinterface.h **** /**
   2:CANopen/301/CO_ODinterface.h ****  * CANopen Object Dictionary interface
   3:CANopen/301/CO_ODinterface.h ****  *
   4:CANopen/301/CO_ODinterface.h ****  * @file        CO_ODinterface.h
   5:CANopen/301/CO_ODinterface.h ****  * @ingroup     CO_ODinterface
   6:CANopen/301/CO_ODinterface.h ****  * @author      Janez Paternoster
   7:CANopen/301/CO_ODinterface.h ****  * @copyright   2020 Janez Paternoster
   8:CANopen/301/CO_ODinterface.h ****  *
   9:CANopen/301/CO_ODinterface.h ****  * This file is part of <https://github.com/CANopenNode/CANopenNode>, a CANopen Stack.
  10:CANopen/301/CO_ODinterface.h ****  *
  11:CANopen/301/CO_ODinterface.h ****  * Licensed under the Apache License, Version 2.0 (the "License"); you may not use this
  12:CANopen/301/CO_ODinterface.h ****  * file except in compliance with the License. You may obtain a copy of the License at
  13:CANopen/301/CO_ODinterface.h ****  *
  14:CANopen/301/CO_ODinterface.h ****  *     http://www.apache.org/licenses/LICENSE-2.0
  15:CANopen/301/CO_ODinterface.h ****  *
  16:CANopen/301/CO_ODinterface.h ****  * Unless required by applicable law or agreed to in writing, software distributed under the Licens
  17:CANopen/301/CO_ODinterface.h ****  * distributed on an "AS IS" BASIS, WITHOUT WARRANTIES OR CONDITIONS OF ANY KIND, either express or
  18:CANopen/301/CO_ODinterface.h ****  * See the License for the specific language governing permissions and limitations under the Licens
  19:CANopen/301/CO_ODinterface.h ****  */
  20:CANopen/301/CO_ODinterface.h **** 
  21:CANopen/301/CO_ODinterface.h **** #ifndef CO_OD_INTERFACE_H
  22:CANopen/301/CO_ODinterface.h **** #define CO_OD_INTERFACE_H
ARM GAS  C:\Users\Lenovo\AppData\Local\Temp\ccXm1HrZ.s 			page 18


  23:CANopen/301/CO_ODinterface.h **** 
  24:CANopen/301/CO_ODinterface.h **** #include "301/CO_driver.h"
  25:CANopen/301/CO_ODinterface.h **** 
  26:CANopen/301/CO_ODinterface.h **** #ifdef __cplusplus
  27:CANopen/301/CO_ODinterface.h **** extern "C" {
  28:CANopen/301/CO_ODinterface.h **** #endif
  29:CANopen/301/CO_ODinterface.h **** 
  30:CANopen/301/CO_ODinterface.h **** /**
  31:CANopen/301/CO_ODinterface.h ****  * @defgroup CO_ODinterface OD interface
  32:CANopen/301/CO_ODinterface.h ****  * CANopen Object Dictionary interface.
  33:CANopen/301/CO_ODinterface.h ****  *
  34:CANopen/301/CO_ODinterface.h ****  * @ingroup CO_CANopen_301
  35:CANopen/301/CO_ODinterface.h ****  * @{
  36:CANopen/301/CO_ODinterface.h ****  * See @ref md_doc_2objectDictionary
  37:CANopen/301/CO_ODinterface.h ****  */
  38:CANopen/301/CO_ODinterface.h **** 
  39:CANopen/301/CO_ODinterface.h **** #ifndef CO_OD_OWN_TYPES
  40:CANopen/301/CO_ODinterface.h **** typedef uint32_t OD_size_t; /**< Variable of type OD_size_t contains data length in bytes of OD var
  41:CANopen/301/CO_ODinterface.h **** typedef uint8_t OD_attr_t;  /**< Type (and size) of Object Dictionary attribute */
  42:CANopen/301/CO_ODinterface.h **** #endif
  43:CANopen/301/CO_ODinterface.h **** 
  44:CANopen/301/CO_ODinterface.h **** #ifndef OD_FLAGS_PDO_SIZE
  45:CANopen/301/CO_ODinterface.h **** #define OD_FLAGS_PDO_SIZE 4U /**< Size of of flagsPDO variable inside @ref OD_extension_t, from 0 t
  46:CANopen/301/CO_ODinterface.h **** #endif
  47:CANopen/301/CO_ODinterface.h **** 
  48:CANopen/301/CO_ODinterface.h **** #ifndef CO_PROGMEM
  49:CANopen/301/CO_ODinterface.h **** /** Modifier for OD objects. This is large amount of data and is specified in Object Dictionary (OD
  50:CANopen/301/CO_ODinterface.h **** #define CO_PROGMEM const
  51:CANopen/301/CO_ODinterface.h **** #endif
  52:CANopen/301/CO_ODinterface.h **** 
  53:CANopen/301/CO_ODinterface.h **** /**
  54:CANopen/301/CO_ODinterface.h ****  * Common DS301 object dictionary entries.
  55:CANopen/301/CO_ODinterface.h ****  */
  56:CANopen/301/CO_ODinterface.h **** typedef enum {
  57:CANopen/301/CO_ODinterface.h ****     OD_H1000_DEV_TYPE = 0x1000U,           /**< Device type */
  58:CANopen/301/CO_ODinterface.h ****     OD_H1001_ERR_REG = 0x1001U,            /**< Error register */
  59:CANopen/301/CO_ODinterface.h ****     OD_H1002_MANUF_STATUS_REG = 0x1002U,   /**< Manufacturer status register */
  60:CANopen/301/CO_ODinterface.h ****     OD_H1003_PREDEF_ERR_FIELD = 0x1003U,   /**< Predefined error field */
  61:CANopen/301/CO_ODinterface.h ****     OD_H1004_RSV = 0x1004U,                /**< Reserved */
  62:CANopen/301/CO_ODinterface.h ****     OD_H1005_COBID_SYNC = 0x1005U,         /**< Sync message cob-id */
  63:CANopen/301/CO_ODinterface.h ****     OD_H1006_COMM_CYCL_PERIOD = 0x1006U,   /**< Communication cycle period */
  64:CANopen/301/CO_ODinterface.h ****     OD_H1007_SYNC_WINDOW_LEN = 0x1007U,    /**< Sync windows length */
  65:CANopen/301/CO_ODinterface.h ****     OD_H1008_MANUF_DEV_NAME = 0x1008U,     /**< Manufacturer device name */
  66:CANopen/301/CO_ODinterface.h ****     OD_H1009_MANUF_HW_VERSION = 0x1009U,   /**< Manufacturer hardware version */
  67:CANopen/301/CO_ODinterface.h ****     OD_H100A_MANUF_SW_VERSION = 0x100AU,   /**< Manufacturer software version */
  68:CANopen/301/CO_ODinterface.h ****     OD_H100B_RSV = 0x100BU,                /**< Reserved */
  69:CANopen/301/CO_ODinterface.h ****     OD_H100C_GUARD_TIME = 0x100CU,         /**< Guard time */
  70:CANopen/301/CO_ODinterface.h ****     OD_H100D_LIFETIME_FACTOR = 0x100DU,    /**< Life time factor */
  71:CANopen/301/CO_ODinterface.h ****     OD_H100E_RSV = 0x100EU,                /**< Reserved */
  72:CANopen/301/CO_ODinterface.h ****     OD_H100F_RSV = 0x100FU,                /**< Reserved */
  73:CANopen/301/CO_ODinterface.h ****     OD_H1010_STORE_PARAMETERS = 0x1010U,   /**< Store params in persistent mem. */
  74:CANopen/301/CO_ODinterface.h ****     OD_H1011_RESTORE_DEFAULT = 0x1011U,    /**< Restore default parameters */
  75:CANopen/301/CO_ODinterface.h ****     OD_H1012_COBID_TIME = 0x1012U,         /**< Timestamp message cob-id */
  76:CANopen/301/CO_ODinterface.h ****     OD_H1013_HIGH_RES_TIMESTAMP = 0x1013U, /**< High resolution timestamp */
  77:CANopen/301/CO_ODinterface.h ****     OD_H1014_COBID_EMERGENCY = 0x1014U,    /**< Emergency message cob-id */
  78:CANopen/301/CO_ODinterface.h ****     OD_H1015_INHIBIT_TIME_EMCY = 0x1015U,  /**< Inhibit time emergency message */
  79:CANopen/301/CO_ODinterface.h ****     OD_H1016_CONSUMER_HB_TIME = 0x1016U,   /**< Consumer heartbeat time */
ARM GAS  C:\Users\Lenovo\AppData\Local\Temp\ccXm1HrZ.s 			page 19


  80:CANopen/301/CO_ODinterface.h ****     OD_H1017_PRODUCER_HB_TIME = 0x1017U,   /**< Producer heartbeat time */
  81:CANopen/301/CO_ODinterface.h ****     OD_H1018_IDENTITY_OBJECT = 0x1018U,    /**< Identity object */
  82:CANopen/301/CO_ODinterface.h ****     OD_H1019_SYNC_CNT_OVERFLOW = 0x1019U,  /**< Sync counter overflow value */
  83:CANopen/301/CO_ODinterface.h ****     OD_H1020_VERIFY_CONFIG = 0x1020U,      /**< Verify configuration */
  84:CANopen/301/CO_ODinterface.h ****     OD_H1021_STORE_EDS = 0x1021U,          /**< Store EDS */
  85:CANopen/301/CO_ODinterface.h ****     OD_H1022_STORE_FORMAT = 0x1022U,       /**< Store format */
  86:CANopen/301/CO_ODinterface.h ****     OD_H1023_OS_CMD = 0x1023U,             /**< OS command */
  87:CANopen/301/CO_ODinterface.h ****     OD_H1024_OS_CMD_MODE = 0x1024U,        /**< OS command mode */
  88:CANopen/301/CO_ODinterface.h ****     OD_H1025_OS_DBG_INTERFACE = 0x1025U,   /**< OS debug interface */
  89:CANopen/301/CO_ODinterface.h ****     OD_H1026_OS_PROMPT = 0x1026U,          /**< OS prompt */
  90:CANopen/301/CO_ODinterface.h ****     OD_H1027_MODULE_LIST = 0x1027U,        /**< Module list */
  91:CANopen/301/CO_ODinterface.h ****     OD_H1028_EMCY_CONSUMER = 0x1028U,      /**< Emergency consumer object */
  92:CANopen/301/CO_ODinterface.h ****     OD_H1029_ERR_BEHAVIOR = 0x1029U,       /**< Error behaviour */
  93:CANopen/301/CO_ODinterface.h ****     OD_H1200_SDO_SERVER_1_PARAM = 0x1200U, /**< SDO server parameter */
  94:CANopen/301/CO_ODinterface.h ****     OD_H1280_SDO_CLIENT_1_PARAM = 0x1280U, /**< SDO client parameter */
  95:CANopen/301/CO_ODinterface.h ****     OD_H1300_GFC_PARAM = 0x1300U,          /**< Global fail-safe command param */
  96:CANopen/301/CO_ODinterface.h ****     OD_H1301_SRDO_1_PARAM = 0x1301U,       /**< SRDO communication parameter */
  97:CANopen/301/CO_ODinterface.h ****     OD_H1381_SRDO_1_MAPPING = 0x1381U,     /**< SRDO mapping parameter */
  98:CANopen/301/CO_ODinterface.h ****     OD_H13FE_SRDO_VALID = 0x13FEU,         /**< SRDO Configuration valid */
  99:CANopen/301/CO_ODinterface.h ****     OD_H13FF_SRDO_CHECKSUM = 0x13FFU,      /**< SRDO configuration checksum */
 100:CANopen/301/CO_ODinterface.h ****     OD_H1400_RXPDO_1_PARAM = 0x1400U,      /**< RXPDO communication parameter */
 101:CANopen/301/CO_ODinterface.h ****     OD_H1600_RXPDO_1_MAPPING = 0x1600U,    /**< RXPDO mapping parameters */
 102:CANopen/301/CO_ODinterface.h ****     OD_H1800_TXPDO_1_PARAM = 0x1800U,      /**< TXPDO communication parameter */
 103:CANopen/301/CO_ODinterface.h ****     OD_H1A00_TXPDO_1_MAPPING = 0x1A00U,    /**< TXPDO mapping parameters */
 104:CANopen/301/CO_ODinterface.h **** } OD_ObjDicId_30x_t;
 105:CANopen/301/CO_ODinterface.h **** 
 106:CANopen/301/CO_ODinterface.h **** /**
 107:CANopen/301/CO_ODinterface.h ****  * Attributes (bit masks) for OD sub-object.
 108:CANopen/301/CO_ODinterface.h ****  */
 109:CANopen/301/CO_ODinterface.h **** typedef enum {
 110:CANopen/301/CO_ODinterface.h ****     ODA_SDO_R = 0x01U,  /**< SDO server may read from the variable */
 111:CANopen/301/CO_ODinterface.h ****     ODA_SDO_W = 0x02U,  /**< SDO server may write to the variable */
 112:CANopen/301/CO_ODinterface.h ****     ODA_SDO_RW = 0x03U, /**< SDO server may read from or write to the variable */
 113:CANopen/301/CO_ODinterface.h ****     ODA_TPDO = 0x04U,   /**< Variable is mappable into TPDO (can be read) */
 114:CANopen/301/CO_ODinterface.h ****     ODA_RPDO = 0x08U,   /**< Variable is mappable into RPDO (can be written) */
 115:CANopen/301/CO_ODinterface.h ****     ODA_TRPDO = 0x0CU,  /**< Variable is mappable into TPDO or RPDO */
 116:CANopen/301/CO_ODinterface.h ****     ODA_TSRDO = 0x10U,  /**< Variable is mappable into transmitting SRDO */
 117:CANopen/301/CO_ODinterface.h ****     ODA_RSRDO = 0x20U,  /**< Variable is mappable into receiving SRDO */
 118:CANopen/301/CO_ODinterface.h ****     ODA_TRSRDO = 0x30U, /**< Variable is mappable into tx or rx SRDO */
 119:CANopen/301/CO_ODinterface.h ****     ODA_MB = 0x40U,     /**< Variable is multi-byte ((u)int16_t to (u)int64_t) */
 120:CANopen/301/CO_ODinterface.h ****     ODA_STR = 0x80U     /**< Shorter value, than specified variable size, may be written to the var
 121:CANopen/301/CO_ODinterface.h ****                            fill remaining memory with zeroes. Attribute is used for VISIBLE_STRING 
 122:CANopen/301/CO_ODinterface.h **** } OD_attributes_t;
 123:CANopen/301/CO_ODinterface.h **** 
 124:CANopen/301/CO_ODinterface.h **** /**
 125:CANopen/301/CO_ODinterface.h ****  * Return codes from OD access functions.
 126:CANopen/301/CO_ODinterface.h ****  *
 127:CANopen/301/CO_ODinterface.h ****  * @ref OD_getSDOabCode() can be used to retrieve corresponding SDO abort code.
 128:CANopen/301/CO_ODinterface.h ****  */
 129:CANopen/301/CO_ODinterface.h **** typedef enum {
 130:CANopen/301/CO_ODinterface.h ****     /* !!!! WARNING !!!! If changing these values, change also OD_getSDOabCode() function! */
 131:CANopen/301/CO_ODinterface.h ****     ODR_PARTIAL = -1,        /**< Read/write is only partial, make more calls */
 132:CANopen/301/CO_ODinterface.h ****     ODR_OK = 0,              /**< SDO abort 0x00000000 - Read/write successfully finished */
 133:CANopen/301/CO_ODinterface.h ****     ODR_OUT_OF_MEM = 1,      /**< SDO abort 0x05040005 - Out of memory */
 134:CANopen/301/CO_ODinterface.h ****     ODR_UNSUPP_ACCESS = 2,   /**< SDO abort 0x06010000 - Unsupported access to an object */
 135:CANopen/301/CO_ODinterface.h ****     ODR_WRITEONLY = 3,       /**< SDO abort 0x06010001 - Attempt to read a write only object */
 136:CANopen/301/CO_ODinterface.h ****     ODR_READONLY = 4,        /**< SDO abort 0x06010002 - Attempt to write a read only object */
ARM GAS  C:\Users\Lenovo\AppData\Local\Temp\ccXm1HrZ.s 			page 20


 137:CANopen/301/CO_ODinterface.h ****     ODR_IDX_NOT_EXIST = 5,   /**< SDO abort 0x06020000 - Object does not exist in the object dict. 
 138:CANopen/301/CO_ODinterface.h ****     ODR_NO_MAP = 6,          /**< SDO abort 0x06040041 - Object cannot be mapped to the PDO */
 139:CANopen/301/CO_ODinterface.h ****     ODR_MAP_LEN = 7,         /**< SDO abort 0x06040042 - PDO length exceeded */
 140:CANopen/301/CO_ODinterface.h ****     ODR_PAR_INCOMPAT = 8,    /**< SDO abort 0x06040043 - General parameter incompatibility reasons 
 141:CANopen/301/CO_ODinterface.h ****     ODR_DEV_INCOMPAT = 9,    /**< SDO abort 0x06040047 - General internal incompatibility in device
 142:CANopen/301/CO_ODinterface.h ****     ODR_HW = 10,             /**< SDO abort 0x06060000 - Access failed due to hardware error */
 143:CANopen/301/CO_ODinterface.h ****     ODR_TYPE_MISMATCH = 11,  /**< SDO abort 0x06070010 - Data type does not match */
 144:CANopen/301/CO_ODinterface.h ****     ODR_DATA_LONG = 12,      /**< SDO abort 0x06070012 - Data type does not match, length too high 
 145:CANopen/301/CO_ODinterface.h ****     ODR_DATA_SHORT = 13,     /**< SDO abort 0x06070013 - Data type does not match, length too short
 146:CANopen/301/CO_ODinterface.h ****     ODR_SUB_NOT_EXIST = 14,  /**< SDO abort 0x06090011 - Sub index does not exist */
 147:CANopen/301/CO_ODinterface.h ****     ODR_INVALID_VALUE = 15,  /**< SDO abort 0x06090030 - Invalid value for parameter (download only
 148:CANopen/301/CO_ODinterface.h ****     ODR_VALUE_HIGH = 16,     /**< SDO abort 0x06090031 - Value range of parameter written too high 
 149:CANopen/301/CO_ODinterface.h ****     ODR_VALUE_LOW = 17,      /**< SDO abort 0x06090032 - Value range of parameter written too low *
 150:CANopen/301/CO_ODinterface.h ****     ODR_MAX_LESS_MIN = 18,   /**< SDO abort 0x06090036 - Maximum value is less than minimum value *
 151:CANopen/301/CO_ODinterface.h ****     ODR_NO_RESOURCE = 19,    /**< SDO abort 0x060A0023 - Resource not available: SDO connection */
 152:CANopen/301/CO_ODinterface.h ****     ODR_GENERAL = 20,        /**< SDO abort 0x08000000 - General error */
 153:CANopen/301/CO_ODinterface.h ****     ODR_DATA_TRANSF = 21,    /**< SDO abort 0x08000020 - Data cannot be transferred or stored to ap
 154:CANopen/301/CO_ODinterface.h ****     ODR_DATA_LOC_CTRL = 22,  /**< SDO abort 0x08000021 - Data can't be transferred (local control) 
 155:CANopen/301/CO_ODinterface.h ****     ODR_DATA_DEV_STATE = 23, /**< SDO abort 0x08000022 - Data can't be transf. (present device stat
 156:CANopen/301/CO_ODinterface.h ****     ODR_OD_MISSING = 24,     /**< SDO abort 0x08000023 - Object dictionary not present */
 157:CANopen/301/CO_ODinterface.h ****     ODR_NO_DATA = 25,        /**< SDO abort 0x08000024 - No data available */
 158:CANopen/301/CO_ODinterface.h ****     ODR_COUNT = 26           /**< Last element, number of responses */
 159:CANopen/301/CO_ODinterface.h **** } ODR_t;
 160:CANopen/301/CO_ODinterface.h **** 
 161:CANopen/301/CO_ODinterface.h **** /**
 162:CANopen/301/CO_ODinterface.h ****  * IO stream structure, used for read/write access to OD variable, part of @ref OD_IO_t.
 163:CANopen/301/CO_ODinterface.h ****  */
 164:CANopen/301/CO_ODinterface.h **** typedef struct {
 165:CANopen/301/CO_ODinterface.h ****     void* dataOrig; /**< Pointer to original data object, defined by Object Dictionary. Default rea
 166:CANopen/301/CO_ODinterface.h ****                      * operate on it. If memory for data object is not specified by Object Dictiona
 167:CANopen/301/CO_ODinterface.h ****                      * NULL. */
 168:CANopen/301/CO_ODinterface.h ****     void* object; /**< Pointer to object, passed by @ref OD_extension_init(). Can be used inside re
 169:CANopen/301/CO_ODinterface.h ****                    * from IO   extension. */
 170:CANopen/301/CO_ODinterface.h ****     OD_size_t dataLength; /**< Data length in bytes or 0, if length is not specified */
 171:CANopen/301/CO_ODinterface.h ****     OD_size_t dataOffset; /**< In case of large data, dataOffset indicates position of already tran
 172:CANopen/301/CO_ODinterface.h ****     OD_attr_t attribute;  /**< Attribute bit-field of the OD sub-object, see @ref OD_attributes_t *
 173:CANopen/301/CO_ODinterface.h ****     uint16_t index;       /**< Index of the OD object, informative */
 174:CANopen/301/CO_ODinterface.h ****     uint8_t subIndex;     /**< Sub index of the OD sub-object, informative */
 175:CANopen/301/CO_ODinterface.h **** } OD_stream_t;
 176:CANopen/301/CO_ODinterface.h **** 
 177:CANopen/301/CO_ODinterface.h **** /**
 178:CANopen/301/CO_ODinterface.h ****  * Structure for input / output on the OD variable. It is initialized with @ref OD_getSub() functio
 179:CANopen/301/CO_ODinterface.h ****  * to OD variable is via read/write functions operating on stream, similar as standard read/write.
 180:CANopen/301/CO_ODinterface.h ****  */
 181:CANopen/301/CO_ODinterface.h **** typedef struct {
 182:CANopen/301/CO_ODinterface.h ****     /** Object Dictionary stream object, passed to read or write */
 183:CANopen/301/CO_ODinterface.h ****     OD_stream_t stream;
 184:CANopen/301/CO_ODinterface.h ****     /**
 185:CANopen/301/CO_ODinterface.h ****      * Function pointer for reading value from specified variable from Object Dictionary. If OD var
 186:CANopen/301/CO_ODinterface.h ****      * buf, then this function must be called several times. After completed successful read functi
 187:CANopen/301/CO_ODinterface.h ****      * If read is partial, it returns 'ODR_PARTIAL'. In case of errors function returns code simila
 188:CANopen/301/CO_ODinterface.h ****      *
 189:CANopen/301/CO_ODinterface.h ****      * Read can be restarted with @ref OD_rwRestart() function.
 190:CANopen/301/CO_ODinterface.h ****      *
 191:CANopen/301/CO_ODinterface.h ****      * At the moment, when Object Dictionary is initialized, every variable has assigned the same "
 192:CANopen/301/CO_ODinterface.h ****      * default function simply copies data from Object Dictionary variable. Application can bind it
 193:CANopen/301/CO_ODinterface.h ****      * for specific object. In that case application is able to calculate data for reading from own
ARM GAS  C:\Users\Lenovo\AppData\Local\Temp\ccXm1HrZ.s 			page 21


 194:CANopen/301/CO_ODinterface.h ****      * the moment of "read" function call. Own "read" function on OD object can be initialized with
 195:CANopen/301/CO_ODinterface.h ****      * OD_extension_init() function.
 196:CANopen/301/CO_ODinterface.h ****      *
 197:CANopen/301/CO_ODinterface.h ****      * "read" function must always copy all own data to buf, except if "buf" is not large enough. (
 198:CANopen/301/CO_ODinterface.h ****      * not return 'ODR_PARTIAL', if there is still space in "buf".)
 199:CANopen/301/CO_ODinterface.h ****      *
 200:CANopen/301/CO_ODinterface.h ****      * @warning Do not use @ref CO_LOCK_OD() and @ref CO_UNLOCK_OD() macros inside the read() funct
 201:CANopen/301/CO_ODinterface.h ****      * CO_critical_sections.
 202:CANopen/301/CO_ODinterface.h ****      *
 203:CANopen/301/CO_ODinterface.h ****      * @param stream Object Dictionary stream object.
 204:CANopen/301/CO_ODinterface.h ****      * @param buf Pointer to external buffer, where to data will be copied.
 205:CANopen/301/CO_ODinterface.h ****      * @param count Size of the external buffer in bytes.
 206:CANopen/301/CO_ODinterface.h ****      * @param [out] countRead If return value is "ODR_OK" or "ODR_PARTIAL", then number of bytes su
 207:CANopen/301/CO_ODinterface.h ****      * be returned here.
 208:CANopen/301/CO_ODinterface.h ****      *
 209:CANopen/301/CO_ODinterface.h ****      * @return Value from @ref ODR_t, "ODR_OK" in case of success.
 210:CANopen/301/CO_ODinterface.h ****      */
 211:CANopen/301/CO_ODinterface.h ****     ODR_t (*read)(OD_stream_t* stream, void* buf, OD_size_t count, OD_size_t* countRead);
 212:CANopen/301/CO_ODinterface.h ****     /**
 213:CANopen/301/CO_ODinterface.h ****      * Function pointer for writing value into specified variable inside Object Dictionary. If OD v
 214:CANopen/301/CO_ODinterface.h ****      * than buf, then this function must be called several times. After completed successful write 
 215:CANopen/301/CO_ODinterface.h ****      * 'ODR_OK'. If write is partial, it returns 'ODR_PARTIAL'. In case of errors function returns 
 216:CANopen/301/CO_ODinterface.h ****      * abort code.
 217:CANopen/301/CO_ODinterface.h ****      *
 218:CANopen/301/CO_ODinterface.h ****      * Write can be restarted with @ref OD_rwRestart() function.
 219:CANopen/301/CO_ODinterface.h ****      *
 220:CANopen/301/CO_ODinterface.h ****      * At the moment, when Object Dictionary is initialized, every variable has assigned the same "
 221:CANopen/301/CO_ODinterface.h ****      * which simply copies data to Object Dictionary variable. Application can bind its own "write"
 222:CANopen/301/CO_ODinterface.h ****      * it can bind "read" function.
 223:CANopen/301/CO_ODinterface.h ****      *
 224:CANopen/301/CO_ODinterface.h ****      * "write" function must always copy all available data from buf. If OD variable expect more da
 225:CANopen/301/CO_ODinterface.h ****      * "*returnCode" must return 'ODR_PARTIAL'.
 226:CANopen/301/CO_ODinterface.h ****      *
 227:CANopen/301/CO_ODinterface.h ****      * @warning Do not use @ref CO_LOCK_OD() and @ref CO_UNLOCK_OD() macros inside the write() func
 228:CANopen/301/CO_ODinterface.h ****      * CO_critical_sections.
 229:CANopen/301/CO_ODinterface.h ****      *
 230:CANopen/301/CO_ODinterface.h ****      * @param stream Object Dictionary stream object.
 231:CANopen/301/CO_ODinterface.h ****      * @param buf Pointer to external buffer, from where data will be copied.
 232:CANopen/301/CO_ODinterface.h ****      * @param count Size of the external buffer in bytes.
 233:CANopen/301/CO_ODinterface.h ****      * @param [out] countWritten If return value is "ODR_OK" or "ODR_PARTIAL", then number of bytes
 234:CANopen/301/CO_ODinterface.h ****      * must be returned here.
 235:CANopen/301/CO_ODinterface.h ****      *
 236:CANopen/301/CO_ODinterface.h ****      * @return Value from @ref ODR_t, "ODR_OK" in case of success.
 237:CANopen/301/CO_ODinterface.h ****      */
 238:CANopen/301/CO_ODinterface.h ****     ODR_t (*write)(OD_stream_t* stream, const void* buf, OD_size_t count, OD_size_t* countWritten);
 239:CANopen/301/CO_ODinterface.h **** } OD_IO_t;
 240:CANopen/301/CO_ODinterface.h **** 
 241:CANopen/301/CO_ODinterface.h **** /**
 242:CANopen/301/CO_ODinterface.h ****  * Extension of OD object, which can optionally be specified by application in initialization phase
 243:CANopen/301/CO_ODinterface.h ****  * OD_extension_init() function.
 244:CANopen/301/CO_ODinterface.h ****  */
 245:CANopen/301/CO_ODinterface.h **** typedef struct {
 246:CANopen/301/CO_ODinterface.h ****     /** Object on which read and write will operate, part of @ref OD_stream_t */
 247:CANopen/301/CO_ODinterface.h ****     void* object;
 248:CANopen/301/CO_ODinterface.h ****     /** Application specified read function pointer. If NULL, then read will be disabled. @ref OD_r
 249:CANopen/301/CO_ODinterface.h ****      * used here to keep the original read function. For function description see @ref OD_IO_t. */
 250:CANopen/301/CO_ODinterface.h ****     ODR_t (*read)(OD_stream_t* stream, void* buf, OD_size_t count, OD_size_t* countRead);
ARM GAS  C:\Users\Lenovo\AppData\Local\Temp\ccXm1HrZ.s 			page 22


 251:CANopen/301/CO_ODinterface.h ****     /** Application specified write function pointer. If NULL, then write will be disabled. @ref OD
 252:CANopen/301/CO_ODinterface.h ****      * used here to keep the original write function. For function description see @ref OD_IO_t. */
 253:CANopen/301/CO_ODinterface.h ****     ODR_t (*write)(OD_stream_t* stream, const void* buf, OD_size_t count, OD_size_t* countWritten);
 254:CANopen/301/CO_ODinterface.h **** #if OD_FLAGS_PDO_SIZE > 0
 255:CANopen/301/CO_ODinterface.h ****     /** PDO flags bit-field provides one bit for each OD variable, which exist inside OD object at 
 256:CANopen/301/CO_ODinterface.h ****      * If application clears that bit, and OD variable is mapped to an event driven TPDO, then TPDO
 257:CANopen/301/CO_ODinterface.h ****      *
 258:CANopen/301/CO_ODinterface.h ****      * @ref OD_FLAGS_PDO_SIZE can have a value from 0 to 32 bytes, which corresponds to 0 to 256 av
 259:CANopen/301/CO_ODinterface.h ****      * example, @ref OD_FLAGS_PDO_SIZE has value 4, then OD variables with sub index up to 31 will 
 260:CANopen/301/CO_ODinterface.h ****      * requesting functionality. See also @ref OD_requestTPDO and @ref OD_TPDOtransmitted. */
 261:CANopen/301/CO_ODinterface.h ****     uint8_t flagsPDO[OD_FLAGS_PDO_SIZE];
 262:CANopen/301/CO_ODinterface.h **** #endif
 263:CANopen/301/CO_ODinterface.h **** } OD_extension_t;
 264:CANopen/301/CO_ODinterface.h **** 
 265:CANopen/301/CO_ODinterface.h **** /**
 266:CANopen/301/CO_ODinterface.h ****  * Object Dictionary entry for one OD object.
 267:CANopen/301/CO_ODinterface.h ****  *
 268:CANopen/301/CO_ODinterface.h ****  * OD entries are collected inside OD_t as array (list). Each OD entry contains basic information a
 269:CANopen/301/CO_ODinterface.h ****  * and subEntriesCount), pointer to odObject with additional information about var, array or record
 270:CANopen/301/CO_ODinterface.h ****  * extension, configurable by application.
 271:CANopen/301/CO_ODinterface.h ****  */
 272:CANopen/301/CO_ODinterface.h **** typedef struct {
 273:CANopen/301/CO_ODinterface.h ****     uint16_t index;            /**< Object Dictionary index */
 274:CANopen/301/CO_ODinterface.h ****     uint8_t subEntriesCount;   /**< Number of all sub-entries, including sub-entry at sub-index 0 *
 275:CANopen/301/CO_ODinterface.h ****     uint8_t odObjectType;      /**< Type of the odObject, indicated by @ref OD_objectTypes_t enumer
 276:CANopen/301/CO_ODinterface.h ****     CO_PROGMEM void* odObject; /**< OD object of type indicated by odObjectType, from which @ref OD
 277:CANopen/301/CO_ODinterface.h ****                                   information */
 278:CANopen/301/CO_ODinterface.h ****     OD_extension_t* extension; /**< Extension to OD, specified by application */
 279:CANopen/301/CO_ODinterface.h **** } OD_entry_t;
 280:CANopen/301/CO_ODinterface.h **** 
 281:CANopen/301/CO_ODinterface.h **** /**
 282:CANopen/301/CO_ODinterface.h ****  * Object Dictionary
 283:CANopen/301/CO_ODinterface.h ****  */
 284:CANopen/301/CO_ODinterface.h **** typedef struct {
 285:CANopen/301/CO_ODinterface.h ****     uint16_t size;    /**< Number of elements in the list, without last element, which is blank */
 286:CANopen/301/CO_ODinterface.h ****     OD_entry_t* list; /**< List OD entries (table of contents), ordered by index */
 287:CANopen/301/CO_ODinterface.h **** } OD_t;
 288:CANopen/301/CO_ODinterface.h **** 
 289:CANopen/301/CO_ODinterface.h **** /**
 290:CANopen/301/CO_ODinterface.h ****  * Read value from original OD location
 291:CANopen/301/CO_ODinterface.h ****  *
 292:CANopen/301/CO_ODinterface.h ****  * This function can be used inside read / write functions, specified by @ref OD_extension_init(). 
 293:CANopen/301/CO_ODinterface.h ****  * directly from memory location specified by Object dictionary. If no IO extension is used on OD e
 294:CANopen/301/CO_ODinterface.h ****  * returned by @ref OD_getSub() equals to this function. See also @ref OD_IO_t.
 295:CANopen/301/CO_ODinterface.h ****  */
 296:CANopen/301/CO_ODinterface.h **** ODR_t OD_readOriginal(OD_stream_t* stream, void* buf, OD_size_t count, OD_size_t* countRead);
 297:CANopen/301/CO_ODinterface.h **** 
 298:CANopen/301/CO_ODinterface.h **** /**
 299:CANopen/301/CO_ODinterface.h ****  * Write value to original OD location
 300:CANopen/301/CO_ODinterface.h ****  *
 301:CANopen/301/CO_ODinterface.h ****  * This function can be used inside read / write functions, specified by @ref OD_extension_init(). 
 302:CANopen/301/CO_ODinterface.h ****  * directly to memory location specified by Object dictionary. If no IO extension is used on OD ent
 303:CANopen/301/CO_ODinterface.h ****  * returned by @ref OD_getSub() equals to this function. See also @ref OD_IO_t.
 304:CANopen/301/CO_ODinterface.h ****  */
 305:CANopen/301/CO_ODinterface.h **** ODR_t OD_writeOriginal(OD_stream_t* stream, const void* buf, OD_size_t count, OD_size_t* countWritt
 306:CANopen/301/CO_ODinterface.h **** 
 307:CANopen/301/CO_ODinterface.h **** /**
ARM GAS  C:\Users\Lenovo\AppData\Local\Temp\ccXm1HrZ.s 			page 23


 308:CANopen/301/CO_ODinterface.h ****  * Find OD entry in Object Dictionary
 309:CANopen/301/CO_ODinterface.h ****  *
 310:CANopen/301/CO_ODinterface.h ****  * @param od Object Dictionary
 311:CANopen/301/CO_ODinterface.h ****  * @param index CANopen Object Dictionary index of object in Object Dictionary
 312:CANopen/301/CO_ODinterface.h ****  *
 313:CANopen/301/CO_ODinterface.h ****  * @return Pointer to OD entry or NULL if not found
 314:CANopen/301/CO_ODinterface.h ****  */
 315:CANopen/301/CO_ODinterface.h **** OD_entry_t* OD_find(OD_t* od, uint16_t index);
 316:CANopen/301/CO_ODinterface.h **** 
 317:CANopen/301/CO_ODinterface.h **** /**
 318:CANopen/301/CO_ODinterface.h ****  * Find sub-object with specified sub-index on OD entry returned by OD_find. Function populates io 
 319:CANopen/301/CO_ODinterface.h ****  * sub-object data.
 320:CANopen/301/CO_ODinterface.h ****  *
 321:CANopen/301/CO_ODinterface.h ****  * @warning
 322:CANopen/301/CO_ODinterface.h ****  * Read and write functions may be called from different threads, so critical sections in custom fu
 323:CANopen/301/CO_ODinterface.h ****  * observed, see @ref CO_critical_sections.
 324:CANopen/301/CO_ODinterface.h ****  *
 325:CANopen/301/CO_ODinterface.h ****  * @param entry Object Dictionary entry.
 326:CANopen/301/CO_ODinterface.h ****  * @param subIndex Sub-index of the variable from the OD object.
 327:CANopen/301/CO_ODinterface.h ****  * @param [out] io Structure will be populated on success.
 328:CANopen/301/CO_ODinterface.h ****  * @param odOrig If true, then potential IO extension on entry will be ignored and access to data e
 329:CANopen/301/CO_ODinterface.h ****  * OD location will be returned
 330:CANopen/301/CO_ODinterface.h ****  *
 331:CANopen/301/CO_ODinterface.h ****  * @return Value from @ref ODR_t, "ODR_OK" in case of success.
 332:CANopen/301/CO_ODinterface.h ****  */
 333:CANopen/301/CO_ODinterface.h **** ODR_t OD_getSub(const OD_entry_t* entry, uint8_t subIndex, OD_IO_t* io, bool_t odOrig);
 334:CANopen/301/CO_ODinterface.h **** 
 335:CANopen/301/CO_ODinterface.h **** /**
 336:CANopen/301/CO_ODinterface.h ****  * Return index from OD entry
 337:CANopen/301/CO_ODinterface.h ****  *
 338:CANopen/301/CO_ODinterface.h ****  * @param entry Object Dictionary entry.
 339:CANopen/301/CO_ODinterface.h ****  *
 340:CANopen/301/CO_ODinterface.h ****  * @return OD index
 341:CANopen/301/CO_ODinterface.h ****  */
 342:CANopen/301/CO_ODinterface.h **** static inline uint16_t
 343:CANopen/301/CO_ODinterface.h **** OD_getIndex(const OD_entry_t* entry) {
 344:CANopen/301/CO_ODinterface.h ****     return (entry != NULL) ? entry->index : 0U;
 345:CANopen/301/CO_ODinterface.h **** }
 346:CANopen/301/CO_ODinterface.h **** 
 347:CANopen/301/CO_ODinterface.h **** /**
 348:CANopen/301/CO_ODinterface.h ****  * Check, if OD variable is mappable to PDO or SRDO.
 349:CANopen/301/CO_ODinterface.h ****  *
 350:CANopen/301/CO_ODinterface.h ****  * If OD variable is mappable, then it may be necessary to protect read/write access from mainline 
 351:CANopen/301/CO_ODinterface.h ****  * CO_critical_sections.
 352:CANopen/301/CO_ODinterface.h ****  *
 353:CANopen/301/CO_ODinterface.h ****  * @param stream Object Dictionary stream object.
 354:CANopen/301/CO_ODinterface.h ****  *
 355:CANopen/301/CO_ODinterface.h ****  * @return true, if OD variable is mappable.
 356:CANopen/301/CO_ODinterface.h ****  */
 357:CANopen/301/CO_ODinterface.h **** static inline bool_t
 358:CANopen/301/CO_ODinterface.h **** OD_mappable(OD_stream_t* stream) {
 359:CANopen/301/CO_ODinterface.h ****     return (stream != NULL) ? ((stream->attribute & ((OD_attr_t)ODA_TRPDO | (OD_attr_t)ODA_TRSRDO))
 360:CANopen/301/CO_ODinterface.h **** }
 361:CANopen/301/CO_ODinterface.h **** 
 362:CANopen/301/CO_ODinterface.h **** /**
 363:CANopen/301/CO_ODinterface.h ****  * Restart read or write operation on OD variable
 364:CANopen/301/CO_ODinterface.h ****  *
ARM GAS  C:\Users\Lenovo\AppData\Local\Temp\ccXm1HrZ.s 			page 24


 365:CANopen/301/CO_ODinterface.h ****  * It is not necessary to call this function, if stream was initialized by @ref OD_getSub(). It is 
 366:CANopen/301/CO_ODinterface.h ****  * call this function, if previous read or write was successfully finished.
 367:CANopen/301/CO_ODinterface.h ****  *
 368:CANopen/301/CO_ODinterface.h ****  * @param stream Object Dictionary stream object.
 369:CANopen/301/CO_ODinterface.h ****  */
 370:CANopen/301/CO_ODinterface.h **** static inline void
 371:CANopen/301/CO_ODinterface.h **** OD_rwRestart(OD_stream_t* stream) {
 372:CANopen/301/CO_ODinterface.h ****     if (stream != NULL) {
 373:CANopen/301/CO_ODinterface.h ****         stream->dataOffset = 0U;
 374:CANopen/301/CO_ODinterface.h ****     }
 375:CANopen/301/CO_ODinterface.h **** }
 376:CANopen/301/CO_ODinterface.h **** 
 377:CANopen/301/CO_ODinterface.h **** /**
 378:CANopen/301/CO_ODinterface.h ****  * Request TPDO, to which OD variable is mapped
 379:CANopen/301/CO_ODinterface.h ****  *
 380:CANopen/301/CO_ODinterface.h ****  * Function clears the flagPDO bit, which corresponds to OD variable at specific OD index and subin
 381:CANopen/301/CO_ODinterface.h ****  * functionality to work, @ref OD_extension_t must be enabled on OD variable. If OD variable is map
 382:CANopen/301/CO_ODinterface.h ****  * event driven transmission, then TPDO will be transmitted after this function call. If OD variabl
 383:CANopen/301/CO_ODinterface.h ****  * than one TPDO with event driven transmission, only the first matched TPDO will be transmitted.
 384:CANopen/301/CO_ODinterface.h ****  *
 385:CANopen/301/CO_ODinterface.h ****  * TPDO event driven transmission is enabled, if TPDO communication parameter, transmission type is
 386:CANopen/301/CO_ODinterface.h ****  * or 255. For other transmission types (synchronous) flagPDO bit is ignored.
 387:CANopen/301/CO_ODinterface.h ****  *
 388:CANopen/301/CO_ODinterface.h ****  * @param entry Object Dictionary entry.
 389:CANopen/301/CO_ODinterface.h ****  * @param subIndex subIndex of the OD variable.
 390:CANopen/301/CO_ODinterface.h ****  */
 391:CANopen/301/CO_ODinterface.h **** static inline void
 392:CANopen/301/CO_ODinterface.h **** OD_requestTPDO(OD_entry_t* entry, uint8_t subIndex) {
 393:CANopen/301/CO_ODinterface.h **** #if OD_FLAGS_PDO_SIZE > 0
 394:CANopen/301/CO_ODinterface.h ****     if ((entry != NULL) && (entry->extension != NULL) && (subIndex < (OD_FLAGS_PDO_SIZE * 8U))) {
 395:CANopen/301/CO_ODinterface.h ****         /* clear subIndex-th bit */
 396:CANopen/301/CO_ODinterface.h ****         uint8_t mask = ~(1U << (subIndex & 0x07U));
 397:CANopen/301/CO_ODinterface.h ****         entry->extension->flagsPDO[subIndex >> 3] &= mask;
 398:CANopen/301/CO_ODinterface.h ****     }
 399:CANopen/301/CO_ODinterface.h **** #endif
 400:CANopen/301/CO_ODinterface.h **** }
 401:CANopen/301/CO_ODinterface.h **** 
 402:CANopen/301/CO_ODinterface.h **** /**
 403:CANopen/301/CO_ODinterface.h ****  * Check if requested TPDO was transmitted
 404:CANopen/301/CO_ODinterface.h ****  *
 405:CANopen/301/CO_ODinterface.h ****  * @param entry Object Dictionary entry.
 406:CANopen/301/CO_ODinterface.h ****  * @param subIndex subIndex of the OD variable.
 407:CANopen/301/CO_ODinterface.h ****  *
 408:CANopen/301/CO_ODinterface.h ****  * @return Return true if event driven TPDO with mapping to OD variable, indicated by entry and sub
 409:CANopen/301/CO_ODinterface.h ****  * transmitted since last @ref OD_requestTPDO call. If there was no @ref OD_requestTPDO call yet an
 410:CANopen/301/CO_ODinterface.h ****  * transmitted by other event, function also returns true.
 411:CANopen/301/CO_ODinterface.h ****  */
 412:CANopen/301/CO_ODinterface.h **** static inline bool_t
 413:CANopen/301/CO_ODinterface.h **** OD_TPDOtransmitted(OD_entry_t* entry, uint8_t subIndex) {
 414:CANopen/301/CO_ODinterface.h **** #if OD_FLAGS_PDO_SIZE > 0
 415:CANopen/301/CO_ODinterface.h ****     if ((entry != NULL) && (entry->extension != NULL) && (subIndex < (OD_FLAGS_PDO_SIZE * 8U))) {
 416:CANopen/301/CO_ODinterface.h ****         /* return true, if subIndex-th bit is set */
 417:CANopen/301/CO_ODinterface.h ****         uint8_t mask = 1U << (subIndex & 0x07U);
 418:CANopen/301/CO_ODinterface.h ****         if ((entry->extension->flagsPDO[subIndex >> 3] & mask) != 0U) {
 419:CANopen/301/CO_ODinterface.h ****             return true;
 420:CANopen/301/CO_ODinterface.h ****         }
 421:CANopen/301/CO_ODinterface.h ****     }
ARM GAS  C:\Users\Lenovo\AppData\Local\Temp\ccXm1HrZ.s 			page 25


 422:CANopen/301/CO_ODinterface.h **** #endif
 423:CANopen/301/CO_ODinterface.h ****     return false;
 424:CANopen/301/CO_ODinterface.h **** }
 425:CANopen/301/CO_ODinterface.h **** 
 426:CANopen/301/CO_ODinterface.h **** /**
 427:CANopen/301/CO_ODinterface.h ****  * Get SDO abort code from returnCode
 428:CANopen/301/CO_ODinterface.h ****  *
 429:CANopen/301/CO_ODinterface.h ****  * @param returnCode Returned from some OD access functions
 430:CANopen/301/CO_ODinterface.h ****  *
 431:CANopen/301/CO_ODinterface.h ****  * @return Corresponding @ref CO_SDO_abortCode_t
 432:CANopen/301/CO_ODinterface.h ****  */
 433:CANopen/301/CO_ODinterface.h **** uint32_t OD_getSDOabCode(ODR_t returnCode);
 434:CANopen/301/CO_ODinterface.h **** 
 435:CANopen/301/CO_ODinterface.h **** /**
 436:CANopen/301/CO_ODinterface.h ****  * Extend OD object with own read/write functions and/or flagsPDO
 437:CANopen/301/CO_ODinterface.h ****  *
 438:CANopen/301/CO_ODinterface.h ****  * This function gives application very powerful tool: definition of own IO access on OD object. St
 439:CANopen/301/CO_ODinterface.h ****  * attributes are the same as defined in original OD object, but data are read directly from (or wr
 440:CANopen/301/CO_ODinterface.h ****  * application specified object via custom function calls.
 441:CANopen/301/CO_ODinterface.h ****  *
 442:CANopen/301/CO_ODinterface.h ****  * Before this function specifies extension, OD variables are accessed from original OD location. A
 443:CANopen/301/CO_ODinterface.h ****  * specifies extension OD variables are accessed from read/write functions specified by extension. 
 444:CANopen/301/CO_ODinterface.h ****  * argument to @ref OD_getSub() is set to true.)
 445:CANopen/301/CO_ODinterface.h ****  *
 446:CANopen/301/CO_ODinterface.h ****  * This function must also be used, when flagsPDO needs to be enabled for specific entry.
 447:CANopen/301/CO_ODinterface.h ****  *
 448:CANopen/301/CO_ODinterface.h ****  * @warning
 449:CANopen/301/CO_ODinterface.h ****  * Object dictionary storage works only directly on OD variables. It does not access read function 
 450:CANopen/301/CO_ODinterface.h ****  * if extended OD objects needs to be preserved, then @ref OD_writeOriginal can be used inside cust
 451:CANopen/301/CO_ODinterface.h ****  *
 452:CANopen/301/CO_ODinterface.h ****  * @warning
 453:CANopen/301/CO_ODinterface.h ****  * Read and write functions may be called from different threads, so critical sections in custom fu
 454:CANopen/301/CO_ODinterface.h ****  * observed, see @ref CO_critical_sections.
 455:CANopen/301/CO_ODinterface.h ****  *
 456:CANopen/301/CO_ODinterface.h ****  * @param entry Object Dictionary entry.
 457:CANopen/301/CO_ODinterface.h ****  * @param extension Extension object, which must be initialized externally. Extension object must e
 458:CANopen/301/CO_ODinterface.h ****  * NULL, extension will be removed.
 459:CANopen/301/CO_ODinterface.h ****  *
 460:CANopen/301/CO_ODinterface.h ****  * @return "ODR_OK" on success, "ODR_IDX_NOT_EXIST" if OD object doesn't exist.
 461:CANopen/301/CO_ODinterface.h ****  */
 462:CANopen/301/CO_ODinterface.h **** static inline ODR_t
 463:CANopen/301/CO_ODinterface.h **** OD_extension_init(OD_entry_t* entry, OD_extension_t* extension) {
 464:CANopen/301/CO_ODinterface.h ****     if (entry == NULL) {
 465:CANopen/301/CO_ODinterface.h ****         return ODR_IDX_NOT_EXIST;
 466:CANopen/301/CO_ODinterface.h ****     }
 467:CANopen/301/CO_ODinterface.h ****     entry->extension = extension;
 468:CANopen/301/CO_ODinterface.h ****     return ODR_OK;
 469:CANopen/301/CO_ODinterface.h **** }
 470:CANopen/301/CO_ODinterface.h **** 
 471:CANopen/301/CO_ODinterface.h **** /**
 472:CANopen/301/CO_ODinterface.h ****  * @defgroup CO_ODgetSetters Getters and setters
 473:CANopen/301/CO_ODinterface.h ****  * @{
 474:CANopen/301/CO_ODinterface.h ****  *
 475:CANopen/301/CO_ODinterface.h ****  * Getter and setter helper functions for accessing different types of Object Dictionary variables.
 476:CANopen/301/CO_ODinterface.h ****  */
 477:CANopen/301/CO_ODinterface.h **** /**
 478:CANopen/301/CO_ODinterface.h ****  * Get variable from Object Dictionary
ARM GAS  C:\Users\Lenovo\AppData\Local\Temp\ccXm1HrZ.s 			page 26


 479:CANopen/301/CO_ODinterface.h ****  *
 480:CANopen/301/CO_ODinterface.h ****  * @param entry Object Dictionary entry.
 481:CANopen/301/CO_ODinterface.h ****  * @param subIndex Sub-index of the variable from the OD object.
 482:CANopen/301/CO_ODinterface.h ****  * @param [out] val Value will be written here.
 483:CANopen/301/CO_ODinterface.h ****  * @param len Size of value to retrieve from OD.
 484:CANopen/301/CO_ODinterface.h ****  * @param odOrig If true, then potential IO extension on entry will be ignored and data in the orig
 485:CANopen/301/CO_ODinterface.h ****  * be returned.
 486:CANopen/301/CO_ODinterface.h ****  *
 487:CANopen/301/CO_ODinterface.h ****  * @return Value from @ref ODR_t, "ODR_OK" in case of success. Error, if variable does not exist in
 488:CANopen/301/CO_ODinterface.h ****  * it does not have the correct length or other reason.
 489:CANopen/301/CO_ODinterface.h ****  */
 490:CANopen/301/CO_ODinterface.h **** ODR_t OD_get_value(const OD_entry_t* entry, uint8_t subIndex, void* val, OD_size_t len, bool_t odOr
 491:CANopen/301/CO_ODinterface.h **** 
 492:CANopen/301/CO_ODinterface.h **** /** Get int8_t variable from Object Dictionary, see @ref OD_get_value */
 493:CANopen/301/CO_ODinterface.h **** static inline ODR_t
 494:CANopen/301/CO_ODinterface.h **** OD_get_i8(const OD_entry_t* entry, uint8_t subIndex, int8_t* val, bool_t odOrig) {
 495:CANopen/301/CO_ODinterface.h ****     return OD_get_value(entry, subIndex, val, sizeof(*val), odOrig);
 496:CANopen/301/CO_ODinterface.h **** }
 497:CANopen/301/CO_ODinterface.h **** 
 498:CANopen/301/CO_ODinterface.h **** /** Get int16_t variable from Object Dictionary, see @ref OD_get_value */
 499:CANopen/301/CO_ODinterface.h **** static inline ODR_t
 500:CANopen/301/CO_ODinterface.h **** OD_get_i16(const OD_entry_t* entry, uint8_t subIndex, int16_t* val, bool_t odOrig) {
 501:CANopen/301/CO_ODinterface.h ****     return OD_get_value(entry, subIndex, val, sizeof(*val), odOrig);
 502:CANopen/301/CO_ODinterface.h **** }
 503:CANopen/301/CO_ODinterface.h **** 
 504:CANopen/301/CO_ODinterface.h **** /** Get int32_t variable from Object Dictionary, see @ref OD_get_value */
 505:CANopen/301/CO_ODinterface.h **** static inline ODR_t
 506:CANopen/301/CO_ODinterface.h **** OD_get_i32(const OD_entry_t* entry, uint8_t subIndex, int32_t* val, bool_t odOrig) {
 507:CANopen/301/CO_ODinterface.h ****     return OD_get_value(entry, subIndex, val, sizeof(*val), odOrig);
 508:CANopen/301/CO_ODinterface.h **** }
 509:CANopen/301/CO_ODinterface.h **** 
 510:CANopen/301/CO_ODinterface.h **** /** Get int64_t variable from Object Dictionary, see @ref OD_get_value */
 511:CANopen/301/CO_ODinterface.h **** static inline ODR_t
 512:CANopen/301/CO_ODinterface.h **** OD_get_i64(const OD_entry_t* entry, uint8_t subIndex, int64_t* val, bool_t odOrig) {
 513:CANopen/301/CO_ODinterface.h ****     return OD_get_value(entry, subIndex, val, sizeof(*val), odOrig);
 514:CANopen/301/CO_ODinterface.h **** }
 515:CANopen/301/CO_ODinterface.h **** 
 516:CANopen/301/CO_ODinterface.h **** /** Get uint8_t variable from Object Dictionary, see @ref OD_get_value */
 517:CANopen/301/CO_ODinterface.h **** static inline ODR_t
 518:CANopen/301/CO_ODinterface.h **** OD_get_u8(const OD_entry_t* entry, uint8_t subIndex, uint8_t* val, bool_t odOrig) {
 519:CANopen/301/CO_ODinterface.h ****     return OD_get_value(entry, subIndex, val, sizeof(*val), odOrig);
 520:CANopen/301/CO_ODinterface.h **** }
 521:CANopen/301/CO_ODinterface.h **** 
 522:CANopen/301/CO_ODinterface.h **** /** Get uint16_t variable from Object Dictionary, see @ref OD_get_value */
 523:CANopen/301/CO_ODinterface.h **** static inline ODR_t
 524:CANopen/301/CO_ODinterface.h **** OD_get_u16(const OD_entry_t* entry, uint8_t subIndex, uint16_t* val, bool_t odOrig) {
 233              		.loc 3 524 1 view .LVU63
 234              	.LBB23:
 525:CANopen/301/CO_ODinterface.h ****     return OD_get_value(entry, subIndex, val, sizeof(*val), odOrig);
 235              		.loc 3 525 5 view .LVU64
 236              		.loc 3 525 12 is_stmt 0 view .LVU65
 237 004e 0123     		movs	r3, #1
 238 0050 0093     		str	r3, [sp]
 239 0052 0223     		movs	r3, #2
 240 0054 0DF11602 		add	r2, sp, #22
 241              	.LVL17:
 242              		.loc 3 525 12 view .LVU66
ARM GAS  C:\Users\Lenovo\AppData\Local\Temp\ccXm1HrZ.s 			page 27


 243 0058 0021     		movs	r1, #0
 244 005a 2846     		mov	r0, r5
 245 005c FFF7FEFF 		bl	OD_get_value
 246              	.LVL18:
 247              		.loc 3 525 12 view .LVU67
 248              	.LBE23:
 249              	.LBE22:
 105:CANopen/301/CO_NMT_Heartbeat.c ****     if (odRet != ODR_OK) {
 250              		.loc 1 105 5 is_stmt 1 view .LVU68
 251              		.loc 1 105 8 is_stmt 0 view .LVU69
 252 0060 38BB     		cbnz	r0, .L25
 106:CANopen/301/CO_NMT_Heartbeat.c ****         if (errInfo != NULL) {
 107:CANopen/301/CO_NMT_Heartbeat.c ****             *errInfo = OD_getIndex(OD_1017_ProducerHbTime);
 108:CANopen/301/CO_NMT_Heartbeat.c ****         }
 109:CANopen/301/CO_NMT_Heartbeat.c ****         return CO_ERROR_OD_PARAMETERS;
 110:CANopen/301/CO_NMT_Heartbeat.c ****     }
 111:CANopen/301/CO_NMT_Heartbeat.c ****     NMT->HBproducerTime_us = (uint32_t)HBprodTime_ms * 1000U;
 253              		.loc 1 111 5 is_stmt 1 view .LVU70
 254              		.loc 1 111 30 is_stmt 0 view .LVU71
 255 0062 BDF81630 		ldrh	r3, [sp, #22]
 256              		.loc 1 111 54 view .LVU72
 257 0066 4FF47A72 		mov	r2, #1000
 258 006a 02FB03F3 		mul	r3, r2, r3
 259              		.loc 1 111 28 view .LVU73
 260 006e A360     		str	r3, [r4, #8]
 112:CANopen/301/CO_NMT_Heartbeat.c **** 
 113:CANopen/301/CO_NMT_Heartbeat.c ****     NMT->OD_1017_extension.object = NMT;
 261              		.loc 1 113 5 is_stmt 1 view .LVU74
 262              		.loc 1 113 35 is_stmt 0 view .LVU75
 263 0070 2461     		str	r4, [r4, #16]
 114:CANopen/301/CO_NMT_Heartbeat.c ****     NMT->OD_1017_extension.read = OD_readOriginal;
 264              		.loc 1 114 5 is_stmt 1 view .LVU76
 265              		.loc 1 114 33 is_stmt 0 view .LVU77
 266 0072 254B     		ldr	r3, .L27
 267 0074 6361     		str	r3, [r4, #20]
 115:CANopen/301/CO_NMT_Heartbeat.c ****     NMT->OD_1017_extension.write = OD_write_1017;
 268              		.loc 1 115 5 is_stmt 1 view .LVU78
 269              		.loc 1 115 34 is_stmt 0 view .LVU79
 270 0076 254B     		ldr	r3, .L27+4
 271 0078 A361     		str	r3, [r4, #24]
 116:CANopen/301/CO_NMT_Heartbeat.c ****     odRet = OD_extension_init(OD_1017_ProducerHbTime, &NMT->OD_1017_extension);
 272              		.loc 1 116 5 is_stmt 1 view .LVU80
 273              		.loc 1 116 13 is_stmt 0 view .LVU81
 274 007a 04F11003 		add	r3, r4, #16
 275              	.LVL19:
 276              	.LBB24:
 277              	.LBI24:
 463:CANopen/301/CO_ODinterface.h ****     if (entry == NULL) {
 278              		.loc 3 463 1 is_stmt 1 view .LVU82
 279              	.LBB25:
 464:CANopen/301/CO_ODinterface.h ****         return ODR_IDX_NOT_EXIST;
 280              		.loc 3 464 5 view .LVU83
 467:CANopen/301/CO_ODinterface.h ****     return ODR_OK;
 281              		.loc 3 467 5 view .LVU84
 467:CANopen/301/CO_ODinterface.h ****     return ODR_OK;
 282              		.loc 3 467 22 is_stmt 0 view .LVU85
 283 007e AB60     		str	r3, [r5, #8]
ARM GAS  C:\Users\Lenovo\AppData\Local\Temp\ccXm1HrZ.s 			page 28


 468:CANopen/301/CO_ODinterface.h **** }
 284              		.loc 3 468 5 is_stmt 1 view .LVU86
 285              	.LVL20:
 468:CANopen/301/CO_ODinterface.h **** }
 286              		.loc 3 468 5 is_stmt 0 view .LVU87
 287              	.LBE25:
 288              	.LBE24:
 117:CANopen/301/CO_NMT_Heartbeat.c ****     if (odRet != ODR_OK) {
 289              		.loc 1 117 5 is_stmt 1 view .LVU88
 118:CANopen/301/CO_NMT_Heartbeat.c ****         if (errInfo != NULL) {
 119:CANopen/301/CO_NMT_Heartbeat.c ****             *errInfo = OD_getIndex(OD_1017_ProducerHbTime);
 120:CANopen/301/CO_NMT_Heartbeat.c ****         }
 121:CANopen/301/CO_NMT_Heartbeat.c ****         return CO_ERROR_OD_PARAMETERS;
 122:CANopen/301/CO_NMT_Heartbeat.c ****     }
 123:CANopen/301/CO_NMT_Heartbeat.c **** 
 124:CANopen/301/CO_NMT_Heartbeat.c ****     if (NMT->HBproducerTimer > NMT->HBproducerTime_us) {
 290              		.loc 1 124 5 view .LVU89
 291              		.loc 1 124 12 is_stmt 0 view .LVU90
 292 0080 E268     		ldr	r2, [r4, #12]
 293              		.loc 1 124 35 view .LVU91
 294 0082 A368     		ldr	r3, [r4, #8]
 295              		.loc 1 124 8 view .LVU92
 296 0084 9A42     		cmp	r2, r3
 297 0086 00D9     		bls	.L17
 125:CANopen/301/CO_NMT_Heartbeat.c ****         NMT->HBproducerTimer = NMT->HBproducerTime_us;
 298              		.loc 1 125 9 is_stmt 1 view .LVU93
 299              		.loc 1 125 30 is_stmt 0 view .LVU94
 300 0088 E360     		str	r3, [r4, #12]
 301              	.L17:
 126:CANopen/301/CO_NMT_Heartbeat.c ****     }
 127:CANopen/301/CO_NMT_Heartbeat.c **** 
 128:CANopen/301/CO_NMT_Heartbeat.c ****     /* configure NMT CAN reception */
 129:CANopen/301/CO_NMT_Heartbeat.c ****     ret = CO_CANrxBufferInit(NMT_CANdevRx, NMT_rxIdx, CANidRxNMT, 0x7FF, false, (void*)NMT, CO_NMT_
 302              		.loc 1 129 5 is_stmt 1 view .LVU95
 303              		.loc 1 129 11 is_stmt 0 view .LVU96
 304 008a 214B     		ldr	r3, .L27+8
 305 008c 0293     		str	r3, [sp, #8]
 306 008e 0194     		str	r4, [sp, #4]
 307 0090 0023     		movs	r3, #0
 308 0092 0093     		str	r3, [sp]
 309 0094 40F2FF73 		movw	r3, #2047
 310 0098 BDF84820 		ldrh	r2, [sp, #72]
 311 009c BDF84410 		ldrh	r1, [sp, #68]
 312 00a0 4046     		mov	r0, r8
 313 00a2 FFF7FEFF 		bl	CO_CANrxBufferInit
 314              	.LVL21:
 130:CANopen/301/CO_NMT_Heartbeat.c ****     if (ret != CO_ERROR_NO) {
 315              		.loc 1 130 5 is_stmt 1 view .LVU97
 316              		.loc 1 130 8 is_stmt 0 view .LVU98
 317 00a6 0546     		mov	r5, r0
 318              	.LVL22:
 319              		.loc 1 130 8 view .LVU99
 320 00a8 58B1     		cbz	r0, .L26
 321              	.LVL23:
 322              	.L14:
 131:CANopen/301/CO_NMT_Heartbeat.c ****         return ret;
 132:CANopen/301/CO_NMT_Heartbeat.c ****     }
ARM GAS  C:\Users\Lenovo\AppData\Local\Temp\ccXm1HrZ.s 			page 29


 133:CANopen/301/CO_NMT_Heartbeat.c **** 
 134:CANopen/301/CO_NMT_Heartbeat.c **** #if ((CO_CONFIG_NMT)&CO_CONFIG_NMT_MASTER) != 0
 135:CANopen/301/CO_NMT_Heartbeat.c ****     /* configure NMT CAN transmission */
 136:CANopen/301/CO_NMT_Heartbeat.c ****     NMT->NMT_CANdevTx = NMT_CANdevTx;
 137:CANopen/301/CO_NMT_Heartbeat.c ****     NMT->NMT_TXbuff = CO_CANtxBufferInit(NMT_CANdevTx, NMT_txIdx, CANidTxNMT, false, 2, false);
 138:CANopen/301/CO_NMT_Heartbeat.c ****     if (NMT->NMT_TXbuff == NULL) {
 139:CANopen/301/CO_NMT_Heartbeat.c ****         return CO_ERROR_ILLEGAL_ARGUMENT;
 140:CANopen/301/CO_NMT_Heartbeat.c ****     }
 141:CANopen/301/CO_NMT_Heartbeat.c **** #endif
 142:CANopen/301/CO_NMT_Heartbeat.c **** 
 143:CANopen/301/CO_NMT_Heartbeat.c ****     /* configure HB CAN transmission */
 144:CANopen/301/CO_NMT_Heartbeat.c ****     NMT->HB_CANdevTx = HB_CANdevTx;
 145:CANopen/301/CO_NMT_Heartbeat.c ****     NMT->HB_TXbuff = CO_CANtxBufferInit(HB_CANdevTx, HB_txIdx, CANidTxHB, false, 1, false);
 146:CANopen/301/CO_NMT_Heartbeat.c ****     if (NMT->HB_TXbuff == NULL) {
 147:CANopen/301/CO_NMT_Heartbeat.c ****         return CO_ERROR_ILLEGAL_ARGUMENT;
 148:CANopen/301/CO_NMT_Heartbeat.c ****     }
 149:CANopen/301/CO_NMT_Heartbeat.c **** 
 150:CANopen/301/CO_NMT_Heartbeat.c ****     return ret;
 151:CANopen/301/CO_NMT_Heartbeat.c **** }
 323              		.loc 1 151 1 view .LVU100
 324 00aa 2846     		mov	r0, r5
 325 00ac 07B0     		add	sp, sp, #28
 326              	.LCFI4:
 327              		.cfi_remember_state
 328              		.cfi_def_cfa_offset 28
 329              		@ sp needed
 330 00ae BDE8F083 		pop	{r4, r5, r6, r7, r8, r9, pc}
 331              	.LVL24:
 332              	.L25:
 333              	.LCFI5:
 334              		.cfi_restore_state
 106:CANopen/301/CO_NMT_Heartbeat.c ****             *errInfo = OD_getIndex(OD_1017_ProducerHbTime);
 335              		.loc 1 106 9 is_stmt 1 view .LVU101
 106:CANopen/301/CO_NMT_Heartbeat.c ****             *errInfo = OD_getIndex(OD_1017_ProducerHbTime);
 336              		.loc 1 106 12 is_stmt 0 view .LVU102
 337 00b2 169B     		ldr	r3, [sp, #88]
 338 00b4 13B1     		cbz	r3, .L16
 107:CANopen/301/CO_NMT_Heartbeat.c ****         }
 339              		.loc 1 107 13 is_stmt 1 view .LVU103
 340              	.LVL25:
 341              	.LBB26:
 342              	.LBI26:
 343:CANopen/301/CO_ODinterface.h ****     return (entry != NULL) ? entry->index : 0U;
 343              		.loc 3 343 1 view .LVU104
 344              	.LBB27:
 344:CANopen/301/CO_ODinterface.h **** }
 345              		.loc 3 344 5 view .LVU105
 344:CANopen/301/CO_ODinterface.h **** }
 346              		.loc 3 344 43 is_stmt 0 discriminator 1 view .LVU106
 347 00b6 2B88     		ldrh	r3, [r5]
 348              	.LVL26:
 344:CANopen/301/CO_ODinterface.h **** }
 349              		.loc 3 344 43 discriminator 1 view .LVU107
 350              	.LBE27:
 351              	.LBE26:
 107:CANopen/301/CO_NMT_Heartbeat.c ****         }
 352              		.loc 1 107 22 discriminator 1 view .LVU108
ARM GAS  C:\Users\Lenovo\AppData\Local\Temp\ccXm1HrZ.s 			page 30


 353 00b8 169A     		ldr	r2, [sp, #88]
 354 00ba 1360     		str	r3, [r2]
 355              	.L16:
 109:CANopen/301/CO_NMT_Heartbeat.c ****     }
 356              		.loc 1 109 9 is_stmt 1 view .LVU109
 109:CANopen/301/CO_NMT_Heartbeat.c ****     }
 357              		.loc 1 109 16 is_stmt 0 view .LVU110
 358 00bc 6FF00B05 		mvn	r5, #11
 359              	.LVL27:
 109:CANopen/301/CO_NMT_Heartbeat.c ****     }
 360              		.loc 1 109 16 view .LVU111
 361 00c0 F3E7     		b	.L14
 362              	.LVL28:
 363              	.L26:
 144:CANopen/301/CO_NMT_Heartbeat.c ****     NMT->HB_TXbuff = CO_CANtxBufferInit(HB_CANdevTx, HB_txIdx, CANidTxHB, false, 1, false);
 364              		.loc 1 144 5 is_stmt 1 view .LVU112
 144:CANopen/301/CO_NMT_Heartbeat.c ****     NMT->HB_TXbuff = CO_CANtxBufferInit(HB_CANdevTx, HB_txIdx, CANidTxHB, false, 1, false);
 365              		.loc 1 144 22 is_stmt 0 view .LVU113
 366 00c2 C4F82490 		str	r9, [r4, #36]
 145:CANopen/301/CO_NMT_Heartbeat.c ****     if (NMT->HB_TXbuff == NULL) {
 367              		.loc 1 145 5 is_stmt 1 view .LVU114
 145:CANopen/301/CO_NMT_Heartbeat.c ****     if (NMT->HB_TXbuff == NULL) {
 368              		.loc 1 145 22 is_stmt 0 view .LVU115
 369 00c6 0023     		movs	r3, #0
 370 00c8 0193     		str	r3, [sp, #4]
 371 00ca 0122     		movs	r2, #1
 372 00cc 0092     		str	r2, [sp]
 373 00ce BDF85420 		ldrh	r2, [sp, #84]
 374 00d2 BDF85010 		ldrh	r1, [sp, #80]
 375 00d6 4846     		mov	r0, r9
 376              	.LVL29:
 145:CANopen/301/CO_NMT_Heartbeat.c ****     if (NMT->HB_TXbuff == NULL) {
 377              		.loc 1 145 22 view .LVU116
 378 00d8 FFF7FEFF 		bl	CO_CANtxBufferInit
 379              	.LVL30:
 145:CANopen/301/CO_NMT_Heartbeat.c ****     if (NMT->HB_TXbuff == NULL) {
 380              		.loc 1 145 20 discriminator 1 view .LVU117
 381 00dc A062     		str	r0, [r4, #40]
 146:CANopen/301/CO_NMT_Heartbeat.c ****         return CO_ERROR_ILLEGAL_ARGUMENT;
 382              		.loc 1 146 5 is_stmt 1 view .LVU118
 146:CANopen/301/CO_NMT_Heartbeat.c ****         return CO_ERROR_ILLEGAL_ARGUMENT;
 383              		.loc 1 146 8 is_stmt 0 view .LVU119
 384 00de 0028     		cmp	r0, #0
 385 00e0 E3D1     		bne	.L14
 147:CANopen/301/CO_NMT_Heartbeat.c ****     }
 386              		.loc 1 147 16 view .LVU120
 387 00e2 4FF0FF35 		mov	r5, #-1
 388              	.LVL31:
 147:CANopen/301/CO_NMT_Heartbeat.c ****     }
 389              		.loc 1 147 16 view .LVU121
 390 00e6 E0E7     		b	.L14
 391              	.LVL32:
 392              	.L18:
  88:CANopen/301/CO_NMT_Heartbeat.c ****     }
 393              		.loc 1 88 16 view .LVU122
 394 00e8 4FF0FF35 		mov	r5, #-1
 395 00ec DDE7     		b	.L14
ARM GAS  C:\Users\Lenovo\AppData\Local\Temp\ccXm1HrZ.s 			page 31


 396              	.L19:
  88:CANopen/301/CO_NMT_Heartbeat.c ****     }
 397              		.loc 1 88 16 view .LVU123
 398 00ee 4FF0FF35 		mov	r5, #-1
 399 00f2 DAE7     		b	.L14
 400              	.L20:
  88:CANopen/301/CO_NMT_Heartbeat.c ****     }
 401              		.loc 1 88 16 view .LVU124
 402 00f4 4FF0FF35 		mov	r5, #-1
 403 00f8 D7E7     		b	.L14
 404              	.L21:
  88:CANopen/301/CO_NMT_Heartbeat.c ****     }
 405              		.loc 1 88 16 view .LVU125
 406 00fa 4FF0FF35 		mov	r5, #-1
 407 00fe D4E7     		b	.L14
 408              	.L22:
  88:CANopen/301/CO_NMT_Heartbeat.c ****     }
 409              		.loc 1 88 16 view .LVU126
 410 0100 4FF0FF35 		mov	r5, #-1
 411 0104 D1E7     		b	.L14
 412              	.L28:
 413 0106 00BF     		.align	2
 414              	.L27:
 415 0108 00000000 		.word	OD_readOriginal
 416 010c 00000000 		.word	OD_write_1017
 417 0110 00000000 		.word	CO_NMT_receive
 418              		.cfi_endproc
 419              	.LFE38:
 421              		.section	.text.CO_NMT_process,"ax",%progbits
 422              		.align	1
 423              		.global	CO_NMT_process
 424              		.syntax unified
 425              		.thumb
 426              		.thumb_func
 428              	CO_NMT_process:
 429              	.LVL33:
 430              	.LFB39:
 152:CANopen/301/CO_NMT_Heartbeat.c **** 
 153:CANopen/301/CO_NMT_Heartbeat.c **** #if ((CO_CONFIG_NMT)&CO_CONFIG_FLAG_CALLBACK_PRE) != 0
 154:CANopen/301/CO_NMT_Heartbeat.c **** void
 155:CANopen/301/CO_NMT_Heartbeat.c **** CO_NMT_initCallbackPre(CO_NMT_t* NMT, void* object, void (*pFunctSignal)(void* object)) {
 156:CANopen/301/CO_NMT_Heartbeat.c ****     if (NMT != NULL) {
 157:CANopen/301/CO_NMT_Heartbeat.c ****         NMT->pFunctSignalPre = pFunctSignal;
 158:CANopen/301/CO_NMT_Heartbeat.c ****         NMT->functSignalObjectPre = object;
 159:CANopen/301/CO_NMT_Heartbeat.c ****     }
 160:CANopen/301/CO_NMT_Heartbeat.c **** }
 161:CANopen/301/CO_NMT_Heartbeat.c **** #endif
 162:CANopen/301/CO_NMT_Heartbeat.c **** 
 163:CANopen/301/CO_NMT_Heartbeat.c **** #if ((CO_CONFIG_NMT)&CO_CONFIG_NMT_CALLBACK_CHANGE) != 0
 164:CANopen/301/CO_NMT_Heartbeat.c **** void
 165:CANopen/301/CO_NMT_Heartbeat.c **** CO_NMT_initCallbackChanged(CO_NMT_t* NMT, void (*pFunctNMT)(CO_NMT_internalState_t state)) {
 166:CANopen/301/CO_NMT_Heartbeat.c ****     if (NMT != NULL) {
 167:CANopen/301/CO_NMT_Heartbeat.c ****         NMT->pFunctNMT = pFunctNMT;
 168:CANopen/301/CO_NMT_Heartbeat.c ****         if (NMT->pFunctNMT != NULL) {
 169:CANopen/301/CO_NMT_Heartbeat.c ****             NMT->pFunctNMT(NMT->operatingState);
 170:CANopen/301/CO_NMT_Heartbeat.c ****         }
 171:CANopen/301/CO_NMT_Heartbeat.c ****     }
ARM GAS  C:\Users\Lenovo\AppData\Local\Temp\ccXm1HrZ.s 			page 32


 172:CANopen/301/CO_NMT_Heartbeat.c **** }
 173:CANopen/301/CO_NMT_Heartbeat.c **** #endif
 174:CANopen/301/CO_NMT_Heartbeat.c **** 
 175:CANopen/301/CO_NMT_Heartbeat.c **** CO_NMT_reset_cmd_t
 176:CANopen/301/CO_NMT_Heartbeat.c **** CO_NMT_process(CO_NMT_t* NMT, CO_NMT_internalState_t* NMTstate, uint32_t timeDifference_us, uint32_
 431              		.loc 1 176 117 is_stmt 1 view -0
 432              		.cfi_startproc
 433              		@ args = 0, pretend = 0, frame = 0
 434              		@ frame_needed = 0, uses_anonymous_args = 0
 435              		.loc 1 176 117 is_stmt 0 view .LVU128
 436 0000 F8B5     		push	{r3, r4, r5, r6, r7, lr}
 437              	.LCFI6:
 438              		.cfi_def_cfa_offset 24
 439              		.cfi_offset 3, -24
 440              		.cfi_offset 4, -20
 441              		.cfi_offset 5, -16
 442              		.cfi_offset 6, -12
 443              		.cfi_offset 7, -8
 444              		.cfi_offset 14, -4
 445 0002 0446     		mov	r4, r0
 446 0004 0E46     		mov	r6, r1
 177:CANopen/301/CO_NMT_Heartbeat.c ****     (void)timerNext_us; /* may be unused */
 447              		.loc 1 177 5 is_stmt 1 view .LVU129
 178:CANopen/301/CO_NMT_Heartbeat.c ****     CO_NMT_internalState_t NMTstateCpy = NMT->operatingState;
 448              		.loc 1 178 5 view .LVU130
 449              		.loc 1 178 28 is_stmt 0 view .LVU131
 450 0006 90F90050 		ldrsb	r5, [r0]
 451              	.LVL34:
 179:CANopen/301/CO_NMT_Heartbeat.c ****     CO_NMT_reset_cmd_t resetCommand = CO_RESET_NOT;
 452              		.loc 1 179 5 is_stmt 1 view .LVU132
 180:CANopen/301/CO_NMT_Heartbeat.c ****     bool_t NNTinit = NMTstateCpy == CO_NMT_INITIALIZING;
 453              		.loc 1 180 5 view .LVU133
 181:CANopen/301/CO_NMT_Heartbeat.c **** 
 182:CANopen/301/CO_NMT_Heartbeat.c ****     NMT->HBproducerTimer = (NMT->HBproducerTimer > timeDifference_us) ? (NMT->HBproducerTimer - tim
 454              		.loc 1 182 5 view .LVU134
 455              		.loc 1 182 32 is_stmt 0 view .LVU135
 456 000a C368     		ldr	r3, [r0, #12]
 457              	.LVL35:
 458              		.loc 1 182 116 view .LVU136
 459 000c 9342     		cmp	r3, r2
 460 000e 16D9     		bls	.L47
 461              		.loc 1 182 116 discriminator 1 view .LVU137
 462 0010 9A1A     		subs	r2, r3, r2
 463              	.LVL36:
 464              	.L30:
 465              		.loc 1 182 26 discriminator 4 view .LVU138
 466 0012 E260     		str	r2, [r4, #12]
 183:CANopen/301/CO_NMT_Heartbeat.c **** 
 184:CANopen/301/CO_NMT_Heartbeat.c ****     /* Send heartbeat producer message if:
 185:CANopen/301/CO_NMT_Heartbeat.c ****      * - First start, send bootup message or
 186:CANopen/301/CO_NMT_Heartbeat.c ****      * - HB producer enabled and: Timer expired or NMT->operatingState changed */
 187:CANopen/301/CO_NMT_Heartbeat.c ****     if (NNTinit
 467              		.loc 1 187 5 is_stmt 1 view .LVU139
 468              		.loc 1 187 8 is_stmt 0 view .LVU140
 469 0014 35B1     		cbz	r5, .L31
 188:CANopen/301/CO_NMT_Heartbeat.c ****         || ((NMT->HBproducerTime_us != 0U)
 470              		.loc 1 188 17 view .LVU141
ARM GAS  C:\Users\Lenovo\AppData\Local\Temp\ccXm1HrZ.s 			page 33


 471 0016 A368     		ldr	r3, [r4, #8]
 472              		.loc 1 188 9 view .LVU142
 473 0018 ABB1     		cbz	r3, .L32
 189:CANopen/301/CO_NMT_Heartbeat.c ****             && ((NMT->HBproducerTimer == 0U) || (NMTstateCpy != NMT->operatingStatePrev)))) {
 474              		.loc 1 189 13 view .LVU143
 475 001a 1AB1     		cbz	r2, .L31
 476              		.loc 1 189 68 discriminator 1 view .LVU144
 477 001c 94F90130 		ldrsb	r3, [r4, #1]
 478              		.loc 1 189 46 discriminator 1 view .LVU145
 479 0020 AB42     		cmp	r3, r5
 480 0022 10D0     		beq	.L32
 481              	.L31:
 190:CANopen/301/CO_NMT_Heartbeat.c ****         NMT->HB_TXbuff->data[0] = (uint8_t)NMTstateCpy;
 482              		.loc 1 190 9 is_stmt 1 view .LVU146
 483              		.loc 1 190 12 is_stmt 0 view .LVU147
 484 0024 A36A     		ldr	r3, [r4, #40]
 485              		.loc 1 190 33 view .LVU148
 486 0026 5D71     		strb	r5, [r3, #5]
 191:CANopen/301/CO_NMT_Heartbeat.c ****         (void)CO_CANsend(NMT->HB_CANdevTx, NMT->HB_TXbuff);
 487              		.loc 1 191 9 is_stmt 1 view .LVU149
 488              		.loc 1 191 15 is_stmt 0 view .LVU150
 489 0028 A16A     		ldr	r1, [r4, #40]
 490              	.LVL37:
 491              		.loc 1 191 15 view .LVU151
 492 002a 606A     		ldr	r0, [r4, #36]
 493              	.LVL38:
 494              		.loc 1 191 15 view .LVU152
 495 002c FFF7FEFF 		bl	CO_CANsend
 496              	.LVL39:
 192:CANopen/301/CO_NMT_Heartbeat.c **** 
 193:CANopen/301/CO_NMT_Heartbeat.c ****         if (NMTstateCpy == CO_NMT_INITIALIZING) {
 497              		.loc 1 193 9 is_stmt 1 view .LVU153
 498              		.loc 1 193 12 is_stmt 0 view .LVU154
 499 0030 3DB9     		cbnz	r5, .L33
 194:CANopen/301/CO_NMT_Heartbeat.c ****             /* NMT slave self starting */
 195:CANopen/301/CO_NMT_Heartbeat.c ****             NMTstateCpy = (((uint16_t)NMT->NMTcontrol & (uint16_t)CO_NMT_STARTUP_TO_OPERATIONAL) !=
 500              		.loc 1 195 13 is_stmt 1 view .LVU155
 501              		.loc 1 195 42 is_stmt 0 view .LVU156
 502 0032 A388     		ldrh	r3, [r4, #4]
 196:CANopen/301/CO_NMT_Heartbeat.c ****                               ? CO_NMT_OPERATIONAL
 197:CANopen/301/CO_NMT_Heartbeat.c ****                               : CO_NMT_PRE_OPERATIONAL;
 503              		.loc 1 197 31 view .LVU157
 504 0034 13F4807F 		tst	r3, #256
 505 0038 36D0     		beq	.L48
 506              		.loc 1 197 31 discriminator 1 view .LVU158
 507 003a 0525     		movs	r5, #5
 508              	.LVL40:
 509              		.loc 1 197 31 discriminator 1 view .LVU159
 510 003c 03E0     		b	.L32
 511              	.LVL41:
 512              	.L47:
 182:CANopen/301/CO_NMT_Heartbeat.c **** 
 513              		.loc 1 182 116 discriminator 2 view .LVU160
 514 003e 0022     		movs	r2, #0
 515              	.LVL42:
 182:CANopen/301/CO_NMT_Heartbeat.c **** 
 516              		.loc 1 182 116 discriminator 2 view .LVU161
ARM GAS  C:\Users\Lenovo\AppData\Local\Temp\ccXm1HrZ.s 			page 34


 517 0040 E7E7     		b	.L30
 518              	.LVL43:
 519              	.L33:
 198:CANopen/301/CO_NMT_Heartbeat.c ****         } else {
 199:CANopen/301/CO_NMT_Heartbeat.c ****             /* Start timer from the beginning. If OS is slow, time sliding may occur. However,
 200:CANopen/301/CO_NMT_Heartbeat.c ****              * heartbeat is not for synchronization, it is for health report. In case of
 201:CANopen/301/CO_NMT_Heartbeat.c ****              * initializing, timer is set in the CO_NMT_init() function with pre-defined value. */
 202:CANopen/301/CO_NMT_Heartbeat.c ****             NMT->HBproducerTimer = NMT->HBproducerTime_us;
 520              		.loc 1 202 13 is_stmt 1 view .LVU162
 521              		.loc 1 202 39 is_stmt 0 view .LVU163
 522 0042 A368     		ldr	r3, [r4, #8]
 523              		.loc 1 202 34 view .LVU164
 524 0044 E360     		str	r3, [r4, #12]
 525              	.LVL44:
 526              	.L32:
 203:CANopen/301/CO_NMT_Heartbeat.c ****         }
 204:CANopen/301/CO_NMT_Heartbeat.c ****     }
 205:CANopen/301/CO_NMT_Heartbeat.c ****     NMT->operatingStatePrev = NMTstateCpy;
 527              		.loc 1 205 5 is_stmt 1 view .LVU165
 528              		.loc 1 205 29 is_stmt 0 view .LVU166
 529 0046 6570     		strb	r5, [r4, #1]
 206:CANopen/301/CO_NMT_Heartbeat.c **** 
 207:CANopen/301/CO_NMT_Heartbeat.c ****     /* process internal NMT commands, received from CO_NMT_receive() or CO_NMT_sendCommand() */
 208:CANopen/301/CO_NMT_Heartbeat.c ****     if (NMT->internalCommand != CO_NMT_NO_COMMAND) {
 530              		.loc 1 208 5 is_stmt 1 view .LVU167
 531              		.loc 1 208 12 is_stmt 0 view .LVU168
 532 0048 A078     		ldrb	r0, [r4, #2]	@ zero_extendqisi2
 533              		.loc 1 208 8 view .LVU169
 534 004a 48B1     		cbz	r0, .L34
 209:CANopen/301/CO_NMT_Heartbeat.c ****         switch (NMT->internalCommand) {
 535              		.loc 1 209 9 is_stmt 1 view .LVU170
 536 004c 8028     		cmp	r0, #128
 537 004e 34D0     		beq	.L49
 538 0050 2CD9     		bls	.L70
 539 0052 8128     		cmp	r0, #129
 540 0054 39D0     		beq	.L52
 541 0056 8228     		cmp	r0, #130
 542 0058 39D1     		bne	.L53
 210:CANopen/301/CO_NMT_Heartbeat.c ****             case CO_NMT_ENTER_OPERATIONAL: NMTstateCpy = CO_NMT_OPERATIONAL; break;
 211:CANopen/301/CO_NMT_Heartbeat.c ****             case CO_NMT_ENTER_STOPPED: NMTstateCpy = CO_NMT_STOPPED; break;
 212:CANopen/301/CO_NMT_Heartbeat.c ****             case CO_NMT_ENTER_PRE_OPERATIONAL: NMTstateCpy = CO_NMT_PRE_OPERATIONAL; break;
 213:CANopen/301/CO_NMT_Heartbeat.c ****             case CO_NMT_RESET_NODE: resetCommand = CO_RESET_APP; break;
 214:CANopen/301/CO_NMT_Heartbeat.c ****             case CO_NMT_RESET_COMMUNICATION: resetCommand = CO_RESET_COMM; break;
 543              		.loc 1 214 59 is_stmt 0 view .LVU171
 544 005a 0120     		movs	r0, #1
 545              	.LVL45:
 546              	.L35:
 215:CANopen/301/CO_NMT_Heartbeat.c ****             case CO_NMT_NO_COMMAND:
 216:CANopen/301/CO_NMT_Heartbeat.c ****             default:
 217:CANopen/301/CO_NMT_Heartbeat.c ****                 /* done */
 218:CANopen/301/CO_NMT_Heartbeat.c ****                 break;
 219:CANopen/301/CO_NMT_Heartbeat.c ****         }
 220:CANopen/301/CO_NMT_Heartbeat.c ****         NMT->internalCommand = CO_NMT_NO_COMMAND;
 547              		.loc 1 220 9 is_stmt 1 view .LVU172
 548              		.loc 1 220 30 is_stmt 0 view .LVU173
 549 005c 0023     		movs	r3, #0
 550 005e A370     		strb	r3, [r4, #2]
ARM GAS  C:\Users\Lenovo\AppData\Local\Temp\ccXm1HrZ.s 			page 35


 551              	.LVL46:
 552              	.L34:
 221:CANopen/301/CO_NMT_Heartbeat.c ****     }
 222:CANopen/301/CO_NMT_Heartbeat.c **** 
 223:CANopen/301/CO_NMT_Heartbeat.c ****     /* verify NMT transitions based on error register */
 224:CANopen/301/CO_NMT_Heartbeat.c ****     bool_t ErrOnBusOffHB = (((uint16_t)NMT->NMTcontrol & (uint16_t)CO_NMT_ERR_ON_BUSOFF_HB) != 0U);
 553              		.loc 1 224 5 is_stmt 1 view .LVU174
 554              		.loc 1 224 43 is_stmt 0 view .LVU175
 555 0060 A288     		ldrh	r2, [r4, #4]
 556 0062 02F48057 		and	r7, r2, #4096
 557              	.LVL47:
 225:CANopen/301/CO_NMT_Heartbeat.c ****     bool_t ErrBusOff = CO_isError(NMT->em, CO_EM_CAN_TX_BUS_OFF);
 558              		.loc 1 225 5 is_stmt 1 view .LVU176
 559              		.loc 1 225 24 is_stmt 0 view .LVU177
 560 0066 236A     		ldr	r3, [r4, #32]
 561              	.LVL48:
 562              	.LBB28:
 563              	.LBI28:
 564              		.file 4 "CANopen/301/CO_Emergency.h"
   1:CANopen/301/CO_Emergency.h **** /**
   2:CANopen/301/CO_Emergency.h ****  * CANopen Emergency protocol.
   3:CANopen/301/CO_Emergency.h ****  *
   4:CANopen/301/CO_Emergency.h ****  * @file        CO_Emergency.h
   5:CANopen/301/CO_Emergency.h ****  * @ingroup     CO_Emergency
   6:CANopen/301/CO_Emergency.h ****  * @author      Janez Paternoster
   7:CANopen/301/CO_Emergency.h ****  * @copyright   2020 Janez Paternoster
   8:CANopen/301/CO_Emergency.h ****  *
   9:CANopen/301/CO_Emergency.h ****  * This file is part of <https://github.com/CANopenNode/CANopenNode>, a CANopen Stack.
  10:CANopen/301/CO_Emergency.h ****  *
  11:CANopen/301/CO_Emergency.h ****  * Licensed under the Apache License, Version 2.0 (the "License"); you may not use this
  12:CANopen/301/CO_Emergency.h ****  * file except in compliance with the License. You may obtain a copy of the License at
  13:CANopen/301/CO_Emergency.h ****  *
  14:CANopen/301/CO_Emergency.h ****  *     http://www.apache.org/licenses/LICENSE-2.0
  15:CANopen/301/CO_Emergency.h ****  *
  16:CANopen/301/CO_Emergency.h ****  * Unless required by applicable law or agreed to in writing, software distributed under the Licens
  17:CANopen/301/CO_Emergency.h ****  * distributed on an "AS IS" BASIS, WITHOUT WARRANTIES OR CONDITIONS OF ANY KIND, either express or
  18:CANopen/301/CO_Emergency.h ****  * See the License for the specific language governing permissions and limitations under the Licens
  19:CANopen/301/CO_Emergency.h ****  */
  20:CANopen/301/CO_Emergency.h **** 
  21:CANopen/301/CO_Emergency.h **** #ifndef CO_EMERGENCY_H
  22:CANopen/301/CO_Emergency.h **** #define CO_EMERGENCY_H
  23:CANopen/301/CO_Emergency.h **** 
  24:CANopen/301/CO_Emergency.h **** #include "301/CO_driver.h"
  25:CANopen/301/CO_Emergency.h **** #include "301/CO_ODinterface.h"
  26:CANopen/301/CO_Emergency.h **** 
  27:CANopen/301/CO_Emergency.h **** /* default configuration, see CO_config.h */
  28:CANopen/301/CO_Emergency.h **** #ifndef CO_CONFIG_EM
  29:CANopen/301/CO_Emergency.h **** #define CO_CONFIG_EM                                                                               
  30:CANopen/301/CO_Emergency.h ****     (CO_CONFIG_EM_PRODUCER | CO_CONFIG_EM_HISTORY | CO_CONFIG_GLOBAL_FLAG_CALLBACK_PRE             
  31:CANopen/301/CO_Emergency.h ****      | CO_CONFIG_GLOBAL_FLAG_TIMERNEXT)
  32:CANopen/301/CO_Emergency.h **** #endif
  33:CANopen/301/CO_Emergency.h **** #ifndef CO_CONFIG_EM_ERR_STATUS_BITS_COUNT
  34:CANopen/301/CO_Emergency.h **** #define CO_CONFIG_EM_ERR_STATUS_BITS_COUNT (10U * 8U)
  35:CANopen/301/CO_Emergency.h **** #endif
  36:CANopen/301/CO_Emergency.h **** #ifndef CO_CONFIG_ERR_CONDITION_GENERIC
  37:CANopen/301/CO_Emergency.h **** #define CO_CONFIG_ERR_CONDITION_GENERIC (em->errorStatusBits[5] != 0U)
  38:CANopen/301/CO_Emergency.h **** #endif
ARM GAS  C:\Users\Lenovo\AppData\Local\Temp\ccXm1HrZ.s 			page 36


  39:CANopen/301/CO_Emergency.h **** #ifndef CO_CONFIG_ERR_CONDITION_COMMUNICATION
  40:CANopen/301/CO_Emergency.h **** #define CO_CONFIG_ERR_CONDITION_COMMUNICATION ((em->errorStatusBits[2] != 0U) || (em->errorStatusBi
  41:CANopen/301/CO_Emergency.h **** #endif
  42:CANopen/301/CO_Emergency.h **** #ifndef CO_CONFIG_ERR_CONDITION_MANUFACTURER
  43:CANopen/301/CO_Emergency.h **** #define CO_CONFIG_ERR_CONDITION_MANUFACTURER ((em->errorStatusBits[8] != 0U) || (em->errorStatusBit
  44:CANopen/301/CO_Emergency.h **** #endif
  45:CANopen/301/CO_Emergency.h **** 
  46:CANopen/301/CO_Emergency.h **** #ifdef __cplusplus
  47:CANopen/301/CO_Emergency.h **** extern "C" {
  48:CANopen/301/CO_Emergency.h **** #endif
  49:CANopen/301/CO_Emergency.h **** 
  50:CANopen/301/CO_Emergency.h **** /**
  51:CANopen/301/CO_Emergency.h ****  * @defgroup CO_Emergency Emergency
  52:CANopen/301/CO_Emergency.h ****  * CANopen Emergency protocol.
  53:CANopen/301/CO_Emergency.h ****  *
  54:CANopen/301/CO_Emergency.h ****  * @ingroup CO_CANopen_301
  55:CANopen/301/CO_Emergency.h ****  * @{
  56:CANopen/301/CO_Emergency.h ****  * Error control and Emergency is used for control internal error state and for sending a CANopen E
  57:CANopen/301/CO_Emergency.h ****  *
  58:CANopen/301/CO_Emergency.h ****  * In case of error condition stack or application calls CO_errorReport() function with indication 
  59:CANopen/301/CO_Emergency.h ****  * Specific error condition is reported (with CANopen Emergency message) only the first time after 
  60:CANopen/301/CO_Emergency.h ****  * state of specific error condition is indicated by internal bitfield variable, with space for max
  61:CANopen/301/CO_Emergency.h ****  * CO_CONFIG_EM_ERR_STATUS_BITS_COUNT bits. Meaning for each bit is described by @ref CO_EM_errorSt
  62:CANopen/301/CO_Emergency.h ****  * error condition can be reset by CO_errorReset() function. In that case Emergency message is sent
  63:CANopen/301/CO_Emergency.h ****  * indication.
  64:CANopen/301/CO_Emergency.h ****  *
  65:CANopen/301/CO_Emergency.h ****  * Some error conditions are informative and some are critical. Critical error conditions set the c
  66:CANopen/301/CO_Emergency.h ****  * @ref CO_errorRegister_t. Critical error conditions for generic error are specified by @ref
  67:CANopen/301/CO_Emergency.h ****  * CO_CONFIG_ERR_CONDITION_GENERIC macro. Similar macros are defined for other error bits in in @re
  68:CANopen/301/CO_Emergency.h ****  *
  69:CANopen/301/CO_Emergency.h ****  * ### Emergency producer
  70:CANopen/301/CO_Emergency.h ****  * If @ref CO_CONFIG_EM has CO_CONFIG_EM_PRODUCER enabled, then CANopen Emergency message will be s
  71:CANopen/301/CO_Emergency.h ****  * any error condition. Emergency message contents are:
  72:CANopen/301/CO_Emergency.h ****  *
  73:CANopen/301/CO_Emergency.h ****  *   Byte | Description
  74:CANopen/301/CO_Emergency.h ****  *   -----|-----------------------------------------------------------
  75:CANopen/301/CO_Emergency.h ****  *   0..1 | @ref CO_EM_errorCode_t
  76:CANopen/301/CO_Emergency.h ****  *   2    | @ref CO_errorRegister_t
  77:CANopen/301/CO_Emergency.h ****  *   3    | Index of error condition (see @ref CO_EM_errorStatusBits_t).
  78:CANopen/301/CO_Emergency.h ****  *   4..7 | Additional informative argument to CO_errorReport() function.
  79:CANopen/301/CO_Emergency.h ****  *
  80:CANopen/301/CO_Emergency.h ****  * ### Error history
  81:CANopen/301/CO_Emergency.h ****  * If @ref CO_CONFIG_EM has CO_CONFIG_EM_HISTORY enabled, then latest errors can be read from _Pre 
  82:CANopen/301/CO_Emergency.h ****  * (object dictionary, index 0x1003). Contents corresponds to bytes 0..3 from the Emergency message
  83:CANopen/301/CO_Emergency.h ****  *
  84:CANopen/301/CO_Emergency.h ****  * ### Emergency consumer
  85:CANopen/301/CO_Emergency.h ****  * If @ref CO_CONFIG_EM has CO_CONFIG_EM_CONSUMER enabled, then callback can be registered by @ref
  86:CANopen/301/CO_Emergency.h ****  * CO_EM_initCallbackRx() function.
  87:CANopen/301/CO_Emergency.h ****  */
  88:CANopen/301/CO_Emergency.h **** 
  89:CANopen/301/CO_Emergency.h **** /**
  90:CANopen/301/CO_Emergency.h ****  * @defgroup CO_errorRegister_t CANopen Error register
  91:CANopen/301/CO_Emergency.h ****  * @{
  92:CANopen/301/CO_Emergency.h ****  *
  93:CANopen/301/CO_Emergency.h ****  * Mandatory for CANopen, resides in object dictionary, index 0x1001.
  94:CANopen/301/CO_Emergency.h ****  *
  95:CANopen/301/CO_Emergency.h ****  * Error register is calculated from internal bitfield variable, critical bits. See @ref CO_EM_erro
ARM GAS  C:\Users\Lenovo\AppData\Local\Temp\ccXm1HrZ.s 			page 37


  96:CANopen/301/CO_Emergency.h ****  * @ref CO_STACK_CONFIG_EMERGENCY for error condition macros.
  97:CANopen/301/CO_Emergency.h ****  *
  98:CANopen/301/CO_Emergency.h ****  * Internal errors may prevent device to stay in NMT Operational state and changes may switch betwe
  99:CANopen/301/CO_Emergency.h ****  * @ref CO_NMT_control_t for details.
 100:CANopen/301/CO_Emergency.h ****  */
 101:CANopen/301/CO_Emergency.h **** #define CO_ERR_REG_GENERIC_ERR          0x01U /**< bit 0, generic error */
 102:CANopen/301/CO_Emergency.h **** #define CO_ERR_REG_CURRENT              0x02U /**< bit 1, current */
 103:CANopen/301/CO_Emergency.h **** #define CO_ERR_REG_VOLTAGE              0x04U /**< bit 2, voltage */
 104:CANopen/301/CO_Emergency.h **** #define CO_ERR_REG_TEMPERATURE          0x08U /**< bit 3, temperature */
 105:CANopen/301/CO_Emergency.h **** #define CO_ERR_REG_COMMUNICATION        0x10U /**< bit 4, communication error */
 106:CANopen/301/CO_Emergency.h **** #define CO_ERR_REG_DEV_PROFILE          0x20U /**< bit 5, device profile specific */
 107:CANopen/301/CO_Emergency.h **** #define CO_ERR_REG_RESERVED             0x40U /**< bit 6, reserved (always 0) */
 108:CANopen/301/CO_Emergency.h **** #define CO_ERR_REG_MANUFACTURER         0x80U /**< bit 7, manufacturer specific */
 109:CANopen/301/CO_Emergency.h **** 
 110:CANopen/301/CO_Emergency.h **** /** @} */ /* CO_errorRegister_t */
 111:CANopen/301/CO_Emergency.h **** 
 112:CANopen/301/CO_Emergency.h **** /**
 113:CANopen/301/CO_Emergency.h ****  * @defgroup CO_EM_errorCode_t CANopen Error code
 114:CANopen/301/CO_Emergency.h ****  * @{
 115:CANopen/301/CO_Emergency.h ****  *
 116:CANopen/301/CO_Emergency.h ****  * Standard error codes according to CiA DS-301 and DS-401.
 117:CANopen/301/CO_Emergency.h ****  */
 118:CANopen/301/CO_Emergency.h **** #define CO_EMC_NO_ERROR                 0x0000U /**< 0x00xx error Reset or No Error */
 119:CANopen/301/CO_Emergency.h **** #define CO_EMC_GENERIC                  0x1000U /**< 0x10xx Generic Error */
 120:CANopen/301/CO_Emergency.h **** #define CO_EMC_CURRENT                  0x2000U /**< 0x20xx Current */
 121:CANopen/301/CO_Emergency.h **** #define CO_EMC_CURRENT_INPUT            0x2100U /**< 0x21xx Current device input side */
 122:CANopen/301/CO_Emergency.h **** #define CO_EMC_CURRENT_INSIDE           0x2200U /**< 0x22xx Current inside the device */
 123:CANopen/301/CO_Emergency.h **** #define CO_EMC_CURRENT_OUTPUT           0x2300U /**< 0x23xx Current device output side */
 124:CANopen/301/CO_Emergency.h **** #define CO_EMC_VOLTAGE                  0x3000U /**< 0x30xx Voltage */
 125:CANopen/301/CO_Emergency.h **** #define CO_EMC_VOLTAGE_MAINS            0x3100U /**< 0x31xx Mains Voltage */
 126:CANopen/301/CO_Emergency.h **** #define CO_EMC_VOLTAGE_INSIDE           0x3200U /**< 0x32xx Voltage inside the device */
 127:CANopen/301/CO_Emergency.h **** #define CO_EMC_VOLTAGE_OUTPUT           0x3300U /**< 0x33xx Output Voltage */
 128:CANopen/301/CO_Emergency.h **** #define CO_EMC_TEMPERATURE              0x4000U /**< 0x40xx Temperature */
 129:CANopen/301/CO_Emergency.h **** #define CO_EMC_TEMP_AMBIENT             0x4100U /**< 0x41xx Ambient Temperature */
 130:CANopen/301/CO_Emergency.h **** #define CO_EMC_TEMP_DEVICE              0x4200U /**< 0x42xx Device Temperature */
 131:CANopen/301/CO_Emergency.h **** #define CO_EMC_HARDWARE                 0x5000U /**< 0x50xx Device Hardware */
 132:CANopen/301/CO_Emergency.h **** #define CO_EMC_SOFTWARE_DEVICE          0x6000U /**< 0x60xx Device Software */
 133:CANopen/301/CO_Emergency.h **** #define CO_EMC_SOFTWARE_INTERNAL        0x6100U /**< 0x61xx Internal Software */
 134:CANopen/301/CO_Emergency.h **** #define CO_EMC_SOFTWARE_USER            0x6200U /**< 0x62xx User Software */
 135:CANopen/301/CO_Emergency.h **** #define CO_EMC_DATA_SET                 0x6300U /**< 0x63xx Data Set */
 136:CANopen/301/CO_Emergency.h **** #define CO_EMC_ADDITIONAL_MODUL         0x7000U /**< 0x70xx Additional Modules */
 137:CANopen/301/CO_Emergency.h **** #define CO_EMC_MONITORING               0x8000U /**< 0x80xx Monitoring */
 138:CANopen/301/CO_Emergency.h **** #define CO_EMC_COMMUNICATION            0x8100U /**< 0x81xx Communication */
 139:CANopen/301/CO_Emergency.h **** #define CO_EMC_CAN_OVERRUN              0x8110U /**< 0x8110 CAN Overrun (Objects lost) */
 140:CANopen/301/CO_Emergency.h **** #define CO_EMC_CAN_PASSIVE              0x8120U /**< 0x8120 CAN in Error Passive Mode */
 141:CANopen/301/CO_Emergency.h **** #define CO_EMC_HEARTBEAT                0x8130U /**< 0x8130 Life Guard Error or Heartbeat Error */
 142:CANopen/301/CO_Emergency.h **** #define CO_EMC_BUS_OFF_RECOVERED        0x8140U /**< 0x8140 recovered from bus off */
 143:CANopen/301/CO_Emergency.h **** #define CO_EMC_CAN_ID_COLLISION         0x8150U /**< 0x8150 CAN-ID collision */
 144:CANopen/301/CO_Emergency.h **** #define CO_EMC_PROTOCOL_ERROR           0x8200U /**< 0x82xx Protocol Error */
 145:CANopen/301/CO_Emergency.h **** #define CO_EMC_PDO_LENGTH               0x8210U /**< 0x8210 PDO not processed due to length error *
 146:CANopen/301/CO_Emergency.h **** #define CO_EMC_PDO_LENGTH_EXC           0x8220U /**< 0x8220 PDO length exceeded */
 147:CANopen/301/CO_Emergency.h **** #define CO_EMC_DAM_MPDO                 0x8230U /**< 0x8230 DAM MPDO not processed destination obje
 148:CANopen/301/CO_Emergency.h **** #define CO_EMC_SYNC_DATA_LENGTH         0x8240U /**< 0x8240 Unexpected SYNC data length */
 149:CANopen/301/CO_Emergency.h **** #define CO_EMC_RPDO_TIMEOUT             0x8250U /**< 0x8250 RPDO timeout */
 150:CANopen/301/CO_Emergency.h **** #define CO_EMC_EXTERNAL_ERROR           0x9000U /**< 0x90xx External Error */
 151:CANopen/301/CO_Emergency.h **** #define CO_EMC_ADDITIONAL_FUNC          0xF000U /**< 0xF0xx Additional Functions */
 152:CANopen/301/CO_Emergency.h **** #define CO_EMC_DEVICE_SPECIFIC          0xFF00U /**< 0xFFxx Device specific */
ARM GAS  C:\Users\Lenovo\AppData\Local\Temp\ccXm1HrZ.s 			page 38


 153:CANopen/301/CO_Emergency.h **** 
 154:CANopen/301/CO_Emergency.h **** #define CO_EMC401_OUT_CUR_HI            0x2310U /**< 0x2310 DS401 Current at outputs too high (over
 155:CANopen/301/CO_Emergency.h **** #define CO_EMC401_OUT_SHORTED           0x2320U /**< 0x2320 DS401 Short circuit at outputs */
 156:CANopen/301/CO_Emergency.h **** #define CO_EMC401_OUT_LOAD_DUMP         0x2330U /**< 0x2330 DS401 Load dump at outputs */
 157:CANopen/301/CO_Emergency.h **** #define CO_EMC401_IN_VOLT_HI            0x3110U /**< 0x3110 DS401 Input voltage too high */
 158:CANopen/301/CO_Emergency.h **** #define CO_EMC401_IN_VOLT_LOW           0x3120U /**< 0x3120 DS401 Input voltage too low */
 159:CANopen/301/CO_Emergency.h **** #define CO_EMC401_INTERN_VOLT_HI        0x3210U /**< 0x3210 DS401 Internal voltage too high */
 160:CANopen/301/CO_Emergency.h **** #define CO_EMC401_INTERN_VOLT_LO        0x3220U /**< 0x3220 DS401 Internal voltage too low */
 161:CANopen/301/CO_Emergency.h **** #define CO_EMC401_OUT_VOLT_HIGH         0x3310U /**< 0x3310 DS401 Output voltage too high */
 162:CANopen/301/CO_Emergency.h **** #define CO_EMC401_OUT_VOLT_LOW          0x3320U /**< 0x3320 DS401 Output voltage too low */
 163:CANopen/301/CO_Emergency.h **** 
 164:CANopen/301/CO_Emergency.h **** /** @} */ /* CO_EM_errorCode_t */
 165:CANopen/301/CO_Emergency.h **** 
 166:CANopen/301/CO_Emergency.h **** /**
 167:CANopen/301/CO_Emergency.h ****  * @defgroup CO_EM_errorStatusBits_t Error status bits
 168:CANopen/301/CO_Emergency.h ****  * @{
 169:CANopen/301/CO_Emergency.h ****  *
 170:CANopen/301/CO_Emergency.h ****  * Bits for internal indication of the error condition. Each error condition is specified by unique
 171:CANopen/301/CO_Emergency.h ****  * to 0xFF.
 172:CANopen/301/CO_Emergency.h ****  *
 173:CANopen/301/CO_Emergency.h ****  * If specific error occurs in the stack or in the application, CO_errorReport() sets specific bit 
 174:CANopen/301/CO_Emergency.h ****  * _errorStatusBit_ variable from @ref CO_EM_t. If bit was already set, function returns without an
 175:CANopen/301/CO_Emergency.h ****  * it prepares emergency message.
 176:CANopen/301/CO_Emergency.h ****  *
 177:CANopen/301/CO_Emergency.h ****  * Maximum size (in bits) of the _errorStatusBit_ variable is specified by @ref CO_CONFIG_EM_ERR_ST
 178:CANopen/301/CO_Emergency.h ****  * to 10*8 bits by default). Stack uses first 6 bytes. Additional 4 bytes are pre-defined for manuf
 179:CANopen/301/CO_Emergency.h ****  * specific error indications, by default.
 180:CANopen/301/CO_Emergency.h ****  */
 181:CANopen/301/CO_Emergency.h **** #define CO_EM_NO_ERROR                  0x00U /**< 0x00 Error Reset or No Error */
 182:CANopen/301/CO_Emergency.h **** #define CO_EM_CAN_BUS_WARNING           0x01U /**< 0x01 communication info CAN bus warning limit re
 183:CANopen/301/CO_Emergency.h **** #define CO_EM_RXMSG_WRONG_LENGTH        0x02U /**< 0x02 communication info Wrong data length of the
 184:CANopen/301/CO_Emergency.h **** #define CO_EM_RXMSG_OVERFLOW            0x03U /**< 0x03 communication info Previous received CAN me
 185:CANopen/301/CO_Emergency.h **** #define CO_EM_RPDO_WRONG_LENGTH         0x04U /**< 0x04 communication info Wrong data length of rec
 186:CANopen/301/CO_Emergency.h **** #define CO_EM_RPDO_OVERFLOW             0x05U /**< 0x05 communication info Previous received PDO wa
 187:CANopen/301/CO_Emergency.h **** #define CO_EM_CAN_RX_BUS_PASSIVE        0x06U /**< 0x06 communication info CAN receive bus is passi
 188:CANopen/301/CO_Emergency.h **** #define CO_EM_CAN_TX_BUS_PASSIVE        0x07U /**< 0x07 communication info CAN transmit bus is pass
 189:CANopen/301/CO_Emergency.h **** #define CO_EM_NMT_WRONG_COMMAND         0x08U /**< 0x08 communication info Wrong NMT command receiv
 190:CANopen/301/CO_Emergency.h **** #define CO_EM_TIME_TIMEOUT              0x09U /**< 0x09 communication info TIME message timeout */
 191:CANopen/301/CO_Emergency.h **** #define CO_EM_0A_unused                 0x0AU /**< 0x0A communication info (unused) */
 192:CANopen/301/CO_Emergency.h **** #define CO_EM_0B_unused                 0x0BU /**< 0x0B communication info (unused) */
 193:CANopen/301/CO_Emergency.h **** #define CO_EM_0C_unused                 0x0CU /**< 0x0C communication info (unused) */
 194:CANopen/301/CO_Emergency.h **** #define CO_EM_0D_unused                 0x0DU /**< 0x0D communication info (unused) */
 195:CANopen/301/CO_Emergency.h **** #define CO_EM_0E_unused                 0x0EU /**< 0x0E communication info (unused) */
 196:CANopen/301/CO_Emergency.h **** #define CO_EM_0F_unused                 0x0FU /**< 0x0F communication info (unused) */
 197:CANopen/301/CO_Emergency.h **** 
 198:CANopen/301/CO_Emergency.h **** #define CO_EM_10_unused                 0x10U /**< 0x10 communication critical (unused) */
 199:CANopen/301/CO_Emergency.h **** #define CO_EM_11_unused                 0x11U /**< 0x11 communication critical (unused) */
 200:CANopen/301/CO_Emergency.h **** #define CO_EM_CAN_TX_BUS_OFF            0x12U /**< 0x12 communication critical CAN transmit bus is 
 201:CANopen/301/CO_Emergency.h **** #define CO_EM_CAN_RXB_OVERFLOW          0x13U /**< 0x13 communication critical CAN module receive b
 202:CANopen/301/CO_Emergency.h **** #define CO_EM_CAN_TX_OVERFLOW           0x14U /**< 0x14 communication critical CAN transmit buffer 
 203:CANopen/301/CO_Emergency.h **** #define CO_EM_TPDO_OUTSIDE_WINDOW       0x15U /**< 0x15 communication critical TPDO is outside SYNC
 204:CANopen/301/CO_Emergency.h **** #define CO_EM_16_unused                 0x16U /**< 0x16 communication critical (unused) */
 205:CANopen/301/CO_Emergency.h **** #define CO_EM_RPDO_TIME_OUT             0x17U /**< 0x17 communication critical RPDO message timeout
 206:CANopen/301/CO_Emergency.h **** #define CO_EM_SYNC_TIME_OUT             0x18U /**< 0x18 communication critical SYNC message timeout
 207:CANopen/301/CO_Emergency.h **** #define CO_EM_SYNC_LENGTH               0x19U /**< 0x19 communication critical Unexpected SYNC data
 208:CANopen/301/CO_Emergency.h **** #define CO_EM_PDO_WRONG_MAPPING         0x1AU /**< 0x1A communication critical Error with PDO mappi
 209:CANopen/301/CO_Emergency.h **** #define CO_EM_HEARTBEAT_CONSUMER        0x1BU /**< 0x1B communication critical Heartbeat consumer t
ARM GAS  C:\Users\Lenovo\AppData\Local\Temp\ccXm1HrZ.s 			page 39


 210:CANopen/301/CO_Emergency.h **** #define CO_EM_HB_CONSUMER_REMOTE_RESET  0x1CU /**< 0x1C comm. critical Heartbeat consumer detected 
 211:CANopen/301/CO_Emergency.h **** #define CO_EM_SRDO_CONFIGURATION        0x1DU /**< 0x1D communication critical Error in SRDO config
 212:CANopen/301/CO_Emergency.h **** #define CO_EM_1E_unused                 0x1EU /**< 0x1E communication critical (unused) */
 213:CANopen/301/CO_Emergency.h **** #define CO_EM_1F_unused                 0x1FU /**< 0x1F communication critical (unused) */
 214:CANopen/301/CO_Emergency.h **** 
 215:CANopen/301/CO_Emergency.h **** #define CO_EM_EMERGENCY_BUFFER_FULL     0x20U /**< 0x20 generic info Emergency buffer is full or me
 216:CANopen/301/CO_Emergency.h **** #define CO_EM_21_unused                 0x21U /**< 0x21 generic info (unused) */
 217:CANopen/301/CO_Emergency.h **** #define CO_EM_MICROCONTROLLER_RESET     0x22U /**< 0x22 generic info Microcontroller has just start
 218:CANopen/301/CO_Emergency.h **** #define CO_EM_23_unused                 0x23U /**< 0x23 generic info (unused) */
 219:CANopen/301/CO_Emergency.h **** #define CO_EM_24_unused                 0x24U /**< 0x24 generic info (unused) */
 220:CANopen/301/CO_Emergency.h **** #define CO_EM_25_unused                 0x25U /**< 0x25 generic info (unused) */
 221:CANopen/301/CO_Emergency.h **** #define CO_EM_26_unused                 0x26U /**< 0x26 generic info (unused) */
 222:CANopen/301/CO_Emergency.h **** #define CO_EM_NON_VOLATILE_AUTO_SAVE    0x27U /**< 0x27 generic info Automatic store to non-volatil
 223:CANopen/301/CO_Emergency.h **** 
 224:CANopen/301/CO_Emergency.h **** #define CO_EM_WRONG_ERROR_REPORT        0x28U /**< 0x28 generic critical Wrong parameters to CO_err
 225:CANopen/301/CO_Emergency.h **** #define CO_EM_ISR_TIMER_OVERFLOW        0x29U /**< 0x29 generic critical Timer task has overflowed 
 226:CANopen/301/CO_Emergency.h **** #define CO_EM_MEMORY_ALLOCATION_ERROR   0x2AU /**< 0x2A generic critical Unable to allocate memory 
 227:CANopen/301/CO_Emergency.h **** #define CO_EM_GENERIC_ERROR             0x2BU /**< 0x2B generic critical Generic error test usage *
 228:CANopen/301/CO_Emergency.h **** #define CO_EM_GENERIC_SOFTWARE_ERROR    0x2CU /**< 0x2C generic critical Software error */
 229:CANopen/301/CO_Emergency.h **** #define CO_EM_INCONSISTENT_OBJECT_DICT  0x2DU /**< 0x2D generic critical Object dict. does not matc
 230:CANopen/301/CO_Emergency.h **** #define CO_EM_CALCULATION_OF_PARAMETERS 0x2EU /**< 0x2E generic critical Error in calculation of de
 231:CANopen/301/CO_Emergency.h **** #define CO_EM_NON_VOLATILE_MEMORY       0x2FU /**< 0x2F generic critical Error with access to non v
 232:CANopen/301/CO_Emergency.h **** 
 233:CANopen/301/CO_Emergency.h **** /**
 234:CANopen/301/CO_Emergency.h ****  * 0x30+ manufacturer info or critical Error status buts free to use by manufacturer. By default bi
 235:CANopen/301/CO_Emergency.h ****  * as informational and bits 0x40..0x4F are set as critical. Manufacturer critical bits sets the er
 236:CANopen/301/CO_Emergency.h ****  * specified by @ref CO_CONFIG_ERR_CONDITION_MANUFACTURER
 237:CANopen/301/CO_Emergency.h ****  */
 238:CANopen/301/CO_Emergency.h **** #define CO_EM_MANUFACTURER_START        0x30U
 239:CANopen/301/CO_Emergency.h **** /** (@ref CO_CONFIG_EM_ERR_STATUS_BITS_COUNT - 1) largest value of the Error status bit. */
 240:CANopen/301/CO_Emergency.h **** #define CO_EM_MANUFACTURER_END          (CO_CONFIG_EM_ERR_STATUS_BITS_COUNT - 1U)
 241:CANopen/301/CO_Emergency.h **** 
 242:CANopen/301/CO_Emergency.h **** /** @} */ /* CO_EM_errorStatusBits_t */
 243:CANopen/301/CO_Emergency.h **** 
 244:CANopen/301/CO_Emergency.h **** #if (((CO_CONFIG_EM) & (CO_CONFIG_EM_PRODUCER | CO_CONFIG_EM_HISTORY)) != 0) || defined CO_DOXYGEN
 245:CANopen/301/CO_Emergency.h **** /**
 246:CANopen/301/CO_Emergency.h ****  * Fifo buffer for emergency producer and error history
 247:CANopen/301/CO_Emergency.h ****  */
 248:CANopen/301/CO_Emergency.h **** typedef struct {
 249:CANopen/301/CO_Emergency.h ****     uint32_t msg;
 250:CANopen/301/CO_Emergency.h **** #if (((CO_CONFIG_EM)&CO_CONFIG_EM_PRODUCER) != 0) || defined CO_DOXYGEN
 251:CANopen/301/CO_Emergency.h ****     uint32_t info;
 252:CANopen/301/CO_Emergency.h **** #endif
 253:CANopen/301/CO_Emergency.h **** } CO_EM_fifo_t;
 254:CANopen/301/CO_Emergency.h **** #endif
 255:CANopen/301/CO_Emergency.h **** 
 256:CANopen/301/CO_Emergency.h **** /**
 257:CANopen/301/CO_Emergency.h ****  * Emergency object.
 258:CANopen/301/CO_Emergency.h ****  */
 259:CANopen/301/CO_Emergency.h **** typedef struct {
 260:CANopen/301/CO_Emergency.h ****     uint8_t errorStatusBits[CO_CONFIG_EM_ERR_STATUS_BITS_COUNT / 8U]; /**< Bitfield for the interna
 261:CANopen/301/CO_Emergency.h ****                                                                          the error condition. */
 262:CANopen/301/CO_Emergency.h ****     uint8_t* errorRegister;     /**< Pointer to error register in object dictionary at 0x1001,00. *
 263:CANopen/301/CO_Emergency.h ****     uint16_t CANerrorStatusOld; /**< Old CAN error status bitfield */
 264:CANopen/301/CO_Emergency.h ****     CO_CANmodule_t* CANdevTx;   /**< From CO_EM_init() */
 265:CANopen/301/CO_Emergency.h **** 
 266:CANopen/301/CO_Emergency.h **** #if (((CO_CONFIG_EM) & (CO_CONFIG_EM_PRODUCER | CO_CONFIG_EM_HISTORY)) != 0) || defined CO_DOXYGEN
ARM GAS  C:\Users\Lenovo\AppData\Local\Temp\ccXm1HrZ.s 			page 40


 267:CANopen/301/CO_Emergency.h ****     CO_EM_fifo_t*
 268:CANopen/301/CO_Emergency.h ****         fifo; /**< Internal circular FIFO buffer for storing pre-processed emergency messages. Mess
 269:CANopen/301/CO_Emergency.h ****                  @ref CO_error() function. All messages are later post-processed by @ref CO_EM_proc
 270:CANopen/301/CO_Emergency.h ****                  case of overflow, error is indicated but emergency message is not sent. Fifo is al
 271:CANopen/301/CO_Emergency.h ****                  history, OD object 0x1003, "Pre-defined error field". Buffer is defined by @ref CO
 272:CANopen/301/CO_Emergency.h ****     uint8_t fifoSize;  /**< Size of the above buffer, specified by @ref CO_EM_init(). */
 273:CANopen/301/CO_Emergency.h ****     uint8_t fifoWrPtr; /**< Pointer for the fifo buffer, where next emergency message will be writt
 274:CANopen/301/CO_Emergency.h ****                           function. */
 275:CANopen/301/CO_Emergency.h ****     uint8_t fifoPpPtr; /**< Pointer for the fifo, where next emergency message has to be post-proce
 276:CANopen/301/CO_Emergency.h ****                           CO_EM_process() function. If equal to bufWrPtr, then all messages has bee
 277:CANopen/301/CO_Emergency.h ****     uint8_t fifoOverflow; /**< Indication of overflow - messages in buffer are not post-processed *
 278:CANopen/301/CO_Emergency.h ****     uint8_t fifoCount;    /**< Count of emergency messages in fifo, used for OD object 0x1003 */
 279:CANopen/301/CO_Emergency.h **** #endif                    /* (CO_CONFIG_EM) & (CO_CONFIG_EM_PRODUCER | CO_CONFIG_EM_HISTORY) */
 280:CANopen/301/CO_Emergency.h **** 
 281:CANopen/301/CO_Emergency.h **** #if (((CO_CONFIG_EM)&CO_CONFIG_EM_PRODUCER) != 0) || defined CO_DOXYGEN
 282:CANopen/301/CO_Emergency.h ****     bool_t producerEnabled;           /**< True, if emergency producer is enabled, from Object dict
 283:CANopen/301/CO_Emergency.h ****     uint8_t nodeId;                   /**< Copy of CANopen node ID, from CO_EM_init() */
 284:CANopen/301/CO_Emergency.h ****     CO_CANtx_t* CANtxBuff;            /**< CAN transmit buffer */
 285:CANopen/301/CO_Emergency.h ****     OD_extension_t OD_1014_extension; /**< Extension for OD object */
 286:CANopen/301/CO_Emergency.h **** #if (((CO_CONFIG_EM)&CO_CONFIG_EM_PROD_CONFIGURABLE) != 0) || defined CO_DOXYGEN
 287:CANopen/301/CO_Emergency.h ****     uint16_t producerCanId; /**< COB ID of emergency message, from Object dictionary */
 288:CANopen/301/CO_Emergency.h ****     uint16_t CANdevTxIdx;   /**< From CO_EM_init() */
 289:CANopen/301/CO_Emergency.h **** #endif
 290:CANopen/301/CO_Emergency.h **** #if (((CO_CONFIG_EM)&CO_CONFIG_EM_PROD_INHIBIT) != 0) || defined CO_DOXYGEN
 291:CANopen/301/CO_Emergency.h ****     uint32_t inhibitEmTime_us;        /**< Inhibit time for emergency message, from Object dictiona
 292:CANopen/301/CO_Emergency.h ****     uint32_t inhibitEmTimer;          /**< Internal timer for inhibit time */
 293:CANopen/301/CO_Emergency.h ****     OD_extension_t OD_1015_extension; /**< Extension for OD object */
 294:CANopen/301/CO_Emergency.h **** #endif
 295:CANopen/301/CO_Emergency.h **** #endif /* (CO_CONFIG_EM) & CO_CONFIG_EM_PRODUCER */
 296:CANopen/301/CO_Emergency.h **** 
 297:CANopen/301/CO_Emergency.h **** #if (((CO_CONFIG_EM)&CO_CONFIG_EM_HISTORY) != 0) || defined CO_DOXYGEN
 298:CANopen/301/CO_Emergency.h ****     OD_extension_t OD_1003_extension; /**< Extension for OD object */
 299:CANopen/301/CO_Emergency.h **** #endif
 300:CANopen/301/CO_Emergency.h **** 
 301:CANopen/301/CO_Emergency.h **** #if (((CO_CONFIG_EM)&CO_CONFIG_EM_STATUS_BITS) != 0) || defined CO_DOXYGEN
 302:CANopen/301/CO_Emergency.h ****     OD_extension_t OD_statusBits_extension; /**< Extension for OD object */
 303:CANopen/301/CO_Emergency.h **** #endif
 304:CANopen/301/CO_Emergency.h **** 
 305:CANopen/301/CO_Emergency.h **** #if (((CO_CONFIG_EM)&CO_CONFIG_EM_CONSUMER) != 0) || defined CO_DOXYGEN
 306:CANopen/301/CO_Emergency.h ****     void (*pFunctSignalRx)(const uint16_t ident, const uint16_t errorCode, const uint8_t errorRegis
 307:CANopen/301/CO_Emergency.h ****                            const uint8_t errorBit, const uint32_t infoCode); /**< From CO_EM_initCa
 308:CANopen/301/CO_Emergency.h **** #endif
 309:CANopen/301/CO_Emergency.h **** 
 310:CANopen/301/CO_Emergency.h **** #if (((CO_CONFIG_EM)&CO_CONFIG_FLAG_CALLBACK_PRE) != 0) || defined CO_DOXYGEN
 311:CANopen/301/CO_Emergency.h ****     void (*pFunctSignalPre)(void* object); /**< From CO_EM_initCallbackPre() or NULL */
 312:CANopen/301/CO_Emergency.h ****     void* functSignalObjectPre;            /**< From CO_EM_initCallbackPre() or NULL */
 313:CANopen/301/CO_Emergency.h **** #endif
 314:CANopen/301/CO_Emergency.h **** } CO_EM_t;
 315:CANopen/301/CO_Emergency.h **** 
 316:CANopen/301/CO_Emergency.h **** /**
 317:CANopen/301/CO_Emergency.h ****  * Initialize Emergency object.
 318:CANopen/301/CO_Emergency.h ****  *
 319:CANopen/301/CO_Emergency.h ****  * Function must be called in the communication reset section.
 320:CANopen/301/CO_Emergency.h ****  *
 321:CANopen/301/CO_Emergency.h ****  * @param em This object will be initialized.
 322:CANopen/301/CO_Emergency.h ****  * @param fifo Fifo buffer for emergency producer and error history. It must be defined externally.
 323:CANopen/301/CO_Emergency.h ****  * capacity+1. See also @ref CO_EM_t, fifo.
ARM GAS  C:\Users\Lenovo\AppData\Local\Temp\ccXm1HrZ.s 			page 41


 324:CANopen/301/CO_Emergency.h ****  * @param fifoSize Size of the above fifo buffer. It is usually equal to the length of the OD array
 325:CANopen/301/CO_Emergency.h ****  * fifoSize is smaller than 2, then emergency producer and error history will not work and 'fifo' m
 326:CANopen/301/CO_Emergency.h ****  * @param CANdevTx CAN device for Emergency transmission.
 327:CANopen/301/CO_Emergency.h ****  * @param OD_1001_errReg OD entry for 0x1001 - "Error register", entry is required, without IO exte
 328:CANopen/301/CO_Emergency.h ****  * @param OD_1014_cobIdEm OD entry for 0x1014 - "COB-ID EMCY", entry is required, IO extension is r
 329:CANopen/301/CO_Emergency.h ****  * @param CANdevTxIdx Index of transmit buffer in the above CAN device.
 330:CANopen/301/CO_Emergency.h ****  * @param OD_1015_InhTime OD entry for 0x1015 - "Inhibit time EMCY", entry is optional (can be NULL
 331:CANopen/301/CO_Emergency.h ****  * optional for runtime configuration.
 332:CANopen/301/CO_Emergency.h ****  * @param OD_1003_preDefErr OD entry for 0x1003 - "Pre-defined error field". Emergency object has o
 333:CANopen/301/CO_Emergency.h ****  * this entry. Entry is optional, IO extension is required.
 334:CANopen/301/CO_Emergency.h ****  * @param OD_statusBits Custom OD entry for accessing errorStatusBits from
 335:CANopen/301/CO_Emergency.h ****  * @ref CO_EM_t. Entry must have variable of size (CO_CONFIG_EM_ERR_STATUS_BITS_COUNT/8) bytes avai
 336:CANopen/301/CO_Emergency.h ****  * access on subindex 0. Emergency object has own memory buffer for this entry. Entry is optional, 
 337:CANopen/301/CO_Emergency.h ****  * required.
 338:CANopen/301/CO_Emergency.h ****  * @param CANdevRx CAN device for Emergency consumer reception.
 339:CANopen/301/CO_Emergency.h ****  * @param CANdevRxIdx Index of receive buffer in the above CAN device.
 340:CANopen/301/CO_Emergency.h ****  * @param nodeId CANopen node ID of this device (for default emergency producer)
 341:CANopen/301/CO_Emergency.h ****  * @param [out] errInfo Additional information in case of error, may be NULL.
 342:CANopen/301/CO_Emergency.h ****  *
 343:CANopen/301/CO_Emergency.h ****  * @return @ref CO_ReturnError_t CO_ERROR_NO in case of success.
 344:CANopen/301/CO_Emergency.h ****  */
 345:CANopen/301/CO_Emergency.h **** CO_ReturnError_t CO_EM_init(CO_EM_t* em, CO_CANmodule_t* CANdevTx, const OD_entry_t* OD_1001_errReg
 346:CANopen/301/CO_Emergency.h **** #if (((CO_CONFIG_EM) & (CO_CONFIG_EM_PRODUCER | CO_CONFIG_EM_HISTORY)) != 0) || defined CO_DOXYGEN
 347:CANopen/301/CO_Emergency.h ****                             CO_EM_fifo_t* fifo, uint8_t fifoSize,
 348:CANopen/301/CO_Emergency.h **** #endif
 349:CANopen/301/CO_Emergency.h **** #if (((CO_CONFIG_EM)&CO_CONFIG_EM_PRODUCER) != 0) || defined CO_DOXYGEN
 350:CANopen/301/CO_Emergency.h ****                             OD_entry_t* OD_1014_cobIdEm, uint16_t CANdevTxIdx,
 351:CANopen/301/CO_Emergency.h **** #if (((CO_CONFIG_EM)&CO_CONFIG_EM_PROD_INHIBIT) != 0) || defined CO_DOXYGEN
 352:CANopen/301/CO_Emergency.h ****                             OD_entry_t* OD_1015_InhTime,
 353:CANopen/301/CO_Emergency.h **** #endif
 354:CANopen/301/CO_Emergency.h **** #endif
 355:CANopen/301/CO_Emergency.h **** #if (((CO_CONFIG_EM)&CO_CONFIG_EM_HISTORY) != 0) || defined CO_DOXYGEN
 356:CANopen/301/CO_Emergency.h ****                             OD_entry_t* OD_1003_preDefErr,
 357:CANopen/301/CO_Emergency.h **** #endif
 358:CANopen/301/CO_Emergency.h **** #if (((CO_CONFIG_EM)&CO_CONFIG_EM_STATUS_BITS) != 0) || defined CO_DOXYGEN
 359:CANopen/301/CO_Emergency.h ****                             OD_entry_t* OD_statusBits,
 360:CANopen/301/CO_Emergency.h **** #endif
 361:CANopen/301/CO_Emergency.h **** #if (((CO_CONFIG_EM)&CO_CONFIG_EM_CONSUMER) != 0) || defined CO_DOXYGEN
 362:CANopen/301/CO_Emergency.h ****                             CO_CANmodule_t* CANdevRx, uint16_t CANdevRxIdx,
 363:CANopen/301/CO_Emergency.h **** #endif
 364:CANopen/301/CO_Emergency.h ****                             const uint8_t nodeId, uint32_t* errInfo);
 365:CANopen/301/CO_Emergency.h **** 
 366:CANopen/301/CO_Emergency.h **** #if (((CO_CONFIG_EM)&CO_CONFIG_FLAG_CALLBACK_PRE) != 0) || defined CO_DOXYGEN
 367:CANopen/301/CO_Emergency.h **** /**
 368:CANopen/301/CO_Emergency.h ****  * Initialize Emergency callback function.
 369:CANopen/301/CO_Emergency.h ****  *
 370:CANopen/301/CO_Emergency.h ****  * Function initializes optional callback function, which should immediately start processing of CO
 371:CANopen/301/CO_Emergency.h ****  * function. Callback is called from CO_errorReport() or CO_errorReset() function. Those functions 
 372:CANopen/301/CO_Emergency.h ****  * called from any thread. Callback should immediately start mainline thread, which calls CO_EM_pro
 373:CANopen/301/CO_Emergency.h ****  *
 374:CANopen/301/CO_Emergency.h ****  * @param em This object.
 375:CANopen/301/CO_Emergency.h ****  * @param object Pointer to object, which will be passed to pFunctSignal(). Can be NULL
 376:CANopen/301/CO_Emergency.h ****  * @param pFunctSignal Pointer to the callback function. Not called if NULL.
 377:CANopen/301/CO_Emergency.h ****  */
 378:CANopen/301/CO_Emergency.h **** void CO_EM_initCallbackPre(CO_EM_t* em, void* object, void (*pFunctSignal)(void* object));
 379:CANopen/301/CO_Emergency.h **** #endif
 380:CANopen/301/CO_Emergency.h **** 
ARM GAS  C:\Users\Lenovo\AppData\Local\Temp\ccXm1HrZ.s 			page 42


 381:CANopen/301/CO_Emergency.h **** #if (((CO_CONFIG_EM)&CO_CONFIG_EM_CONSUMER) != 0) || defined CO_DOXYGEN
 382:CANopen/301/CO_Emergency.h **** /**
 383:CANopen/301/CO_Emergency.h ****  * Initialize Emergency received callback function.
 384:CANopen/301/CO_Emergency.h ****  *
 385:CANopen/301/CO_Emergency.h ****  * Function initializes optional callback function, which executes after error condition is receive
 386:CANopen/301/CO_Emergency.h ****  *
 387:CANopen/301/CO_Emergency.h ****  * _ident_ argument from callback contains CAN-ID of the emergency message. If _ident_ == 0, then e
 388:CANopen/301/CO_Emergency.h ****  * sent from this device.
 389:CANopen/301/CO_Emergency.h ****  *
 390:CANopen/301/CO_Emergency.h ****  * @remark Depending on the CAN driver implementation, this function is called inside an ISR or ins
 391:CANopen/301/CO_Emergency.h ****  * be thread safe.
 392:CANopen/301/CO_Emergency.h ****  *
 393:CANopen/301/CO_Emergency.h ****  * @param em This object.
 394:CANopen/301/CO_Emergency.h ****  * @param pFunctSignalRx Pointer to the callback function. Not called if NULL.
 395:CANopen/301/CO_Emergency.h ****  */
 396:CANopen/301/CO_Emergency.h **** void CO_EM_initCallbackRx(CO_EM_t* em, void (*pFunctSignalRx)(const uint16_t ident, const uint16_t 
 397:CANopen/301/CO_Emergency.h ****                                                               const uint8_t errorRegister, const ui
 398:CANopen/301/CO_Emergency.h ****                                                               const uint32_t infoCode));
 399:CANopen/301/CO_Emergency.h **** #endif
 400:CANopen/301/CO_Emergency.h **** 
 401:CANopen/301/CO_Emergency.h **** /**
 402:CANopen/301/CO_Emergency.h ****  * Process Error control and Emergency object.
 403:CANopen/301/CO_Emergency.h ****  *
 404:CANopen/301/CO_Emergency.h ****  * Function must be called cyclically. It verifies some communication errors, calculates OD object 
 405:CANopen/301/CO_Emergency.h ****  * register" and sends emergency message if necessary.
 406:CANopen/301/CO_Emergency.h ****  *
 407:CANopen/301/CO_Emergency.h ****  * @param em This object.
 408:CANopen/301/CO_Emergency.h ****  * @param NMTisPreOrOperational True if this node is NMT_PRE_OPERATIONAL or NMT_OPERATIONAL state.
 409:CANopen/301/CO_Emergency.h ****  * @param timeDifference_us Time difference from previous function call in [microseconds].
 410:CANopen/301/CO_Emergency.h ****  * @param [out] timerNext_us info to OS - see CO_process().
 411:CANopen/301/CO_Emergency.h ****  */
 412:CANopen/301/CO_Emergency.h **** void CO_EM_process(CO_EM_t* em, bool_t NMTisPreOrOperational, uint32_t timeDifference_us, uint32_t*
 413:CANopen/301/CO_Emergency.h **** 
 414:CANopen/301/CO_Emergency.h **** /**
 415:CANopen/301/CO_Emergency.h ****  * Set or reset error condition.
 416:CANopen/301/CO_Emergency.h ****  *
 417:CANopen/301/CO_Emergency.h ****  * Function can be called on any error condition inside CANopen stack or application. Function firs
 418:CANopen/301/CO_Emergency.h ****  * error condition (setError is true and error bit wasn't set or setError is false and error bit wa
 419:CANopen/301/CO_Emergency.h ****  * changed, then Emergency message is prepared and record in history is added. Emergency message is
 420:CANopen/301/CO_Emergency.h ****  * CO_EM_process() function.
 421:CANopen/301/CO_Emergency.h ****  *
 422:CANopen/301/CO_Emergency.h ****  * Function is short and thread safe.
 423:CANopen/301/CO_Emergency.h ****  *
 424:CANopen/301/CO_Emergency.h ****  * @param em Emergency object.
 425:CANopen/301/CO_Emergency.h ****  * @param setError True if error occurred or false if error resolved.
 426:CANopen/301/CO_Emergency.h ****  * @param errorBit from @ref CO_EM_errorStatusBits_t.
 427:CANopen/301/CO_Emergency.h ****  * @param errorCode from @ref CO_EM_errorCode_t.
 428:CANopen/301/CO_Emergency.h ****  * @param infoCode 32 bit value is passed to bytes 4...7 of the Emergency message. It contains opti
 429:CANopen/301/CO_Emergency.h ****  * information.
 430:CANopen/301/CO_Emergency.h ****  */
 431:CANopen/301/CO_Emergency.h **** void CO_error(CO_EM_t* em, bool_t setError, const uint8_t errorBit, uint16_t errorCode, uint32_t in
 432:CANopen/301/CO_Emergency.h **** 
 433:CANopen/301/CO_Emergency.h **** /**
 434:CANopen/301/CO_Emergency.h ****  * Report error condition, for description of parameters see @ref CO_error.
 435:CANopen/301/CO_Emergency.h ****  */
 436:CANopen/301/CO_Emergency.h **** #define CO_errorReport(em, errorBit, errorCode, infoCode) CO_error(em, true, errorBit, errorCode, i
 437:CANopen/301/CO_Emergency.h **** 
ARM GAS  C:\Users\Lenovo\AppData\Local\Temp\ccXm1HrZ.s 			page 43


 438:CANopen/301/CO_Emergency.h **** /**
 439:CANopen/301/CO_Emergency.h ****  * Reset error condition, for description of parameters see @ref CO_error.
 440:CANopen/301/CO_Emergency.h ****  */
 441:CANopen/301/CO_Emergency.h **** #define CO_errorReset(em, errorBit, infoCode)             CO_error(em, false, errorBit, CO_EMC_NO_E
 442:CANopen/301/CO_Emergency.h **** 
 443:CANopen/301/CO_Emergency.h **** /**
 444:CANopen/301/CO_Emergency.h ****  * Check specific error condition.
 445:CANopen/301/CO_Emergency.h ****  *
 446:CANopen/301/CO_Emergency.h ****  * Function returns true, if specific internal error is present.
 447:CANopen/301/CO_Emergency.h ****  *
 448:CANopen/301/CO_Emergency.h ****  * @param em Emergency object.
 449:CANopen/301/CO_Emergency.h ****  * @param errorBit from @ref CO_EM_errorStatusBits_t.
 450:CANopen/301/CO_Emergency.h ****  *
 451:CANopen/301/CO_Emergency.h ****  * @return true if Error is present.
 452:CANopen/301/CO_Emergency.h ****  */
 453:CANopen/301/CO_Emergency.h **** static inline bool_t
 454:CANopen/301/CO_Emergency.h **** CO_isError(CO_EM_t* em, const uint8_t errorBit) {
 565              		.loc 4 454 1 is_stmt 1 view .LVU178
 566              	.LBB29:
 455:CANopen/301/CO_Emergency.h ****     uint8_t index = errorBit >> 3;
 567              		.loc 4 455 5 view .LVU179
 456:CANopen/301/CO_Emergency.h ****     uint8_t bitmask = 1 << (errorBit & 0x7);
 568              		.loc 4 456 5 view .LVU180
 457:CANopen/301/CO_Emergency.h **** 
 458:CANopen/301/CO_Emergency.h ****     return (em == NULL || index >= (CO_CONFIG_EM_ERR_STATUS_BITS_COUNT / 8U)
 569              		.loc 4 458 5 view .LVU181
 459:CANopen/301/CO_Emergency.h ****             || (em->errorStatusBits[index] & bitmask) != 0)
 460:CANopen/301/CO_Emergency.h ****                ? true
 461:CANopen/301/CO_Emergency.h ****                : false;
 570              		.loc 4 461 16 is_stmt 0 view .LVU182
 571 0068 9BB3     		cbz	r3, .L54
 459:CANopen/301/CO_Emergency.h ****             || (em->errorStatusBits[index] & bitmask) != 0)
 572              		.loc 4 459 36 view .LVU183
 573 006a 9978     		ldrb	r1, [r3, #2]	@ zero_extendqisi2
 574              		.loc 4 461 16 discriminator 2 view .LVU184
 575 006c 11F0040F 		tst	r1, #4
 576 0070 31D0     		beq	.L55
 577              		.loc 4 461 16 discriminator 1 view .LVU185
 578 0072 0121     		movs	r1, #1
 579              	.L37:
 580              	.LVL49:
 581              		.loc 4 461 16 discriminator 1 view .LVU186
 582              	.LBE29:
 583              	.LBE28:
 226:CANopen/301/CO_NMT_Heartbeat.c ****     bool_t ErrHbCons = CO_isError(NMT->em, CO_EM_HEARTBEAT_CONSUMER);
 584              		.loc 1 226 5 is_stmt 1 view .LVU187
 585              	.LBB31:
 586              	.LBI31:
 454:CANopen/301/CO_Emergency.h ****     uint8_t index = errorBit >> 3;
 587              		.loc 4 454 1 view .LVU188
 588              	.LBB32:
 455:CANopen/301/CO_Emergency.h ****     uint8_t bitmask = 1 << (errorBit & 0x7);
 589              		.loc 4 455 5 view .LVU189
 456:CANopen/301/CO_Emergency.h **** 
 590              		.loc 4 456 5 view .LVU190
 458:CANopen/301/CO_Emergency.h ****             || (em->errorStatusBits[index] & bitmask) != 0)
 591              		.loc 4 458 5 view .LVU191
ARM GAS  C:\Users\Lenovo\AppData\Local\Temp\ccXm1HrZ.s 			page 44


 592              		.loc 4 461 16 is_stmt 0 view .LVU192
 593 0074 8BB3     		cbz	r3, .L56
 459:CANopen/301/CO_Emergency.h ****                ? true
 594              		.loc 4 459 36 view .LVU193
 595 0076 93F803C0 		ldrb	ip, [r3, #3]	@ zero_extendqisi2
 596              		.loc 4 461 16 discriminator 2 view .LVU194
 597 007a 1CF0080F 		tst	ip, #8
 598 007e 2FD0     		beq	.L57
 599              		.loc 4 461 16 discriminator 1 view .LVU195
 600 0080 4FF0010E 		mov	lr, #1
 601              	.L38:
 602              	.LVL50:
 603              		.loc 4 461 16 discriminator 1 view .LVU196
 604              	.LBE32:
 605              	.LBE31:
 227:CANopen/301/CO_NMT_Heartbeat.c ****     bool_t ErrHbConsRemote = CO_isError(NMT->em, CO_EM_HB_CONSUMER_REMOTE_RESET);
 606              		.loc 1 227 5 is_stmt 1 view .LVU197
 607              	.LBB34:
 608              	.LBI34:
 454:CANopen/301/CO_Emergency.h ****     uint8_t index = errorBit >> 3;
 609              		.loc 4 454 1 view .LVU198
 610              	.LBB35:
 455:CANopen/301/CO_Emergency.h ****     uint8_t bitmask = 1 << (errorBit & 0x7);
 611              		.loc 4 455 5 view .LVU199
 456:CANopen/301/CO_Emergency.h **** 
 612              		.loc 4 456 5 view .LVU200
 458:CANopen/301/CO_Emergency.h ****             || (em->errorStatusBits[index] & bitmask) != 0)
 613              		.loc 4 458 5 view .LVU201
 614              		.loc 4 461 16 is_stmt 0 view .LVU202
 615 0084 7BB3     		cbz	r3, .L58
 459:CANopen/301/CO_Emergency.h ****                ? true
 616              		.loc 4 459 36 view .LVU203
 617 0086 93F803C0 		ldrb	ip, [r3, #3]	@ zero_extendqisi2
 618              		.loc 4 461 16 discriminator 2 view .LVU204
 619 008a 1CF0100F 		tst	ip, #16
 620 008e 2DD0     		beq	.L59
 621              		.loc 4 461 16 discriminator 1 view .LVU205
 622 0090 4FF0010C 		mov	ip, #1
 623              	.L39:
 624              	.LVL51:
 625              		.loc 4 461 16 discriminator 1 view .LVU206
 626              	.LBE35:
 627              	.LBE34:
 228:CANopen/301/CO_NMT_Heartbeat.c ****     bool_t busOff_HB = ErrOnBusOffHB && (ErrBusOff || ErrHbCons || ErrHbConsRemote);
 628              		.loc 1 228 5 is_stmt 1 view .LVU207
 629              		.loc 1 228 38 is_stmt 0 view .LVU208
 630 0094 6FB3     		cbz	r7, .L60
 631              		.loc 1 228 38 discriminator 1 view .LVU209
 632 0096 69BB     		cbnz	r1, .L40
 633              		.loc 1 228 52 discriminator 4 view .LVU210
 634 0098 BEF1000F 		cmp	lr, #0
 635 009c 35D1     		bne	.L61
 636              		.loc 1 228 65 discriminator 6 view .LVU211
 637 009e BCF1000F 		cmp	ip, #0
 638 00a2 27D0     		beq	.L40
 639              		.loc 1 228 38 discriminator 7 view .LVU212
 640 00a4 6146     		mov	r1, ip
ARM GAS  C:\Users\Lenovo\AppData\Local\Temp\ccXm1HrZ.s 			page 45


 641              	.LVL52:
 642              		.loc 1 228 38 discriminator 7 view .LVU213
 643 00a6 25E0     		b	.L40
 644              	.LVL53:
 645              	.L48:
 197:CANopen/301/CO_NMT_Heartbeat.c ****         } else {
 646              		.loc 1 197 31 discriminator 2 view .LVU214
 647 00a8 7F25     		movs	r5, #127
 648              	.LVL54:
 197:CANopen/301/CO_NMT_Heartbeat.c ****         } else {
 649              		.loc 1 197 31 discriminator 2 view .LVU215
 650 00aa CCE7     		b	.L32
 651              	.LVL55:
 652              	.L70:
 209:CANopen/301/CO_NMT_Heartbeat.c ****             case CO_NMT_ENTER_OPERATIONAL: NMTstateCpy = CO_NMT_OPERATIONAL; break;
 653              		.loc 1 209 9 view .LVU216
 654 00ac 0128     		cmp	r0, #1
 655 00ae 07D0     		beq	.L50
 656 00b0 0228     		cmp	r0, #2
 657 00b2 08D1     		bne	.L51
 179:CANopen/301/CO_NMT_Heartbeat.c ****     bool_t NNTinit = NMTstateCpy == CO_NMT_INITIALIZING;
 658              		.loc 1 179 24 view .LVU217
 659 00b4 0020     		movs	r0, #0
 211:CANopen/301/CO_NMT_Heartbeat.c ****             case CO_NMT_ENTER_PRE_OPERATIONAL: NMTstateCpy = CO_NMT_PRE_OPERATIONAL; break;
 660              		.loc 1 211 52 view .LVU218
 661 00b6 0425     		movs	r5, #4
 662              	.LVL56:
 211:CANopen/301/CO_NMT_Heartbeat.c ****             case CO_NMT_ENTER_PRE_OPERATIONAL: NMTstateCpy = CO_NMT_PRE_OPERATIONAL; break;
 663              		.loc 1 211 52 view .LVU219
 664 00b8 D0E7     		b	.L35
 665              	.LVL57:
 666              	.L49:
 179:CANopen/301/CO_NMT_Heartbeat.c ****     bool_t NNTinit = NMTstateCpy == CO_NMT_INITIALIZING;
 667              		.loc 1 179 24 view .LVU220
 668 00ba 0020     		movs	r0, #0
 212:CANopen/301/CO_NMT_Heartbeat.c ****             case CO_NMT_RESET_NODE: resetCommand = CO_RESET_APP; break;
 669              		.loc 1 212 60 view .LVU221
 670 00bc 7F25     		movs	r5, #127
 671              	.LVL58:
 212:CANopen/301/CO_NMT_Heartbeat.c ****             case CO_NMT_RESET_NODE: resetCommand = CO_RESET_APP; break;
 672              		.loc 1 212 60 view .LVU222
 673 00be CDE7     		b	.L35
 674              	.LVL59:
 675              	.L50:
 179:CANopen/301/CO_NMT_Heartbeat.c ****     bool_t NNTinit = NMTstateCpy == CO_NMT_INITIALIZING;
 676              		.loc 1 179 24 view .LVU223
 677 00c0 0020     		movs	r0, #0
 210:CANopen/301/CO_NMT_Heartbeat.c ****             case CO_NMT_ENTER_STOPPED: NMTstateCpy = CO_NMT_STOPPED; break;
 678              		.loc 1 210 56 view .LVU224
 679 00c2 0525     		movs	r5, #5
 680              	.LVL60:
 210:CANopen/301/CO_NMT_Heartbeat.c ****             case CO_NMT_ENTER_STOPPED: NMTstateCpy = CO_NMT_STOPPED; break;
 681              		.loc 1 210 56 view .LVU225
 682 00c4 CAE7     		b	.L35
 683              	.LVL61:
 684              	.L51:
 209:CANopen/301/CO_NMT_Heartbeat.c ****             case CO_NMT_ENTER_OPERATIONAL: NMTstateCpy = CO_NMT_OPERATIONAL; break;
ARM GAS  C:\Users\Lenovo\AppData\Local\Temp\ccXm1HrZ.s 			page 46


 685              		.loc 1 209 9 view .LVU226
 686 00c6 0020     		movs	r0, #0
 687 00c8 C8E7     		b	.L35
 688              	.L52:
 213:CANopen/301/CO_NMT_Heartbeat.c ****             case CO_NMT_RESET_COMMUNICATION: resetCommand = CO_RESET_COMM; break;
 689              		.loc 1 213 50 view .LVU227
 690 00ca 0220     		movs	r0, #2
 691 00cc C6E7     		b	.L35
 692              	.L53:
 209:CANopen/301/CO_NMT_Heartbeat.c ****             case CO_NMT_ENTER_OPERATIONAL: NMTstateCpy = CO_NMT_OPERATIONAL; break;
 693              		.loc 1 209 9 view .LVU228
 694 00ce 0020     		movs	r0, #0
 695 00d0 C4E7     		b	.L35
 696              	.LVL62:
 697              	.L54:
 698              	.LBB37:
 699              	.LBB30:
 700              		.loc 4 461 16 discriminator 1 view .LVU229
 701 00d2 0121     		movs	r1, #1
 702 00d4 CEE7     		b	.L37
 703              	.L55:
 704              		.loc 4 461 16 discriminator 3 view .LVU230
 705 00d6 0021     		movs	r1, #0
 706 00d8 CCE7     		b	.L37
 707              	.LVL63:
 708              	.L56:
 709              		.loc 4 461 16 discriminator 3 view .LVU231
 710              	.LBE30:
 711              	.LBE37:
 712              	.LBB38:
 713              	.LBB33:
 714              		.loc 4 461 16 discriminator 1 view .LVU232
 715 00da 4FF0010E 		mov	lr, #1
 716 00de D1E7     		b	.L38
 717              	.L57:
 718              		.loc 4 461 16 discriminator 3 view .LVU233
 719 00e0 4FF0000E 		mov	lr, #0
 720 00e4 CEE7     		b	.L38
 721              	.LVL64:
 722              	.L58:
 723              		.loc 4 461 16 discriminator 3 view .LVU234
 724              	.LBE33:
 725              	.LBE38:
 726              	.LBB39:
 727              	.LBB36:
 728              		.loc 4 461 16 discriminator 1 view .LVU235
 729 00e6 4FF0010C 		mov	ip, #1
 730 00ea D3E7     		b	.L39
 731              	.L59:
 732              		.loc 4 461 16 discriminator 3 view .LVU236
 733 00ec 4FF0000C 		mov	ip, #0
 734 00f0 D0E7     		b	.L39
 735              	.LVL65:
 736              	.L60:
 737              		.loc 4 461 16 discriminator 3 view .LVU237
 738              	.LBE36:
 739              	.LBE39:
ARM GAS  C:\Users\Lenovo\AppData\Local\Temp\ccXm1HrZ.s 			page 47


 740              		.loc 1 228 38 discriminator 8 view .LVU238
 741 00f2 0021     		movs	r1, #0
 742              	.LVL66:
 743              	.L40:
 229:CANopen/301/CO_NMT_Heartbeat.c **** 
 230:CANopen/301/CO_NMT_Heartbeat.c ****     bool_t ErrNMTErrReg = (((uint16_t)NMT->NMTcontrol & (uint16_t)CO_NMT_ERR_ON_ERR_REG) != 0U);
 744              		.loc 1 230 5 is_stmt 1 view .LVU239
 745 00f4 02F40057 		and	r7, r2, #8192
 746              	.LVL67:
 231:CANopen/301/CO_NMT_Heartbeat.c ****     bool_t ErrNMTcontrol = ((CO_getErrorRegister(NMT->em) & (uint8_t)NMT->NMTcontrol) != 0U);
 747              		.loc 1 231 5 view .LVU240
 748              	.LBB40:
 749              	.LBI40:
 462:CANopen/301/CO_Emergency.h **** }
 463:CANopen/301/CO_Emergency.h **** 
 464:CANopen/301/CO_Emergency.h **** /**
 465:CANopen/301/CO_Emergency.h ****  * Get error register
 466:CANopen/301/CO_Emergency.h ****  *
 467:CANopen/301/CO_Emergency.h ****  * @param em Emergency object.
 468:CANopen/301/CO_Emergency.h ****  *
 469:CANopen/301/CO_Emergency.h ****  * @return Error register or 0 if doesn't exist.
 470:CANopen/301/CO_Emergency.h ****  */
 471:CANopen/301/CO_Emergency.h **** static inline uint8_t
 472:CANopen/301/CO_Emergency.h **** CO_getErrorRegister(CO_EM_t* em) {
 750              		.loc 4 472 1 view .LVU241
 751              	.LBB41:
 473:CANopen/301/CO_Emergency.h ****     return (em == NULL || em->errorRegister == NULL) ? 0 : *em->errorRegister;
 752              		.loc 4 473 5 view .LVU242
 753              		.loc 4 473 58 is_stmt 0 view .LVU243
 754 00f8 4BB1     		cbz	r3, .L63
 755              		.loc 4 473 29 discriminator 1 view .LVU244
 756 00fa DB68     		ldr	r3, [r3, #12]
 757              	.LVL68:
 758              		.loc 4 473 24 discriminator 1 view .LVU245
 759 00fc 4BB1     		cbz	r3, .L64
 760              		.loc 4 473 58 discriminator 3 view .LVU246
 761 00fe 1B78     		ldrb	r3, [r3]	@ zero_extendqisi2
 762              	.L41:
 763              	.LVL69:
 764              		.loc 4 473 58 discriminator 3 view .LVU247
 765              	.LBE41:
 766              	.LBE40:
 767              		.loc 1 231 87 discriminator 1 view .LVU248
 768 0100 1340     		ands	r3, r3, r2
 769              	.LVL70:
 232:CANopen/301/CO_NMT_Heartbeat.c ****     bool_t errRegMasked = ErrNMTErrReg && ErrNMTcontrol;
 770              		.loc 1 232 5 is_stmt 1 view .LVU249
 771              		.loc 1 232 40 is_stmt 0 view .LVU250
 772 0102 47B1     		cbz	r7, .L65
 773              		.loc 1 232 40 discriminator 1 view .LVU251
 774 0104 43B1     		cbz	r3, .L42
 775              		.loc 1 232 40 discriminator 3 view .LVU252
 776 0106 0123     		movs	r3, #1
 777              	.LVL71:
 778              		.loc 1 232 40 discriminator 3 view .LVU253
 779 0108 06E0     		b	.L42
 780              	.LVL72:
ARM GAS  C:\Users\Lenovo\AppData\Local\Temp\ccXm1HrZ.s 			page 48


 781              	.L61:
 228:CANopen/301/CO_NMT_Heartbeat.c **** 
 782              		.loc 1 228 38 discriminator 7 view .LVU254
 783 010a 7146     		mov	r1, lr
 784              	.LVL73:
 228:CANopen/301/CO_NMT_Heartbeat.c **** 
 785              		.loc 1 228 38 discriminator 7 view .LVU255
 786 010c F2E7     		b	.L40
 787              	.LVL74:
 788              	.L63:
 789              	.LBB43:
 790              	.LBB42:
 791              		.loc 4 473 58 discriminator 4 view .LVU256
 792 010e 0023     		movs	r3, #0
 793              	.LVL75:
 794              		.loc 4 473 58 discriminator 4 view .LVU257
 795 0110 F6E7     		b	.L41
 796              	.L64:
 797 0112 0023     		movs	r3, #0
 798 0114 F4E7     		b	.L41
 799              	.LVL76:
 800              	.L65:
 801              		.loc 4 473 58 discriminator 4 view .LVU258
 802              	.LBE42:
 803              	.LBE43:
 804              		.loc 1 232 40 discriminator 4 view .LVU259
 805 0116 0023     		movs	r3, #0
 806              	.LVL77:
 807              	.L42:
 808              		.loc 1 232 12 discriminator 6 view .LVU260
 809 0118 1F46     		mov	r7, r3
 810              	.LVL78:
 233:CANopen/301/CO_NMT_Heartbeat.c **** 
 234:CANopen/301/CO_NMT_Heartbeat.c ****     if ((NMTstateCpy == CO_NMT_OPERATIONAL) && (busOff_HB || errRegMasked)) {
 811              		.loc 1 234 5 is_stmt 1 view .LVU261
 812              		.loc 1 234 8 is_stmt 0 view .LVU262
 813 011a 052D     		cmp	r5, #5
 814 011c 06D0     		beq	.L71
 815              	.L43:
 235:CANopen/301/CO_NMT_Heartbeat.c ****         NMTstateCpy = (((uint16_t)NMT->NMTcontrol & (uint16_t)CO_NMT_ERR_TO_STOPPED) != 0U) ? CO_NM
 236:CANopen/301/CO_NMT_Heartbeat.c ****                                                                                             : CO_NM
 237:CANopen/301/CO_NMT_Heartbeat.c ****     } else if ((((uint16_t)NMT->NMTcontrol & (uint16_t)CO_NMT_ERR_FREE_TO_OPERATIONAL) != 0U)
 816              		.loc 1 237 12 is_stmt 1 view .LVU263
 817              		.loc 1 237 15 is_stmt 0 view .LVU264
 818 011e 12F4004F 		tst	r2, #32768
 819 0122 0BD1     		bne	.L72
 820              	.LVL79:
 821              	.L45:
 238:CANopen/301/CO_NMT_Heartbeat.c ****                && (NMTstateCpy == CO_NMT_PRE_OPERATIONAL) && (!busOff_HB && !errRegMasked)) {
 239:CANopen/301/CO_NMT_Heartbeat.c ****         NMTstateCpy = CO_NMT_OPERATIONAL;
 240:CANopen/301/CO_NMT_Heartbeat.c ****     } else { /* MISRA C 2004 14.10 */
 241:CANopen/301/CO_NMT_Heartbeat.c ****     }
 822              		.loc 1 241 5 is_stmt 1 view .LVU265
 242:CANopen/301/CO_NMT_Heartbeat.c **** 
 243:CANopen/301/CO_NMT_Heartbeat.c **** #if ((CO_CONFIG_NMT)&CO_CONFIG_NMT_CALLBACK_CHANGE) != 0
 244:CANopen/301/CO_NMT_Heartbeat.c ****     /* Notify operating state change */
 245:CANopen/301/CO_NMT_Heartbeat.c ****     if ((NMT->operatingStatePrev != NMTstateCpy) || NNTinit) {
ARM GAS  C:\Users\Lenovo\AppData\Local\Temp\ccXm1HrZ.s 			page 49


 246:CANopen/301/CO_NMT_Heartbeat.c ****         if (NMT->pFunctNMT != NULL) {
 247:CANopen/301/CO_NMT_Heartbeat.c ****             NMT->pFunctNMT(NMTstateCpy);
 248:CANopen/301/CO_NMT_Heartbeat.c ****         }
 249:CANopen/301/CO_NMT_Heartbeat.c ****     }
 250:CANopen/301/CO_NMT_Heartbeat.c **** #endif
 251:CANopen/301/CO_NMT_Heartbeat.c **** 
 252:CANopen/301/CO_NMT_Heartbeat.c **** #if ((CO_CONFIG_NMT)&CO_CONFIG_FLAG_TIMERNEXT) != 0
 253:CANopen/301/CO_NMT_Heartbeat.c ****     /* Calculate, when next Heartbeat needs to be send */
 254:CANopen/301/CO_NMT_Heartbeat.c ****     if ((NMT->HBproducerTime_us != 0U) && (timerNext_us != NULL)) {
 255:CANopen/301/CO_NMT_Heartbeat.c ****         if (NMT->operatingStatePrev != NMTstateCpy) {
 256:CANopen/301/CO_NMT_Heartbeat.c ****             *timerNext_us = 0;
 257:CANopen/301/CO_NMT_Heartbeat.c ****         } else if (*timerNext_us > NMT->HBproducerTimer) {
 258:CANopen/301/CO_NMT_Heartbeat.c ****             *timerNext_us = NMT->HBproducerTimer;
 259:CANopen/301/CO_NMT_Heartbeat.c ****         } else { /* MISRA C 2004 14.10 */
 260:CANopen/301/CO_NMT_Heartbeat.c ****         }
 261:CANopen/301/CO_NMT_Heartbeat.c ****     }
 262:CANopen/301/CO_NMT_Heartbeat.c **** #endif
 263:CANopen/301/CO_NMT_Heartbeat.c **** 
 264:CANopen/301/CO_NMT_Heartbeat.c ****     NMT->operatingState = NMTstateCpy;
 823              		.loc 1 264 5 view .LVU266
 824              		.loc 1 264 25 is_stmt 0 view .LVU267
 825 0124 2570     		strb	r5, [r4]
 265:CANopen/301/CO_NMT_Heartbeat.c ****     if (NMTstate != NULL) {
 826              		.loc 1 265 5 is_stmt 1 view .LVU268
 827              		.loc 1 265 8 is_stmt 0 view .LVU269
 828 0126 06B1     		cbz	r6, .L46
 266:CANopen/301/CO_NMT_Heartbeat.c ****         *NMTstate = NMTstateCpy;
 829              		.loc 1 266 9 is_stmt 1 view .LVU270
 830              		.loc 1 266 19 is_stmt 0 view .LVU271
 831 0128 3570     		strb	r5, [r6]
 832              	.L46:
 267:CANopen/301/CO_NMT_Heartbeat.c ****     }
 268:CANopen/301/CO_NMT_Heartbeat.c **** 
 269:CANopen/301/CO_NMT_Heartbeat.c ****     return resetCommand;
 833              		.loc 1 269 5 is_stmt 1 view .LVU272
 270:CANopen/301/CO_NMT_Heartbeat.c **** }
 834              		.loc 1 270 1 is_stmt 0 view .LVU273
 835 012a F8BD     		pop	{r3, r4, r5, r6, r7, pc}
 836              	.LVL80:
 837              	.L71:
 234:CANopen/301/CO_NMT_Heartbeat.c ****         NMTstateCpy = (((uint16_t)NMT->NMTcontrol & (uint16_t)CO_NMT_ERR_TO_STOPPED) != 0U) ? CO_NM
 838              		.loc 1 234 45 discriminator 1 view .LVU274
 839 012c 09B9     		cbnz	r1, .L44
 234:CANopen/301/CO_NMT_Heartbeat.c ****         NMTstateCpy = (((uint16_t)NMT->NMTcontrol & (uint16_t)CO_NMT_ERR_TO_STOPPED) != 0U) ? CO_NM
 840              		.loc 1 234 59 discriminator 2 view .LVU275
 841 012e 002B     		cmp	r3, #0
 842 0130 F5D0     		beq	.L43
 843              	.L44:
 235:CANopen/301/CO_NMT_Heartbeat.c ****                                                                                             : CO_NM
 844              		.loc 1 235 9 is_stmt 1 view .LVU276
 236:CANopen/301/CO_NMT_Heartbeat.c ****     } else if ((((uint16_t)NMT->NMTcontrol & (uint16_t)CO_NMT_ERR_FREE_TO_OPERATIONAL) != 0U)
 845              		.loc 1 236 93 is_stmt 0 view .LVU277
 846 0132 12F4804F 		tst	r2, #16384
 847 0136 09D0     		beq	.L67
 236:CANopen/301/CO_NMT_Heartbeat.c ****     } else if ((((uint16_t)NMT->NMTcontrol & (uint16_t)CO_NMT_ERR_FREE_TO_OPERATIONAL) != 0U)
 848              		.loc 1 236 93 discriminator 1 view .LVU278
 849 0138 0425     		movs	r5, #4
ARM GAS  C:\Users\Lenovo\AppData\Local\Temp\ccXm1HrZ.s 			page 50


 850              	.LVL81:
 236:CANopen/301/CO_NMT_Heartbeat.c ****     } else if ((((uint16_t)NMT->NMTcontrol & (uint16_t)CO_NMT_ERR_FREE_TO_OPERATIONAL) != 0U)
 851              		.loc 1 236 93 discriminator 1 view .LVU279
 852 013a F3E7     		b	.L45
 853              	.LVL82:
 854              	.L72:
 238:CANopen/301/CO_NMT_Heartbeat.c ****         NMTstateCpy = CO_NMT_OPERATIONAL;
 855              		.loc 1 238 16 view .LVU280
 856 013c 7F2D     		cmp	r5, #127
 857 013e F1D1     		bne	.L45
 238:CANopen/301/CO_NMT_Heartbeat.c ****         NMTstateCpy = CO_NMT_OPERATIONAL;
 858              		.loc 1 238 59 discriminator 1 view .LVU281
 859 0140 0029     		cmp	r1, #0
 860 0142 EFD1     		bne	.L45
 238:CANopen/301/CO_NMT_Heartbeat.c ****         NMTstateCpy = CO_NMT_OPERATIONAL;
 861              		.loc 1 238 74 discriminator 2 view .LVU282
 862 0144 002F     		cmp	r7, #0
 863 0146 EDD1     		bne	.L45
 239:CANopen/301/CO_NMT_Heartbeat.c ****     } else { /* MISRA C 2004 14.10 */
 864              		.loc 1 239 21 view .LVU283
 865 0148 0525     		movs	r5, #5
 866              	.LVL83:
 239:CANopen/301/CO_NMT_Heartbeat.c ****     } else { /* MISRA C 2004 14.10 */
 867              		.loc 1 239 21 view .LVU284
 868 014a EBE7     		b	.L45
 869              	.LVL84:
 870              	.L67:
 236:CANopen/301/CO_NMT_Heartbeat.c ****     } else if ((((uint16_t)NMT->NMTcontrol & (uint16_t)CO_NMT_ERR_FREE_TO_OPERATIONAL) != 0U)
 871              		.loc 1 236 93 discriminator 2 view .LVU285
 872 014c 7F25     		movs	r5, #127
 873              	.LVL85:
 236:CANopen/301/CO_NMT_Heartbeat.c ****     } else if ((((uint16_t)NMT->NMTcontrol & (uint16_t)CO_NMT_ERR_FREE_TO_OPERATIONAL) != 0U)
 874              		.loc 1 236 93 discriminator 2 view .LVU286
 875 014e E9E7     		b	.L45
 876              		.cfi_endproc
 877              	.LFE39:
 879              		.text
 880              	.Letext0:
 881              		.file 5 "D:\\vscode\\stm32cubecltv122\\stm32cubeclt_1.22.0-Win-x86_64.exe\\anzhuang\\STM32CubeCLT_
 882              		.file 6 "D:\\vscode\\stm32cubecltv122\\stm32cubeclt_1.22.0-Win-x86_64.exe\\anzhuang\\STM32CubeCLT_
 883              		.file 7 "D:\\vscode\\stm32cubecltv122\\stm32cubeclt_1.22.0-Win-x86_64.exe\\anzhuang\\STM32CubeCLT_
 884              		.file 8 "CANopen/example/CO_driver_target.h"
 885              		.file 9 "CANopen/301/CO_NMT_Heartbeat.h"
 886              		.file 10 "D:\\vscode\\stm32cubecltv122\\stm32cubeclt_1.22.0-Win-x86_64.exe\\anzhuang\\STM32CubeCLT
 887              		.file 11 "<built-in>"
ARM GAS  C:\Users\Lenovo\AppData\Local\Temp\ccXm1HrZ.s 			page 51


DEFINED SYMBOLS
                            *ABS*:00000000 CO_NMT_Heartbeat.c
C:\Users\Lenovo\AppData\Local\Temp\ccXm1HrZ.s:21     .text.CO_NMT_receive:00000000 $t
C:\Users\Lenovo\AppData\Local\Temp\ccXm1HrZ.s:26     .text.CO_NMT_receive:00000000 CO_NMT_receive
C:\Users\Lenovo\AppData\Local\Temp\ccXm1HrZ.s:46     .text.OD_write_1017:00000000 $t
C:\Users\Lenovo\AppData\Local\Temp\ccXm1HrZ.s:51     .text.OD_write_1017:00000000 OD_write_1017
C:\Users\Lenovo\AppData\Local\Temp\ccXm1HrZ.s:147    .text.CO_NMT_init:00000000 $t
C:\Users\Lenovo\AppData\Local\Temp\ccXm1HrZ.s:153    .text.CO_NMT_init:00000000 CO_NMT_init
C:\Users\Lenovo\AppData\Local\Temp\ccXm1HrZ.s:415    .text.CO_NMT_init:00000108 $d
C:\Users\Lenovo\AppData\Local\Temp\ccXm1HrZ.s:422    .text.CO_NMT_process:00000000 $t
C:\Users\Lenovo\AppData\Local\Temp\ccXm1HrZ.s:428    .text.CO_NMT_process:00000000 CO_NMT_process
                           .group:00000000 wm4.0.35f3e76e42575b99374c7d5ae37ca977
                           .group:00000000 wm4._newlib_version.h.4.0eb654b64686e2bd29646258853f6c22
                           .group:00000000 wm4.newlib.h.27.b904f6f8971bd921b436e5701877de32
                           .group:00000000 wm4.ieeefp.h.77.61a77db5804869b1dadd307a77cf78c9
                           .group:00000000 wm4.features.h.22.4b93ad64e0d80833c46a20ecae380bb0
                           .group:00000000 wm4.config.h.224.10ee1ad185d877c6e334e6581faab44d
                           .group:00000000 wm4._ansi.h.31.de524f58584151836e90d8620a16f8e8
                           .group:00000000 wm4.stddef.h.39.811583f327f35b0df7808fda70b062a0
                           .group:00000000 wm4._default_types.h.6.959254cf5f09734ea7516c89e8bb21bd
                           .group:00000000 wm4.cdefs.h.49.56fd742369e655e7e8a7e365e706e208
                           .group:00000000 wm4._types.h.20.dd0d04dca3800a0d2a6129b87f3adbb2
                           .group:00000000 wm4.stddef.h.173.4903093a50a8482cb062b176ea61fac3
                           .group:00000000 wm4._types.h.127.3bdfe3ff8ea2d0985b03d9cbe93480e3
                           .group:00000000 wm4.reent.h.18.25503cdc8b7e55dd0d6ea7b3e5af7a03
                           .group:00000000 wm4.lock.h.2.1461d1fff82dffe8bfddc23307f6484f
                           .group:00000000 wm4.reent.h.78.6d702f69a6d6435d2dbe915b10150b1a
                           .group:00000000 wm4.string.h.15.dab3980bf35408a4c507182805e2de3a
                           .group:00000000 wm4.stddef.h.173.1cea4f16a943c8e875db6791959c3141
                           .group:00000000 wm4.string.h.177.59a005921fa78485abc80a0267de5752
                           .group:00000000 wm4.CO_config.h.22.452d50582397b0b53966b3c1806ccf35
                           .group:00000000 wm4.stdbool.h.29.c08aa3eec75cf5b9b5003883f43253f0
                           .group:00000000 wm4._intsup.h.10.48bafbb683905c4daa4565a85aeeb264
                           .group:00000000 wm4._stdint.h.10.c24fa3af3bc1706662bb5593a907e841
                           .group:00000000 wm4.stdint.h.23.d53047a68f4a85177f80b422d52785ed
                           .group:00000000 wm4.CO_driver_target.h.41.ddd9ad301db6ca3aeb9eb6b4ba80bd58
                           .group:00000000 wm4.CO_driver.h.35.ff7c66b5b3baf7d65aef1dd87f3079c4
                           .group:00000000 wm4.CO_ODinterface.h.22.cd716bb058f440300efc08854f292063
                           .group:00000000 wm4.CO_Emergency.h.22.41b266f360f60ca97b32af88c96ba262
                           .group:00000000 wm4.CO_NMT_Heartbeat.h.30.2a9f5674d06b4835a49e26d6666c769b

UNDEFINED SYMBOLS
OD_writeOriginal
memset
OD_get_value
CO_CANrxBufferInit
CO_CANtxBufferInit
OD_readOriginal
CO_CANsend
