ARM GAS  C:\Users\Lenovo\AppData\Local\Temp\ccL1vOqM.s 			page 1


   1              		.cpu cortex-m4
   2              		.arch armv7e-m
   3              		.fpu fpv4-sp-d16
   4              		.eabi_attribute 27, 1
   5              		.eabi_attribute 28, 1
   6              		.eabi_attribute 20, 1
   7              		.eabi_attribute 21, 1
   8              		.eabi_attribute 23, 3
   9              		.eabi_attribute 24, 1
  10              		.eabi_attribute 25, 1
  11              		.eabi_attribute 26, 1
  12              		.eabi_attribute 30, 1
  13              		.eabi_attribute 34, 1
  14              		.eabi_attribute 18, 4
  15              		.file	"CO_PDO.c"
  16              		.text
  17              	.Ltext0:
  18              		.cfi_sections	.debug_frame
  19              		.file 1 "CANopen/301/CO_PDO.c"
  20              		.section	.text.OD_write_dummy,"ax",%progbits
  21              		.align	1
  22              		.syntax unified
  23              		.thumb
  24              		.thumb_func
  26              	OD_write_dummy:
  27              	.LVL0:
  28              	.LFB36:
   1:CANopen/301/CO_PDO.c **** /*
   2:CANopen/301/CO_PDO.c ****  * CANopen Receive Process Data Object protocol.
   3:CANopen/301/CO_PDO.c ****  *
   4:CANopen/301/CO_PDO.c ****  * @file        CO_PDO.c
   5:CANopen/301/CO_PDO.c ****  * @ingroup     CO_PDO
   6:CANopen/301/CO_PDO.c ****  * @author      Janez Paternoster
   7:CANopen/301/CO_PDO.c ****  * @copyright   2021 Janez Paternoster
   8:CANopen/301/CO_PDO.c ****  *
   9:CANopen/301/CO_PDO.c ****  * This file is part of <https://github.com/CANopenNode/CANopenNode>, a CANopen Stack.
  10:CANopen/301/CO_PDO.c ****  *
  11:CANopen/301/CO_PDO.c ****  * Licensed under the Apache License, Version 2.0 (the "License"); you may not use this
  12:CANopen/301/CO_PDO.c ****  * file except in compliance with the License. You may obtain a copy of the License at
  13:CANopen/301/CO_PDO.c ****  *
  14:CANopen/301/CO_PDO.c ****  *     http://www.apache.org/licenses/LICENSE-2.0
  15:CANopen/301/CO_PDO.c ****  *
  16:CANopen/301/CO_PDO.c ****  * Unless required by applicable law or agreed to in writing, software distributed under the Licens
  17:CANopen/301/CO_PDO.c ****  * distributed on an "AS IS" BASIS, WITHOUT WARRANTIES OR CONDITIONS OF ANY KIND, either express or
  18:CANopen/301/CO_PDO.c ****  * See the License for the specific language governing permissions and limitations under the Licens
  19:CANopen/301/CO_PDO.c ****  */
  20:CANopen/301/CO_PDO.c **** 
  21:CANopen/301/CO_PDO.c **** #include <string.h>
  22:CANopen/301/CO_PDO.c **** 
  23:CANopen/301/CO_PDO.c **** #include "301/CO_PDO.h"
  24:CANopen/301/CO_PDO.c **** 
  25:CANopen/301/CO_PDO.c **** #if ((CO_CONFIG_PDO) & (CO_CONFIG_RPDO_ENABLE | CO_CONFIG_TPDO_ENABLE)) != 0
  26:CANopen/301/CO_PDO.c **** 
  27:CANopen/301/CO_PDO.c **** #if ((CO_CONFIG_PDO)&CO_CONFIG_FLAG_OD_DYNAMIC) != 0
  28:CANopen/301/CO_PDO.c **** #if ((CO_CONFIG_PDO)&CO_CONFIG_PDO_OD_IO_ACCESS) == 0
  29:CANopen/301/CO_PDO.c **** #error Dynamic PDO mapping is not possible without CO_CONFIG_PDO_OD_IO_ACCESS
  30:CANopen/301/CO_PDO.c **** #endif
ARM GAS  C:\Users\Lenovo\AppData\Local\Temp\ccL1vOqM.s 			page 2


  31:CANopen/301/CO_PDO.c **** #endif
  32:CANopen/301/CO_PDO.c **** 
  33:CANopen/301/CO_PDO.c **** #if ((CO_CONFIG_PDO)&CO_CONFIG_PDO_BITWISE_MAPPING) != 0
  34:CANopen/301/CO_PDO.c **** #if ((CO_CONFIG_PDO)&CO_CONFIG_PDO_OD_IO_ACCESS) == 0
  35:CANopen/301/CO_PDO.c **** #error Bitwise PDO mapping is not possible without CO_CONFIG_PDO_OD_IO_ACCESS
  36:CANopen/301/CO_PDO.c **** #endif
  37:CANopen/301/CO_PDO.c **** #endif
  38:CANopen/301/CO_PDO.c **** 
  39:CANopen/301/CO_PDO.c **** #if ((CO_CONFIG_PDO)&CO_CONFIG_PDO_OD_IO_ACCESS) != 0
  40:CANopen/301/CO_PDO.c **** /*
  41:CANopen/301/CO_PDO.c ****  * Custom function for write dummy OD object. Will be used only from RPDO.
  42:CANopen/301/CO_PDO.c ****  *
  43:CANopen/301/CO_PDO.c ****  * For more information see file CO_ODinterface.h, OD_IO_t.
  44:CANopen/301/CO_PDO.c ****  */
  45:CANopen/301/CO_PDO.c **** static ODR_t
  46:CANopen/301/CO_PDO.c **** OD_write_dummy(OD_stream_t* stream, const void* buf, OD_size_t count, OD_size_t* countWritten) {
  29              		.loc 1 46 96 view -0
  30              		.cfi_startproc
  31              		@ args = 0, pretend = 0, frame = 0
  32              		@ frame_needed = 0, uses_anonymous_args = 0
  33              		@ link register save eliminated.
  47:CANopen/301/CO_PDO.c ****     (void)stream;
  34              		.loc 1 47 5 view .LVU1
  48:CANopen/301/CO_PDO.c ****     (void)buf;
  35              		.loc 1 48 5 view .LVU2
  49:CANopen/301/CO_PDO.c ****     if (countWritten != NULL) {
  36              		.loc 1 49 5 view .LVU3
  37              		.loc 1 49 8 is_stmt 0 view .LVU4
  38 0000 03B1     		cbz	r3, .L2
  50:CANopen/301/CO_PDO.c ****         *countWritten = count;
  39              		.loc 1 50 9 is_stmt 1 view .LVU5
  40              		.loc 1 50 23 is_stmt 0 view .LVU6
  41 0002 1A60     		str	r2, [r3]
  42              	.L2:
  51:CANopen/301/CO_PDO.c ****     }
  52:CANopen/301/CO_PDO.c ****     return ODR_OK;
  43              		.loc 1 52 5 is_stmt 1 view .LVU7
  53:CANopen/301/CO_PDO.c **** }
  44              		.loc 1 53 1 is_stmt 0 view .LVU8
  45 0004 0020     		movs	r0, #0
  46              	.LVL1:
  47              		.loc 1 53 1 view .LVU9
  48 0006 7047     		bx	lr
  49              		.cfi_endproc
  50              	.LFE36:
  52              		.section	.text.OD_read_dummy,"ax",%progbits
  53              		.align	1
  54              		.syntax unified
  55              		.thumb
  56              		.thumb_func
  58              	OD_read_dummy:
  59              	.LVL2:
  60              	.LFB37:
  54:CANopen/301/CO_PDO.c **** 
  55:CANopen/301/CO_PDO.c **** /*
  56:CANopen/301/CO_PDO.c ****  * Custom function for read dummy OD object. Will be used only from TPDO.
  57:CANopen/301/CO_PDO.c ****  *
ARM GAS  C:\Users\Lenovo\AppData\Local\Temp\ccL1vOqM.s 			page 3


  58:CANopen/301/CO_PDO.c ****  * For more information see file CO_ODinterface.h, OD_IO_t.
  59:CANopen/301/CO_PDO.c ****  */
  60:CANopen/301/CO_PDO.c **** static ODR_t
  61:CANopen/301/CO_PDO.c **** OD_read_dummy(OD_stream_t* stream, void* buf, OD_size_t count, OD_size_t* countRead) {
  61              		.loc 1 61 86 is_stmt 1 view -0
  62              		.cfi_startproc
  63              		@ args = 0, pretend = 0, frame = 0
  64              		@ frame_needed = 0, uses_anonymous_args = 0
  62:CANopen/301/CO_PDO.c ****     if ((buf == NULL) || (stream == NULL) || (countRead == NULL)) {
  65              		.loc 1 62 5 view .LVU11
  66              		.loc 1 62 8 is_stmt 0 view .LVU12
  67 0000 81B1     		cbz	r1, .L6
  61:CANopen/301/CO_PDO.c ****     if ((buf == NULL) || (stream == NULL) || (countRead == NULL)) {
  68              		.loc 1 61 86 view .LVU13
  69 0002 38B5     		push	{r3, r4, r5, lr}
  70              	.LCFI0:
  71              		.cfi_def_cfa_offset 16
  72              		.cfi_offset 3, -16
  73              		.cfi_offset 4, -12
  74              		.cfi_offset 5, -8
  75              		.cfi_offset 14, -4
  76 0004 0446     		mov	r4, r0
  77 0006 1D46     		mov	r5, r3
  78 0008 0846     		mov	r0, r1
  79              	.LVL3:
  80              		.loc 1 62 23 discriminator 1 view .LVU14
  81 000a 6CB1     		cbz	r4, .L7
  82              		.loc 1 62 43 discriminator 2 view .LVU15
  83 000c 73B1     		cbz	r3, .L8
  63:CANopen/301/CO_PDO.c ****         return ODR_DEV_INCOMPAT;
  64:CANopen/301/CO_PDO.c ****     }
  65:CANopen/301/CO_PDO.c **** 
  66:CANopen/301/CO_PDO.c ****     if (count > stream->dataLength) {
  84              		.loc 1 66 5 is_stmt 1 view .LVU16
  85              		.loc 1 66 23 is_stmt 0 view .LVU17
  86 000e A468     		ldr	r4, [r4, #8]
  87              	.LVL4:
  88              		.loc 1 66 8 view .LVU18
  89 0010 9442     		cmp	r4, r2
  90 0012 00D3     		bcc	.L5
  91 0014 1446     		mov	r4, r2
  92              	.L5:
  93              	.LVL5:
  67:CANopen/301/CO_PDO.c ****         count = stream->dataLength;
  68:CANopen/301/CO_PDO.c ****     }
  69:CANopen/301/CO_PDO.c **** 
  70:CANopen/301/CO_PDO.c ****     (void)memset(buf, 0, count);
  94              		.loc 1 70 5 is_stmt 1 view .LVU19
  95              		.loc 1 70 11 is_stmt 0 view .LVU20
  96 0016 2246     		mov	r2, r4
  97 0018 0021     		movs	r1, #0
  98              	.LVL6:
  99              		.loc 1 70 11 view .LVU21
 100 001a FFF7FEFF 		bl	memset
 101              	.LVL7:
  71:CANopen/301/CO_PDO.c **** 
  72:CANopen/301/CO_PDO.c ****     *countRead = count;
ARM GAS  C:\Users\Lenovo\AppData\Local\Temp\ccL1vOqM.s 			page 4


 102              		.loc 1 72 5 is_stmt 1 view .LVU22
 103              		.loc 1 72 16 is_stmt 0 view .LVU23
 104 001e 2C60     		str	r4, [r5]
  73:CANopen/301/CO_PDO.c ****     return ODR_OK;
 105              		.loc 1 73 5 is_stmt 1 view .LVU24
 106              		.loc 1 73 12 is_stmt 0 view .LVU25
 107 0020 0020     		movs	r0, #0
 108              	.LVL8:
 109              	.L4:
  74:CANopen/301/CO_PDO.c **** }
 110              		.loc 1 74 1 view .LVU26
 111 0022 38BD     		pop	{r3, r4, r5, pc}
 112              	.LVL9:
 113              	.L6:
 114              	.LCFI1:
 115              		.cfi_def_cfa_offset 0
 116              		.cfi_restore 3
 117              		.cfi_restore 4
 118              		.cfi_restore 5
 119              		.cfi_restore 14
  63:CANopen/301/CO_PDO.c ****     }
 120              		.loc 1 63 16 view .LVU27
 121 0024 0920     		movs	r0, #9
 122              	.LVL10:
 123              		.loc 1 74 1 view .LVU28
 124 0026 7047     		bx	lr
 125              	.LVL11:
 126              	.L7:
 127              	.LCFI2:
 128              		.cfi_def_cfa_offset 16
 129              		.cfi_offset 3, -16
 130              		.cfi_offset 4, -12
 131              		.cfi_offset 5, -8
 132              		.cfi_offset 14, -4
  63:CANopen/301/CO_PDO.c ****     }
 133              		.loc 1 63 16 view .LVU29
 134 0028 0920     		movs	r0, #9
 135              	.LVL12:
  63:CANopen/301/CO_PDO.c ****     }
 136              		.loc 1 63 16 view .LVU30
 137 002a FAE7     		b	.L4
 138              	.LVL13:
 139              	.L8:
  63:CANopen/301/CO_PDO.c ****     }
 140              		.loc 1 63 16 view .LVU31
 141 002c 0920     		movs	r0, #9
 142              	.LVL14:
  63:CANopen/301/CO_PDO.c ****     }
 143              		.loc 1 63 16 view .LVU32
 144 002e F8E7     		b	.L4
 145              		.cfi_endproc
 146              	.LFE37:
 148              		.section	.text.OD_read_PDO_commParam,"ax",%progbits
 149              		.align	1
 150              		.syntax unified
 151              		.thumb
 152              		.thumb_func
ARM GAS  C:\Users\Lenovo\AppData\Local\Temp\ccL1vOqM.s 			page 5


 154              	OD_read_PDO_commParam:
 155              	.LVL15:
 156              	.LFB41:
  75:CANopen/301/CO_PDO.c **** 
  76:CANopen/301/CO_PDO.c **** /*
  77:CANopen/301/CO_PDO.c ****  * Find mapped variable in Object Dictionary and configure entry in RPDO or TPDO
  78:CANopen/301/CO_PDO.c ****  *
  79:CANopen/301/CO_PDO.c ****  * @param PDO This object will be configured. If map is erroneous, then it will stay unchanged.
  80:CANopen/301/CO_PDO.c ****  * @param map PDO mapping parameter.
  81:CANopen/301/CO_PDO.c ****  * @param mapIndex from 0 to CO_PDO_MAX_MAPPED_ENTRIES
  82:CANopen/301/CO_PDO.c ****  * @param isRPDO True for RPDO and false for TPDO.
  83:CANopen/301/CO_PDO.c ****  * @param OD Object Dictionary.
  84:CANopen/301/CO_PDO.c ****  *
  85:CANopen/301/CO_PDO.c ****  * @return ODR_OK on success, otherwise error reason.
  86:CANopen/301/CO_PDO.c ****  */
  87:CANopen/301/CO_PDO.c **** static ODR_t
  88:CANopen/301/CO_PDO.c **** PDOconfigMap(CO_PDO_common_t* PDO, uint32_t map, uint8_t mapIndex, bool_t isRPDO, OD_t* OD) {
  89:CANopen/301/CO_PDO.c ****     uint16_t index = (uint16_t)(map >> 16);
  90:CANopen/301/CO_PDO.c ****     uint8_t subIndex = (uint8_t)(map >> 8);
  91:CANopen/301/CO_PDO.c ****     uint8_t mappedLengthBits = (uint8_t)map;
  92:CANopen/301/CO_PDO.c ****     uint8_t mappedLength = mappedLengthBits >> 3;
  93:CANopen/301/CO_PDO.c ****     OD_IO_t* OD_IO = &PDO->OD_IO[mapIndex];
  94:CANopen/301/CO_PDO.c **** 
  95:CANopen/301/CO_PDO.c ****     /* total PDO length can not be more than CO_PDO_MAX_SIZE bytes */
  96:CANopen/301/CO_PDO.c ****     if (mappedLength > CO_PDO_MAX_SIZE) {
  97:CANopen/301/CO_PDO.c ****         return ODR_MAP_LEN; /* PDO length exceeded */
  98:CANopen/301/CO_PDO.c ****     }
  99:CANopen/301/CO_PDO.c **** 
 100:CANopen/301/CO_PDO.c ****     /* is there a reference to the dummy entry */
 101:CANopen/301/CO_PDO.c ****     if ((index < 0x20U) && (subIndex == 0U)) {
 102:CANopen/301/CO_PDO.c ****         OD_stream_t* stream = &OD_IO->stream;
 103:CANopen/301/CO_PDO.c ****         (void)memset(stream, 0, sizeof(OD_stream_t));
 104:CANopen/301/CO_PDO.c ****         stream->dataLength = mappedLength;
 105:CANopen/301/CO_PDO.c ****         stream->dataOffset = mappedLength;
 106:CANopen/301/CO_PDO.c ****         OD_IO->read = OD_read_dummy;
 107:CANopen/301/CO_PDO.c ****         OD_IO->write = OD_write_dummy;
 108:CANopen/301/CO_PDO.c ****         return ODR_OK;
 109:CANopen/301/CO_PDO.c ****     }
 110:CANopen/301/CO_PDO.c **** 
 111:CANopen/301/CO_PDO.c ****     /* find entry in the Object Dictionary */
 112:CANopen/301/CO_PDO.c ****     OD_IO_t OD_IOcopy;
 113:CANopen/301/CO_PDO.c ****     OD_entry_t* entry = OD_find(OD, index);
 114:CANopen/301/CO_PDO.c ****     ODR_t odRet = OD_getSub(entry, subIndex, &OD_IOcopy, false);
 115:CANopen/301/CO_PDO.c ****     if (odRet != ODR_OK) {
 116:CANopen/301/CO_PDO.c ****         return odRet;
 117:CANopen/301/CO_PDO.c ****     }
 118:CANopen/301/CO_PDO.c **** 
 119:CANopen/301/CO_PDO.c ****     /* verify access attributes, byte alignment and length */
 120:CANopen/301/CO_PDO.c ****     OD_attr_t testAttribute = isRPDO ? (OD_attr_t)(ODA_RPDO) : (OD_attr_t)(ODA_TPDO);
 121:CANopen/301/CO_PDO.c **** #if ((CO_CONFIG_PDO) & (CO_CONFIG_PDO_BITWISE_MAPPING)) != 0
 122:CANopen/301/CO_PDO.c ****     /* If the bitwise mapping is enabled, check only length in bits */
 123:CANopen/301/CO_PDO.c ****     if (((OD_IOcopy.stream.attribute & testAttribute) == 0U)
 124:CANopen/301/CO_PDO.c ****         || ((OD_IOcopy.stream.dataLength * 8) < mappedLengthBits)) {
 125:CANopen/301/CO_PDO.c **** #else
 126:CANopen/301/CO_PDO.c ****     /* If the bitwise mapping is disabled, theck the alignment and length in bytes*/
 127:CANopen/301/CO_PDO.c ****     if (((OD_IOcopy.stream.attribute & testAttribute) == 0U) || ((mappedLengthBits & 0x07U) != 0U)
 128:CANopen/301/CO_PDO.c ****         || (OD_IOcopy.stream.dataLength < mappedLength)) {
ARM GAS  C:\Users\Lenovo\AppData\Local\Temp\ccL1vOqM.s 			page 6


 129:CANopen/301/CO_PDO.c **** #endif /* (CO_CONFIG_PDO) & (CO_CONFIG_PDO_BITWISE_MAPPING) */
 130:CANopen/301/CO_PDO.c ****         return ODR_NO_MAP; /* Object cannot be mapped to the PDO. */
 131:CANopen/301/CO_PDO.c ****     }
 132:CANopen/301/CO_PDO.c **** 
 133:CANopen/301/CO_PDO.c ****     /* Copy values and store mappedLength temporary. */
 134:CANopen/301/CO_PDO.c ****     *OD_IO = OD_IOcopy;
 135:CANopen/301/CO_PDO.c **** #if ((CO_CONFIG_PDO) & (CO_CONFIG_PDO_BITWISE_MAPPING)) != 0
 136:CANopen/301/CO_PDO.c ****     OD_IO->stream.dataOffset = mappedLengthBits;
 137:CANopen/301/CO_PDO.c **** #else
 138:CANopen/301/CO_PDO.c ****     OD_IO->stream.dataOffset = mappedLength;
 139:CANopen/301/CO_PDO.c **** #endif
 140:CANopen/301/CO_PDO.c **** 
 141:CANopen/301/CO_PDO.c ****     /* get TPDO request flag byte from extension */
 142:CANopen/301/CO_PDO.c **** #if OD_FLAGS_PDO_SIZE > 0
 143:CANopen/301/CO_PDO.c ****     if (!isRPDO) {
 144:CANopen/301/CO_PDO.c ****         if ((subIndex < (OD_FLAGS_PDO_SIZE * 8U)) && (entry->extension != NULL)) {
 145:CANopen/301/CO_PDO.c ****             PDO->flagPDObyte[mapIndex] = &entry->extension->flagsPDO[subIndex >> 3];
 146:CANopen/301/CO_PDO.c ****             PDO->flagPDObitmask[mapIndex] = 1U << (subIndex & 0x07U);
 147:CANopen/301/CO_PDO.c ****         } else {
 148:CANopen/301/CO_PDO.c ****             PDO->flagPDObyte[mapIndex] = NULL;
 149:CANopen/301/CO_PDO.c ****         }
 150:CANopen/301/CO_PDO.c ****     }
 151:CANopen/301/CO_PDO.c **** #endif
 152:CANopen/301/CO_PDO.c **** 
 153:CANopen/301/CO_PDO.c ****     return ODR_OK;
 154:CANopen/301/CO_PDO.c **** }
 155:CANopen/301/CO_PDO.c **** 
 156:CANopen/301/CO_PDO.c **** /*
 157:CANopen/301/CO_PDO.c ****  * Initialize PDO mapping parameters
 158:CANopen/301/CO_PDO.c ****  *
 159:CANopen/301/CO_PDO.c ****  * @param PDO This object.
 160:CANopen/301/CO_PDO.c ****  * @param OD Object Dictionary.
 161:CANopen/301/CO_PDO.c ****  * @param OD_PDOMapPar OD entry for "PDO mapping parameter".
 162:CANopen/301/CO_PDO.c ****  * @param isRPDO True for RPDO and false for TPDO.
 163:CANopen/301/CO_PDO.c ****  * @param [out] errInfo Additional information in case of error, may be NULL.
 164:CANopen/301/CO_PDO.c ****  * @param [out] erroneousMap Additional information about erroneous map.
 165:CANopen/301/CO_PDO.c ****  *
 166:CANopen/301/CO_PDO.c ****  * @return #CO_ReturnError_t CO_ERROR_NO on success.
 167:CANopen/301/CO_PDO.c ****  */
 168:CANopen/301/CO_PDO.c **** static CO_ReturnError_t
 169:CANopen/301/CO_PDO.c **** PDO_initMapping(CO_PDO_common_t* PDO, OD_t* OD, OD_entry_t* OD_PDOMapPar, bool_t isRPDO, uint32_t* 
 170:CANopen/301/CO_PDO.c ****                 uint32_t* erroneousMap) {
 171:CANopen/301/CO_PDO.c ****     ODR_t odRet;
 172:CANopen/301/CO_PDO.c ****     size_t pdoDataLength = 0;
 173:CANopen/301/CO_PDO.c ****     uint8_t mappedObjectsCount = 0;
 174:CANopen/301/CO_PDO.c **** 
 175:CANopen/301/CO_PDO.c ****     /* number of mapped application objects in PDO */
 176:CANopen/301/CO_PDO.c ****     odRet = OD_get_u8(OD_PDOMapPar, 0, &mappedObjectsCount, true);
 177:CANopen/301/CO_PDO.c ****     if (odRet != ODR_OK) {
 178:CANopen/301/CO_PDO.c ****         if (errInfo != NULL) {
 179:CANopen/301/CO_PDO.c ****             *errInfo = ((uint32_t)OD_getIndex(OD_PDOMapPar)) << 8;
 180:CANopen/301/CO_PDO.c ****         }
 181:CANopen/301/CO_PDO.c ****         return CO_ERROR_OD_PARAMETERS;
 182:CANopen/301/CO_PDO.c ****     }
 183:CANopen/301/CO_PDO.c **** 
 184:CANopen/301/CO_PDO.c ****     for (uint8_t i = 0; i < CO_PDO_MAX_MAPPED_ENTRIES; i++) {
 185:CANopen/301/CO_PDO.c ****         OD_IO_t* OD_IO = &PDO->OD_IO[i];
ARM GAS  C:\Users\Lenovo\AppData\Local\Temp\ccL1vOqM.s 			page 7


 186:CANopen/301/CO_PDO.c ****         uint32_t map = 0;
 187:CANopen/301/CO_PDO.c **** 
 188:CANopen/301/CO_PDO.c ****         odRet = OD_get_u32(OD_PDOMapPar, i + 1U, &map, true);
 189:CANopen/301/CO_PDO.c ****         if (odRet == ODR_SUB_NOT_EXIST) {
 190:CANopen/301/CO_PDO.c ****             continue;
 191:CANopen/301/CO_PDO.c ****         }
 192:CANopen/301/CO_PDO.c ****         if (odRet != ODR_OK) {
 193:CANopen/301/CO_PDO.c ****             if (errInfo != NULL) {
 194:CANopen/301/CO_PDO.c ****                 *errInfo = (((uint32_t)OD_getIndex(OD_PDOMapPar)) << 8) | i;
 195:CANopen/301/CO_PDO.c ****             }
 196:CANopen/301/CO_PDO.c ****             return CO_ERROR_OD_PARAMETERS;
 197:CANopen/301/CO_PDO.c ****         }
 198:CANopen/301/CO_PDO.c **** 
 199:CANopen/301/CO_PDO.c ****         odRet = PDOconfigMap(PDO, map, i, isRPDO, OD);
 200:CANopen/301/CO_PDO.c ****         if (odRet != ODR_OK) {
 201:CANopen/301/CO_PDO.c ****             /* indicate erroneous mapping in initialization phase */
 202:CANopen/301/CO_PDO.c ****             OD_IO->stream.dataLength = 0;
 203:CANopen/301/CO_PDO.c ****             OD_IO->stream.dataOffset = 0xFF;
 204:CANopen/301/CO_PDO.c ****             if (*erroneousMap == 0U) {
 205:CANopen/301/CO_PDO.c ****                 *erroneousMap = map;
 206:CANopen/301/CO_PDO.c ****             }
 207:CANopen/301/CO_PDO.c ****         }
 208:CANopen/301/CO_PDO.c **** 
 209:CANopen/301/CO_PDO.c ****         if (i < mappedObjectsCount) {
 210:CANopen/301/CO_PDO.c ****             pdoDataLength += OD_IO->stream.dataOffset;
 211:CANopen/301/CO_PDO.c ****         }
 212:CANopen/301/CO_PDO.c ****     }
 213:CANopen/301/CO_PDO.c **** #if ((CO_CONFIG_PDO) & (CO_CONFIG_PDO_BITWISE_MAPPING)) != 0
 214:CANopen/301/CO_PDO.c ****     if ((pdoDataLength > CO_PDO_MAX_SIZE * 8) || ((pdoDataLength == 0U) && (mappedObjectsCount > 0U
 215:CANopen/301/CO_PDO.c **** #else
 216:CANopen/301/CO_PDO.c ****     if ((pdoDataLength > CO_PDO_MAX_SIZE) || ((pdoDataLength == 0U) && (mappedObjectsCount > 0U))) 
 217:CANopen/301/CO_PDO.c **** #endif
 218:CANopen/301/CO_PDO.c ****         if (*erroneousMap == 0U) {
 219:CANopen/301/CO_PDO.c ****             *erroneousMap = 1;
 220:CANopen/301/CO_PDO.c ****         }
 221:CANopen/301/CO_PDO.c ****     }
 222:CANopen/301/CO_PDO.c **** 
 223:CANopen/301/CO_PDO.c ****     if (*erroneousMap == 0U) {
 224:CANopen/301/CO_PDO.c ****         PDO->dataLength = (CO_PDO_size_t)pdoDataLength;
 225:CANopen/301/CO_PDO.c ****         PDO->mappedObjectsCount = mappedObjectsCount;
 226:CANopen/301/CO_PDO.c ****     }
 227:CANopen/301/CO_PDO.c **** 
 228:CANopen/301/CO_PDO.c ****     return CO_ERROR_NO;
 229:CANopen/301/CO_PDO.c **** }
 230:CANopen/301/CO_PDO.c **** 
 231:CANopen/301/CO_PDO.c **** #if ((CO_CONFIG_PDO)&CO_CONFIG_FLAG_OD_DYNAMIC) != 0
 232:CANopen/301/CO_PDO.c **** /*
 233:CANopen/301/CO_PDO.c ****  * Custom function for writing OD object "PDO mapping parameter"
 234:CANopen/301/CO_PDO.c ****  *
 235:CANopen/301/CO_PDO.c ****  * For more information see file CO_ODinterface.h, OD_IO_t.
 236:CANopen/301/CO_PDO.c ****  */
 237:CANopen/301/CO_PDO.c **** static ODR_t
 238:CANopen/301/CO_PDO.c **** OD_write_PDO_mapping(OD_stream_t* stream, const void* buf, OD_size_t count, OD_size_t* countWritten
 239:CANopen/301/CO_PDO.c ****     /* "count" is already verified in *_init() function */
 240:CANopen/301/CO_PDO.c ****     if ((stream == NULL) || (buf == NULL) || (countWritten == NULL) || (stream->subIndex > CO_PDO_M
 241:CANopen/301/CO_PDO.c ****         return ODR_DEV_INCOMPAT;
 242:CANopen/301/CO_PDO.c ****     }
ARM GAS  C:\Users\Lenovo\AppData\Local\Temp\ccL1vOqM.s 			page 8


 243:CANopen/301/CO_PDO.c **** 
 244:CANopen/301/CO_PDO.c ****     /* Only common part of the CO_RPDO_t or CO_TPDO_t will be used */
 245:CANopen/301/CO_PDO.c ****     CO_PDO_common_t* PDO = stream->object;
 246:CANopen/301/CO_PDO.c **** 
 247:CANopen/301/CO_PDO.c ****     /* PDO must be disabled before mapping configuration */
 248:CANopen/301/CO_PDO.c ****     if ((PDO->valid) || ((PDO->mappedObjectsCount != 0U) && (stream->subIndex > 0U))) {
 249:CANopen/301/CO_PDO.c ****         return ODR_UNSUPP_ACCESS;
 250:CANopen/301/CO_PDO.c ****     }
 251:CANopen/301/CO_PDO.c **** 
 252:CANopen/301/CO_PDO.c ****     if (stream->subIndex == 0U) {
 253:CANopen/301/CO_PDO.c ****         uint8_t mappedObjectsCount = CO_getUint8(buf);
 254:CANopen/301/CO_PDO.c ****         size_t pdoDataLength = 0;
 255:CANopen/301/CO_PDO.c **** 
 256:CANopen/301/CO_PDO.c ****         if (mappedObjectsCount > CO_PDO_MAX_MAPPED_ENTRIES) {
 257:CANopen/301/CO_PDO.c ****             return ODR_MAP_LEN;
 258:CANopen/301/CO_PDO.c ****         }
 259:CANopen/301/CO_PDO.c **** 
 260:CANopen/301/CO_PDO.c ****         /* validate enabled mapping parameters */
 261:CANopen/301/CO_PDO.c ****         for (uint8_t i = 0; i < mappedObjectsCount; i++) {
 262:CANopen/301/CO_PDO.c ****             OD_IO_t* OD_IO = &PDO->OD_IO[i];
 263:CANopen/301/CO_PDO.c ****             size_t dataLength = (size_t)OD_IO->stream.dataLength;
 264:CANopen/301/CO_PDO.c ****             size_t mappedLength = (size_t)OD_IO->stream.dataOffset;
 265:CANopen/301/CO_PDO.c **** 
 266:CANopen/301/CO_PDO.c **** #if ((CO_CONFIG_PDO) & (CO_CONFIG_PDO_BITWISE_MAPPING)) != 0
 267:CANopen/301/CO_PDO.c ****             if (mappedLength > dataLength * 8) {
 268:CANopen/301/CO_PDO.c **** #else
 269:CANopen/301/CO_PDO.c ****             if (mappedLength > dataLength) {
 270:CANopen/301/CO_PDO.c **** #endif
 271:CANopen/301/CO_PDO.c ****                 /* erroneous map since device initial values */
 272:CANopen/301/CO_PDO.c ****                 return ODR_NO_MAP;
 273:CANopen/301/CO_PDO.c ****             }
 274:CANopen/301/CO_PDO.c ****             pdoDataLength += mappedLength;
 275:CANopen/301/CO_PDO.c ****         }
 276:CANopen/301/CO_PDO.c **** 
 277:CANopen/301/CO_PDO.c **** #if ((CO_CONFIG_PDO) & (CO_CONFIG_PDO_BITWISE_MAPPING)) != 0
 278:CANopen/301/CO_PDO.c ****         if (pdoDataLength > CO_PDO_MAX_SIZE * 8) {
 279:CANopen/301/CO_PDO.c **** #else
 280:CANopen/301/CO_PDO.c ****         if (pdoDataLength > CO_PDO_MAX_SIZE) {
 281:CANopen/301/CO_PDO.c **** #endif
 282:CANopen/301/CO_PDO.c ****             return ODR_MAP_LEN;
 283:CANopen/301/CO_PDO.c ****         }
 284:CANopen/301/CO_PDO.c ****         if ((pdoDataLength == 0U) && (mappedObjectsCount > 0U)) {
 285:CANopen/301/CO_PDO.c ****             return ODR_INVALID_VALUE;
 286:CANopen/301/CO_PDO.c ****         }
 287:CANopen/301/CO_PDO.c **** 
 288:CANopen/301/CO_PDO.c ****         /* success, update PDO */
 289:CANopen/301/CO_PDO.c ****         PDO->dataLength = (CO_PDO_size_t)pdoDataLength;
 290:CANopen/301/CO_PDO.c ****         PDO->mappedObjectsCount = mappedObjectsCount;
 291:CANopen/301/CO_PDO.c ****     } else {
 292:CANopen/301/CO_PDO.c ****         uint32_t val = CO_getUint32(buf);
 293:CANopen/301/CO_PDO.c ****         ODR_t odRet = PDOconfigMap(PDO, val, stream->subIndex - 1U, PDO->isRPDO, PDO->OD);
 294:CANopen/301/CO_PDO.c ****         if (odRet != ODR_OK) {
 295:CANopen/301/CO_PDO.c ****             return odRet;
 296:CANopen/301/CO_PDO.c ****         }
 297:CANopen/301/CO_PDO.c ****     }
 298:CANopen/301/CO_PDO.c **** 
 299:CANopen/301/CO_PDO.c ****     /* write value to the original location in the Object Dictionary */
ARM GAS  C:\Users\Lenovo\AppData\Local\Temp\ccL1vOqM.s 			page 9


 300:CANopen/301/CO_PDO.c ****     return OD_writeOriginal(stream, buf, count, countWritten);
 301:CANopen/301/CO_PDO.c **** }
 302:CANopen/301/CO_PDO.c **** #endif /* (CO_CONFIG_PDO) & CO_CONFIG_FLAG_OD_DYNAMIC */
 303:CANopen/301/CO_PDO.c **** #endif /* (CO_CONFIG_PDO) & CO_CONFIG_PDO_OD_IO_ACCESS */
 304:CANopen/301/CO_PDO.c **** 
 305:CANopen/301/CO_PDO.c **** #if ((CO_CONFIG_PDO)&CO_CONFIG_PDO_OD_IO_ACCESS) == 0
 306:CANopen/301/CO_PDO.c **** static CO_ReturnError_t
 307:CANopen/301/CO_PDO.c **** PDO_initMapping(CO_PDO_common_t* PDO, OD_t* OD, OD_entry_t* OD_PDOMapPar, bool_t isRPDO, uint32_t* 
 308:CANopen/301/CO_PDO.c ****                 uint32_t* erroneousMap) {
 309:CANopen/301/CO_PDO.c ****     ODR_t odRet;
 310:CANopen/301/CO_PDO.c ****     size_t pdoDataLength = 0;
 311:CANopen/301/CO_PDO.c **** 
 312:CANopen/301/CO_PDO.c ****     /* number of mapped application objects in PDO */
 313:CANopen/301/CO_PDO.c ****     uint8_t mappedObjectsCount = 0;
 314:CANopen/301/CO_PDO.c ****     odRet = OD_get_u8(OD_PDOMapPar, 0, &mappedObjectsCount, true);
 315:CANopen/301/CO_PDO.c ****     if (odRet != ODR_OK) {
 316:CANopen/301/CO_PDO.c ****         if (errInfo != NULL) {
 317:CANopen/301/CO_PDO.c ****             *errInfo = ((uint32_t)OD_getIndex(OD_PDOMapPar)) << 8;
 318:CANopen/301/CO_PDO.c ****         }
 319:CANopen/301/CO_PDO.c ****         return CO_ERROR_OD_PARAMETERS;
 320:CANopen/301/CO_PDO.c ****     }
 321:CANopen/301/CO_PDO.c ****     if (mappedObjectsCount > CO_PDO_MAX_MAPPED_ENTRIES) {
 322:CANopen/301/CO_PDO.c ****         *erroneousMap = 1;
 323:CANopen/301/CO_PDO.c ****         return CO_ERROR_NO;
 324:CANopen/301/CO_PDO.c ****     }
 325:CANopen/301/CO_PDO.c **** 
 326:CANopen/301/CO_PDO.c ****     /* iterate mapped OD variables */
 327:CANopen/301/CO_PDO.c ****     for (uint8_t i = 0; i < mappedObjectsCount; i++) {
 328:CANopen/301/CO_PDO.c ****         uint32_t map = 0;
 329:CANopen/301/CO_PDO.c **** 
 330:CANopen/301/CO_PDO.c ****         odRet = OD_get_u32(OD_PDOMapPar, i + 1, &map, true);
 331:CANopen/301/CO_PDO.c ****         if (odRet != ODR_OK) {
 332:CANopen/301/CO_PDO.c ****             if (errInfo != NULL) {
 333:CANopen/301/CO_PDO.c ****                 *errInfo = (((uint32_t)OD_getIndex(OD_PDOMapPar)) << 8) | i;
 334:CANopen/301/CO_PDO.c ****             }
 335:CANopen/301/CO_PDO.c ****             return CO_ERROR_OD_PARAMETERS;
 336:CANopen/301/CO_PDO.c ****         }
 337:CANopen/301/CO_PDO.c ****         uint16_t index = (uint16_t)(map >> 16);
 338:CANopen/301/CO_PDO.c ****         uint8_t subIndex = (uint8_t)(map >> 8);
 339:CANopen/301/CO_PDO.c ****         uint8_t mappedLengthBits = (uint8_t)map;
 340:CANopen/301/CO_PDO.c ****         uint8_t mappedLength = mappedLengthBits >> 3;
 341:CANopen/301/CO_PDO.c ****         uint8_t pdoDataStart = pdoDataLength;
 342:CANopen/301/CO_PDO.c ****         pdoDataLength += mappedLength;
 343:CANopen/301/CO_PDO.c **** 
 344:CANopen/301/CO_PDO.c ****         if ((mappedLengthBits & 0x07) != 0 || pdoDataLength > CO_PDO_MAX_SIZE) {
 345:CANopen/301/CO_PDO.c ****             *erroneousMap = map;
 346:CANopen/301/CO_PDO.c ****             return CO_ERROR_NO;
 347:CANopen/301/CO_PDO.c ****         }
 348:CANopen/301/CO_PDO.c **** 
 349:CANopen/301/CO_PDO.c ****         /* is there a reference to the dummy entry */
 350:CANopen/301/CO_PDO.c ****         if (index < 0x20 && subIndex == 0) {
 351:CANopen/301/CO_PDO.c ****             for (uint8_t j = pdoDataStart; j < pdoDataLength; j++) {
 352:CANopen/301/CO_PDO.c ****                 static uint8_t dummyTX = 0;
 353:CANopen/301/CO_PDO.c ****                 static uint8_t dummyRX;
 354:CANopen/301/CO_PDO.c ****                 PDO->mapPointer[j] = isRPDO ? &dummyRX : &dummyTX;
 355:CANopen/301/CO_PDO.c ****             }
 356:CANopen/301/CO_PDO.c ****             continue;
ARM GAS  C:\Users\Lenovo\AppData\Local\Temp\ccL1vOqM.s 			page 10


 357:CANopen/301/CO_PDO.c ****         }
 358:CANopen/301/CO_PDO.c **** 
 359:CANopen/301/CO_PDO.c ****         /* find entry in the Object Dictionary, original location */
 360:CANopen/301/CO_PDO.c ****         OD_IO_t OD_IO;
 361:CANopen/301/CO_PDO.c ****         OD_entry_t* entry = OD_find(OD, index);
 362:CANopen/301/CO_PDO.c ****         OD_attr_t testAttribute = isRPDO ? ODA_RPDO : ODA_TPDO;
 363:CANopen/301/CO_PDO.c **** 
 364:CANopen/301/CO_PDO.c ****         ODR_t odRet = OD_getSub(entry, subIndex, &OD_IO, true);
 365:CANopen/301/CO_PDO.c ****         if (odRet != ODR_OK || (OD_IO.stream.attribute & testAttribute) == 0 || OD_IO.stream.dataLe
 366:CANopen/301/CO_PDO.c ****             || OD_IO.stream.dataOrig == NULL) {
 367:CANopen/301/CO_PDO.c ****             *erroneousMap = map;
 368:CANopen/301/CO_PDO.c ****             return CO_ERROR_NO;
 369:CANopen/301/CO_PDO.c ****         }
 370:CANopen/301/CO_PDO.c **** 
 371:CANopen/301/CO_PDO.c ****         /* write locations to OD variable data bytes into PDO map pointers */
 372:CANopen/301/CO_PDO.c **** #ifdef CO_BIG_ENDIAN
 373:CANopen/301/CO_PDO.c ****         if ((OD_IO.stream.attribute & ODA_MB) != 0) {
 374:CANopen/301/CO_PDO.c ****             uint8_t* odDataPointer = OD_IO.stream.dataOrig + OD_IO.stream.dataLength - 1;
 375:CANopen/301/CO_PDO.c ****             for (uint8_t j = pdoDataStart; j < pdoDataLength; j++) {
 376:CANopen/301/CO_PDO.c ****                 PDO->mapPointer[j] = odDataPointer--;
 377:CANopen/301/CO_PDO.c ****             }
 378:CANopen/301/CO_PDO.c ****         } else
 379:CANopen/301/CO_PDO.c **** #endif
 380:CANopen/301/CO_PDO.c ****         {
 381:CANopen/301/CO_PDO.c ****             uint8_t* odDataPointer = OD_IO.stream.dataOrig;
 382:CANopen/301/CO_PDO.c ****             for (uint8_t j = pdoDataStart; j < pdoDataLength; j++) {
 383:CANopen/301/CO_PDO.c ****                 PDO->mapPointer[j] = odDataPointer++;
 384:CANopen/301/CO_PDO.c ****             }
 385:CANopen/301/CO_PDO.c ****         }
 386:CANopen/301/CO_PDO.c **** 
 387:CANopen/301/CO_PDO.c ****         /* get TPDO request flag byte from extension */
 388:CANopen/301/CO_PDO.c **** #if OD_FLAGS_PDO_SIZE > 0
 389:CANopen/301/CO_PDO.c ****         if (!isRPDO && subIndex < (OD_FLAGS_PDO_SIZE * 8) && entry->extension != NULL) {
 390:CANopen/301/CO_PDO.c ****             PDO->flagPDObyte[pdoDataStart] = &entry->extension->flagsPDO[subIndex >> 3];
 391:CANopen/301/CO_PDO.c ****             PDO->flagPDObitmask[pdoDataStart] = 1 << (subIndex & 0x07);
 392:CANopen/301/CO_PDO.c ****         }
 393:CANopen/301/CO_PDO.c **** #endif
 394:CANopen/301/CO_PDO.c ****     }
 395:CANopen/301/CO_PDO.c **** 
 396:CANopen/301/CO_PDO.c ****     PDO->dataLength = PDO->mappedObjectsCount = pdoDataLength;
 397:CANopen/301/CO_PDO.c ****     return CO_ERROR_NO;
 398:CANopen/301/CO_PDO.c **** }
 399:CANopen/301/CO_PDO.c **** 
 400:CANopen/301/CO_PDO.c **** #endif /* ((CO_CONFIG_PDO) & CO_CONFIG_PDO_OD_IO_ACCESS) == 0 */
 401:CANopen/301/CO_PDO.c **** 
 402:CANopen/301/CO_PDO.c **** #if ((CO_CONFIG_PDO)&CO_CONFIG_FLAG_OD_DYNAMIC) != 0
 403:CANopen/301/CO_PDO.c **** /*
 404:CANopen/301/CO_PDO.c ****  * Custom function for reading OD object "PDO communication parameter"
 405:CANopen/301/CO_PDO.c ****  *
 406:CANopen/301/CO_PDO.c ****  * For more information see file CO_ODinterface.h, OD_IO_t.
 407:CANopen/301/CO_PDO.c ****  */
 408:CANopen/301/CO_PDO.c **** static ODR_t
 409:CANopen/301/CO_PDO.c **** OD_read_PDO_commParam(OD_stream_t* stream, void* buf, OD_size_t count, OD_size_t* countRead) {
 157              		.loc 1 409 94 is_stmt 1 view -0
 158              		.cfi_startproc
 159              		@ args = 0, pretend = 0, frame = 0
 160              		@ frame_needed = 0, uses_anonymous_args = 0
ARM GAS  C:\Users\Lenovo\AppData\Local\Temp\ccL1vOqM.s 			page 11


 161              		.loc 1 409 94 is_stmt 0 view .LVU34
 162 0000 70B5     		push	{r4, r5, r6, lr}
 163              	.LCFI3:
 164              		.cfi_def_cfa_offset 16
 165              		.cfi_offset 4, -16
 166              		.cfi_offset 5, -12
 167              		.cfi_offset 6, -8
 168              		.cfi_offset 14, -4
 169 0002 0646     		mov	r6, r0
 170 0004 0D46     		mov	r5, r1
 171 0006 1C46     		mov	r4, r3
 410:CANopen/301/CO_PDO.c ****     ODR_t returnCode = OD_readOriginal(stream, buf, count, countRead);
 172              		.loc 1 410 5 is_stmt 1 view .LVU35
 173              		.loc 1 410 24 is_stmt 0 view .LVU36
 174 0008 FFF7FEFF 		bl	OD_readOriginal
 175              	.LVL16:
 411:CANopen/301/CO_PDO.c **** 
 412:CANopen/301/CO_PDO.c ****     /* When reading COB_ID, add Node-Id to the read value, if necessary */
 413:CANopen/301/CO_PDO.c ****     if ((returnCode == ODR_OK) && (stream->subIndex == 1U) && (*countRead == 4U)) {
 176              		.loc 1 413 5 is_stmt 1 view .LVU37
 177              		.loc 1 413 8 is_stmt 0 view .LVU38
 178 000c 10B9     		cbnz	r0, .L14
 179              		.loc 1 413 42 discriminator 1 view .LVU39
 180 000e 337D     		ldrb	r3, [r6, #20]	@ zero_extendqisi2
 181              		.loc 1 413 32 discriminator 1 view .LVU40
 182 0010 012B     		cmp	r3, #1
 183 0012 00D0     		beq	.L18
 184              	.LVL17:
 185              	.L14:
 414:CANopen/301/CO_PDO.c ****         /* Only common part of the CO_RPDO_t or CO_TPDO_t will be used */
 415:CANopen/301/CO_PDO.c ****         CO_PDO_common_t* PDO = stream->object;
 416:CANopen/301/CO_PDO.c ****         uint32_t COB_ID = CO_getUint32(buf);
 417:CANopen/301/CO_PDO.c ****         uint16_t CAN_ID = (uint16_t)(COB_ID & 0x7FFU);
 418:CANopen/301/CO_PDO.c **** 
 419:CANopen/301/CO_PDO.c ****         /* If default CAN-ID is stored in OD (without Node-ID), add Node-ID */
 420:CANopen/301/CO_PDO.c ****         if ((CAN_ID != 0U) && (CAN_ID == (PDO->preDefinedCanId & 0xFF80U))) {
 421:CANopen/301/CO_PDO.c ****             COB_ID = (COB_ID & 0xFFFF0000U) | PDO->preDefinedCanId;
 422:CANopen/301/CO_PDO.c ****         }
 423:CANopen/301/CO_PDO.c **** 
 424:CANopen/301/CO_PDO.c ****         /* If PDO is not valid, set bit 31 */
 425:CANopen/301/CO_PDO.c ****         if (!PDO->valid) {
 426:CANopen/301/CO_PDO.c ****             COB_ID |= 0x80000000U;
 427:CANopen/301/CO_PDO.c ****         }
 428:CANopen/301/CO_PDO.c **** 
 429:CANopen/301/CO_PDO.c ****         (void)CO_setUint32(buf, COB_ID);
 430:CANopen/301/CO_PDO.c ****     }
 431:CANopen/301/CO_PDO.c **** 
 432:CANopen/301/CO_PDO.c ****     return returnCode;
 186              		.loc 1 432 5 is_stmt 1 view .LVU41
 433:CANopen/301/CO_PDO.c **** }
 187              		.loc 1 433 1 is_stmt 0 view .LVU42
 188 0014 70BD     		pop	{r4, r5, r6, pc}
 189              	.LVL18:
 190              	.L18:
 413:CANopen/301/CO_PDO.c ****         /* Only common part of the CO_RPDO_t or CO_TPDO_t will be used */
 191              		.loc 1 413 64 discriminator 2 view .LVU43
 192 0016 2368     		ldr	r3, [r4]
ARM GAS  C:\Users\Lenovo\AppData\Local\Temp\ccL1vOqM.s 			page 12


 413:CANopen/301/CO_PDO.c ****         /* Only common part of the CO_RPDO_t or CO_TPDO_t will be used */
 193              		.loc 1 413 60 discriminator 2 view .LVU44
 194 0018 042B     		cmp	r3, #4
 195 001a FBD1     		bne	.L14
 196              	.LBB87:
 415:CANopen/301/CO_PDO.c ****         uint32_t COB_ID = CO_getUint32(buf);
 197              		.loc 1 415 9 is_stmt 1 view .LVU45
 415:CANopen/301/CO_PDO.c ****         uint32_t COB_ID = CO_getUint32(buf);
 198              		.loc 1 415 26 is_stmt 0 view .LVU46
 199 001c 7268     		ldr	r2, [r6, #4]
 200              	.LVL19:
 416:CANopen/301/CO_PDO.c ****         uint16_t CAN_ID = (uint16_t)(COB_ID & 0x7FFU);
 201              		.loc 1 416 9 is_stmt 1 view .LVU47
 202              	.LBB88:
 203              	.LBI88:
 204              		.file 2 "CANopen/301/CO_driver.h"
   1:CANopen/301/CO_driver.h **** /**
   2:CANopen/301/CO_driver.h ****  * Interface between CAN hardware and CANopenNode.
   3:CANopen/301/CO_driver.h ****  *
   4:CANopen/301/CO_driver.h ****  * @file        CO_driver.h
   5:CANopen/301/CO_driver.h ****  * @ingroup     CO_driver
   6:CANopen/301/CO_driver.h ****  * @author      Janez Paternoster
   7:CANopen/301/CO_driver.h ****  * @copyright   2004 - 2020 Janez Paternoster
   8:CANopen/301/CO_driver.h ****  *
   9:CANopen/301/CO_driver.h ****  * This file is part of <https://github.com/CANopenNode/CANopenNode>, a CANopen Stack.
  10:CANopen/301/CO_driver.h ****  *
  11:CANopen/301/CO_driver.h ****  * Licensed under the Apache License, Version 2.0 (the "License"); you may not use this
  12:CANopen/301/CO_driver.h ****  * file except in compliance with the License. You may obtain a copy of the License at
  13:CANopen/301/CO_driver.h ****  *
  14:CANopen/301/CO_driver.h ****  *     http://www.apache.org/licenses/LICENSE-2.0
  15:CANopen/301/CO_driver.h ****  *
  16:CANopen/301/CO_driver.h ****  * Unless required by applicable law or agreed to in writing, software distributed under the Licens
  17:CANopen/301/CO_driver.h ****  * distributed on an "AS IS" BASIS, WITHOUT WARRANTIES OR CONDITIONS OF ANY KIND, either express or
  18:CANopen/301/CO_driver.h ****  * See the License for the specific language governing permissions and limitations under the Licens
  19:CANopen/301/CO_driver.h ****  */
  20:CANopen/301/CO_driver.h **** 
  21:CANopen/301/CO_driver.h **** #ifndef CO_DRIVER_H
  22:CANopen/301/CO_driver.h **** #define CO_DRIVER_H
  23:CANopen/301/CO_driver.h **** 
  24:CANopen/301/CO_driver.h **** #include <string.h>
  25:CANopen/301/CO_driver.h **** 
  26:CANopen/301/CO_driver.h **** #include "CO_config.h"
  27:CANopen/301/CO_driver.h **** #include "CO_driver_target.h"
  28:CANopen/301/CO_driver.h **** 
  29:CANopen/301/CO_driver.h **** #ifdef __cplusplus
  30:CANopen/301/CO_driver.h **** extern "C" {
  31:CANopen/301/CO_driver.h **** #endif
  32:CANopen/301/CO_driver.h **** 
  33:CANopen/301/CO_driver.h **** /* Stack configuration default global values. For more information see file CO_config.h. */
  34:CANopen/301/CO_driver.h **** #ifndef CO_CONFIG_GLOBAL_FLAG_CALLBACK_PRE
  35:CANopen/301/CO_driver.h **** #define CO_CONFIG_GLOBAL_FLAG_CALLBACK_PRE (0)
  36:CANopen/301/CO_driver.h **** #endif
  37:CANopen/301/CO_driver.h **** #ifndef CO_CONFIG_GLOBAL_RT_FLAG_CALLBACK_PRE
  38:CANopen/301/CO_driver.h **** #define CO_CONFIG_GLOBAL_RT_FLAG_CALLBACK_PRE (0)
  39:CANopen/301/CO_driver.h **** #endif
  40:CANopen/301/CO_driver.h **** #ifndef CO_CONFIG_GLOBAL_FLAG_TIMERNEXT
  41:CANopen/301/CO_driver.h **** #define CO_CONFIG_GLOBAL_FLAG_TIMERNEXT (0)
ARM GAS  C:\Users\Lenovo\AppData\Local\Temp\ccL1vOqM.s 			page 13


  42:CANopen/301/CO_driver.h **** #endif
  43:CANopen/301/CO_driver.h **** #ifndef CO_CONFIG_GLOBAL_FLAG_OD_DYNAMIC
  44:CANopen/301/CO_driver.h **** #define CO_CONFIG_GLOBAL_FLAG_OD_DYNAMIC CO_CONFIG_FLAG_OD_DYNAMIC
  45:CANopen/301/CO_driver.h **** #endif
  46:CANopen/301/CO_driver.h **** #ifdef CO_DEBUG_COMMON
  47:CANopen/301/CO_driver.h **** #if (CO_CONFIG_DEBUG) & CO_CONFIG_DEBUG_SDO_CLIENT
  48:CANopen/301/CO_driver.h **** #define CO_DEBUG_SDO_CLIENT(msg) CO_DEBUG_COMMON(msg)
  49:CANopen/301/CO_driver.h **** #endif
  50:CANopen/301/CO_driver.h **** #if (CO_CONFIG_DEBUG) & CO_CONFIG_DEBUG_SDO_SERVER
  51:CANopen/301/CO_driver.h **** #define CO_DEBUG_SDO_SERVER(msg) CO_DEBUG_COMMON(msg)
  52:CANopen/301/CO_driver.h **** #endif
  53:CANopen/301/CO_driver.h **** #endif
  54:CANopen/301/CO_driver.h **** 
  55:CANopen/301/CO_driver.h **** /**
  56:CANopen/301/CO_driver.h ****  * @defgroup CO_driver Driver
  57:CANopen/301/CO_driver.h ****  * Interface between CAN hardware and CANopenNode.
  58:CANopen/301/CO_driver.h ****  *
  59:CANopen/301/CO_driver.h ****  * @ingroup CO_CANopen_301
  60:CANopen/301/CO_driver.h ****  * @{
  61:CANopen/301/CO_driver.h ****  * CANopenNode is designed for speed and portability. It runs efficiently on devices from simple 16
  62:CANopen/301/CO_driver.h ****  * to PC computers. It can run in multiple threads. Reception of CAN messages is pre-processed with
  63:CANopen/301/CO_driver.h ****  * Time critical objects, such as PDO or SYNC are processed in real-time thread and other objects a
  64:CANopen/301/CO_driver.h ****  * normal thread. See Flowchart in [README.md](index.html) for more information.
  65:CANopen/301/CO_driver.h ****  *
  66:CANopen/301/CO_driver.h ****  * @anchor CO_obj
  67:CANopen/301/CO_driver.h ****  * #### CANopenNode Object
  68:CANopen/301/CO_driver.h ****  * CANopenNode is implemented as a collection of different objects, for example SDO, SYNC, Emergenc
  69:CANopen/301/CO_driver.h ****  * Heartbeat, etc. Code is written in C language and tries to be object oriented. So each CANopenNo
  70:CANopen/301/CO_driver.h ****  * implemented in a pair of .h/.c files. It basically contains a structure with all necessary varia
  71:CANopen/301/CO_driver.h ****  * functions which operates on it. CANopenNode Object is usually connected with one or more CAN rec
  72:CANopen/301/CO_driver.h ****  * Message Objects. (CAN message Object is a CAN message with specific 11-bit CAN identifier (usual
  73:CANopen/301/CO_driver.h ****  * range).)
  74:CANopen/301/CO_driver.h ****  *
  75:CANopen/301/CO_driver.h ****  * #### Hardware interface of CANopenNode
  76:CANopen/301/CO_driver.h ****  * It consists of minimum three files:
  77:CANopen/301/CO_driver.h ****  * - **CO_driver.h** file declares common functions. This file is part of the CANopenNode. It is in
  78:CANopen/301/CO_driver.h ****  *   file from CANopenNode.
  79:CANopen/301/CO_driver.h ****  * - **CO_driver_target.h** file declares microcontroller specific type declarations and defines so
  80:CANopen/301/CO_driver.h ****  *   necessary for CANopenNode. This file is included from CO_driver.h.
  81:CANopen/301/CO_driver.h ****  * - **CO_driver.c** file defines functions declared in CO_driver.h.
  82:CANopen/301/CO_driver.h ****  *
  83:CANopen/301/CO_driver.h ****  * **CO_driver_target.h** and **CO_driver.c** files are specific for each different microcontroller
  84:CANopen/301/CO_driver.h ****  * CANopenNode. There are separate projects for different microcontrollers, which usually include C
  85:CANopen/301/CO_driver.h ****  * submodule. CANopenNode only includes those two files in the `example` directory and they are bas
  86:CANopen/301/CO_driver.h ****  * should be possible to compile the `CANopenNode/example` on any system, however compiled program 
  87:CANopen/301/CO_driver.h ****  * CO_driver.h contains documentation for all necessary macros, types and functions.
  88:CANopen/301/CO_driver.h ****  *
  89:CANopen/301/CO_driver.h ****  * See [CANopenNode/Wiki](https://github.com/CANopenNode/CANopenNode/wiki) for a known list of avai
  90:CANopen/301/CO_driver.h ****  * of CANopenNode on different systems and microcontrollers. Everybody is welcome to extend the lis
  91:CANopen/301/CO_driver.h ****  * own implementation.
  92:CANopen/301/CO_driver.h ****  *
  93:CANopen/301/CO_driver.h ****  * Implementation of the hardware interface for specific microcontroller is not always an easy task
  94:CANopen/301/CO_driver.h ****  * efficient operation it is necessary to know some parts of the target microcontroller in detail (
  95:CANopen/301/CO_driver.h ****  * (or interrupts), CAN module, etc.).
  96:CANopen/301/CO_driver.h ****  */
  97:CANopen/301/CO_driver.h **** 
  98:CANopen/301/CO_driver.h **** /** Major version number of CANopenNode */
ARM GAS  C:\Users\Lenovo\AppData\Local\Temp\ccL1vOqM.s 			page 14


  99:CANopen/301/CO_driver.h **** #define CO_VERSION_MAJOR 4
 100:CANopen/301/CO_driver.h **** /** Minor version number of CANopenNode */
 101:CANopen/301/CO_driver.h **** #define CO_VERSION_MINOR 0
 102:CANopen/301/CO_driver.h **** 
 103:CANopen/301/CO_driver.h **** /* Macros and declarations in following part are only used for documentation. */
 104:CANopen/301/CO_driver.h **** #ifdef CO_DOXYGEN
 105:CANopen/301/CO_driver.h **** /**
 106:CANopen/301/CO_driver.h ****  * @defgroup CO_dataTypes Basic definitions
 107:CANopen/301/CO_driver.h ****  * @{
 108:CANopen/301/CO_driver.h ****  *
 109:CANopen/301/CO_driver.h ****  * Target specific basic definitions and data types.
 110:CANopen/301/CO_driver.h ****  *
 111:CANopen/301/CO_driver.h ****  * Must be defined in the **CO_driver_target.h** file.
 112:CANopen/301/CO_driver.h ****  *
 113:CANopen/301/CO_driver.h ****  * Depending on processor or compiler architecture, one of the two macros must be defined: CO_LITTL
 114:CANopen/301/CO_driver.h ****  * CO_BIG_ENDIAN. CANopen itself is little endian.
 115:CANopen/301/CO_driver.h ****  *
 116:CANopen/301/CO_driver.h ****  * Basic data types may be specified differently on different architectures. Usually `true` and `fa
 117:CANopen/301/CO_driver.h ****  * `<stdbool.h>`, `NULL` is defined in `<stddef.h>`, `int8_t` to `uint64_t` are defined in `<stdint
 118:CANopen/301/CO_driver.h ****  */
 119:CANopen/301/CO_driver.h **** #define CO_LITTLE_ENDIAN                 /**< CO_LITTLE_ENDIAN or CO_BIG_ENDIAN must be defined */
 120:CANopen/301/CO_driver.h **** #define CO_SWAP_16(x)    x               /**< Macro must swap bytes, if CO_BIG_ENDIAN is defined */
 121:CANopen/301/CO_driver.h **** #define CO_SWAP_32(x)    x               /**< Macro must swap bytes, if CO_BIG_ENDIAN is defined */
 122:CANopen/301/CO_driver.h **** #define CO_SWAP_64(x)    x               /**< Macro must swap bytes, if CO_BIG_ENDIAN is defined */
 123:CANopen/301/CO_driver.h **** #define NULL             (0)             /**< NULL, for general usage */
 124:CANopen/301/CO_driver.h **** #define true             1               /**< Logical true, for general use */
 125:CANopen/301/CO_driver.h **** #define false            0               /**< Logical false, for general use */
 126:CANopen/301/CO_driver.h **** typedef uint_fast8_t bool_t;             /**< Boolean data type for general use */
 127:CANopen/301/CO_driver.h **** typedef signed char int8_t;              /**< INTEGER8 in CANopen (0002h), 8-bit signed integer */
 128:CANopen/301/CO_driver.h **** typedef signed int int16_t;              /**< INTEGER16 in CANopen (0003h), 16-bit signed integer *
 129:CANopen/301/CO_driver.h **** typedef signed long int int32_t;         /**< INTEGER32 in CANopen (0004h), 32-bit signed integer *
 130:CANopen/301/CO_driver.h **** typedef signed long long int int64_t;    /**< INTEGER64 in CANopen (0015h), 64-bit signed integer *
 131:CANopen/301/CO_driver.h **** typedef unsigned char uint8_t;           /**< UNSIGNED8 in CANopen (0005h), 8-bit unsigned integer 
 132:CANopen/301/CO_driver.h **** typedef unsigned int uint16_t;           /**< UNSIGNED16 in CANopen (0006h), 16-bit unsigned intege
 133:CANopen/301/CO_driver.h **** typedef unsigned long int uint32_t;      /**< UNSIGNED32 in CANopen (0007h), 32-bit unsigned intege
 134:CANopen/301/CO_driver.h **** typedef unsigned long long int uint64_t; /**< UNSIGNED64 in CANopen (001Bh), 64-bit unsigned intege
 135:CANopen/301/CO_driver.h **** typedef float float32_t;  /**< REAL32 in CANopen (0008h), single precision floating point value, 32
 136:CANopen/301/CO_driver.h **** typedef double float64_t; /**< REAL64 in CANopen (0011h), double precision floating point value, 64
 137:CANopen/301/CO_driver.h **** /** @} */
 138:CANopen/301/CO_driver.h **** 
 139:CANopen/301/CO_driver.h **** /**
 140:CANopen/301/CO_driver.h ****  * @defgroup CO_CAN_Message_reception Reception of CAN messages
 141:CANopen/301/CO_driver.h ****  * @{
 142:CANopen/301/CO_driver.h ****  *
 143:CANopen/301/CO_driver.h ****  * Target specific definitions and description of CAN message reception
 144:CANopen/301/CO_driver.h ****  *
 145:CANopen/301/CO_driver.h ****  * CAN messages in CANopenNode are usually received by its own thread or higher priority interrupt.
 146:CANopen/301/CO_driver.h ****  * messages are first filtered by hardware or by software. Thread then examines its 11-bit CAN-id a
 147:CANopen/301/CO_driver.h ****  * determines, to which \ref CO_obj "CANopenNode Object" it belongs to. After that it calls predefi
 148:CANopen/301/CO_driver.h ****  * function, which quickly pre-processes the message and fetches the relevant data. CANrx_callback(
 149:CANopen/301/CO_driver.h ****  * by each \ref CO_obj "CANopenNode Object" separately. Pre-processed fetched data are later proces
 150:CANopen/301/CO_driver.h ****  * thread.
 151:CANopen/301/CO_driver.h ****  *
 152:CANopen/301/CO_driver.h ****  * If \ref CO_obj "CANopenNode Object" reception of specific CAN message, it must first configure i
 153:CANopen/301/CO_driver.h ****  * object with the CO_CANrxBufferInit() function.
 154:CANopen/301/CO_driver.h ****  */
 155:CANopen/301/CO_driver.h **** 
ARM GAS  C:\Users\Lenovo\AppData\Local\Temp\ccL1vOqM.s 			page 15


 156:CANopen/301/CO_driver.h **** /**
 157:CANopen/301/CO_driver.h ****  * CAN receive callback function which pre-processes received CAN message
 158:CANopen/301/CO_driver.h ****  *
 159:CANopen/301/CO_driver.h ****  * It is called by fast CAN receive thread. Each \ref CO_obj "CANopenNode Object" defines its own a
 160:CANopen/301/CO_driver.h ****  * CO_CANrxBufferInit(), by passing function pointer.
 161:CANopen/301/CO_driver.h ****  *
 162:CANopen/301/CO_driver.h ****  * @param object pointer to specific \ref CO_obj "CANopenNode Object", registered with CO_CANrxBuff
 163:CANopen/301/CO_driver.h ****  * @param rxMsg pointer to received CAN message
 164:CANopen/301/CO_driver.h ****  */
 165:CANopen/301/CO_driver.h **** void CANrx_callback(void* object, void* rxMsg);
 166:CANopen/301/CO_driver.h **** 
 167:CANopen/301/CO_driver.h **** /**
 168:CANopen/301/CO_driver.h ****  * CANrx_callback() can read CAN identifier from received CAN message
 169:CANopen/301/CO_driver.h ****  *
 170:CANopen/301/CO_driver.h ****  * Must be defined in the **CO_driver_target.h** file.
 171:CANopen/301/CO_driver.h ****  *
 172:CANopen/301/CO_driver.h ****  * This is target specific function and is specific for specific microcontroller. It is best to imp
 173:CANopen/301/CO_driver.h ****  * inline function or macro. `rxMsg` parameter should cast to a pointer to structure. For best effi
 174:CANopen/301/CO_driver.h ****  * have the same alignment as CAN registers inside CAN module.
 175:CANopen/301/CO_driver.h ****  *
 176:CANopen/301/CO_driver.h ****  * @param rxMsg Pointer to received message
 177:CANopen/301/CO_driver.h ****  * @return 11-bit CAN standard identifier.
 178:CANopen/301/CO_driver.h ****  */
 179:CANopen/301/CO_driver.h **** static inline uint16_t
 180:CANopen/301/CO_driver.h **** CO_CANrxMsg_readIdent(void* rxMsg) {
 181:CANopen/301/CO_driver.h ****     return 0;
 182:CANopen/301/CO_driver.h **** }
 183:CANopen/301/CO_driver.h **** 
 184:CANopen/301/CO_driver.h **** /**
 185:CANopen/301/CO_driver.h ****  * CANrx_callback() can read Data Length Code from received CAN message
 186:CANopen/301/CO_driver.h ****  *
 187:CANopen/301/CO_driver.h ****  * See also CO_CANrxMsg_readIdent():
 188:CANopen/301/CO_driver.h ****  *
 189:CANopen/301/CO_driver.h ****  * @param rxMsg Pointer to received message
 190:CANopen/301/CO_driver.h ****  * @return data length in bytes (0 to 8)
 191:CANopen/301/CO_driver.h ****  */
 192:CANopen/301/CO_driver.h **** static inline uint8_t
 193:CANopen/301/CO_driver.h **** CO_CANrxMsg_readDLC(void* rxMsg) {
 194:CANopen/301/CO_driver.h ****     return 0;
 195:CANopen/301/CO_driver.h **** }
 196:CANopen/301/CO_driver.h **** 
 197:CANopen/301/CO_driver.h **** /**
 198:CANopen/301/CO_driver.h ****  * CANrx_callback() can read pointer to data from received CAN message
 199:CANopen/301/CO_driver.h ****  *
 200:CANopen/301/CO_driver.h ****  * See also CO_CANrxMsg_readIdent():
 201:CANopen/301/CO_driver.h ****  *
 202:CANopen/301/CO_driver.h ****  * @param rxMsg Pointer to received message
 203:CANopen/301/CO_driver.h ****  * @return pointer to data buffer
 204:CANopen/301/CO_driver.h ****  */
 205:CANopen/301/CO_driver.h **** static inline const uint8_t*
 206:CANopen/301/CO_driver.h **** CO_CANrxMsg_readData(void* rxMsg) {
 207:CANopen/301/CO_driver.h ****     return NULL;
 208:CANopen/301/CO_driver.h **** }
 209:CANopen/301/CO_driver.h **** 
 210:CANopen/301/CO_driver.h **** /**
 211:CANopen/301/CO_driver.h ****  * Configuration object for CAN received message for specific \ref CO_obj "CANopenNode Object".
 212:CANopen/301/CO_driver.h ****  *
ARM GAS  C:\Users\Lenovo\AppData\Local\Temp\ccL1vOqM.s 			page 16


 213:CANopen/301/CO_driver.h ****  * Must be defined in the **CO_driver_target.h** file.
 214:CANopen/301/CO_driver.h ****  *
 215:CANopen/301/CO_driver.h ****  * Data fields of this structure are used exclusively by the driver. Usually it has the following d
 216:CANopen/301/CO_driver.h ****  * may differ for different microcontrollers. Array of multiple CO_CANrx_t objects is included insi
 217:CANopen/301/CO_driver.h ****  */
 218:CANopen/301/CO_driver.h **** typedef struct {
 219:CANopen/301/CO_driver.h ****     uint16_t ident; /**< Standard CAN Identifier (bits 0..10) + RTR (bit 11) */
 220:CANopen/301/CO_driver.h ****     uint16_t mask;  /**< Standard CAN Identifier mask with the same alignment as ident */
 221:CANopen/301/CO_driver.h ****     void* object;   /**< \ref CO_obj "CANopenNode Object" initialized in from CO_CANrxBufferInit() 
 222:CANopen/301/CO_driver.h ****     void (*pCANrx_callback)(void* object,
 223:CANopen/301/CO_driver.h ****                             void* message); /**< Pointer to CANrx_callback() initialized in CO_CANr
 224:CANopen/301/CO_driver.h **** } CO_CANrx_t;
 225:CANopen/301/CO_driver.h **** 
 226:CANopen/301/CO_driver.h **** /** @} */
 227:CANopen/301/CO_driver.h **** 
 228:CANopen/301/CO_driver.h **** /**
 229:CANopen/301/CO_driver.h ****  * @defgroup CO_CAN_Message_transmission Transmission of CAN messages
 230:CANopen/301/CO_driver.h ****  * @{
 231:CANopen/301/CO_driver.h ****  *
 232:CANopen/301/CO_driver.h ****  * Target specific definitions and description of CAN message transmission
 233:CANopen/301/CO_driver.h ****  *
 234:CANopen/301/CO_driver.h ****  * If \ref CO_obj "CANopenNode Object" needs transmitting CAN message, it must first configure its 
 235:CANopen/301/CO_driver.h ****  * with the CO_CANtxBufferInit() function. CAN message can then be sent with CO_CANsend() function.
 236:CANopen/301/CO_driver.h ****  * CAN transmit buffer inside microcontroller's CAN module is free, message is copied directly to t
 237:CANopen/301/CO_driver.h ****  * Otherwise CO_CANsend() function sets _bufferFull_ flag to true. Message will be then sent by CAN
 238:CANopen/301/CO_driver.h ****  * as CAN module is freed. Until message is not copied to CAN module, its contents must not change.
 239:CANopen/301/CO_driver.h ****  * multiple CO_CANtx_t objects with _bufferFull_ flag set to true, then CO_CANtx_t with lower index
 240:CANopen/301/CO_driver.h ****  */
 241:CANopen/301/CO_driver.h **** 
 242:CANopen/301/CO_driver.h **** /**
 243:CANopen/301/CO_driver.h ****  * Configuration object for CAN transmit message for specific \ref CO_obj "CANopenNode Object".
 244:CANopen/301/CO_driver.h ****  *
 245:CANopen/301/CO_driver.h ****  * Must be defined in the **CO_driver_target.h** file.
 246:CANopen/301/CO_driver.h ****  *
 247:CANopen/301/CO_driver.h ****  * Data fields of this structure are used exclusively by the driver. Usually it has the following d
 248:CANopen/301/CO_driver.h ****  * may differ for different microcontrollers. Array of multiple CO_CANtx_t objects is included insi
 249:CANopen/301/CO_driver.h ****  */
 250:CANopen/301/CO_driver.h **** typedef struct {
 251:CANopen/301/CO_driver.h ****     uint32_t ident;             /**< CAN identifier as aligned in CAN module */
 252:CANopen/301/CO_driver.h ****     uint8_t DLC;                /**< Length of CAN message */
 253:CANopen/301/CO_driver.h ****     uint8_t data[8];            /**< 8 data bytes */
 254:CANopen/301/CO_driver.h ****     volatile bool_t bufferFull; /**< True if previous message is still in the buffer */
 255:CANopen/301/CO_driver.h ****     volatile bool_t syncFlag;   /**< Synchronous PDO messages has this flag set. It prevents them t
 256:CANopen/301/CO_driver.h ****                                    synchronous window */
 257:CANopen/301/CO_driver.h **** } CO_CANtx_t;
 258:CANopen/301/CO_driver.h **** 
 259:CANopen/301/CO_driver.h **** /** @} */
 260:CANopen/301/CO_driver.h **** 
 261:CANopen/301/CO_driver.h **** /**
 262:CANopen/301/CO_driver.h ****  * Complete CAN module object.
 263:CANopen/301/CO_driver.h ****  *
 264:CANopen/301/CO_driver.h ****  * Must be defined in the **CO_driver_target.h** file.
 265:CANopen/301/CO_driver.h ****  *
 266:CANopen/301/CO_driver.h ****  * Usually it has the following data fields, but they may differ for different microcontrollers.
 267:CANopen/301/CO_driver.h ****  */
 268:CANopen/301/CO_driver.h **** typedef struct {
 269:CANopen/301/CO_driver.h ****     void* CANptr;                    /**< From CO_CANmodule_init() */
ARM GAS  C:\Users\Lenovo\AppData\Local\Temp\ccL1vOqM.s 			page 17


 270:CANopen/301/CO_driver.h ****     CO_CANrx_t* rxArray;             /**< From CO_CANmodule_init() */
 271:CANopen/301/CO_driver.h ****     uint16_t rxSize;                 /**< From CO_CANmodule_init() */
 272:CANopen/301/CO_driver.h ****     CO_CANtx_t* txArray;             /**< From CO_CANmodule_init() */
 273:CANopen/301/CO_driver.h ****     uint16_t txSize;                 /**< From CO_CANmodule_init() */
 274:CANopen/301/CO_driver.h ****     uint16_t CANerrorStatus;         /**< CAN error status bitfield, see @ref CO_CAN_ERR_status_t *
 275:CANopen/301/CO_driver.h ****     volatile bool_t CANnormal;       /**< CAN module is in normal mode */
 276:CANopen/301/CO_driver.h ****     volatile bool_t useCANrxFilters; /**< Value different than zero indicates, that CAN module hard
 277:CANopen/301/CO_driver.h ****                                         for CAN reception. If there is not enough hardware filters,
 278:CANopen/301/CO_driver.h ****                                         In this case will be *all* received CAN messages processed 
 279:CANopen/301/CO_driver.h ****     volatile bool_t bufferInhibitFlag; /**< If flag is true, then message in transmit buffer is syn
 280:CANopen/301/CO_driver.h ****                                           which will be aborted, if CO_clearPendingSyncPDOs() funct
 281:CANopen/301/CO_driver.h ****                                           application. This may be necessary if Synchronous window 
 282:CANopen/301/CO_driver.h ****     volatile bool_t
 283:CANopen/301/CO_driver.h ****         firstCANtxMessage; /**< Equal to 1, when the first transmitted message (bootup message) is 
 284:CANopen/301/CO_driver.h ****     volatile uint16_t
 285:CANopen/301/CO_driver.h ****         CANtxCount;  /**< Number of messages in transmit buffer, which are waiting to be copied to 
 286:CANopen/301/CO_driver.h ****     uint32_t errOld; /**< Previous state of CAN errors */
 287:CANopen/301/CO_driver.h **** } CO_CANmodule_t;
 288:CANopen/301/CO_driver.h **** 
 289:CANopen/301/CO_driver.h **** /**
 290:CANopen/301/CO_driver.h ****  * Data storage object for one entry.
 291:CANopen/301/CO_driver.h ****  *
 292:CANopen/301/CO_driver.h ****  * Must be defined in the **CO_driver_target.h** file.
 293:CANopen/301/CO_driver.h ****  *
 294:CANopen/301/CO_driver.h ****  * For more information on Data storage see @ref CO_storage or **CO_storage.h** file. Structure mem
 295:CANopen/301/CO_driver.h ****  * are always required or required with @ref CO_storage_eeprom. Target system may add own additiona
 296:CANopen/301/CO_driver.h ****  * variables.
 297:CANopen/301/CO_driver.h ****  */
 298:CANopen/301/CO_driver.h **** typedef struct {
 299:CANopen/301/CO_driver.h ****     void* addr;         /**< Address of data to store, always required. */
 300:CANopen/301/CO_driver.h ****     size_t len;         /**< Length of data to store, always required. */
 301:CANopen/301/CO_driver.h ****     uint8_t subIndexOD; /**< Sub index in OD objects 1010 and 1011, from 2 to 127. Writing 0x657661
 302:CANopen/301/CO_driver.h ****                            will store data to non-volatile memory Writing 0x64616F6C to 1011,subInd
 303:CANopen/301/CO_driver.h ****                            default data, always required. */
 304:CANopen/301/CO_driver.h ****     uint8_t attr;       /**< Attribute from @ref CO_storage_attributes_t, always required. */
 305:CANopen/301/CO_driver.h ****     void* storageModule; /**< Pointer to storage module, target system specific usage, required wit
 306:CANopen/301/CO_driver.h ****                             CO_storage_eeprom. */
 307:CANopen/301/CO_driver.h ****     uint16_t crc; /**< CRC checksum of the data stored in eeprom, set on store, required with @ref 
 308:CANopen/301/CO_driver.h ****     size_t eepromAddrSignature; /**< Address of entry signature inside eeprom, set by init, require
 309:CANopen/301/CO_driver.h ****                                    CO_storage_eeprom. */
 310:CANopen/301/CO_driver.h ****     size_t eepromAddr; /**< Address of data inside eeprom, set by init, required with @ref CO_stora
 311:CANopen/301/CO_driver.h ****     size_t offset; /**< Offset of next byte being updated by automatic storage, required with @ref 
 312:CANopen/301/CO_driver.h ****     void* additionalParameters; /**< Additional target specific parameters, optional. */
 313:CANopen/301/CO_driver.h **** } CO_storage_entry_t;
 314:CANopen/301/CO_driver.h **** 
 315:CANopen/301/CO_driver.h **** /**
 316:CANopen/301/CO_driver.h ****  * @defgroup CO_critical_sections Critical sections
 317:CANopen/301/CO_driver.h ****  * @{
 318:CANopen/301/CO_driver.h ****  *
 319:CANopen/301/CO_driver.h ****  * Protection of critical sections in multi-threaded operation.
 320:CANopen/301/CO_driver.h ****  *
 321:CANopen/301/CO_driver.h ****  * CANopenNode is designed to run in different threads, as described in [README.md](index.html). Th
 322:CANopen/301/CO_driver.h ****  * differently in different systems. In microcontrollers threads are interrupts with different prio
 323:CANopen/301/CO_driver.h ****  * It is necessary to protect sections, where different threads access to the same resource. In sim
 324:CANopen/301/CO_driver.h ****  * interrupts or scheduler may be temporary disabled between access to the shared resource. Otherwi
 325:CANopen/301/CO_driver.h ****  * semaphores can be used.
 326:CANopen/301/CO_driver.h ****  *
ARM GAS  C:\Users\Lenovo\AppData\Local\Temp\ccL1vOqM.s 			page 18


 327:CANopen/301/CO_driver.h ****  * #### Reentrant functions
 328:CANopen/301/CO_driver.h ****  * Functions CO_CANsend() from C_driver.h, and CO_error() from CO_Emergency.h may be called from di
 329:CANopen/301/CO_driver.h ****  * Critical sections must be protected. Either by disabling scheduler or interrupts or by mutexes o
 330:CANopen/301/CO_driver.h ****  * Lock/unlock macro is called with pointer to CAN module, which may be used inside.
 331:CANopen/301/CO_driver.h ****  *
 332:CANopen/301/CO_driver.h ****  * #### Object Dictionary variables
 333:CANopen/301/CO_driver.h ****  * In general, there are two threads, which accesses OD variables: mainline (initialization, storag
 334:CANopen/301/CO_driver.h ****  * timer (PDO access). CANopenNode uses locking mechanism, where SDO server (or other mainline code
 335:CANopen/301/CO_driver.h ****  * of the real-time thread at the moment it reads or writes OD variable. CO_LOCK_OD(CAN_MODULE) and
 336:CANopen/301/CO_driver.h ****  * CO_UNLOCK_OD(CAN_MODULE) macros are used to protect:
 337:CANopen/301/CO_driver.h ****  * - Whole real-time thread,
 338:CANopen/301/CO_driver.h ****  * - SDO server protects read/write access to OD variable.   Locking of long OD variables, not acce
 339:CANopen/301/CO_driver.h ****  *   thread, may   block RT thread.
 340:CANopen/301/CO_driver.h ****  * - Any mainline code, which accesses PDO-mappable OD variable, must protect   read/write with loc
 341:CANopen/301/CO_driver.h ****  *   OD_mappable() for check.
 342:CANopen/301/CO_driver.h ****  * - Other cases, where non-PDO-mappable OD variable is used inside real-time   thread by some othe
 343:CANopen/301/CO_driver.h ****  *   application must be considered with   special care. Also when there are multiple threads acces
 344:CANopen/301/CO_driver.h ****  *   (e.g. when using a RTOS), you should always lock the OD.
 345:CANopen/301/CO_driver.h ****  *
 346:CANopen/301/CO_driver.h ****  * #### Synchronization functions for CAN receive
 347:CANopen/301/CO_driver.h ****  * After CAN message is received, it is pre-processed in CANrx_callback(), which copies some data i
 348:CANopen/301/CO_driver.h ****  * object and at the end sets **new_message** flag. This flag is then pooled in another thread, whi
 349:CANopen/301/CO_driver.h ****  * the message. The problem is, that compiler optimization may shuffle memory operations, so it is 
 350:CANopen/301/CO_driver.h ****  * that **new_message** flag is surely set at the end. It is necessary to use [Memory
 351:CANopen/301/CO_driver.h ****  * barrier](https://en.wikipedia.org/wiki/Memory_barrier).
 352:CANopen/301/CO_driver.h ****  *
 353:CANopen/301/CO_driver.h ****  * If receive function runs inside IRQ, no further synchronization is needed. Otherwise, some kind 
 354:CANopen/301/CO_driver.h ****  * has to be included. The following example uses GCC builtin memory barrier `__sync_synchronize()`
 355:CANopen/301/CO_driver.h ****  * can be found [here](https://stackoverflow.com/questions/982129/what-does-sync-synchronize-do#982
 356:CANopen/301/CO_driver.h ****  */
 357:CANopen/301/CO_driver.h **** 
 358:CANopen/301/CO_driver.h **** #define CO_LOCK_CAN_SEND(CAN_MODULE)   /**< Lock critical section in CO_CANsend() */
 359:CANopen/301/CO_driver.h **** #define CO_UNLOCK_CAN_SEND(CAN_MODULE) /**< Unlock critical section in CO_CANsend() */
 360:CANopen/301/CO_driver.h **** #define CO_LOCK_EMCY(CAN_MODULE)       /**< Lock critical section in CO_errorReport() or CO_errorRe
 361:CANopen/301/CO_driver.h **** #define CO_UNLOCK_EMCY(CAN_MODULE)     /**< Unlock critical section in CO_errorReport() or CO_error
 362:CANopen/301/CO_driver.h **** #define CO_LOCK_OD(CAN_MODULE)         /**< Lock critical section when accessing Object Dictionary 
 363:CANopen/301/CO_driver.h **** #define CO_UNLOCK_OD(CAN_MODULE)       /**< Unock critical section when accessing Object Dictionary
 364:CANopen/301/CO_driver.h **** 
 365:CANopen/301/CO_driver.h **** /** Check if new message has arrived */
 366:CANopen/301/CO_driver.h **** #define CO_FLAG_READ(rxNew)            ((rxNew) != NULL)
 367:CANopen/301/CO_driver.h **** /** Set new message flag */
 368:CANopen/301/CO_driver.h **** #define CO_FLAG_SET(rxNew)                                                                         
 369:CANopen/301/CO_driver.h ****     {                                                                                              
 370:CANopen/301/CO_driver.h ****         __sync_synchronize();                                                                      
 371:CANopen/301/CO_driver.h ****         rxNew = (void*)1L;                                                                         
 372:CANopen/301/CO_driver.h ****     }
 373:CANopen/301/CO_driver.h **** /** Clear new message flag */
 374:CANopen/301/CO_driver.h **** #define CO_FLAG_CLEAR(rxNew)                                                                       
 375:CANopen/301/CO_driver.h ****     {                                                                                              
 376:CANopen/301/CO_driver.h ****         __sync_synchronize();                                                                      
 377:CANopen/301/CO_driver.h ****         rxNew = NULL;                                                                              
 378:CANopen/301/CO_driver.h ****     }
 379:CANopen/301/CO_driver.h **** 
 380:CANopen/301/CO_driver.h **** /** @} */
 381:CANopen/301/CO_driver.h **** #endif /* CO_DOXYGEN */
 382:CANopen/301/CO_driver.h **** 
 383:CANopen/301/CO_driver.h **** /**
ARM GAS  C:\Users\Lenovo\AppData\Local\Temp\ccL1vOqM.s 			page 19


 384:CANopen/301/CO_driver.h ****  * @defgroup CO_Default_CAN_ID_t Default CANopen identifiers
 385:CANopen/301/CO_driver.h ****  * @{
 386:CANopen/301/CO_driver.h ****  *
 387:CANopen/301/CO_driver.h ****  * Default CANopen identifiers for CANopen communication objects. Same as 11-bit addresses of CAN m
 388:CANopen/301/CO_driver.h ****  * default identifiers and can be changed in CANopen. Especially PDO identifiers are configured in 
 389:CANopen/301/CO_driver.h ****  * the CANopen network configuration.
 390:CANopen/301/CO_driver.h ****  */
 391:CANopen/301/CO_driver.h **** #define CO_CAN_ID_NMT_SERVICE 0x000U /**< 0x000 Network management */
 392:CANopen/301/CO_driver.h **** #define CO_CAN_ID_GFC         0x001U /**< 0x001 Global fail-safe command */
 393:CANopen/301/CO_driver.h **** #define CO_CAN_ID_SYNC        0x080U /**< 0x080 Synchronous message */
 394:CANopen/301/CO_driver.h **** #define CO_CAN_ID_EMERGENCY   0x080U /**< 0x080 Emergency messages (+nodeID) */
 395:CANopen/301/CO_driver.h **** #define CO_CAN_ID_TIME        0x100U /**< 0x100 Time message */
 396:CANopen/301/CO_driver.h **** #define CO_CAN_ID_SRDO_1      0x0FFU /**< 0x0FF Default SRDO1 (+2*nodeID) */
 397:CANopen/301/CO_driver.h **** #define CO_CAN_ID_TPDO_1      0x180U /**< 0x180 Default TPDO1 (+nodeID) */
 398:CANopen/301/CO_driver.h **** #define CO_CAN_ID_RPDO_1      0x200U /**< 0x200 Default RPDO1 (+nodeID) */
 399:CANopen/301/CO_driver.h **** #define CO_CAN_ID_TPDO_2      0x280U /**< 0x280 Default TPDO2 (+nodeID) */
 400:CANopen/301/CO_driver.h **** #define CO_CAN_ID_RPDO_2      0x300U /**< 0x300 Default RPDO2 (+nodeID) */
 401:CANopen/301/CO_driver.h **** #define CO_CAN_ID_TPDO_3      0x380U /**< 0x380 Default TPDO3 (+nodeID) */
 402:CANopen/301/CO_driver.h **** #define CO_CAN_ID_RPDO_3      0x400U /**< 0x400 Default RPDO3 (+nodeID) */
 403:CANopen/301/CO_driver.h **** #define CO_CAN_ID_TPDO_4      0x480U /**< 0x480 Default TPDO4 (+nodeID) */
 404:CANopen/301/CO_driver.h **** #define CO_CAN_ID_RPDO_4      0x500U /**< 0x500 Default RPDO5 (+nodeID) */
 405:CANopen/301/CO_driver.h **** #define CO_CAN_ID_SDO_SRV     0x580U /**< 0x580 SDO response from server (+nodeID) */
 406:CANopen/301/CO_driver.h **** #define CO_CAN_ID_SDO_CLI     0x600U /**< 0x600 SDO request from client (+nodeID) */
 407:CANopen/301/CO_driver.h **** #define CO_CAN_ID_HEARTBEAT   0x700U /**< 0x700 Heartbeat message */
 408:CANopen/301/CO_driver.h **** #define CO_CAN_ID_LSS_SLV     0x7E4U /**< 0x7E4 LSS response from slave */
 409:CANopen/301/CO_driver.h **** #define CO_CAN_ID_LSS_MST     0x7E5U /**< 0x7E5 LSS request from master */
 410:CANopen/301/CO_driver.h **** 
 411:CANopen/301/CO_driver.h **** /** @} */ /* CO_Default_CAN_ID_t */
 412:CANopen/301/CO_driver.h **** 
 413:CANopen/301/CO_driver.h **** /**
 414:CANopen/301/CO_driver.h ****  * Restricted CAN-IDs
 415:CANopen/301/CO_driver.h ****  *
 416:CANopen/301/CO_driver.h ****  * Macro for verifying 'Restricted CAN-IDs', as specified by standard CiA301. They shall not be use
 417:CANopen/301/CO_driver.h ****  * EMCY, PDO and SDO.
 418:CANopen/301/CO_driver.h ****  */
 419:CANopen/301/CO_driver.h **** #ifndef CO_IS_RESTRICTED_CAN_ID
 420:CANopen/301/CO_driver.h **** #define CO_IS_RESTRICTED_CAN_ID(CAN_ID)                                                            
 421:CANopen/301/CO_driver.h ****     (((CAN_ID) <= 0x7FU) || (((CAN_ID) >= 0x101U) && ((CAN_ID) <= 0x180U))                         
 422:CANopen/301/CO_driver.h ****      || (((CAN_ID) >= 0x581U) && ((CAN_ID) <= 0x5FFU)) || (((CAN_ID) >= 0x601U) && ((CAN_ID) <= 0x6
 423:CANopen/301/CO_driver.h ****      || (((CAN_ID) >= 0x6E0U) && ((CAN_ID) <= 0x6FFU)) || ((CAN_ID) >= 0x701U))
 424:CANopen/301/CO_driver.h **** #endif
 425:CANopen/301/CO_driver.h **** 
 426:CANopen/301/CO_driver.h **** /**
 427:CANopen/301/CO_driver.h ****  * @defgroup CO_CAN_ERR_status_t CAN error status bitmasks
 428:CANopen/301/CO_driver.h ****  * @{
 429:CANopen/301/CO_driver.h ****  *
 430:CANopen/301/CO_driver.h ****  * CAN warning level is reached, if CAN transmit or receive error counter is more or equal to 96. C
 431:CANopen/301/CO_driver.h ****  * reached, if counters are more or equal to 128. Transmitter goes in error state 'bus off' if tran
 432:CANopen/301/CO_driver.h ****  * more or equal to 256.
 433:CANopen/301/CO_driver.h ****  */
 434:CANopen/301/CO_driver.h **** #define CO_CAN_ERRTX_WARNING    0x0001U /**< 0x0001 CAN transmitter warning */
 435:CANopen/301/CO_driver.h **** #define CO_CAN_ERRTX_PASSIVE    0x0002U /**< 0x0002 CAN transmitter passive */
 436:CANopen/301/CO_driver.h **** #define CO_CAN_ERRTX_BUS_OFF    0x0004U /**< 0x0004 CAN transmitter bus off */
 437:CANopen/301/CO_driver.h **** #define CO_CAN_ERRTX_OVERFLOW   0x0008U /**< 0x0008 CAN transmitter overflow */
 438:CANopen/301/CO_driver.h **** #define CO_CAN_ERRTX_PDO_LATE   0x0080U /**< 0x0080 TPDO is outside sync window */
 439:CANopen/301/CO_driver.h **** #define CO_CAN_ERRRX_WARNING    0x0100U /**< 0x0100 CAN receiver warning */
 440:CANopen/301/CO_driver.h **** #define CO_CAN_ERRRX_PASSIVE    0x0200U /**< 0x0200 CAN receiver passive */
ARM GAS  C:\Users\Lenovo\AppData\Local\Temp\ccL1vOqM.s 			page 20


 441:CANopen/301/CO_driver.h **** #define CO_CAN_ERRRX_OVERFLOW   0x0800U /**< 0x0800 CAN receiver overflow */
 442:CANopen/301/CO_driver.h **** #define CO_CAN_ERR_WARN_PASSIVE 0x0303U /**< 0x0303 combination */
 443:CANopen/301/CO_driver.h **** 
 444:CANopen/301/CO_driver.h **** /** @} */ /* CO_CAN_ERR_status_t */
 445:CANopen/301/CO_driver.h **** 
 446:CANopen/301/CO_driver.h **** /**
 447:CANopen/301/CO_driver.h ****  * Return values of some CANopen functions. If function was executed successfully it returns 0 othe
 448:CANopen/301/CO_driver.h ****  */
 449:CANopen/301/CO_driver.h **** typedef enum {
 450:CANopen/301/CO_driver.h ****     CO_ERROR_NO = 0,                /**< Operation completed successfully */
 451:CANopen/301/CO_driver.h ****     CO_ERROR_ILLEGAL_ARGUMENT = -1, /**< Error in function arguments */
 452:CANopen/301/CO_driver.h ****     CO_ERROR_OUT_OF_MEMORY = -2,    /**< Memory allocation failed */
 453:CANopen/301/CO_driver.h ****     CO_ERROR_TIMEOUT = -3,          /**< Function timeout */
 454:CANopen/301/CO_driver.h ****     CO_ERROR_ILLEGAL_BAUDRATE = -4, /**< Illegal baudrate passed to function CO_CANmodule_init() */
 455:CANopen/301/CO_driver.h ****     CO_ERROR_RX_OVERFLOW = -5,      /**< Previous message was not processed yet */
 456:CANopen/301/CO_driver.h ****     CO_ERROR_RX_PDO_OVERFLOW = -6,  /**< previous PDO was not processed yet */
 457:CANopen/301/CO_driver.h ****     CO_ERROR_RX_MSG_LENGTH = -7,    /**< Wrong receive message length */
 458:CANopen/301/CO_driver.h ****     CO_ERROR_RX_PDO_LENGTH = -8,    /**< Wrong receive PDO length */
 459:CANopen/301/CO_driver.h ****     CO_ERROR_TX_OVERFLOW = -9,      /**< Previous message is still waiting, buffer full */
 460:CANopen/301/CO_driver.h ****     CO_ERROR_TX_PDO_WINDOW = -10,   /**< Synchronous TPDO is outside window */
 461:CANopen/301/CO_driver.h ****     CO_ERROR_TX_UNCONFIGURED = -11, /**< Transmit buffer was not configured properly */
 462:CANopen/301/CO_driver.h ****     CO_ERROR_OD_PARAMETERS = -12,   /**< Error in Object Dictionary parameters */
 463:CANopen/301/CO_driver.h ****     CO_ERROR_DATA_CORRUPT = -13,    /**< Stored data are corrupt */
 464:CANopen/301/CO_driver.h ****     CO_ERROR_CRC = -14,             /**< CRC does not match */
 465:CANopen/301/CO_driver.h ****     CO_ERROR_TX_BUSY = -15,         /**< Sending rejected because driver is busy. Try again */
 466:CANopen/301/CO_driver.h ****     CO_ERROR_WRONG_NMT_STATE = -16, /**< Command can't be processed in current state */
 467:CANopen/301/CO_driver.h ****     CO_ERROR_SYSCALL = -17,         /**< Syscall failed */
 468:CANopen/301/CO_driver.h ****     CO_ERROR_INVALID_STATE = -18,   /**< Driver not ready */
 469:CANopen/301/CO_driver.h ****     CO_ERROR_NODE_ID_UNCONFIGURED_LSS =
 470:CANopen/301/CO_driver.h ****         -19 /**< Node-id is in LSS unconfigured state. If objects are handled properly, this may no
 471:CANopen/301/CO_driver.h **** } CO_ReturnError_t;
 472:CANopen/301/CO_driver.h **** 
 473:CANopen/301/CO_driver.h **** /**
 474:CANopen/301/CO_driver.h ****  * Request CAN configuration (stopped) mode and *wait* until it is set.
 475:CANopen/301/CO_driver.h ****  *
 476:CANopen/301/CO_driver.h ****  * @param CANptr Pointer to CAN device
 477:CANopen/301/CO_driver.h ****  */
 478:CANopen/301/CO_driver.h **** void CO_CANsetConfigurationMode(void* CANptr);
 479:CANopen/301/CO_driver.h **** 
 480:CANopen/301/CO_driver.h **** /**
 481:CANopen/301/CO_driver.h ****  * Request CAN normal (operational) mode and *wait* until it is set.
 482:CANopen/301/CO_driver.h ****  *
 483:CANopen/301/CO_driver.h ****  * @param CANmodule CO_CANmodule_t object.
 484:CANopen/301/CO_driver.h ****  */
 485:CANopen/301/CO_driver.h **** void CO_CANsetNormalMode(CO_CANmodule_t* CANmodule);
 486:CANopen/301/CO_driver.h **** 
 487:CANopen/301/CO_driver.h **** /**
 488:CANopen/301/CO_driver.h ****  * Initialize CAN module object.
 489:CANopen/301/CO_driver.h ****  *
 490:CANopen/301/CO_driver.h ****  * Function must be called in the communication reset section. CAN module must be in Configuration 
 491:CANopen/301/CO_driver.h ****  *
 492:CANopen/301/CO_driver.h ****  * @param CANmodule This object will be initialized.
 493:CANopen/301/CO_driver.h ****  * @param CANptr Pointer to CAN device.
 494:CANopen/301/CO_driver.h ****  * @param rxArray Array for handling received CAN messages
 495:CANopen/301/CO_driver.h ****  * @param rxSize Size of the above array. Must be equal to number of receiving CAN objects.
 496:CANopen/301/CO_driver.h ****  * @param txArray Array for handling transmitting CAN messages
 497:CANopen/301/CO_driver.h ****  * @param txSize Size of the above array. Must be equal to number of transmitting CAN objects.
ARM GAS  C:\Users\Lenovo\AppData\Local\Temp\ccL1vOqM.s 			page 21


 498:CANopen/301/CO_driver.h ****  * @param CANbitRate Valid values are (in kbps): 10, 20, 50, 125, 250, 500, 800, 1000. If value is 
 499:CANopen/301/CO_driver.h ****  * defaults to 125.
 500:CANopen/301/CO_driver.h ****  *
 501:CANopen/301/CO_driver.h ****  * Return #CO_ReturnError_t: CO_ERROR_NO or CO_ERROR_ILLEGAL_ARGUMENT.
 502:CANopen/301/CO_driver.h ****  */
 503:CANopen/301/CO_driver.h **** CO_ReturnError_t CO_CANmodule_init(CO_CANmodule_t* CANmodule, void* CANptr, CO_CANrx_t rxArray[], u
 504:CANopen/301/CO_driver.h ****                                    CO_CANtx_t txArray[], uint16_t txSize, uint16_t CANbitRate);
 505:CANopen/301/CO_driver.h **** 
 506:CANopen/301/CO_driver.h **** /**
 507:CANopen/301/CO_driver.h ****  * Switch off CANmodule. Call at program exit.
 508:CANopen/301/CO_driver.h ****  *
 509:CANopen/301/CO_driver.h ****  * @param CANmodule CAN module object.
 510:CANopen/301/CO_driver.h ****  */
 511:CANopen/301/CO_driver.h **** void CO_CANmodule_disable(CO_CANmodule_t* CANmodule);
 512:CANopen/301/CO_driver.h **** 
 513:CANopen/301/CO_driver.h **** /**
 514:CANopen/301/CO_driver.h ****  * Configure CAN message receive buffer.
 515:CANopen/301/CO_driver.h ****  *
 516:CANopen/301/CO_driver.h ****  * Function configures specific CAN receive buffer. It sets CAN identifier and connects buffer with
 517:CANopen/301/CO_driver.h ****  * Function must be called for each member in _rxArray_ from CO_CANmodule_t.
 518:CANopen/301/CO_driver.h ****  *
 519:CANopen/301/CO_driver.h ****  * @param CANmodule This object.
 520:CANopen/301/CO_driver.h ****  * @param index Index of the specific buffer in _rxArray_.
 521:CANopen/301/CO_driver.h ****  * @param ident 11-bit standard CAN Identifier. If two or more CANrx buffers have the same _ident_,
 522:CANopen/301/CO_driver.h ****  * lowest _index_ has precedence and other CANrx buffers will be ignored.
 523:CANopen/301/CO_driver.h ****  * @param mask 11-bit mask for identifier. Most usually set to 0x7FF. Received message (rcvMsg) wil
 524:CANopen/301/CO_driver.h ****  * following condition is true: (((rcvMsgId ^ ident) & mask) == 0).
 525:CANopen/301/CO_driver.h ****  * @param rtr If true, 'Remote Transmit Request' messages will be accepted.
 526:CANopen/301/CO_driver.h ****  * @param object CANopen object, to which buffer is connected. It will be used as an argument to CA
 527:CANopen/301/CO_driver.h ****  * type is (void), CANrx_callback will change its type back to the correct object type.
 528:CANopen/301/CO_driver.h ****  * @param CANrx_callback Pointer to function, which will be called, if received CAN message matches
 529:CANopen/301/CO_driver.h ****  * must be fast function.
 530:CANopen/301/CO_driver.h ****  *
 531:CANopen/301/CO_driver.h ****  * Return #CO_ReturnError_t: CO_ERROR_NO CO_ERROR_ILLEGAL_ARGUMENT or CO_ERROR_OUT_OF_MEMORY (not e
 532:CANopen/301/CO_driver.h ****  * configuration).
 533:CANopen/301/CO_driver.h ****  */
 534:CANopen/301/CO_driver.h **** CO_ReturnError_t CO_CANrxBufferInit(CO_CANmodule_t* CANmodule, uint16_t index, uint16_t ident, uint
 535:CANopen/301/CO_driver.h ****                                     bool_t rtr, void* object, void (*CANrx_callback)(void* object, 
 536:CANopen/301/CO_driver.h **** 
 537:CANopen/301/CO_driver.h **** /**
 538:CANopen/301/CO_driver.h ****  * Configure CAN message transmit buffer.
 539:CANopen/301/CO_driver.h ****  *
 540:CANopen/301/CO_driver.h ****  * Function configures specific CAN transmit buffer. Function must be called for each member in _tx
 541:CANopen/301/CO_driver.h ****  * CO_CANmodule_t.
 542:CANopen/301/CO_driver.h ****  *
 543:CANopen/301/CO_driver.h ****  * @param CANmodule This object.
 544:CANopen/301/CO_driver.h ****  * @param index Index of the specific buffer in _txArray_.
 545:CANopen/301/CO_driver.h ****  * @param ident 11-bit standard CAN Identifier.
 546:CANopen/301/CO_driver.h ****  * @param rtr If true, 'Remote Transmit Request' messages will be transmitted.
 547:CANopen/301/CO_driver.h ****  * @param noOfBytes Length of CAN message in bytes (0 to 8 bytes).
 548:CANopen/301/CO_driver.h ****  * @param syncFlag This flag bit is used for synchronous TPDO messages. If it is set, message will 
 549:CANopen/301/CO_driver.h ****  * current time is outside synchronous window.
 550:CANopen/301/CO_driver.h ****  *
 551:CANopen/301/CO_driver.h ****  * @return Pointer to CAN transmit message buffer. 8 bytes data array inside buffer should be writt
 552:CANopen/301/CO_driver.h ****  * CO_CANsend() function is called. Zero is returned in case of wrong arguments.
 553:CANopen/301/CO_driver.h ****  */
 554:CANopen/301/CO_driver.h **** CO_CANtx_t* CO_CANtxBufferInit(CO_CANmodule_t* CANmodule, uint16_t index, uint16_t ident, bool_t rt
ARM GAS  C:\Users\Lenovo\AppData\Local\Temp\ccL1vOqM.s 			page 22


 555:CANopen/301/CO_driver.h ****                                bool_t syncFlag);
 556:CANopen/301/CO_driver.h **** 
 557:CANopen/301/CO_driver.h **** /**
 558:CANopen/301/CO_driver.h ****  * Send CAN message.
 559:CANopen/301/CO_driver.h ****  *
 560:CANopen/301/CO_driver.h ****  * @param CANmodule This object.
 561:CANopen/301/CO_driver.h ****  * @param buffer Pointer to transmit buffer, returned by CO_CANtxBufferInit(). Data bytes must be w
 562:CANopen/301/CO_driver.h ****  * before function call.
 563:CANopen/301/CO_driver.h ****  *
 564:CANopen/301/CO_driver.h ****  * @return #CO_ReturnError_t: CO_ERROR_NO, CO_ERROR_TX_OVERFLOW or CO_ERROR_TX_PDO_WINDOW (Synchron
 565:CANopen/301/CO_driver.h ****  * window).
 566:CANopen/301/CO_driver.h ****  */
 567:CANopen/301/CO_driver.h **** CO_ReturnError_t CO_CANsend(CO_CANmodule_t* CANmodule, CO_CANtx_t* buffer);
 568:CANopen/301/CO_driver.h **** 
 569:CANopen/301/CO_driver.h **** /**
 570:CANopen/301/CO_driver.h ****  * Clear all synchronous TPDOs from CAN module transmit buffers.
 571:CANopen/301/CO_driver.h ****  *
 572:CANopen/301/CO_driver.h ****  * CANopen allows synchronous PDO communication only inside time between SYNC message and SYNC Wind
 573:CANopen/301/CO_driver.h ****  * outside this window, new synchronous PDOs must not be sent and all pending sync TPDOs, which may
 574:CANopen/301/CO_driver.h ****  * buffers, may optionally be cleared.
 575:CANopen/301/CO_driver.h ****  *
 576:CANopen/301/CO_driver.h ****  * This function checks (and aborts transmission if necessary) CAN TX buffers when it is called. Fu
 577:CANopen/301/CO_driver.h ****  * called by the stack in the moment, when SYNC time was just passed out of synchronous window.
 578:CANopen/301/CO_driver.h ****  *
 579:CANopen/301/CO_driver.h ****  * @param CANmodule This object.
 580:CANopen/301/CO_driver.h ****  */
 581:CANopen/301/CO_driver.h **** void CO_CANclearPendingSyncPDOs(CO_CANmodule_t* CANmodule);
 582:CANopen/301/CO_driver.h **** 
 583:CANopen/301/CO_driver.h **** /**
 584:CANopen/301/CO_driver.h ****  * Process can module - verify CAN errors
 585:CANopen/301/CO_driver.h ****  *
 586:CANopen/301/CO_driver.h ****  * Function must be called cyclically. It should calculate CANerrorStatus bitfield for CAN errors d
 587:CANopen/301/CO_driver.h ****  * CO_CAN_ERR_status_t.
 588:CANopen/301/CO_driver.h ****  *
 589:CANopen/301/CO_driver.h ****  * @param CANmodule This object.
 590:CANopen/301/CO_driver.h ****  */
 591:CANopen/301/CO_driver.h **** void CO_CANmodule_process(CO_CANmodule_t* CANmodule);
 592:CANopen/301/CO_driver.h **** 
 593:CANopen/301/CO_driver.h **** /**
 594:CANopen/301/CO_driver.h ****  * Get uint8_t value from memory buffer
 595:CANopen/301/CO_driver.h ****  *
 596:CANopen/301/CO_driver.h ****  * @param buf Memory buffer to get value from.
 597:CANopen/301/CO_driver.h ****  *
 598:CANopen/301/CO_driver.h ****  * @return Value
 599:CANopen/301/CO_driver.h ****  */
 600:CANopen/301/CO_driver.h **** static inline uint8_t
 601:CANopen/301/CO_driver.h **** CO_getUint8(const void* buf) {
 602:CANopen/301/CO_driver.h ****     uint8_t value;
 603:CANopen/301/CO_driver.h ****     (void)memmove((void*)&value, buf, sizeof(value));
 604:CANopen/301/CO_driver.h ****     return value;
 605:CANopen/301/CO_driver.h **** }
 606:CANopen/301/CO_driver.h **** 
 607:CANopen/301/CO_driver.h **** /** Get uint16_t value from memory buffer, see @ref CO_getUint8 */
 608:CANopen/301/CO_driver.h **** static inline uint16_t
 609:CANopen/301/CO_driver.h **** CO_getUint16(const void* buf) {
 610:CANopen/301/CO_driver.h ****     uint16_t value;
 611:CANopen/301/CO_driver.h ****     (void)memmove((void*)&value, buf, sizeof(value));
ARM GAS  C:\Users\Lenovo\AppData\Local\Temp\ccL1vOqM.s 			page 23


 612:CANopen/301/CO_driver.h ****     return value;
 613:CANopen/301/CO_driver.h **** }
 614:CANopen/301/CO_driver.h **** 
 615:CANopen/301/CO_driver.h **** /** Get uint32_t value from memory buffer, see @ref CO_getUint8 */
 616:CANopen/301/CO_driver.h **** static inline uint32_t
 617:CANopen/301/CO_driver.h **** CO_getUint32(const void* buf) {
 205              		.loc 2 617 1 view .LVU48
 206              	.LBB89:
 618:CANopen/301/CO_driver.h ****     uint32_t value;
 207              		.loc 2 618 5 view .LVU49
 619:CANopen/301/CO_driver.h ****     (void)memmove((void*)&value, buf, sizeof(value));
 208              		.loc 2 619 5 view .LVU50
 209              		.loc 2 619 11 is_stmt 0 view .LVU51
 210 001e 2B68     		ldr	r3, [r5]	@ unaligned
 211              	.LVL20:
 620:CANopen/301/CO_driver.h ****     return value;
 212              		.loc 2 620 5 is_stmt 1 view .LVU52
 213              		.loc 2 620 5 is_stmt 0 view .LVU53
 214              	.LBE89:
 215              	.LBE88:
 417:CANopen/301/CO_PDO.c **** 
 216              		.loc 1 417 9 is_stmt 1 view .LVU54
 417:CANopen/301/CO_PDO.c **** 
 217              		.loc 1 417 18 is_stmt 0 view .LVU55
 218 0020 C3F30A01 		ubfx	r1, r3, #0, #11
 219              	.LVL21:
 420:CANopen/301/CO_PDO.c ****             COB_ID = (COB_ID & 0xFFFF0000U) | PDO->preDefinedCanId;
 220              		.loc 1 420 9 is_stmt 1 view .LVU56
 420:CANopen/301/CO_PDO.c ****             COB_ID = (COB_ID & 0xFFFF0000U) | PDO->preDefinedCanId;
 221              		.loc 1 420 12 is_stmt 0 view .LVU57
 222 0024 29B1     		cbz	r1, .L15
 420:CANopen/301/CO_PDO.c ****             COB_ID = (COB_ID & 0xFFFF0000U) | PDO->preDefinedCanId;
 223              		.loc 1 420 46 discriminator 1 view .LVU58
 224 0026 B2F84241 		ldrh	r4, [r2, #322]
 225              	.LVL22:
 420:CANopen/301/CO_PDO.c ****             COB_ID = (COB_ID & 0xFFFF0000U) | PDO->preDefinedCanId;
 226              		.loc 1 420 28 discriminator 1 view .LVU59
 227 002a 24F07F06 		bic	r6, r4, #127
 228              	.LVL23:
 420:CANopen/301/CO_PDO.c ****             COB_ID = (COB_ID & 0xFFFF0000U) | PDO->preDefinedCanId;
 229              		.loc 1 420 28 discriminator 1 view .LVU60
 230 002e 8E42     		cmp	r6, r1
 231 0030 05D0     		beq	.L19
 232              	.LVL24:
 233              	.L15:
 425:CANopen/301/CO_PDO.c ****             COB_ID |= 0x80000000U;
 234              		.loc 1 425 9 is_stmt 1 view .LVU61
 425:CANopen/301/CO_PDO.c ****             COB_ID |= 0x80000000U;
 235              		.loc 1 425 17 is_stmt 0 view .LVU62
 236 0032 9268     		ldr	r2, [r2, #8]
 237              	.LVL25:
 425:CANopen/301/CO_PDO.c ****             COB_ID |= 0x80000000U;
 238              		.loc 1 425 12 view .LVU63
 239 0034 0AB9     		cbnz	r2, .L16
 426:CANopen/301/CO_PDO.c ****         }
 240              		.loc 1 426 13 is_stmt 1 view .LVU64
 426:CANopen/301/CO_PDO.c ****         }
ARM GAS  C:\Users\Lenovo\AppData\Local\Temp\ccL1vOqM.s 			page 24


 241              		.loc 1 426 20 is_stmt 0 view .LVU65
 242 0036 43F00043 		orr	r3, r3, #-2147483648
 243              	.LVL26:
 244              	.L16:
 429:CANopen/301/CO_PDO.c ****     }
 245              		.loc 1 429 9 is_stmt 1 view .LVU66
 246              	.LBB90:
 247              	.LBI90:
 621:CANopen/301/CO_driver.h **** }
 622:CANopen/301/CO_driver.h **** 
 623:CANopen/301/CO_driver.h **** /**
 624:CANopen/301/CO_driver.h ****  * Write uint8_t value into memory buffer
 625:CANopen/301/CO_driver.h ****  *
 626:CANopen/301/CO_driver.h ****  * @param buf Memory buffer.
 627:CANopen/301/CO_driver.h ****  * @param value Value to be written into buf.
 628:CANopen/301/CO_driver.h ****  *
 629:CANopen/301/CO_driver.h ****  * @return number of bytes written.
 630:CANopen/301/CO_driver.h ****  */
 631:CANopen/301/CO_driver.h **** static inline uint8_t
 632:CANopen/301/CO_driver.h **** CO_setUint8(void* buf, uint8_t value) {
 633:CANopen/301/CO_driver.h ****     (void)memmove(buf, (const void*)&value, sizeof(value));
 634:CANopen/301/CO_driver.h ****     return (uint8_t)(sizeof(value));
 635:CANopen/301/CO_driver.h **** }
 636:CANopen/301/CO_driver.h **** 
 637:CANopen/301/CO_driver.h **** /** Write uint16_t value into memory buffer, see @ref CO_setUint8 */
 638:CANopen/301/CO_driver.h **** static inline uint8_t
 639:CANopen/301/CO_driver.h **** CO_setUint16(void* buf, uint16_t value) {
 640:CANopen/301/CO_driver.h ****     (void)memmove(buf, (const void*)&value, sizeof(value));
 641:CANopen/301/CO_driver.h ****     return (uint8_t)(sizeof(value));
 642:CANopen/301/CO_driver.h **** }
 643:CANopen/301/CO_driver.h **** 
 644:CANopen/301/CO_driver.h **** /** Write uint32_t value into memory buffer, see @ref CO_setUint8 */
 645:CANopen/301/CO_driver.h **** static inline uint8_t
 646:CANopen/301/CO_driver.h **** CO_setUint32(void* buf, uint32_t value) {
 248              		.loc 2 646 1 view .LVU67
 249              	.LBB91:
 647:CANopen/301/CO_driver.h ****     (void)memmove(buf, (const void*)&value, sizeof(value));
 250              		.loc 2 647 5 view .LVU68
 251              		.loc 2 647 11 is_stmt 0 view .LVU69
 252 003a 2B60     		str	r3, [r5]	@ unaligned
 253              	.LVL27:
 648:CANopen/301/CO_driver.h ****     return (uint8_t)(sizeof(value));
 254              		.loc 2 648 5 is_stmt 1 view .LVU70
 255              		.loc 2 648 12 is_stmt 0 view .LVU71
 256 003c EAE7     		b	.L14
 257              	.LVL28:
 258              	.L19:
 259              		.loc 2 648 12 view .LVU72
 260              	.LBE91:
 261              	.LBE90:
 421:CANopen/301/CO_PDO.c ****         }
 262              		.loc 1 421 13 is_stmt 1 view .LVU73
 421:CANopen/301/CO_PDO.c ****         }
 263              		.loc 1 421 20 is_stmt 0 view .LVU74
 264 003e 64F30F03 		bfi	r3, r4, #0, #16
 265              	.LVL29:
 421:CANopen/301/CO_PDO.c ****         }
ARM GAS  C:\Users\Lenovo\AppData\Local\Temp\ccL1vOqM.s 			page 25


 266              		.loc 1 421 20 view .LVU75
 267 0042 F6E7     		b	.L15
 268              	.LBE87:
 269              		.cfi_endproc
 270              	.LFE41:
 272              		.section	.text.PDOconfigMap,"ax",%progbits
 273              		.align	1
 274              		.syntax unified
 275              		.thumb
 276              		.thumb_func
 278              	PDOconfigMap:
 279              	.LVL30:
 280              	.LFB38:
  88:CANopen/301/CO_PDO.c ****     uint16_t index = (uint16_t)(map >> 16);
 281              		.loc 1 88 93 is_stmt 1 view -0
 282              		.cfi_startproc
 283              		@ args = 4, pretend = 0, frame = 40
 284              		@ frame_needed = 0, uses_anonymous_args = 0
  88:CANopen/301/CO_PDO.c ****     uint16_t index = (uint16_t)(map >> 16);
 285              		.loc 1 88 93 is_stmt 0 view .LVU77
 286 0000 2DE9F04F 		push	{r4, r5, r6, r7, r8, r9, r10, fp, lr}
 287              	.LCFI4:
 288              		.cfi_def_cfa_offset 36
 289              		.cfi_offset 4, -36
 290              		.cfi_offset 5, -32
 291              		.cfi_offset 6, -28
 292              		.cfi_offset 7, -24
 293              		.cfi_offset 8, -20
 294              		.cfi_offset 9, -16
 295              		.cfi_offset 10, -12
 296              		.cfi_offset 11, -8
 297              		.cfi_offset 14, -4
 298 0004 8BB0     		sub	sp, sp, #44
 299              	.LCFI5:
 300              		.cfi_def_cfa_offset 80
 301 0006 0C46     		mov	r4, r1
  89:CANopen/301/CO_PDO.c ****     uint8_t subIndex = (uint8_t)(map >> 8);
 302              		.loc 1 89 5 is_stmt 1 view .LVU78
 303              	.LVL31:
  90:CANopen/301/CO_PDO.c ****     uint8_t mappedLengthBits = (uint8_t)map;
 304              		.loc 1 90 5 view .LVU79
  90:CANopen/301/CO_PDO.c ****     uint8_t mappedLengthBits = (uint8_t)map;
 305              		.loc 1 90 13 is_stmt 0 view .LVU80
 306 0008 C1F30729 		ubfx	r9, r1, #8, #8
 307              	.LVL32:
  91:CANopen/301/CO_PDO.c ****     uint8_t mappedLength = mappedLengthBits >> 3;
 308              		.loc 1 91 5 is_stmt 1 view .LVU81
  92:CANopen/301/CO_PDO.c ****     OD_IO_t* OD_IO = &PDO->OD_IO[mapIndex];
 309              		.loc 1 92 5 view .LVU82
  92:CANopen/301/CO_PDO.c ****     OD_IO_t* OD_IO = &PDO->OD_IO[mapIndex];
 310              		.loc 1 92 13 is_stmt 0 view .LVU83
 311 000c C1F3C408 		ubfx	r8, r1, #3, #5
 312              	.LVL33:
  93:CANopen/301/CO_PDO.c **** 
 313              		.loc 1 93 5 is_stmt 1 view .LVU84
  96:CANopen/301/CO_PDO.c ****         return ODR_MAP_LEN; /* PDO length exceeded */
 314              		.loc 1 96 5 view .LVU85
ARM GAS  C:\Users\Lenovo\AppData\Local\Temp\ccL1vOqM.s 			page 26


  96:CANopen/301/CO_PDO.c ****         return ODR_MAP_LEN; /* PDO length exceeded */
 315              		.loc 1 96 8 is_stmt 0 view .LVU86
 316 0010 B8F1080F 		cmp	r8, #8
 317 0014 70D8     		bhi	.L25
 318 0016 0646     		mov	r6, r0
 319 0018 1546     		mov	r5, r2
 320              	.LVL34:
  96:CANopen/301/CO_PDO.c ****         return ODR_MAP_LEN; /* PDO length exceeded */
 321              		.loc 1 96 8 view .LVU87
 322 001a 1F46     		mov	r7, r3
 323 001c 090C     		lsrs	r1, r1, #16
 324              	.LVL35:
  96:CANopen/301/CO_PDO.c ****         return ODR_MAP_LEN; /* PDO length exceeded */
 325              		.loc 1 96 8 view .LVU88
 326 001e 4FEA142A 		lsr	r10, r4, #8
 101:CANopen/301/CO_PDO.c ****         OD_stream_t* stream = &OD_IO->stream;
 327              		.loc 1 101 5 is_stmt 1 view .LVU89
 101:CANopen/301/CO_PDO.c ****         OD_stream_t* stream = &OD_IO->stream;
 328              		.loc 1 101 8 is_stmt 0 view .LVU90
 329 0022 1F29     		cmp	r1, #31
 330 0024 02D8     		bhi	.L22
 101:CANopen/301/CO_PDO.c ****         OD_stream_t* stream = &OD_IO->stream;
 331              		.loc 1 101 25 discriminator 1 view .LVU91
 332 0026 B9F1000F 		cmp	r9, #0
 333 002a 42D0     		beq	.L31
 334              	.L22:
 112:CANopen/301/CO_PDO.c ****     OD_entry_t* entry = OD_find(OD, index);
 335              		.loc 1 112 5 is_stmt 1 view .LVU92
 113:CANopen/301/CO_PDO.c ****     ODR_t odRet = OD_getSub(entry, subIndex, &OD_IOcopy, false);
 336              		.loc 1 113 5 view .LVU93
 113:CANopen/301/CO_PDO.c ****     ODR_t odRet = OD_getSub(entry, subIndex, &OD_IOcopy, false);
 337              		.loc 1 113 25 is_stmt 0 view .LVU94
 338 002c 1498     		ldr	r0, [sp, #80]
 339              	.LVL36:
 113:CANopen/301/CO_PDO.c ****     ODR_t odRet = OD_getSub(entry, subIndex, &OD_IOcopy, false);
 340              		.loc 1 113 25 view .LVU95
 341 002e FFF7FEFF 		bl	OD_find
 342              	.LVL37:
 113:CANopen/301/CO_PDO.c ****     ODR_t odRet = OD_getSub(entry, subIndex, &OD_IOcopy, false);
 343              		.loc 1 113 25 view .LVU96
 344 0032 0190     		str	r0, [sp, #4]
 345              	.LVL38:
 114:CANopen/301/CO_PDO.c ****     if (odRet != ODR_OK) {
 346              		.loc 1 114 5 is_stmt 1 view .LVU97
 114:CANopen/301/CO_PDO.c ****     if (odRet != ODR_OK) {
 347              		.loc 1 114 19 is_stmt 0 view .LVU98
 348 0034 0023     		movs	r3, #0
 349 0036 02AA     		add	r2, sp, #8
 350 0038 4946     		mov	r1, r9
 351 003a FFF7FEFF 		bl	OD_getSub
 352              	.LVL39:
 115:CANopen/301/CO_PDO.c ****         return odRet;
 353              		.loc 1 115 5 is_stmt 1 view .LVU99
 115:CANopen/301/CO_PDO.c ****         return odRet;
 354              		.loc 1 115 8 is_stmt 0 view .LVU100
 355 003e 8446     		mov	ip, r0
 356 0040 0028     		cmp	r0, #0
ARM GAS  C:\Users\Lenovo\AppData\Local\Temp\ccL1vOqM.s 			page 27


 357 0042 5BD1     		bne	.L21
 120:CANopen/301/CO_PDO.c **** #if ((CO_CONFIG_PDO) & (CO_CONFIG_PDO_BITWISE_MAPPING)) != 0
 358              		.loc 1 120 5 is_stmt 1 view .LVU101
 120:CANopen/301/CO_PDO.c **** #if ((CO_CONFIG_PDO) & (CO_CONFIG_PDO_BITWISE_MAPPING)) != 0
 359              		.loc 1 120 15 is_stmt 0 view .LVU102
 360 0044 002F     		cmp	r7, #0
 361 0046 50D0     		beq	.L26
 120:CANopen/301/CO_PDO.c **** #if ((CO_CONFIG_PDO) & (CO_CONFIG_PDO_BITWISE_MAPPING)) != 0
 362              		.loc 1 120 15 discriminator 1 view .LVU103
 363 0048 0823     		movs	r3, #8
 364              	.L23:
 365              	.LVL40:
 127:CANopen/301/CO_PDO.c ****         || (OD_IOcopy.stream.dataLength < mappedLength)) {
 366              		.loc 1 127 5 is_stmt 1 view .LVU104
 127:CANopen/301/CO_PDO.c ****         || (OD_IOcopy.stream.dataLength < mappedLength)) {
 367              		.loc 1 127 27 is_stmt 0 view .LVU105
 368 004a 9DF81820 		ldrb	r2, [sp, #24]	@ zero_extendqisi2
 127:CANopen/301/CO_PDO.c ****         || (OD_IOcopy.stream.dataLength < mappedLength)) {
 369              		.loc 1 127 8 view .LVU106
 370 004e 1A42     		tst	r2, r3
 371 0050 58D0     		beq	.L27
 127:CANopen/301/CO_PDO.c ****         || (OD_IOcopy.stream.dataLength < mappedLength)) {
 372              		.loc 1 127 62 discriminator 1 view .LVU107
 373 0052 14F0070F 		tst	r4, #7
 374 0056 58D1     		bne	.L28
 128:CANopen/301/CO_PDO.c **** #endif /* (CO_CONFIG_PDO) & (CO_CONFIG_PDO_BITWISE_MAPPING) */
 375              		.loc 1 128 29 view .LVU108
 376 0058 049B     		ldr	r3, [sp, #16]
 377              	.LVL41:
 128:CANopen/301/CO_PDO.c **** #endif /* (CO_CONFIG_PDO) & (CO_CONFIG_PDO_BITWISE_MAPPING) */
 378              		.loc 1 128 9 view .LVU109
 379 005a 4345     		cmp	r3, r8
 380 005c 58D3     		bcc	.L29
 134:CANopen/301/CO_PDO.c **** #if ((CO_CONFIG_PDO) & (CO_CONFIG_PDO_BITWISE_MAPPING)) != 0
 381              		.loc 1 134 5 is_stmt 1 view .LVU110
 134:CANopen/301/CO_PDO.c **** #if ((CO_CONFIG_PDO) & (CO_CONFIG_PDO_BITWISE_MAPPING)) != 0
 382              		.loc 1 134 12 is_stmt 0 view .LVU111
 383 005e 06EB451B 		add	fp, r6, r5, lsl #5
 384 0062 0BF11004 		add	r4, fp, #16
 385              	.LVL42:
 134:CANopen/301/CO_PDO.c **** #if ((CO_CONFIG_PDO) & (CO_CONFIG_PDO_BITWISE_MAPPING)) != 0
 386              		.loc 1 134 12 view .LVU112
 387 0066 0DF1080E 		add	lr, sp, #8
 388 006a BEE80F00 		ldmia	lr!, {r0, r1, r2, r3}
 389              	.LVL43:
 134:CANopen/301/CO_PDO.c **** #if ((CO_CONFIG_PDO) & (CO_CONFIG_PDO_BITWISE_MAPPING)) != 0
 390              		.loc 1 134 12 view .LVU113
 391 006e 0FC4     		stmia	r4!, {r0, r1, r2, r3}
 392 0070 9EE80F00 		ldm	lr, {r0, r1, r2, r3}
 393 0074 84E80F00 		stm	r4, {r0, r1, r2, r3}
 138:CANopen/301/CO_PDO.c **** #endif
 394              		.loc 1 138 5 is_stmt 1 view .LVU114
 138:CANopen/301/CO_PDO.c **** #endif
 395              		.loc 1 138 30 is_stmt 0 view .LVU115
 396 0078 CBF81C80 		str	r8, [fp, #28]
 143:CANopen/301/CO_PDO.c ****         if ((subIndex < (OD_FLAGS_PDO_SIZE * 8U)) && (entry->extension != NULL)) {
 397              		.loc 1 143 5 is_stmt 1 view .LVU116
ARM GAS  C:\Users\Lenovo\AppData\Local\Temp\ccL1vOqM.s 			page 28


 143:CANopen/301/CO_PDO.c ****         if ((subIndex < (OD_FLAGS_PDO_SIZE * 8U)) && (entry->extension != NULL)) {
 398              		.loc 1 143 8 is_stmt 0 view .LVU117
 399 007c 002F     		cmp	r7, #0
 400 007e 3DD1     		bne	.L21
 144:CANopen/301/CO_PDO.c ****             PDO->flagPDObyte[mapIndex] = &entry->extension->flagsPDO[subIndex >> 3];
 401              		.loc 1 144 9 is_stmt 1 view .LVU118
 144:CANopen/301/CO_PDO.c ****             PDO->flagPDObyte[mapIndex] = &entry->extension->flagsPDO[subIndex >> 3];
 402              		.loc 1 144 12 is_stmt 0 view .LVU119
 403 0080 B9F11F0F 		cmp	r9, #31
 404 0084 33D8     		bhi	.L24
 144:CANopen/301/CO_PDO.c ****             PDO->flagPDObyte[mapIndex] = &entry->extension->flagsPDO[subIndex >> 3];
 405              		.loc 1 144 60 discriminator 1 view .LVU120
 406 0086 019B     		ldr	r3, [sp, #4]
 407 0088 9B68     		ldr	r3, [r3, #8]
 144:CANopen/301/CO_PDO.c ****             PDO->flagPDObyte[mapIndex] = &entry->extension->flagsPDO[subIndex >> 3];
 408              		.loc 1 144 51 discriminator 1 view .LVU121
 409 008a 83B3     		cbz	r3, .L24
 145:CANopen/301/CO_PDO.c ****             PDO->flagPDObitmask[mapIndex] = 1U << (subIndex & 0x07U);
 410              		.loc 1 145 13 is_stmt 1 view .LVU122
 145:CANopen/301/CO_PDO.c ****             PDO->flagPDObitmask[mapIndex] = 1U << (subIndex & 0x07U);
 411              		.loc 1 145 79 is_stmt 0 view .LVU123
 412 008c 4FEAD909 		lsr	r9, r9, #3
 413              	.LVL44:
 145:CANopen/301/CO_PDO.c ****             PDO->flagPDObitmask[mapIndex] = 1U << (subIndex & 0x07U);
 414              		.loc 1 145 42 view .LVU124
 415 0090 09F10809 		add	r9, r9, #8
 416 0094 4B44     		add	r3, r3, r9
 417 0096 0433     		adds	r3, r3, #4
 145:CANopen/301/CO_PDO.c ****             PDO->flagPDObitmask[mapIndex] = 1U << (subIndex & 0x07U);
 418              		.loc 1 145 40 view .LVU125
 419 0098 05F14402 		add	r2, r5, #68
 420 009c 46F82230 		str	r3, [r6, r2, lsl #2]
 146:CANopen/301/CO_PDO.c ****         } else {
 421              		.loc 1 146 13 is_stmt 1 view .LVU126
 146:CANopen/301/CO_PDO.c ****         } else {
 422              		.loc 1 146 61 is_stmt 0 view .LVU127
 423 00a0 0AF0070A 		and	r10, r10, #7
 146:CANopen/301/CO_PDO.c ****         } else {
 424              		.loc 1 146 48 view .LVU128
 425 00a4 0123     		movs	r3, #1
 426 00a6 03FA0AF3 		lsl	r3, r3, r10
 146:CANopen/301/CO_PDO.c ****         } else {
 427              		.loc 1 146 43 view .LVU129
 428 00aa 2E44     		add	r6, r6, r5
 429              	.LVL45:
 146:CANopen/301/CO_PDO.c ****         } else {
 430              		.loc 1 146 43 view .LVU130
 431 00ac 86F83031 		strb	r3, [r6, #304]
 432 00b0 24E0     		b	.L21
 433              	.LVL46:
 434              	.L31:
 435              	.LBB92:
 102:CANopen/301/CO_PDO.c ****         (void)memset(stream, 0, sizeof(OD_stream_t));
 436              		.loc 1 102 9 is_stmt 1 view .LVU131
 102:CANopen/301/CO_PDO.c ****         (void)memset(stream, 0, sizeof(OD_stream_t));
 437              		.loc 1 102 22 is_stmt 0 view .LVU132
 438 00b2 5501     		lsls	r5, r2, #5
ARM GAS  C:\Users\Lenovo\AppData\Local\Temp\ccL1vOqM.s 			page 29


 439              	.LVL47:
 102:CANopen/301/CO_PDO.c ****         (void)memset(stream, 0, sizeof(OD_stream_t));
 440              		.loc 1 102 22 view .LVU133
 441 00b4 05F11002 		add	r2, r5, #16
 442              	.LVL48:
 102:CANopen/301/CO_PDO.c ****         (void)memset(stream, 0, sizeof(OD_stream_t));
 443              		.loc 1 102 22 view .LVU134
 444 00b8 8318     		adds	r3, r0, r2
 445              	.LVL49:
 103:CANopen/301/CO_PDO.c ****         stream->dataLength = mappedLength;
 446              		.loc 1 103 9 is_stmt 1 view .LVU135
 103:CANopen/301/CO_PDO.c ****         stream->dataLength = mappedLength;
 447              		.loc 1 103 15 is_stmt 0 view .LVU136
 448 00ba 4FF0000C 		mov	ip, #0
 449 00be 40F802C0 		str	ip, [r0, r2]	@ unaligned
 450 00c2 C3F804C0 		str	ip, [r3, #4]	@ unaligned
 451 00c6 C3F808C0 		str	ip, [r3, #8]	@ unaligned
 452 00ca C3F80CC0 		str	ip, [r3, #12]	@ unaligned
 453 00ce C3F810C0 		str	ip, [r3, #16]	@ unaligned
 454 00d2 C3F814C0 		str	ip, [r3, #20]	@ unaligned
 104:CANopen/301/CO_PDO.c ****         stream->dataOffset = mappedLength;
 455              		.loc 1 104 9 is_stmt 1 view .LVU137
 104:CANopen/301/CO_PDO.c ****         stream->dataOffset = mappedLength;
 456              		.loc 1 104 28 is_stmt 0 view .LVU138
 457 00d6 0544     		add	r5, r5, r0
 458 00d8 C5F81880 		str	r8, [r5, #24]
 105:CANopen/301/CO_PDO.c ****         OD_IO->read = OD_read_dummy;
 459              		.loc 1 105 9 is_stmt 1 view .LVU139
 105:CANopen/301/CO_PDO.c ****         OD_IO->read = OD_read_dummy;
 460              		.loc 1 105 28 is_stmt 0 view .LVU140
 461 00dc C5F81C80 		str	r8, [r5, #28]
 106:CANopen/301/CO_PDO.c ****         OD_IO->write = OD_write_dummy;
 462              		.loc 1 106 9 is_stmt 1 view .LVU141
 106:CANopen/301/CO_PDO.c ****         OD_IO->write = OD_write_dummy;
 463              		.loc 1 106 21 is_stmt 0 view .LVU142
 464 00e0 0D4B     		ldr	r3, .L32
 465              	.LVL50:
 106:CANopen/301/CO_PDO.c ****         OD_IO->write = OD_write_dummy;
 466              		.loc 1 106 21 view .LVU143
 467 00e2 AB62     		str	r3, [r5, #40]
 107:CANopen/301/CO_PDO.c ****         return ODR_OK;
 468              		.loc 1 107 9 is_stmt 1 view .LVU144
 107:CANopen/301/CO_PDO.c ****         return ODR_OK;
 469              		.loc 1 107 22 is_stmt 0 view .LVU145
 470 00e4 0D4B     		ldr	r3, .L32+4
 471 00e6 EB62     		str	r3, [r5, #44]
 108:CANopen/301/CO_PDO.c ****     }
 472              		.loc 1 108 9 is_stmt 1 view .LVU146
 108:CANopen/301/CO_PDO.c ****     }
 473              		.loc 1 108 16 is_stmt 0 view .LVU147
 474 00e8 08E0     		b	.L21
 475              	.LVL51:
 476              	.L26:
 108:CANopen/301/CO_PDO.c ****     }
 477              		.loc 1 108 16 view .LVU148
 478              	.LBE92:
 120:CANopen/301/CO_PDO.c **** #if ((CO_CONFIG_PDO) & (CO_CONFIG_PDO_BITWISE_MAPPING)) != 0
ARM GAS  C:\Users\Lenovo\AppData\Local\Temp\ccL1vOqM.s 			page 30


 479              		.loc 1 120 15 discriminator 2 view .LVU149
 480 00ea 0423     		movs	r3, #4
 481 00ec ADE7     		b	.L23
 482              	.LVL52:
 483              	.L24:
 148:CANopen/301/CO_PDO.c ****         }
 484              		.loc 1 148 13 is_stmt 1 view .LVU150
 148:CANopen/301/CO_PDO.c ****         }
 485              		.loc 1 148 40 is_stmt 0 view .LVU151
 486 00ee 4435     		adds	r5, r5, #68
 487              	.LVL53:
 148:CANopen/301/CO_PDO.c ****         }
 488              		.loc 1 148 40 view .LVU152
 489 00f0 0023     		movs	r3, #0
 490 00f2 46F82530 		str	r3, [r6, r5, lsl #2]
 491 00f6 01E0     		b	.L21
 492              	.LVL54:
 493              	.L25:
  97:CANopen/301/CO_PDO.c ****     }
 494              		.loc 1 97 16 view .LVU153
 495 00f8 4FF0070C 		mov	ip, #7
 496              	.LVL55:
 497              	.L21:
 154:CANopen/301/CO_PDO.c **** 
 498              		.loc 1 154 1 view .LVU154
 499 00fc 6046     		mov	r0, ip
 500 00fe 0BB0     		add	sp, sp, #44
 501              	.LCFI6:
 502              		.cfi_remember_state
 503              		.cfi_def_cfa_offset 36
 504              		@ sp needed
 505 0100 BDE8F08F 		pop	{r4, r5, r6, r7, r8, r9, r10, fp, pc}
 506              	.LVL56:
 507              	.L27:
 508              	.LCFI7:
 509              		.cfi_restore_state
 130:CANopen/301/CO_PDO.c ****     }
 510              		.loc 1 130 16 view .LVU155
 511 0104 4FF0060C 		mov	ip, #6
 512 0108 F8E7     		b	.L21
 513              	.L28:
 130:CANopen/301/CO_PDO.c ****     }
 514              		.loc 1 130 16 view .LVU156
 515 010a 4FF0060C 		mov	ip, #6
 516 010e F5E7     		b	.L21
 517              	.LVL57:
 518              	.L29:
 130:CANopen/301/CO_PDO.c ****     }
 519              		.loc 1 130 16 view .LVU157
 520 0110 4FF0060C 		mov	ip, #6
 521 0114 F2E7     		b	.L21
 522              	.L33:
 523 0116 00BF     		.align	2
 524              	.L32:
 525 0118 00000000 		.word	OD_read_dummy
 526 011c 00000000 		.word	OD_write_dummy
 527              		.cfi_endproc
ARM GAS  C:\Users\Lenovo\AppData\Local\Temp\ccL1vOqM.s 			page 31


 528              	.LFE38:
 530              		.section	.text.OD_write_PDO_mapping,"ax",%progbits
 531              		.align	1
 532              		.syntax unified
 533              		.thumb
 534              		.thumb_func
 536              	OD_write_PDO_mapping:
 537              	.LVL58:
 538              	.LFB40:
 238:CANopen/301/CO_PDO.c ****     /* "count" is already verified in *_init() function */
 539              		.loc 1 238 102 is_stmt 1 view -0
 540              		.cfi_startproc
 541              		@ args = 0, pretend = 0, frame = 0
 542              		@ frame_needed = 0, uses_anonymous_args = 0
 240:CANopen/301/CO_PDO.c ****         return ODR_DEV_INCOMPAT;
 543              		.loc 1 240 5 view .LVU159
 240:CANopen/301/CO_PDO.c ****         return ODR_DEV_INCOMPAT;
 544              		.loc 1 240 8 is_stmt 0 view .LVU160
 545 0000 0028     		cmp	r0, #0
 546 0002 47D0     		beq	.L42
 238:CANopen/301/CO_PDO.c ****     /* "count" is already verified in *_init() function */
 547              		.loc 1 238 102 view .LVU161
 548 0004 2DE9F041 		push	{r4, r5, r6, r7, r8, lr}
 549              	.LCFI8:
 550              		.cfi_def_cfa_offset 24
 551              		.cfi_offset 4, -24
 552              		.cfi_offset 5, -20
 553              		.cfi_offset 6, -16
 554              		.cfi_offset 7, -12
 555              		.cfi_offset 8, -8
 556              		.cfi_offset 14, -4
 557 0008 82B0     		sub	sp, sp, #8
 558              	.LCFI9:
 559              		.cfi_def_cfa_offset 32
 560 000a 0D46     		mov	r5, r1
 561 000c 1746     		mov	r7, r2
 562 000e 1E46     		mov	r6, r3
 563 0010 8046     		mov	r8, r0
 240:CANopen/301/CO_PDO.c ****         return ODR_DEV_INCOMPAT;
 564              		.loc 1 240 26 discriminator 1 view .LVU162
 565 0012 0029     		cmp	r1, #0
 566 0014 40D0     		beq	.L43
 240:CANopen/301/CO_PDO.c ****         return ODR_DEV_INCOMPAT;
 567              		.loc 1 240 43 discriminator 2 view .LVU163
 568 0016 002B     		cmp	r3, #0
 569 0018 40D0     		beq	.L44
 240:CANopen/301/CO_PDO.c ****         return ODR_DEV_INCOMPAT;
 570              		.loc 1 240 79 discriminator 3 view .LVU164
 571 001a 047D     		ldrb	r4, [r0, #20]	@ zero_extendqisi2
 240:CANopen/301/CO_PDO.c ****         return ODR_DEV_INCOMPAT;
 572              		.loc 1 240 69 discriminator 3 view .LVU165
 573 001c 082C     		cmp	r4, #8
 574 001e 3FD8     		bhi	.L45
 245:CANopen/301/CO_PDO.c **** 
 575              		.loc 1 245 5 is_stmt 1 view .LVU166
 245:CANopen/301/CO_PDO.c **** 
 576              		.loc 1 245 22 is_stmt 0 view .LVU167
ARM GAS  C:\Users\Lenovo\AppData\Local\Temp\ccL1vOqM.s 			page 32


 577 0020 4068     		ldr	r0, [r0, #4]
 578              	.LVL59:
 248:CANopen/301/CO_PDO.c ****         return ODR_UNSUPP_ACCESS;
 579              		.loc 1 248 5 is_stmt 1 view .LVU168
 248:CANopen/301/CO_PDO.c ****         return ODR_UNSUPP_ACCESS;
 580              		.loc 1 248 13 is_stmt 0 view .LVU169
 581 0022 8268     		ldr	r2, [r0, #8]
 582              	.LVL60:
 248:CANopen/301/CO_PDO.c ****         return ODR_UNSUPP_ACCESS;
 583              		.loc 1 248 8 view .LVU170
 584 0024 002A     		cmp	r2, #0
 585 0026 3DD1     		bne	.L46
 248:CANopen/301/CO_PDO.c ****         return ODR_UNSUPP_ACCESS;
 586              		.loc 1 248 30 discriminator 1 view .LVU171
 587 0028 437B     		ldrb	r3, [r0, #13]	@ zero_extendqisi2
 588              	.LVL61:
 248:CANopen/301/CO_PDO.c ****         return ODR_UNSUPP_ACCESS;
 589              		.loc 1 248 22 discriminator 1 view .LVU172
 590 002a 0BB1     		cbz	r3, .L36
 248:CANopen/301/CO_PDO.c ****         return ODR_UNSUPP_ACCESS;
 591              		.loc 1 248 58 discriminator 2 view .LVU173
 592 002c 002C     		cmp	r4, #0
 593 002e 3BD1     		bne	.L47
 594              	.L36:
 252:CANopen/301/CO_PDO.c ****         uint8_t mappedObjectsCount = CO_getUint8(buf);
 595              		.loc 1 252 5 is_stmt 1 view .LVU174
 252:CANopen/301/CO_PDO.c ****         uint8_t mappedObjectsCount = CO_getUint8(buf);
 596              		.loc 1 252 8 is_stmt 0 view .LVU175
 597 0030 E4B9     		cbnz	r4, .L37
 598              	.LBB93:
 253:CANopen/301/CO_PDO.c ****         size_t pdoDataLength = 0;
 599              		.loc 1 253 9 is_stmt 1 view .LVU176
 600              	.LVL62:
 601              	.LBB94:
 602              	.LBI94:
 601:CANopen/301/CO_driver.h ****     uint8_t value;
 603              		.loc 2 601 1 view .LVU177
 604              	.LBB95:
 602:CANopen/301/CO_driver.h ****     (void)memmove((void*)&value, buf, sizeof(value));
 605              		.loc 2 602 5 view .LVU178
 603:CANopen/301/CO_driver.h ****     return value;
 606              		.loc 2 603 5 view .LVU179
 603:CANopen/301/CO_driver.h ****     return value;
 607              		.loc 2 603 11 is_stmt 0 view .LVU180
 608 0032 95F800E0 		ldrb	lr, [r5]	@ zero_extendqisi2
 609              	.LVL63:
 604:CANopen/301/CO_driver.h **** }
 610              		.loc 2 604 5 is_stmt 1 view .LVU181
 604:CANopen/301/CO_driver.h **** }
 611              		.loc 2 604 5 is_stmt 0 view .LVU182
 612              	.LBE95:
 613              	.LBE94:
 254:CANopen/301/CO_PDO.c **** 
 614              		.loc 1 254 9 is_stmt 1 view .LVU183
 256:CANopen/301/CO_PDO.c ****             return ODR_MAP_LEN;
 615              		.loc 1 256 9 view .LVU184
 256:CANopen/301/CO_PDO.c ****             return ODR_MAP_LEN;
ARM GAS  C:\Users\Lenovo\AppData\Local\Temp\ccL1vOqM.s 			page 33


 616              		.loc 1 256 12 is_stmt 0 view .LVU185
 617 0036 BEF1080F 		cmp	lr, #8
 618 003a 37D8     		bhi	.L56
 619              	.LVL64:
 620              	.L38:
 621              	.LBB96:
 261:CANopen/301/CO_PDO.c ****             OD_IO_t* OD_IO = &PDO->OD_IO[i];
 622              		.loc 1 261 31 is_stmt 1 discriminator 1 view .LVU186
 623 003c 7445     		cmp	r4, lr
 624 003e 0BD2     		bcs	.L57
 625              	.LBB97:
 262:CANopen/301/CO_PDO.c ****             size_t dataLength = (size_t)OD_IO->stream.dataLength;
 626              		.loc 1 262 13 view .LVU187
 627              	.LVL65:
 263:CANopen/301/CO_PDO.c ****             size_t mappedLength = (size_t)OD_IO->stream.dataOffset;
 628              		.loc 1 263 13 view .LVU188
 263:CANopen/301/CO_PDO.c ****             size_t mappedLength = (size_t)OD_IO->stream.dataOffset;
 629              		.loc 1 263 20 is_stmt 0 view .LVU189
 630 0040 00EB441C 		add	ip, r0, r4, lsl #5
 631 0044 DCF81810 		ldr	r1, [ip, #24]
 632              	.LVL66:
 264:CANopen/301/CO_PDO.c **** 
 633              		.loc 1 264 13 is_stmt 1 view .LVU190
 264:CANopen/301/CO_PDO.c **** 
 634              		.loc 1 264 20 is_stmt 0 view .LVU191
 635 0048 DCF81C30 		ldr	r3, [ip, #28]
 636              	.LVL67:
 269:CANopen/301/CO_PDO.c **** #endif
 637              		.loc 1 269 13 is_stmt 1 view .LVU192
 269:CANopen/301/CO_PDO.c **** #endif
 638              		.loc 1 269 16 is_stmt 0 view .LVU193
 639 004c 9942     		cmp	r1, r3
 640 004e 2FD3     		bcc	.L49
 274:CANopen/301/CO_PDO.c ****         }
 641              		.loc 1 274 13 is_stmt 1 view .LVU194
 274:CANopen/301/CO_PDO.c ****         }
 642              		.loc 1 274 27 is_stmt 0 view .LVU195
 643 0050 1A44     		add	r2, r2, r3
 644              	.LVL68:
 274:CANopen/301/CO_PDO.c ****         }
 645              		.loc 1 274 27 view .LVU196
 646              	.LBE97:
 261:CANopen/301/CO_PDO.c ****             OD_IO_t* OD_IO = &PDO->OD_IO[i];
 647              		.loc 1 261 54 is_stmt 1 discriminator 2 view .LVU197
 648 0052 0134     		adds	r4, r4, #1
 649              	.LVL69:
 261:CANopen/301/CO_PDO.c ****             OD_IO_t* OD_IO = &PDO->OD_IO[i];
 650              		.loc 1 261 54 is_stmt 0 discriminator 2 view .LVU198
 651 0054 E4B2     		uxtb	r4, r4
 652              	.LVL70:
 261:CANopen/301/CO_PDO.c ****             OD_IO_t* OD_IO = &PDO->OD_IO[i];
 653              		.loc 1 261 54 discriminator 2 view .LVU199
 654 0056 F1E7     		b	.L38
 655              	.LVL71:
 656              	.L57:
 261:CANopen/301/CO_PDO.c ****             OD_IO_t* OD_IO = &PDO->OD_IO[i];
 657              		.loc 1 261 54 discriminator 2 view .LVU200
ARM GAS  C:\Users\Lenovo\AppData\Local\Temp\ccL1vOqM.s 			page 34


 658              	.LBE96:
 280:CANopen/301/CO_PDO.c **** #endif
 659              		.loc 1 280 9 is_stmt 1 view .LVU201
 280:CANopen/301/CO_PDO.c **** #endif
 660              		.loc 1 280 12 is_stmt 0 view .LVU202
 661 0058 082A     		cmp	r2, #8
 662 005a 2BD8     		bhi	.L50
 284:CANopen/301/CO_PDO.c ****             return ODR_INVALID_VALUE;
 663              		.loc 1 284 9 is_stmt 1 view .LVU203
 284:CANopen/301/CO_PDO.c ****             return ODR_INVALID_VALUE;
 664              		.loc 1 284 12 is_stmt 0 view .LVU204
 665 005c 12B9     		cbnz	r2, .L40
 284:CANopen/301/CO_PDO.c ****             return ODR_INVALID_VALUE;
 666              		.loc 1 284 35 discriminator 1 view .LVU205
 667 005e BEF1000F 		cmp	lr, #0
 668 0062 29D1     		bne	.L51
 669              	.L40:
 289:CANopen/301/CO_PDO.c ****         PDO->mappedObjectsCount = mappedObjectsCount;
 670              		.loc 1 289 9 is_stmt 1 view .LVU206
 289:CANopen/301/CO_PDO.c ****         PDO->mappedObjectsCount = mappedObjectsCount;
 671              		.loc 1 289 25 is_stmt 0 view .LVU207
 672 0064 0273     		strb	r2, [r0, #12]
 290:CANopen/301/CO_PDO.c ****     } else {
 673              		.loc 1 290 9 is_stmt 1 view .LVU208
 290:CANopen/301/CO_PDO.c ****     } else {
 674              		.loc 1 290 33 is_stmt 0 view .LVU209
 675 0066 80F80DE0 		strb	lr, [r0, #13]
 676              	.LBE93:
 677 006a 0AE0     		b	.L41
 678              	.LVL72:
 679              	.L37:
 680              	.LBB100:
 292:CANopen/301/CO_PDO.c ****         ODR_t odRet = PDOconfigMap(PDO, val, stream->subIndex - 1U, PDO->isRPDO, PDO->OD);
 681              		.loc 1 292 9 is_stmt 1 view .LVU210
 682              	.LBB101:
 683              	.LBI101:
 617:CANopen/301/CO_driver.h ****     uint32_t value;
 684              		.loc 2 617 1 view .LVU211
 685              	.LBB102:
 618:CANopen/301/CO_driver.h ****     (void)memmove((void*)&value, buf, sizeof(value));
 686              		.loc 2 618 5 view .LVU212
 619:CANopen/301/CO_driver.h ****     return value;
 687              		.loc 2 619 5 view .LVU213
 620:CANopen/301/CO_driver.h **** }
 688              		.loc 2 620 5 view .LVU214
 620:CANopen/301/CO_driver.h **** }
 689              		.loc 2 620 5 is_stmt 0 view .LVU215
 690              	.LBE102:
 691              	.LBE101:
 293:CANopen/301/CO_PDO.c ****         if (odRet != ODR_OK) {
 692              		.loc 1 293 9 is_stmt 1 view .LVU216
 293:CANopen/301/CO_PDO.c ****         if (odRet != ODR_OK) {
 693              		.loc 1 293 23 is_stmt 0 view .LVU217
 694 006c D0F83831 		ldr	r3, [r0, #312]
 695 0070 013C     		subs	r4, r4, #1
 696 0072 D0F83C21 		ldr	r2, [r0, #316]
 697 0076 0092     		str	r2, [sp]
ARM GAS  C:\Users\Lenovo\AppData\Local\Temp\ccL1vOqM.s 			page 35


 698              	.LVL73:
 293:CANopen/301/CO_PDO.c ****         if (odRet != ODR_OK) {
 699              		.loc 1 293 23 view .LVU218
 700 0078 E2B2     		uxtb	r2, r4
 701 007a 2968     		ldr	r1, [r5]	@ unaligned
 702              	.LVL74:
 293:CANopen/301/CO_PDO.c ****         if (odRet != ODR_OK) {
 703              		.loc 1 293 23 view .LVU219
 704 007c FFF7FEFF 		bl	PDOconfigMap
 705              	.LVL75:
 294:CANopen/301/CO_PDO.c ****             return odRet;
 706              		.loc 1 294 9 is_stmt 1 view .LVU220
 294:CANopen/301/CO_PDO.c ****             return odRet;
 707              		.loc 1 294 12 is_stmt 0 view .LVU221
 708 0080 28B9     		cbnz	r0, .L35
 709              	.LVL76:
 710              	.L41:
 294:CANopen/301/CO_PDO.c ****             return odRet;
 711              		.loc 1 294 12 view .LVU222
 712              	.LBE100:
 300:CANopen/301/CO_PDO.c **** }
 713              		.loc 1 300 5 is_stmt 1 view .LVU223
 300:CANopen/301/CO_PDO.c **** }
 714              		.loc 1 300 12 is_stmt 0 view .LVU224
 715 0082 3346     		mov	r3, r6
 716 0084 3A46     		mov	r2, r7
 717 0086 2946     		mov	r1, r5
 718 0088 4046     		mov	r0, r8
 719 008a FFF7FEFF 		bl	OD_writeOriginal
 720              	.LVL77:
 721              	.L35:
 301:CANopen/301/CO_PDO.c **** #endif /* (CO_CONFIG_PDO) & CO_CONFIG_FLAG_OD_DYNAMIC */
 722              		.loc 1 301 1 view .LVU225
 723 008e 02B0     		add	sp, sp, #8
 724              	.LCFI10:
 725              		.cfi_def_cfa_offset 24
 726              		@ sp needed
 727 0090 BDE8F081 		pop	{r4, r5, r6, r7, r8, pc}
 728              	.LVL78:
 729              	.L42:
 730              	.LCFI11:
 731              		.cfi_def_cfa_offset 0
 732              		.cfi_restore 4
 733              		.cfi_restore 5
 734              		.cfi_restore 6
 735              		.cfi_restore 7
 736              		.cfi_restore 8
 737              		.cfi_restore 14
 241:CANopen/301/CO_PDO.c ****     }
 738              		.loc 1 241 16 view .LVU226
 739 0094 0920     		movs	r0, #9
 740              	.LVL79:
 301:CANopen/301/CO_PDO.c **** #endif /* (CO_CONFIG_PDO) & CO_CONFIG_FLAG_OD_DYNAMIC */
 741              		.loc 1 301 1 view .LVU227
 742 0096 7047     		bx	lr
 743              	.LVL80:
 744              	.L43:
ARM GAS  C:\Users\Lenovo\AppData\Local\Temp\ccL1vOqM.s 			page 36


 745              	.LCFI12:
 746              		.cfi_def_cfa_offset 32
 747              		.cfi_offset 4, -24
 748              		.cfi_offset 5, -20
 749              		.cfi_offset 6, -16
 750              		.cfi_offset 7, -12
 751              		.cfi_offset 8, -8
 752              		.cfi_offset 14, -4
 241:CANopen/301/CO_PDO.c ****     }
 753              		.loc 1 241 16 view .LVU228
 754 0098 0920     		movs	r0, #9
 755              	.LVL81:
 241:CANopen/301/CO_PDO.c ****     }
 756              		.loc 1 241 16 view .LVU229
 757 009a F8E7     		b	.L35
 758              	.LVL82:
 759              	.L44:
 241:CANopen/301/CO_PDO.c ****     }
 760              		.loc 1 241 16 view .LVU230
 761 009c 0920     		movs	r0, #9
 762              	.LVL83:
 241:CANopen/301/CO_PDO.c ****     }
 763              		.loc 1 241 16 view .LVU231
 764 009e F6E7     		b	.L35
 765              	.LVL84:
 766              	.L45:
 241:CANopen/301/CO_PDO.c ****     }
 767              		.loc 1 241 16 view .LVU232
 768 00a0 0920     		movs	r0, #9
 769              	.LVL85:
 241:CANopen/301/CO_PDO.c ****     }
 770              		.loc 1 241 16 view .LVU233
 771 00a2 F4E7     		b	.L35
 772              	.LVL86:
 773              	.L46:
 249:CANopen/301/CO_PDO.c ****     }
 774              		.loc 1 249 16 view .LVU234
 775 00a4 0220     		movs	r0, #2
 776              	.LVL87:
 249:CANopen/301/CO_PDO.c ****     }
 777              		.loc 1 249 16 view .LVU235
 778 00a6 F2E7     		b	.L35
 779              	.LVL88:
 780              	.L47:
 249:CANopen/301/CO_PDO.c ****     }
 781              		.loc 1 249 16 view .LVU236
 782 00a8 0220     		movs	r0, #2
 783              	.LVL89:
 249:CANopen/301/CO_PDO.c ****     }
 784              		.loc 1 249 16 view .LVU237
 785 00aa F0E7     		b	.L35
 786              	.LVL90:
 787              	.L56:
 788              	.LBB103:
 257:CANopen/301/CO_PDO.c ****         }
 789              		.loc 1 257 20 view .LVU238
 790 00ac 0720     		movs	r0, #7
ARM GAS  C:\Users\Lenovo\AppData\Local\Temp\ccL1vOqM.s 			page 37


 791              	.LVL91:
 257:CANopen/301/CO_PDO.c ****         }
 792              		.loc 1 257 20 view .LVU239
 793 00ae EEE7     		b	.L35
 794              	.LVL92:
 795              	.L49:
 796              	.LBB99:
 797              	.LBB98:
 272:CANopen/301/CO_PDO.c ****             }
 798              		.loc 1 272 24 view .LVU240
 799 00b0 0620     		movs	r0, #6
 800              	.LVL93:
 272:CANopen/301/CO_PDO.c ****             }
 801              		.loc 1 272 24 view .LVU241
 802 00b2 ECE7     		b	.L35
 803              	.LVL94:
 804              	.L50:
 272:CANopen/301/CO_PDO.c ****             }
 805              		.loc 1 272 24 view .LVU242
 806              	.LBE98:
 807              	.LBE99:
 282:CANopen/301/CO_PDO.c ****         }
 808              		.loc 1 282 20 view .LVU243
 809 00b4 0720     		movs	r0, #7
 810              	.LVL95:
 282:CANopen/301/CO_PDO.c ****         }
 811              		.loc 1 282 20 view .LVU244
 812 00b6 EAE7     		b	.L35
 813              	.LVL96:
 814              	.L51:
 285:CANopen/301/CO_PDO.c ****         }
 815              		.loc 1 285 20 view .LVU245
 816 00b8 0F20     		movs	r0, #15
 817              	.LVL97:
 285:CANopen/301/CO_PDO.c ****         }
 818              		.loc 1 285 20 view .LVU246
 819 00ba E8E7     		b	.L35
 820              	.LBE103:
 821              		.cfi_endproc
 822              	.LFE40:
 824              		.section	.text.OD_write_14xx,"ax",%progbits
 825              		.align	1
 826              		.syntax unified
 827              		.thumb
 828              		.thumb_func
 830              	OD_write_14xx:
 831              	.LVL98:
 832              	.LFB43:
 434:CANopen/301/CO_PDO.c **** #endif /* (CO_CONFIG_PDO) & CO_CONFIG_FLAG_OD_DYNAMIC */
 435:CANopen/301/CO_PDO.c **** 
 436:CANopen/301/CO_PDO.c **** /*******************************************************************************
 437:CANopen/301/CO_PDO.c ****  *      R P D O
 438:CANopen/301/CO_PDO.c ****  ******************************************************************************/
 439:CANopen/301/CO_PDO.c **** #if ((CO_CONFIG_PDO)&CO_CONFIG_RPDO_ENABLE) != 0
 440:CANopen/301/CO_PDO.c **** /*
 441:CANopen/301/CO_PDO.c ****  * @defgroup CO_PDO_receiveErrors_t States for RPDO->receiveError indicates received RPDOs with wro
 442:CANopen/301/CO_PDO.c ****  * @{
ARM GAS  C:\Users\Lenovo\AppData\Local\Temp\ccL1vOqM.s 			page 38


 443:CANopen/301/CO_PDO.c ****  *
 444:CANopen/301/CO_PDO.c ****  */
 445:CANopen/301/CO_PDO.c **** #define CO_RPDO_RX_ACK_NO_ERROR 0U  /* No error */
 446:CANopen/301/CO_PDO.c **** #define CO_RPDO_RX_ACK_ERROR    1U  /* Error is acknowledged */
 447:CANopen/301/CO_PDO.c **** #define CO_RPDO_RX_ACK          10U /* Auxiliary value */
 448:CANopen/301/CO_PDO.c **** #define CO_RPDO_RX_OK           11U /* Correct RPDO received, not acknowledged */
 449:CANopen/301/CO_PDO.c **** #define CO_RPDO_RX_SHORT        12U /* Too short RPDO received, not acknowledged */
 450:CANopen/301/CO_PDO.c **** #define CO_RPDO_RX_LONG         13U /* Too long RPDO received, not acknowledged */
 451:CANopen/301/CO_PDO.c **** 
 452:CANopen/301/CO_PDO.c **** /* @} */ /* CO_PDO_receiveErrors_t */
 453:CANopen/301/CO_PDO.c **** 
 454:CANopen/301/CO_PDO.c **** /*
 455:CANopen/301/CO_PDO.c ****  * Read received message from CAN module.
 456:CANopen/301/CO_PDO.c ****  *
 457:CANopen/301/CO_PDO.c ****  * Function will be called (by CAN receive interrupt) every time, when CAN message with correct ide
 458:CANopen/301/CO_PDO.c ****  * will be received. For more information and description of parameters see file CO_driver.h.
 459:CANopen/301/CO_PDO.c ****  * If new message arrives and previous message wasn't processed yet, then
 460:CANopen/301/CO_PDO.c ****  * previous message will be lost and overwritten by the new message.
 461:CANopen/301/CO_PDO.c ****  */
 462:CANopen/301/CO_PDO.c **** static void
 463:CANopen/301/CO_PDO.c **** CO_PDO_receive(void* object, void* msg) {
 464:CANopen/301/CO_PDO.c ****     CO_RPDO_t* RPDO = object;
 465:CANopen/301/CO_PDO.c ****     CO_PDO_common_t* PDO = &RPDO->PDO_common;
 466:CANopen/301/CO_PDO.c ****     uint8_t DLC = CO_CANrxMsg_readDLC(msg);
 467:CANopen/301/CO_PDO.c ****     const uint8_t* data = CO_CANrxMsg_readData(msg);
 468:CANopen/301/CO_PDO.c ****     uint8_t err = RPDO->receiveError;
 469:CANopen/301/CO_PDO.c **** 
 470:CANopen/301/CO_PDO.c ****     if (PDO->valid) {
 471:CANopen/301/CO_PDO.c **** #if ((CO_CONFIG_PDO)&CO_CONFIG_PDO_BITWISE_MAPPING) != 0
 472:CANopen/301/CO_PDO.c ****         if (DLC >= (PDO->dataLength + 7) / 8) {
 473:CANopen/301/CO_PDO.c **** #else
 474:CANopen/301/CO_PDO.c ****         if (DLC >= PDO->dataLength) {
 475:CANopen/301/CO_PDO.c **** #endif
 476:CANopen/301/CO_PDO.c ****             /* indicate errors in PDO length */
 477:CANopen/301/CO_PDO.c **** #if ((CO_CONFIG_PDO)&CO_CONFIG_PDO_BITWISE_MAPPING) != 0
 478:CANopen/301/CO_PDO.c ****             if (DLC == (PDO->dataLength + 7) / 8) {
 479:CANopen/301/CO_PDO.c **** #else
 480:CANopen/301/CO_PDO.c ****             if (DLC == PDO->dataLength) {
 481:CANopen/301/CO_PDO.c **** #endif
 482:CANopen/301/CO_PDO.c ****                 if (err == CO_RPDO_RX_ACK_ERROR) {
 483:CANopen/301/CO_PDO.c ****                     err = CO_RPDO_RX_OK;
 484:CANopen/301/CO_PDO.c ****                 }
 485:CANopen/301/CO_PDO.c ****             } else {
 486:CANopen/301/CO_PDO.c ****                 if (err == CO_RPDO_RX_ACK_NO_ERROR) {
 487:CANopen/301/CO_PDO.c ****                     err = CO_RPDO_RX_LONG;
 488:CANopen/301/CO_PDO.c ****                 }
 489:CANopen/301/CO_PDO.c ****             }
 490:CANopen/301/CO_PDO.c **** 
 491:CANopen/301/CO_PDO.c ****             /* Determine, to which of the two rx buffers copy the message. */
 492:CANopen/301/CO_PDO.c ****             uint8_t bufNo = 0;
 493:CANopen/301/CO_PDO.c **** #if ((CO_CONFIG_PDO)&CO_CONFIG_PDO_SYNC_ENABLE) != 0
 494:CANopen/301/CO_PDO.c ****             if (RPDO->synchronous && (RPDO->SYNC != NULL) && RPDO->SYNC->CANrxToggle) {
 495:CANopen/301/CO_PDO.c ****                 bufNo = 1;
 496:CANopen/301/CO_PDO.c ****             }
 497:CANopen/301/CO_PDO.c **** #endif
 498:CANopen/301/CO_PDO.c **** 
 499:CANopen/301/CO_PDO.c ****             /* copy data into appropriate buffer and set 'new message' flag */
ARM GAS  C:\Users\Lenovo\AppData\Local\Temp\ccL1vOqM.s 			page 39


 500:CANopen/301/CO_PDO.c ****             (void)memcpy(RPDO->CANrxData[bufNo], data, CO_PDO_MAX_SIZE);
 501:CANopen/301/CO_PDO.c ****             CO_FLAG_SET(RPDO->CANrxNew[bufNo]);
 502:CANopen/301/CO_PDO.c **** 
 503:CANopen/301/CO_PDO.c **** #if ((CO_CONFIG_PDO)&CO_CONFIG_FLAG_CALLBACK_PRE) != 0
 504:CANopen/301/CO_PDO.c ****             /* Optional signal to RTOS, which can resume task, which handles the RPDO. */
 505:CANopen/301/CO_PDO.c ****             if (RPDO->pFunctSignalPre != NULL) {
 506:CANopen/301/CO_PDO.c ****                 RPDO->pFunctSignalPre(RPDO->functSignalObjectPre);
 507:CANopen/301/CO_PDO.c ****             }
 508:CANopen/301/CO_PDO.c **** #endif
 509:CANopen/301/CO_PDO.c ****         } else if (err == CO_RPDO_RX_ACK_NO_ERROR) {
 510:CANopen/301/CO_PDO.c ****             err = CO_RPDO_RX_SHORT;
 511:CANopen/301/CO_PDO.c ****         } else { /* MISRA C 2004 14.10 */
 512:CANopen/301/CO_PDO.c ****         }
 513:CANopen/301/CO_PDO.c ****     }
 514:CANopen/301/CO_PDO.c **** 
 515:CANopen/301/CO_PDO.c ****     RPDO->receiveError = err;
 516:CANopen/301/CO_PDO.c **** }
 517:CANopen/301/CO_PDO.c **** 
 518:CANopen/301/CO_PDO.c **** #if ((CO_CONFIG_PDO)&CO_CONFIG_FLAG_OD_DYNAMIC) != 0
 519:CANopen/301/CO_PDO.c **** /*
 520:CANopen/301/CO_PDO.c ****  * Custom function for writing OD object "RPDO communication parameter"
 521:CANopen/301/CO_PDO.c ****  *
 522:CANopen/301/CO_PDO.c ****  * For more information see file CO_ODinterface.h, OD_IO_t.
 523:CANopen/301/CO_PDO.c ****  */
 524:CANopen/301/CO_PDO.c **** static ODR_t
 525:CANopen/301/CO_PDO.c **** OD_write_14xx(OD_stream_t* stream, const void* buf, OD_size_t count, OD_size_t* countWritten) {
 833              		.loc 1 525 95 is_stmt 1 view -0
 834              		.cfi_startproc
 835              		@ args = 0, pretend = 0, frame = 8
 836              		@ frame_needed = 0, uses_anonymous_args = 0
 526:CANopen/301/CO_PDO.c ****     /* "count" is also verified in *_init() function */
 527:CANopen/301/CO_PDO.c ****     if ((stream == NULL) || (buf == NULL) || (countWritten == NULL) || (count > 4U)) {
 837              		.loc 1 527 5 view .LVU248
 838              		.loc 1 527 8 is_stmt 0 view .LVU249
 839 0000 0028     		cmp	r0, #0
 840 0002 00F0B780 		beq	.L71
 525:CANopen/301/CO_PDO.c ****     /* "count" is also verified in *_init() function */
 841              		.loc 1 525 95 view .LVU250
 842 0006 2DE9F043 		push	{r4, r5, r6, r7, r8, r9, lr}
 843              	.LCFI13:
 844              		.cfi_def_cfa_offset 28
 845              		.cfi_offset 4, -28
 846              		.cfi_offset 5, -24
 847              		.cfi_offset 6, -20
 848              		.cfi_offset 7, -16
 849              		.cfi_offset 8, -12
 850              		.cfi_offset 9, -8
 851              		.cfi_offset 14, -4
 852 000a 87B0     		sub	sp, sp, #28
 853              	.LCFI14:
 854              		.cfi_def_cfa_offset 56
 855 000c 0C46     		mov	r4, r1
 856 000e 1546     		mov	r5, r2
 857 0010 1E46     		mov	r6, r3
 858 0012 0746     		mov	r7, r0
 859              		.loc 1 527 26 discriminator 1 view .LVU251
 860 0014 0029     		cmp	r1, #0
ARM GAS  C:\Users\Lenovo\AppData\Local\Temp\ccL1vOqM.s 			page 40


 861 0016 00F0AF80 		beq	.L72
 862              		.loc 1 527 43 discriminator 2 view .LVU252
 863 001a 002B     		cmp	r3, #0
 864 001c 00F0AE80 		beq	.L73
 865              		.loc 1 527 69 discriminator 3 view .LVU253
 866 0020 042A     		cmp	r2, #4
 867 0022 00F2AD80 		bhi	.L74
 528:CANopen/301/CO_PDO.c ****         return ODR_DEV_INCOMPAT;
 529:CANopen/301/CO_PDO.c ****     }
 530:CANopen/301/CO_PDO.c **** 
 531:CANopen/301/CO_PDO.c ****     CO_RPDO_t* RPDO = stream->object;
 868              		.loc 1 531 5 is_stmt 1 view .LVU254
 869              		.loc 1 531 16 is_stmt 0 view .LVU255
 870 0026 D0F80480 		ldr	r8, [r0, #4]
 871              	.LVL99:
 532:CANopen/301/CO_PDO.c ****     CO_PDO_common_t* PDO = &RPDO->PDO_common;
 872              		.loc 1 532 5 is_stmt 1 view .LVU256
 533:CANopen/301/CO_PDO.c ****     uint8_t bufCopy[4];
 873              		.loc 1 533 5 view .LVU257
 534:CANopen/301/CO_PDO.c ****     (void)memcpy((void*)bufCopy, (const void*)buf, count);
 874              		.loc 1 534 5 view .LVU258
 875              		.loc 1 534 11 is_stmt 0 view .LVU259
 876 002a 05A8     		add	r0, sp, #20
 877              	.LVL100:
 878              		.loc 1 534 11 view .LVU260
 879 002c FFF7FEFF 		bl	memcpy
 880              	.LVL101:
 535:CANopen/301/CO_PDO.c **** 
 536:CANopen/301/CO_PDO.c ****     switch (stream->subIndex) {
 881              		.loc 1 536 5 is_stmt 1 view .LVU261
 882              		.loc 1 536 19 is_stmt 0 view .LVU262
 883 0030 3B7D     		ldrb	r3, [r7, #20]	@ zero_extendqisi2
 884              		.loc 1 536 5 view .LVU263
 885 0032 022B     		cmp	r3, #2
 886 0034 77D0     		beq	.L60
 887 0036 052B     		cmp	r3, #5
 888 0038 00F08980 		beq	.L61
 889 003c 012B     		cmp	r3, #1
 890 003e 40F09080 		bne	.L62
 891              	.LBB104:
 537:CANopen/301/CO_PDO.c ****         case 1: { /* COB-ID used by PDO */
 538:CANopen/301/CO_PDO.c ****             uint32_t COB_ID = CO_getUint32(buf);
 892              		.loc 1 538 13 is_stmt 1 view .LVU264
 893              	.LVL102:
 894              	.LBB105:
 895              	.LBI105:
 617:CANopen/301/CO_driver.h ****     uint32_t value;
 896              		.loc 2 617 1 view .LVU265
 897              	.LBB106:
 618:CANopen/301/CO_driver.h ****     (void)memmove((void*)&value, buf, sizeof(value));
 898              		.loc 2 618 5 view .LVU266
 619:CANopen/301/CO_driver.h ****     return value;
 899              		.loc 2 619 5 view .LVU267
 619:CANopen/301/CO_driver.h ****     return value;
 900              		.loc 2 619 11 is_stmt 0 view .LVU268
 901 0042 2468     		ldr	r4, [r4]	@ unaligned
 902              	.LVL103:
ARM GAS  C:\Users\Lenovo\AppData\Local\Temp\ccL1vOqM.s 			page 41


 620:CANopen/301/CO_driver.h **** }
 903              		.loc 2 620 5 is_stmt 1 view .LVU269
 620:CANopen/301/CO_driver.h **** }
 904              		.loc 2 620 5 is_stmt 0 view .LVU270
 905              	.LBE106:
 906              	.LBE105:
 539:CANopen/301/CO_PDO.c ****             uint16_t CAN_ID = (uint16_t)(COB_ID & 0x7FFU);
 907              		.loc 1 539 13 is_stmt 1 view .LVU271
 908              		.loc 1 539 31 is_stmt 0 view .LVU272
 909 0044 A1B2     		uxth	r1, r4
 910              		.loc 1 539 22 view .LVU273
 911 0046 C4F30A09 		ubfx	r9, r4, #0, #11
 912              	.LVL104:
 540:CANopen/301/CO_PDO.c ****             bool_t valid = (COB_ID & 0x80000000U) == 0U;
 913              		.loc 1 540 13 is_stmt 1 view .LVU274
 914              		.loc 1 540 51 is_stmt 0 view .LVU275
 915 004a E243     		mvns	r2, r4
 916 004c D20F     		lsrs	r2, r2, #31
 917              	.LVL105:
 541:CANopen/301/CO_PDO.c **** 
 542:CANopen/301/CO_PDO.c ****             /* bits 11...29 must be zero, PDO must be disabled on change, CAN_ID == 0 is
 543:CANopen/301/CO_PDO.c ****              * not allowed, mapping must be configured before enabling the PDO */
 544:CANopen/301/CO_PDO.c ****             if (((COB_ID & 0x3FFFF800U) != 0U) || (valid && PDO->valid && (CAN_ID != PDO->configure
 918              		.loc 1 544 13 is_stmt 1 view .LVU276
 919              		.loc 1 544 26 is_stmt 0 view .LVU277
 920 004e 574B     		ldr	r3, .L94
 921 0050 2340     		ands	r3, r3, r4
 922              		.loc 1 544 16 view .LVU278
 923 0052 002B     		cmp	r3, #0
 924 0054 40F09680 		bne	.L75
 925              		.loc 1 544 48 discriminator 1 view .LVU279
 926 0058 002C     		cmp	r4, #0
 927 005a 26DB     		blt	.L63
 928              		.loc 1 544 64 discriminator 2 view .LVU280
 929 005c D8F80830 		ldr	r3, [r8, #8]
 930              		.loc 1 544 58 discriminator 2 view .LVU281
 931 0060 23B1     		cbz	r3, .L64
 932              		.loc 1 544 89 discriminator 3 view .LVU282
 933 0062 B8F84431 		ldrh	r3, [r8, #324]
 934              		.loc 1 544 72 discriminator 3 view .LVU283
 935 0066 4B45     		cmp	r3, r9
 936 0068 40F08E80 		bne	.L76
 937              	.L64:
 545:CANopen/301/CO_PDO.c ****                 || (valid && CO_IS_RESTRICTED_CAN_ID(CAN_ID)) || (valid && (PDO->mappedObjectsCount
 938              		.loc 1 545 17 view .LVU284
 939 006c 002C     		cmp	r4, #0
 940 006e 22DB     		blt	.L65
 941              		.loc 1 545 27 discriminator 1 view .LVU285
 942 0070 11F4F06F 		tst	r1, #1920
 943 0074 00F08A80 		beq	.L77
 944              		.loc 1 545 30 discriminator 3 view .LVU286
 945 0078 A9F20113 		subw	r3, r9, #257
 946 007c 9BB2     		uxth	r3, r3
 947 007e 7F2B     		cmp	r3, #127
 948 0080 40F28680 		bls	.L78
 949              		.loc 1 545 30 discriminator 4 view .LVU287
 950 0084 A9F28153 		subw	r3, r9, #1409
ARM GAS  C:\Users\Lenovo\AppData\Local\Temp\ccL1vOqM.s 			page 42


 951 0088 9BB2     		uxth	r3, r3
 952 008a 7E2B     		cmp	r3, #126
 953 008c 40F28280 		bls	.L79
 954              		.loc 1 545 30 discriminator 5 view .LVU288
 955 0090 A9F20163 		subw	r3, r9, #1537
 956 0094 9BB2     		uxth	r3, r3
 957 0096 7E2B     		cmp	r3, #126
 958 0098 7ED9     		bls	.L80
 959              		.loc 1 545 30 discriminator 6 view .LVU289
 960 009a A9F5DC63 		sub	r3, r9, #1760
 961 009e 9BB2     		uxth	r3, r3
 962 00a0 1F2B     		cmp	r3, #31
 963 00a2 7BD9     		bls	.L81
 964              		.loc 1 545 30 discriminator 7 view .LVU290
 965 00a4 B9F5E06F 		cmp	r9, #1792
 966 00a8 7AD8     		bhi	.L82
 967              	.L63:
 968              		.loc 1 545 63 discriminator 8 view .LVU291
 969 00aa 002C     		cmp	r4, #0
 970 00ac 03DB     		blt	.L65
 971              		.loc 1 545 80 discriminator 9 view .LVU292
 972 00ae 98F80D30 		ldrb	r3, [r8, #13]	@ zero_extendqisi2
 973              		.loc 1 545 73 discriminator 9 view .LVU293
 974 00b2 002B     		cmp	r3, #0
 975 00b4 76D0     		beq	.L83
 976              	.L65:
 546:CANopen/301/CO_PDO.c ****                 return ODR_INVALID_VALUE;
 547:CANopen/301/CO_PDO.c ****             }
 548:CANopen/301/CO_PDO.c **** 
 549:CANopen/301/CO_PDO.c ****             /* parameter changed? */
 550:CANopen/301/CO_PDO.c ****             if ((valid != PDO->valid) || (CAN_ID != PDO->configuredCanId)) {
 977              		.loc 1 550 13 is_stmt 1 view .LVU294
 978              		.loc 1 550 30 is_stmt 0 view .LVU295
 979 00b6 D8F80830 		ldr	r3, [r8, #8]
 980              		.loc 1 550 16 view .LVU296
 981 00ba 9342     		cmp	r3, r2
 982 00bc 1DD0     		beq	.L91
 983              	.L66:
 984              	.LBB107:
 551:CANopen/301/CO_PDO.c ****                 /* if default CAN-ID is written, store to OD without Node-ID */
 552:CANopen/301/CO_PDO.c ****                 if (CAN_ID == PDO->preDefinedCanId) {
 985              		.loc 1 552 17 is_stmt 1 view .LVU297
 986              		.loc 1 552 34 is_stmt 0 view .LVU298
 987 00be B8F84231 		ldrh	r3, [r8, #322]
 988              		.loc 1 552 20 view .LVU299
 989 00c2 4B45     		cmp	r3, r9
 990 00c4 1ED0     		beq	.L92
 991              	.L67:
 553:CANopen/301/CO_PDO.c ****                     (void)CO_setUint32(bufCopy, COB_ID & 0xFFFFFF80U);
 554:CANopen/301/CO_PDO.c ****                 }
 555:CANopen/301/CO_PDO.c ****                 if (!valid) {
 992              		.loc 1 555 17 is_stmt 1 view .LVU300
 993              		.loc 1 555 20 is_stmt 0 view .LVU301
 994 00c6 002C     		cmp	r4, #0
 995 00c8 20DB     		blt	.L93
 996              	.LVL106:
 997              	.L68:
ARM GAS  C:\Users\Lenovo\AppData\Local\Temp\ccL1vOqM.s 			page 43


 556:CANopen/301/CO_PDO.c ****                     CAN_ID = 0;
 557:CANopen/301/CO_PDO.c ****                 }
 558:CANopen/301/CO_PDO.c **** 
 559:CANopen/301/CO_PDO.c ****                 CO_ReturnError_t ret = CO_CANrxBufferInit(PDO->CANdev, PDO->CANdevIdx, CAN_ID, 0x7F
 998              		.loc 1 559 17 is_stmt 1 view .LVU302
 999              		.loc 1 559 40 is_stmt 0 view .LVU303
 1000 00ca B8F84011 		ldrh	r1, [r8, #320]
 1001 00ce D8F80400 		ldr	r0, [r8, #4]
 1002 00d2 374B     		ldr	r3, .L94+4
 1003 00d4 0293     		str	r3, [sp, #8]
 1004 00d6 CDF80480 		str	r8, [sp, #4]
 1005 00da 0023     		movs	r3, #0
 1006 00dc 0093     		str	r3, [sp]
 1007 00de 40F2FF73 		movw	r3, #2047
 1008 00e2 4A46     		mov	r2, r9
 1009              	.LVL107:
 1010              		.loc 1 559 40 view .LVU304
 1011 00e4 FFF7FEFF 		bl	CO_CANrxBufferInit
 1012              	.LVL108:
 560:CANopen/301/CO_PDO.c ****                                                           (void*)RPDO, CO_PDO_receive);
 561:CANopen/301/CO_PDO.c **** 
 562:CANopen/301/CO_PDO.c ****                 if (valid && (ret == CO_ERROR_NO)) {
 1013              		.loc 1 562 17 is_stmt 1 view .LVU305
 1014              		.loc 1 562 20 is_stmt 0 view .LVU306
 1015 00e8 002C     		cmp	r4, #0
 1016 00ea 12DB     		blt	.L69
 1017              		.loc 1 562 27 discriminator 1 view .LVU307
 1018 00ec 88B9     		cbnz	r0, .L69
 563:CANopen/301/CO_PDO.c ****                     PDO->valid = true;
 1019              		.loc 1 563 21 is_stmt 1 view .LVU308
 1020              		.loc 1 563 32 is_stmt 0 view .LVU309
 1021 00ee 0123     		movs	r3, #1
 1022 00f0 C8F80830 		str	r3, [r8, #8]
 564:CANopen/301/CO_PDO.c ****                     PDO->configuredCanId = CAN_ID;
 1023              		.loc 1 564 21 is_stmt 1 view .LVU310
 1024              		.loc 1 564 42 is_stmt 0 view .LVU311
 1025 00f4 A8F84491 		strh	r9, [r8, #324]	@ movhi
 1026 00f8 33E0     		b	.L62
 1027              	.LVL109:
 1028              	.L91:
 1029              		.loc 1 564 42 view .LVU312
 1030              	.LBE107:
 550:CANopen/301/CO_PDO.c ****                 /* if default CAN-ID is written, store to OD without Node-ID */
 1031              		.loc 1 550 56 discriminator 1 view .LVU313
 1032 00fa B8F84431 		ldrh	r3, [r8, #324]
 550:CANopen/301/CO_PDO.c ****                 /* if default CAN-ID is written, store to OD without Node-ID */
 1033              		.loc 1 550 39 discriminator 1 view .LVU314
 1034 00fe 4B45     		cmp	r3, r9
 1035 0100 DDD1     		bne	.L66
 1036              	.LBB110:
 1037 0102 2EE0     		b	.L62
 1038              	.L92:
 553:CANopen/301/CO_PDO.c ****                 }
 1039              		.loc 1 553 21 is_stmt 1 view .LVU315
 553:CANopen/301/CO_PDO.c ****                 }
 1040              		.loc 1 553 27 is_stmt 0 view .LVU316
 1041 0104 24F07F03 		bic	r3, r4, #127
ARM GAS  C:\Users\Lenovo\AppData\Local\Temp\ccL1vOqM.s 			page 44


 1042              	.LVL110:
 1043              	.LBB108:
 1044              	.LBI108:
 646:CANopen/301/CO_driver.h ****     (void)memmove(buf, (const void*)&value, sizeof(value));
 1045              		.loc 2 646 1 is_stmt 1 view .LVU317
 1046              	.LBB109:
 647:CANopen/301/CO_driver.h ****     return (uint8_t)(sizeof(value));
 1047              		.loc 2 647 5 view .LVU318
 647:CANopen/301/CO_driver.h ****     return (uint8_t)(sizeof(value));
 1048              		.loc 2 647 11 is_stmt 0 view .LVU319
 1049 0108 0593     		str	r3, [sp, #20]
 1050              		.loc 2 648 5 is_stmt 1 view .LVU320
 1051              	.LVL111:
 1052              		.loc 2 648 12 is_stmt 0 view .LVU321
 1053 010a DCE7     		b	.L67
 1054              	.L93:
 1055              		.loc 2 648 12 view .LVU322
 1056              	.LBE109:
 1057              	.LBE108:
 556:CANopen/301/CO_PDO.c ****                 }
 1058              		.loc 1 556 28 view .LVU323
 1059 010c 4FF00009 		mov	r9, #0
 1060              	.LVL112:
 556:CANopen/301/CO_PDO.c ****                 }
 1061              		.loc 1 556 28 view .LVU324
 1062 0110 DBE7     		b	.L68
 1063              	.LVL113:
 1064              	.L69:
 565:CANopen/301/CO_PDO.c ****                 } else {
 566:CANopen/301/CO_PDO.c ****                     PDO->valid = false;
 1065              		.loc 1 566 21 is_stmt 1 view .LVU325
 1066              		.loc 1 566 32 is_stmt 0 view .LVU326
 1067 0112 0023     		movs	r3, #0
 1068 0114 C8F80830 		str	r3, [r8, #8]
 567:CANopen/301/CO_PDO.c ****                     CO_FLAG_CLEAR(RPDO->CANrxNew[0]);
 1069              		.loc 1 567 21 is_stmt 1 view .LVU327
 1070              		.loc 1 567 21 view .LVU328
 1071 0118 C8F86831 		str	r3, [r8, #360]
 1072              		.loc 1 567 53 view .LVU329
 568:CANopen/301/CO_PDO.c **** #if ((CO_CONFIG_PDO)&CO_CONFIG_PDO_SYNC_ENABLE) != 0
 569:CANopen/301/CO_PDO.c ****                     CO_FLAG_CLEAR(RPDO->CANrxNew[1]);
 1073              		.loc 1 569 21 view .LVU330
 1074              		.loc 1 569 21 view .LVU331
 1075 011c C8F86C31 		str	r3, [r8, #364]
 1076              		.loc 1 569 53 view .LVU332
 570:CANopen/301/CO_PDO.c **** #endif
 571:CANopen/301/CO_PDO.c ****                     if (ret != CO_ERROR_NO) {
 1077              		.loc 1 571 21 view .LVU333
 1078              		.loc 1 571 24 is_stmt 0 view .LVU334
 1079 0120 F8B1     		cbz	r0, .L62
 572:CANopen/301/CO_PDO.c ****                         return ODR_DEV_INCOMPAT;
 1080              		.loc 1 572 32 view .LVU335
 1081 0122 0920     		movs	r0, #9
 1082              	.LVL114:
 1083              		.loc 1 572 32 view .LVU336
 1084 0124 23E0     		b	.L59
 1085              	.LVL115:
ARM GAS  C:\Users\Lenovo\AppData\Local\Temp\ccL1vOqM.s 			page 45


 1086              	.L60:
 1087              		.loc 1 572 32 view .LVU337
 1088              	.LBE110:
 1089              	.LBE104:
 1090              	.LBB111:
 573:CANopen/301/CO_PDO.c ****                     }
 574:CANopen/301/CO_PDO.c ****                 }
 575:CANopen/301/CO_PDO.c ****             }
 576:CANopen/301/CO_PDO.c ****             break;
 577:CANopen/301/CO_PDO.c ****         }
 578:CANopen/301/CO_PDO.c **** 
 579:CANopen/301/CO_PDO.c ****         case 2: { /* transmission type */ uint8_t transmissionType = CO_getUint8(buf);
 1091              		.loc 1 579 43 is_stmt 1 view .LVU338
 1092              	.LBB112:
 1093              	.LBI112:
 601:CANopen/301/CO_driver.h ****     uint8_t value;
 1094              		.loc 2 601 1 view .LVU339
 1095              	.LBB113:
 602:CANopen/301/CO_driver.h ****     (void)memmove((void*)&value, buf, sizeof(value));
 1096              		.loc 2 602 5 view .LVU340
 603:CANopen/301/CO_driver.h ****     return value;
 1097              		.loc 2 603 5 view .LVU341
 603:CANopen/301/CO_driver.h ****     return value;
 1098              		.loc 2 603 11 is_stmt 0 view .LVU342
 1099 0126 2378     		ldrb	r3, [r4]	@ zero_extendqisi2
 1100              	.LVL116:
 604:CANopen/301/CO_driver.h **** }
 1101              		.loc 2 604 5 is_stmt 1 view .LVU343
 604:CANopen/301/CO_driver.h **** }
 1102              		.loc 2 604 5 is_stmt 0 view .LVU344
 1103              	.LBE113:
 1104              	.LBE112:
 580:CANopen/301/CO_PDO.c **** #if ((CO_CONFIG_PDO)&CO_CONFIG_PDO_SYNC_ENABLE) != 0
 581:CANopen/301/CO_PDO.c ****             if ((transmissionType > (uint8_t)CO_PDO_TRANSM_TYPE_SYNC_240)
 1105              		.loc 1 581 13 is_stmt 1 view .LVU345
 582:CANopen/301/CO_PDO.c ****                 && (transmissionType < (uint8_t)CO_PDO_TRANSM_TYPE_SYNC_EVENT_LO)) {
 1106              		.loc 1 582 17 is_stmt 0 view .LVU346
 1107 0128 03F10F02 		add	r2, r3, #15
 1108 012c D2B2     		uxtb	r2, r2
 581:CANopen/301/CO_PDO.c ****                 && (transmissionType < (uint8_t)CO_PDO_TRANSM_TYPE_SYNC_EVENT_LO)) {
 1109              		.loc 1 581 16 view .LVU347
 1110 012e 0C2A     		cmp	r2, #12
 1111 0130 3AD9     		bls	.L86
 583:CANopen/301/CO_PDO.c ****                 return ODR_INVALID_VALUE;
 584:CANopen/301/CO_PDO.c ****             }
 585:CANopen/301/CO_PDO.c **** 
 586:CANopen/301/CO_PDO.c ****             bool_t synchronous = transmissionType <= (uint8_t)CO_PDO_TRANSM_TYPE_SYNC_240;
 1112              		.loc 1 586 13 is_stmt 1 view .LVU348
 1113              		.loc 1 586 51 is_stmt 0 view .LVU349
 1114 0132 F02B     		cmp	r3, #240
 1115 0134 8CBF     		ite	hi
 1116 0136 0023     		movhi	r3, #0
 1117              	.LVL117:
 1118              		.loc 1 586 51 view .LVU350
 1119 0138 0123     		movls	r3, #1
 1120              	.LVL118:
 587:CANopen/301/CO_PDO.c ****             /* Remove old message from the second buffer. */
ARM GAS  C:\Users\Lenovo\AppData\Local\Temp\ccL1vOqM.s 			page 46


 588:CANopen/301/CO_PDO.c ****             if (RPDO->synchronous != synchronous) {
 1121              		.loc 1 588 13 is_stmt 1 view .LVU351
 1122              		.loc 1 588 21 is_stmt 0 view .LVU352
 1123 013a D8F88821 		ldr	r2, [r8, #392]
 1124              		.loc 1 588 16 view .LVU353
 1125 013e 9A42     		cmp	r2, r3
 1126 0140 02D0     		beq	.L70
 589:CANopen/301/CO_PDO.c ****                 CO_FLAG_CLEAR(RPDO->CANrxNew[1]);
 1127              		.loc 1 589 17 is_stmt 1 view .LVU354
 1128              		.loc 1 589 17 view .LVU355
 1129 0142 0022     		movs	r2, #0
 1130 0144 C8F86C21 		str	r2, [r8, #364]
 1131              	.LVL119:
 1132              	.L70:
 1133              		.loc 1 589 49 view .LVU356
 590:CANopen/301/CO_PDO.c ****             }
 591:CANopen/301/CO_PDO.c **** 
 592:CANopen/301/CO_PDO.c ****             RPDO->synchronous = synchronous;
 1134              		.loc 1 592 13 view .LVU357
 1135              		.loc 1 592 31 is_stmt 0 view .LVU358
 1136 0148 C8F88831 		str	r3, [r8, #392]
 593:CANopen/301/CO_PDO.c **** #else
 594:CANopen/301/CO_PDO.c ****             if (transmissionType < CO_PDO_TRANSM_TYPE_SYNC_EVENT_LO) {
 595:CANopen/301/CO_PDO.c ****                 return ODR_INVALID_VALUE;
 596:CANopen/301/CO_PDO.c ****             }
 597:CANopen/301/CO_PDO.c **** #endif
 598:CANopen/301/CO_PDO.c ****             break;
 1137              		.loc 1 598 13 is_stmt 1 view .LVU359
 1138 014c 09E0     		b	.L62
 1139              	.LVL120:
 1140              	.L61:
 1141              		.loc 1 598 13 is_stmt 0 view .LVU360
 1142              	.LBE111:
 1143              	.LBB114:
 599:CANopen/301/CO_PDO.c ****         }
 600:CANopen/301/CO_PDO.c **** 
 601:CANopen/301/CO_PDO.c **** #if ((CO_CONFIG_PDO)&CO_CONFIG_RPDO_TIMERS_ENABLE) != 0
 602:CANopen/301/CO_PDO.c ****         case 5: { /* event-timer */
 603:CANopen/301/CO_PDO.c ****             uint32_t eventTime = CO_getUint16(buf);
 1144              		.loc 1 603 13 is_stmt 1 view .LVU361
 1145              	.LBB115:
 1146              	.LBI115:
 609:CANopen/301/CO_driver.h ****     uint16_t value;
 1147              		.loc 2 609 1 view .LVU362
 1148              	.LBB116:
 610:CANopen/301/CO_driver.h ****     (void)memmove((void*)&value, buf, sizeof(value));
 1149              		.loc 2 610 5 view .LVU363
 611:CANopen/301/CO_driver.h ****     return value;
 1150              		.loc 2 611 5 view .LVU364
 611:CANopen/301/CO_driver.h ****     return value;
 1151              		.loc 2 611 11 is_stmt 0 view .LVU365
 1152 014e 2388     		ldrh	r3, [r4]	@ unaligned
 1153              	.LVL121:
 612:CANopen/301/CO_driver.h **** }
 1154              		.loc 2 612 5 is_stmt 1 view .LVU366
 612:CANopen/301/CO_driver.h **** }
 1155              		.loc 2 612 5 is_stmt 0 view .LVU367
ARM GAS  C:\Users\Lenovo\AppData\Local\Temp\ccL1vOqM.s 			page 47


 1156              	.LBE116:
 1157              	.LBE115:
 604:CANopen/301/CO_PDO.c ****             RPDO->timeoutTime_us = eventTime * 1000U;
 1158              		.loc 1 604 13 is_stmt 1 view .LVU368
 1159              		.loc 1 604 46 is_stmt 0 view .LVU369
 1160 0150 4FF47A72 		mov	r2, #1000
 1161 0154 02FB03F3 		mul	r3, r2, r3
 1162              	.LVL122:
 1163              		.loc 1 604 34 view .LVU370
 1164 0158 C8F88C31 		str	r3, [r8, #396]
 1165              	.LVL123:
 605:CANopen/301/CO_PDO.c ****             RPDO->timeoutTimer = 0;
 1166              		.loc 1 605 13 is_stmt 1 view .LVU371
 1167              		.loc 1 605 32 is_stmt 0 view .LVU372
 1168 015c 0023     		movs	r3, #0
 1169 015e C8F89031 		str	r3, [r8, #400]
 606:CANopen/301/CO_PDO.c ****             break;
 1170              		.loc 1 606 13 is_stmt 1 view .LVU373
 1171              	.LVL124:
 1172              	.L62:
 1173              		.loc 1 606 13 is_stmt 0 view .LVU374
 1174              	.LBE114:
 607:CANopen/301/CO_PDO.c ****         }
 608:CANopen/301/CO_PDO.c **** #endif
 609:CANopen/301/CO_PDO.c ****         default:
 610:CANopen/301/CO_PDO.c ****             /* MISRA C 2004 15.3 */
 611:CANopen/301/CO_PDO.c ****             break;
 612:CANopen/301/CO_PDO.c ****     }
 613:CANopen/301/CO_PDO.c **** 
 614:CANopen/301/CO_PDO.c ****     /* write value to the original location in the Object Dictionary */
 615:CANopen/301/CO_PDO.c ****     return OD_writeOriginal(stream, bufCopy, count, countWritten);
 1175              		.loc 1 615 5 is_stmt 1 view .LVU375
 1176              		.loc 1 615 12 is_stmt 0 view .LVU376
 1177 0162 3346     		mov	r3, r6
 1178 0164 2A46     		mov	r2, r5
 1179 0166 05A9     		add	r1, sp, #20
 1180 0168 3846     		mov	r0, r7
 1181 016a FFF7FEFF 		bl	OD_writeOriginal
 1182              	.LVL125:
 1183              	.L59:
 616:CANopen/301/CO_PDO.c **** }
 1184              		.loc 1 616 1 view .LVU377
 1185 016e 07B0     		add	sp, sp, #28
 1186              	.LCFI15:
 1187              		.cfi_def_cfa_offset 28
 1188              		@ sp needed
 1189 0170 BDE8F083 		pop	{r4, r5, r6, r7, r8, r9, pc}
 1190              	.LVL126:
 1191              	.L71:
 1192              	.LCFI16:
 1193              		.cfi_def_cfa_offset 0
 1194              		.cfi_restore 4
 1195              		.cfi_restore 5
 1196              		.cfi_restore 6
 1197              		.cfi_restore 7
 1198              		.cfi_restore 8
 1199              		.cfi_restore 9
ARM GAS  C:\Users\Lenovo\AppData\Local\Temp\ccL1vOqM.s 			page 48


 1200              		.cfi_restore 14
 528:CANopen/301/CO_PDO.c ****     }
 1201              		.loc 1 528 16 view .LVU378
 1202 0174 0920     		movs	r0, #9
 1203              	.LVL127:
 1204              		.loc 1 616 1 view .LVU379
 1205 0176 7047     		bx	lr
 1206              	.LVL128:
 1207              	.L72:
 1208              	.LCFI17:
 1209              		.cfi_def_cfa_offset 56
 1210              		.cfi_offset 4, -28
 1211              		.cfi_offset 5, -24
 1212              		.cfi_offset 6, -20
 1213              		.cfi_offset 7, -16
 1214              		.cfi_offset 8, -12
 1215              		.cfi_offset 9, -8
 1216              		.cfi_offset 14, -4
 528:CANopen/301/CO_PDO.c ****     }
 1217              		.loc 1 528 16 view .LVU380
 1218 0178 0920     		movs	r0, #9
 1219              	.LVL129:
 528:CANopen/301/CO_PDO.c ****     }
 1220              		.loc 1 528 16 view .LVU381
 1221 017a F8E7     		b	.L59
 1222              	.LVL130:
 1223              	.L73:
 528:CANopen/301/CO_PDO.c ****     }
 1224              		.loc 1 528 16 view .LVU382
 1225 017c 0920     		movs	r0, #9
 1226              	.LVL131:
 528:CANopen/301/CO_PDO.c ****     }
 1227              		.loc 1 528 16 view .LVU383
 1228 017e F6E7     		b	.L59
 1229              	.LVL132:
 1230              	.L74:
 528:CANopen/301/CO_PDO.c ****     }
 1231              		.loc 1 528 16 view .LVU384
 1232 0180 0920     		movs	r0, #9
 1233              	.LVL133:
 528:CANopen/301/CO_PDO.c ****     }
 1234              		.loc 1 528 16 view .LVU385
 1235 0182 F4E7     		b	.L59
 1236              	.LVL134:
 1237              	.L75:
 1238              	.LBB117:
 546:CANopen/301/CO_PDO.c ****             }
 1239              		.loc 1 546 24 view .LVU386
 1240 0184 0F20     		movs	r0, #15
 1241 0186 F2E7     		b	.L59
 1242              	.L76:
 1243 0188 0F20     		movs	r0, #15
 1244 018a F0E7     		b	.L59
 1245              	.L77:
 546:CANopen/301/CO_PDO.c ****             }
 1246              		.loc 1 546 24 view .LVU387
 1247 018c 0F20     		movs	r0, #15
ARM GAS  C:\Users\Lenovo\AppData\Local\Temp\ccL1vOqM.s 			page 49


 1248 018e EEE7     		b	.L59
 1249              	.L78:
 1250 0190 0F20     		movs	r0, #15
 1251 0192 ECE7     		b	.L59
 1252              	.L79:
 1253 0194 0F20     		movs	r0, #15
 1254 0196 EAE7     		b	.L59
 1255              	.L80:
 1256 0198 0F20     		movs	r0, #15
 1257 019a E8E7     		b	.L59
 1258              	.L81:
 1259 019c 0F20     		movs	r0, #15
 1260 019e E6E7     		b	.L59
 1261              	.L82:
 1262 01a0 0F20     		movs	r0, #15
 1263 01a2 E4E7     		b	.L59
 1264              	.L83:
 546:CANopen/301/CO_PDO.c ****             }
 1265              		.loc 1 546 24 view .LVU388
 1266 01a4 0F20     		movs	r0, #15
 1267 01a6 E2E7     		b	.L59
 1268              	.LVL135:
 1269              	.L86:
 546:CANopen/301/CO_PDO.c ****             }
 1270              		.loc 1 546 24 view .LVU389
 1271              	.LBE117:
 1272              	.LBB118:
 583:CANopen/301/CO_PDO.c ****             }
 1273              		.loc 1 583 24 view .LVU390
 1274 01a8 0F20     		movs	r0, #15
 1275 01aa E0E7     		b	.L59
 1276              	.L95:
 1277              		.align	2
 1278              	.L94:
 1279 01ac 00F8FF3F 		.word	1073739776
 1280 01b0 00000000 		.word	CO_PDO_receive
 1281              	.LBE118:
 1282              		.cfi_endproc
 1283              	.LFE43:
 1285              		.section	.text.CO_PDO_receive,"ax",%progbits
 1286              		.align	1
 1287              		.syntax unified
 1288              		.thumb
 1289              		.thumb_func
 1291              	CO_PDO_receive:
 1292              	.LVL136:
 1293              	.LFB42:
 463:CANopen/301/CO_PDO.c ****     CO_RPDO_t* RPDO = object;
 1294              		.loc 1 463 41 is_stmt 1 view -0
 1295              		.cfi_startproc
 1296              		@ args = 0, pretend = 0, frame = 0
 1297              		@ frame_needed = 0, uses_anonymous_args = 0
 463:CANopen/301/CO_PDO.c ****     CO_RPDO_t* RPDO = object;
 1298              		.loc 1 463 41 is_stmt 0 view .LVU392
 1299 0000 70B5     		push	{r4, r5, r6, lr}
 1300              	.LCFI18:
 1301              		.cfi_def_cfa_offset 16
ARM GAS  C:\Users\Lenovo\AppData\Local\Temp\ccL1vOqM.s 			page 50


 1302              		.cfi_offset 4, -16
 1303              		.cfi_offset 5, -12
 1304              		.cfi_offset 6, -8
 1305              		.cfi_offset 14, -4
 1306 0002 0446     		mov	r4, r0
 464:CANopen/301/CO_PDO.c ****     CO_PDO_common_t* PDO = &RPDO->PDO_common;
 1307              		.loc 1 464 5 is_stmt 1 view .LVU393
 1308              	.LVL137:
 465:CANopen/301/CO_PDO.c ****     uint8_t DLC = CO_CANrxMsg_readDLC(msg);
 1309              		.loc 1 465 5 view .LVU394
 466:CANopen/301/CO_PDO.c ****     const uint8_t* data = CO_CANrxMsg_readData(msg);
 1310              		.loc 1 466 5 view .LVU395
 467:CANopen/301/CO_PDO.c ****     uint8_t err = RPDO->receiveError;
 1311              		.loc 1 467 5 view .LVU396
 468:CANopen/301/CO_PDO.c **** 
 1312              		.loc 1 468 5 view .LVU397
 468:CANopen/301/CO_PDO.c **** 
 1313              		.loc 1 468 13 is_stmt 0 view .LVU398
 1314 0004 90F88061 		ldrb	r6, [r0, #384]	@ zero_extendqisi2
 1315              	.LVL138:
 470:CANopen/301/CO_PDO.c **** #if ((CO_CONFIG_PDO)&CO_CONFIG_PDO_BITWISE_MAPPING) != 0
 1316              		.loc 1 470 5 is_stmt 1 view .LVU399
 470:CANopen/301/CO_PDO.c **** #if ((CO_CONFIG_PDO)&CO_CONFIG_PDO_BITWISE_MAPPING) != 0
 1317              		.loc 1 470 12 is_stmt 0 view .LVU400
 1318 0008 8368     		ldr	r3, [r0, #8]
 470:CANopen/301/CO_PDO.c **** #if ((CO_CONFIG_PDO)&CO_CONFIG_PDO_BITWISE_MAPPING) != 0
 1319              		.loc 1 470 8 view .LVU401
 1320 000a C3B1     		cbz	r3, .L97
 474:CANopen/301/CO_PDO.c **** #endif
 1321              		.loc 1 474 9 is_stmt 1 view .LVU402
 474:CANopen/301/CO_PDO.c **** #endif
 1322              		.loc 1 474 23 is_stmt 0 view .LVU403
 1323 000c 057B     		ldrb	r5, [r0, #12]	@ zero_extendqisi2
 474:CANopen/301/CO_PDO.c **** #endif
 1324              		.loc 1 474 12 view .LVU404
 1325 000e DDB9     		cbnz	r5, .L98
 1326              	.LBB119:
 480:CANopen/301/CO_PDO.c **** #endif
 1327              		.loc 1 480 13 is_stmt 1 view .LVU405
 482:CANopen/301/CO_PDO.c ****                     err = CO_RPDO_RX_OK;
 1328              		.loc 1 482 17 view .LVU406
 482:CANopen/301/CO_PDO.c ****                     err = CO_RPDO_RX_OK;
 1329              		.loc 1 482 20 is_stmt 0 view .LVU407
 1330 0010 012E     		cmp	r6, #1
 1331 0012 17D0     		beq	.L105
 1332              	.LVL139:
 1333              	.L99:
 492:CANopen/301/CO_PDO.c **** #if ((CO_CONFIG_PDO)&CO_CONFIG_PDO_SYNC_ENABLE) != 0
 1334              		.loc 1 492 13 is_stmt 1 view .LVU408
 494:CANopen/301/CO_PDO.c ****                 bufNo = 1;
 1335              		.loc 1 494 13 view .LVU409
 494:CANopen/301/CO_PDO.c ****                 bufNo = 1;
 1336              		.loc 1 494 21 is_stmt 0 view .LVU410
 1337 0014 D4F88831 		ldr	r3, [r4, #392]
 494:CANopen/301/CO_PDO.c ****                 bufNo = 1;
 1338              		.loc 1 494 16 view .LVU411
 1339 0018 2BB1     		cbz	r3, .L100
ARM GAS  C:\Users\Lenovo\AppData\Local\Temp\ccL1vOqM.s 			page 51


 494:CANopen/301/CO_PDO.c ****                 bufNo = 1;
 1340              		.loc 1 494 43 discriminator 1 view .LVU412
 1341 001a D4F88431 		ldr	r3, [r4, #388]
 494:CANopen/301/CO_PDO.c ****                 bufNo = 1;
 1342              		.loc 1 494 35 discriminator 1 view .LVU413
 1343 001e 13B1     		cbz	r3, .L100
 494:CANopen/301/CO_PDO.c ****                 bufNo = 1;
 1344              		.loc 1 494 72 discriminator 2 view .LVU414
 1345 0020 DB68     		ldr	r3, [r3, #12]
 494:CANopen/301/CO_PDO.c ****                 bufNo = 1;
 1346              		.loc 1 494 59 discriminator 2 view .LVU415
 1347 0022 03B1     		cbz	r3, .L100
 495:CANopen/301/CO_PDO.c ****             }
 1348              		.loc 1 495 23 view .LVU416
 1349 0024 0125     		movs	r5, #1
 1350              	.L100:
 1351              	.LVL140:
 500:CANopen/301/CO_PDO.c ****             CO_FLAG_SET(RPDO->CANrxNew[bufNo]);
 1352              		.loc 1 500 13 is_stmt 1 view .LVU417
 500:CANopen/301/CO_PDO.c ****             CO_FLAG_SET(RPDO->CANrxNew[bufNo]);
 1353              		.loc 1 500 41 is_stmt 0 view .LVU418
 1354 0026 05F12E00 		add	r0, r5, #46
 1355              	.LVL141:
 500:CANopen/301/CO_PDO.c ****             CO_FLAG_SET(RPDO->CANrxNew[bufNo]);
 1356              		.loc 1 500 19 view .LVU419
 1357 002a 0822     		movs	r2, #8
 1358 002c 0021     		movs	r1, #0
 1359              	.LVL142:
 500:CANopen/301/CO_PDO.c ****             CO_FLAG_SET(RPDO->CANrxNew[bufNo]);
 1360              		.loc 1 500 19 view .LVU420
 1361 002e 04EBC000 		add	r0, r4, r0, lsl #3
 1362 0032 FFF7FEFF 		bl	memcpy
 1363              	.LVL143:
 501:CANopen/301/CO_PDO.c **** 
 1364              		.loc 1 501 13 is_stmt 1 view .LVU421
 501:CANopen/301/CO_PDO.c **** 
 1365              		.loc 1 501 13 view .LVU422
 1366 0036 5A35     		adds	r5, r5, #90
 1367              	.LVL144:
 501:CANopen/301/CO_PDO.c **** 
 1368              		.loc 1 501 13 is_stmt 0 view .LVU423
 1369 0038 0123     		movs	r3, #1
 1370 003a 44F82530 		str	r3, [r4, r5, lsl #2]
 501:CANopen/301/CO_PDO.c **** 
 1371              		.loc 1 501 47 is_stmt 1 view .LVU424
 1372              	.LVL145:
 1373              	.L97:
 501:CANopen/301/CO_PDO.c **** 
 1374              		.loc 1 501 47 is_stmt 0 view .LVU425
 1375              	.LBE119:
 512:CANopen/301/CO_PDO.c ****     }
 1376              		.loc 1 512 9 is_stmt 1 view .LVU426
 515:CANopen/301/CO_PDO.c **** }
 1377              		.loc 1 515 5 view .LVU427
 515:CANopen/301/CO_PDO.c **** }
 1378              		.loc 1 515 24 is_stmt 0 view .LVU428
 1379 003e 84F88061 		strb	r6, [r4, #384]
ARM GAS  C:\Users\Lenovo\AppData\Local\Temp\ccL1vOqM.s 			page 52


 516:CANopen/301/CO_PDO.c **** 
 1380              		.loc 1 516 1 view .LVU429
 1381 0042 70BD     		pop	{r4, r5, r6, pc}
 1382              	.LVL146:
 1383              	.L105:
 1384              	.LBB120:
 483:CANopen/301/CO_PDO.c ****                 }
 1385              		.loc 1 483 25 view .LVU430
 1386 0044 0B26     		movs	r6, #11
 1387              	.LVL147:
 483:CANopen/301/CO_PDO.c ****                 }
 1388              		.loc 1 483 25 view .LVU431
 1389 0046 E5E7     		b	.L99
 1390              	.LVL148:
 1391              	.L98:
 483:CANopen/301/CO_PDO.c ****                 }
 1392              		.loc 1 483 25 view .LVU432
 1393              	.LBE120:
 509:CANopen/301/CO_PDO.c ****             err = CO_RPDO_RX_SHORT;
 1394              		.loc 1 509 16 is_stmt 1 view .LVU433
 509:CANopen/301/CO_PDO.c ****             err = CO_RPDO_RX_SHORT;
 1395              		.loc 1 509 19 is_stmt 0 view .LVU434
 1396 0048 002E     		cmp	r6, #0
 1397 004a F8D1     		bne	.L97
 510:CANopen/301/CO_PDO.c ****         } else { /* MISRA C 2004 14.10 */
 1398              		.loc 1 510 17 view .LVU435
 1399 004c 0C26     		movs	r6, #12
 1400              	.LVL149:
 510:CANopen/301/CO_PDO.c ****         } else { /* MISRA C 2004 14.10 */
 1401              		.loc 1 510 17 view .LVU436
 1402 004e F6E7     		b	.L97
 1403              		.cfi_endproc
 1404              	.LFE42:
 1406              		.section	.text.PDO_initMapping,"ax",%progbits
 1407              		.align	1
 1408              		.syntax unified
 1409              		.thumb
 1410              		.thumb_func
 1412              	PDO_initMapping:
 1413              	.LVL150:
 1414              	.LFB39:
 170:CANopen/301/CO_PDO.c ****     ODR_t odRet;
 1415              		.loc 1 170 41 is_stmt 1 view -0
 1416              		.cfi_startproc
 1417              		@ args = 8, pretend = 0, frame = 16
 1418              		@ frame_needed = 0, uses_anonymous_args = 0
 170:CANopen/301/CO_PDO.c ****     ODR_t odRet;
 1419              		.loc 1 170 41 is_stmt 0 view .LVU438
 1420 0000 2DE9F04F 		push	{r4, r5, r6, r7, r8, r9, r10, fp, lr}
 1421              	.LCFI19:
 1422              		.cfi_def_cfa_offset 36
 1423              		.cfi_offset 4, -36
 1424              		.cfi_offset 5, -32
 1425              		.cfi_offset 6, -28
 1426              		.cfi_offset 7, -24
 1427              		.cfi_offset 8, -20
 1428              		.cfi_offset 9, -16
ARM GAS  C:\Users\Lenovo\AppData\Local\Temp\ccL1vOqM.s 			page 53


 1429              		.cfi_offset 10, -12
 1430              		.cfi_offset 11, -8
 1431              		.cfi_offset 14, -4
 1432 0004 87B0     		sub	sp, sp, #28
 1433              	.LCFI20:
 1434              		.cfi_def_cfa_offset 64
 1435 0006 0646     		mov	r6, r0
 1436 0008 8946     		mov	r9, r1
 1437 000a 9046     		mov	r8, r2
 1438 000c 0293     		str	r3, [sp, #8]
 1439 000e DDF844B0 		ldr	fp, [sp, #68]
 171:CANopen/301/CO_PDO.c ****     size_t pdoDataLength = 0;
 1440              		.loc 1 171 5 is_stmt 1 view .LVU439
 172:CANopen/301/CO_PDO.c ****     uint8_t mappedObjectsCount = 0;
 1441              		.loc 1 172 5 view .LVU440
 1442              	.LVL151:
 173:CANopen/301/CO_PDO.c **** 
 1443              		.loc 1 173 5 view .LVU441
 173:CANopen/301/CO_PDO.c **** 
 1444              		.loc 1 173 13 is_stmt 0 view .LVU442
 1445 0012 0021     		movs	r1, #0
 1446              	.LVL152:
 173:CANopen/301/CO_PDO.c **** 
 1447              		.loc 1 173 13 view .LVU443
 1448 0014 8DF81710 		strb	r1, [sp, #23]
 176:CANopen/301/CO_PDO.c ****     if (odRet != ODR_OK) {
 1449              		.loc 1 176 5 is_stmt 1 view .LVU444
 1450              	.LVL153:
 1451              	.LBB121:
 1452              	.LBI121:
 1453              		.file 3 "CANopen/301/CO_ODinterface.h"
   1:CANopen/301/CO_ODinterface.h **** /**
   2:CANopen/301/CO_ODinterface.h ****  * CANopen Object Dictionary interface
   3:CANopen/301/CO_ODinterface.h ****  *
   4:CANopen/301/CO_ODinterface.h ****  * @file        CO_ODinterface.h
   5:CANopen/301/CO_ODinterface.h ****  * @ingroup     CO_ODinterface
   6:CANopen/301/CO_ODinterface.h ****  * @author      Janez Paternoster
   7:CANopen/301/CO_ODinterface.h ****  * @copyright   2020 Janez Paternoster
   8:CANopen/301/CO_ODinterface.h ****  *
   9:CANopen/301/CO_ODinterface.h ****  * This file is part of <https://github.com/CANopenNode/CANopenNode>, a CANopen Stack.
  10:CANopen/301/CO_ODinterface.h ****  *
  11:CANopen/301/CO_ODinterface.h ****  * Licensed under the Apache License, Version 2.0 (the "License"); you may not use this
  12:CANopen/301/CO_ODinterface.h ****  * file except in compliance with the License. You may obtain a copy of the License at
  13:CANopen/301/CO_ODinterface.h ****  *
  14:CANopen/301/CO_ODinterface.h ****  *     http://www.apache.org/licenses/LICENSE-2.0
  15:CANopen/301/CO_ODinterface.h ****  *
  16:CANopen/301/CO_ODinterface.h ****  * Unless required by applicable law or agreed to in writing, software distributed under the Licens
  17:CANopen/301/CO_ODinterface.h ****  * distributed on an "AS IS" BASIS, WITHOUT WARRANTIES OR CONDITIONS OF ANY KIND, either express or
  18:CANopen/301/CO_ODinterface.h ****  * See the License for the specific language governing permissions and limitations under the Licens
  19:CANopen/301/CO_ODinterface.h ****  */
  20:CANopen/301/CO_ODinterface.h **** 
  21:CANopen/301/CO_ODinterface.h **** #ifndef CO_OD_INTERFACE_H
  22:CANopen/301/CO_ODinterface.h **** #define CO_OD_INTERFACE_H
  23:CANopen/301/CO_ODinterface.h **** 
  24:CANopen/301/CO_ODinterface.h **** #include "301/CO_driver.h"
  25:CANopen/301/CO_ODinterface.h **** 
  26:CANopen/301/CO_ODinterface.h **** #ifdef __cplusplus
ARM GAS  C:\Users\Lenovo\AppData\Local\Temp\ccL1vOqM.s 			page 54


  27:CANopen/301/CO_ODinterface.h **** extern "C" {
  28:CANopen/301/CO_ODinterface.h **** #endif
  29:CANopen/301/CO_ODinterface.h **** 
  30:CANopen/301/CO_ODinterface.h **** /**
  31:CANopen/301/CO_ODinterface.h ****  * @defgroup CO_ODinterface OD interface
  32:CANopen/301/CO_ODinterface.h ****  * CANopen Object Dictionary interface.
  33:CANopen/301/CO_ODinterface.h ****  *
  34:CANopen/301/CO_ODinterface.h ****  * @ingroup CO_CANopen_301
  35:CANopen/301/CO_ODinterface.h ****  * @{
  36:CANopen/301/CO_ODinterface.h ****  * See @ref md_doc_2objectDictionary
  37:CANopen/301/CO_ODinterface.h ****  */
  38:CANopen/301/CO_ODinterface.h **** 
  39:CANopen/301/CO_ODinterface.h **** #ifndef CO_OD_OWN_TYPES
  40:CANopen/301/CO_ODinterface.h **** typedef uint32_t OD_size_t; /**< Variable of type OD_size_t contains data length in bytes of OD var
  41:CANopen/301/CO_ODinterface.h **** typedef uint8_t OD_attr_t;  /**< Type (and size) of Object Dictionary attribute */
  42:CANopen/301/CO_ODinterface.h **** #endif
  43:CANopen/301/CO_ODinterface.h **** 
  44:CANopen/301/CO_ODinterface.h **** #ifndef OD_FLAGS_PDO_SIZE
  45:CANopen/301/CO_ODinterface.h **** #define OD_FLAGS_PDO_SIZE 4U /**< Size of of flagsPDO variable inside @ref OD_extension_t, from 0 t
  46:CANopen/301/CO_ODinterface.h **** #endif
  47:CANopen/301/CO_ODinterface.h **** 
  48:CANopen/301/CO_ODinterface.h **** #ifndef CO_PROGMEM
  49:CANopen/301/CO_ODinterface.h **** /** Modifier for OD objects. This is large amount of data and is specified in Object Dictionary (OD
  50:CANopen/301/CO_ODinterface.h **** #define CO_PROGMEM const
  51:CANopen/301/CO_ODinterface.h **** #endif
  52:CANopen/301/CO_ODinterface.h **** 
  53:CANopen/301/CO_ODinterface.h **** /**
  54:CANopen/301/CO_ODinterface.h ****  * Common DS301 object dictionary entries.
  55:CANopen/301/CO_ODinterface.h ****  */
  56:CANopen/301/CO_ODinterface.h **** typedef enum {
  57:CANopen/301/CO_ODinterface.h ****     OD_H1000_DEV_TYPE = 0x1000U,           /**< Device type */
  58:CANopen/301/CO_ODinterface.h ****     OD_H1001_ERR_REG = 0x1001U,            /**< Error register */
  59:CANopen/301/CO_ODinterface.h ****     OD_H1002_MANUF_STATUS_REG = 0x1002U,   /**< Manufacturer status register */
  60:CANopen/301/CO_ODinterface.h ****     OD_H1003_PREDEF_ERR_FIELD = 0x1003U,   /**< Predefined error field */
  61:CANopen/301/CO_ODinterface.h ****     OD_H1004_RSV = 0x1004U,                /**< Reserved */
  62:CANopen/301/CO_ODinterface.h ****     OD_H1005_COBID_SYNC = 0x1005U,         /**< Sync message cob-id */
  63:CANopen/301/CO_ODinterface.h ****     OD_H1006_COMM_CYCL_PERIOD = 0x1006U,   /**< Communication cycle period */
  64:CANopen/301/CO_ODinterface.h ****     OD_H1007_SYNC_WINDOW_LEN = 0x1007U,    /**< Sync windows length */
  65:CANopen/301/CO_ODinterface.h ****     OD_H1008_MANUF_DEV_NAME = 0x1008U,     /**< Manufacturer device name */
  66:CANopen/301/CO_ODinterface.h ****     OD_H1009_MANUF_HW_VERSION = 0x1009U,   /**< Manufacturer hardware version */
  67:CANopen/301/CO_ODinterface.h ****     OD_H100A_MANUF_SW_VERSION = 0x100AU,   /**< Manufacturer software version */
  68:CANopen/301/CO_ODinterface.h ****     OD_H100B_RSV = 0x100BU,                /**< Reserved */
  69:CANopen/301/CO_ODinterface.h ****     OD_H100C_GUARD_TIME = 0x100CU,         /**< Guard time */
  70:CANopen/301/CO_ODinterface.h ****     OD_H100D_LIFETIME_FACTOR = 0x100DU,    /**< Life time factor */
  71:CANopen/301/CO_ODinterface.h ****     OD_H100E_RSV = 0x100EU,                /**< Reserved */
  72:CANopen/301/CO_ODinterface.h ****     OD_H100F_RSV = 0x100FU,                /**< Reserved */
  73:CANopen/301/CO_ODinterface.h ****     OD_H1010_STORE_PARAMETERS = 0x1010U,   /**< Store params in persistent mem. */
  74:CANopen/301/CO_ODinterface.h ****     OD_H1011_RESTORE_DEFAULT = 0x1011U,    /**< Restore default parameters */
  75:CANopen/301/CO_ODinterface.h ****     OD_H1012_COBID_TIME = 0x1012U,         /**< Timestamp message cob-id */
  76:CANopen/301/CO_ODinterface.h ****     OD_H1013_HIGH_RES_TIMESTAMP = 0x1013U, /**< High resolution timestamp */
  77:CANopen/301/CO_ODinterface.h ****     OD_H1014_COBID_EMERGENCY = 0x1014U,    /**< Emergency message cob-id */
  78:CANopen/301/CO_ODinterface.h ****     OD_H1015_INHIBIT_TIME_EMCY = 0x1015U,  /**< Inhibit time emergency message */
  79:CANopen/301/CO_ODinterface.h ****     OD_H1016_CONSUMER_HB_TIME = 0x1016U,   /**< Consumer heartbeat time */
  80:CANopen/301/CO_ODinterface.h ****     OD_H1017_PRODUCER_HB_TIME = 0x1017U,   /**< Producer heartbeat time */
  81:CANopen/301/CO_ODinterface.h ****     OD_H1018_IDENTITY_OBJECT = 0x1018U,    /**< Identity object */
  82:CANopen/301/CO_ODinterface.h ****     OD_H1019_SYNC_CNT_OVERFLOW = 0x1019U,  /**< Sync counter overflow value */
  83:CANopen/301/CO_ODinterface.h ****     OD_H1020_VERIFY_CONFIG = 0x1020U,      /**< Verify configuration */
ARM GAS  C:\Users\Lenovo\AppData\Local\Temp\ccL1vOqM.s 			page 55


  84:CANopen/301/CO_ODinterface.h ****     OD_H1021_STORE_EDS = 0x1021U,          /**< Store EDS */
  85:CANopen/301/CO_ODinterface.h ****     OD_H1022_STORE_FORMAT = 0x1022U,       /**< Store format */
  86:CANopen/301/CO_ODinterface.h ****     OD_H1023_OS_CMD = 0x1023U,             /**< OS command */
  87:CANopen/301/CO_ODinterface.h ****     OD_H1024_OS_CMD_MODE = 0x1024U,        /**< OS command mode */
  88:CANopen/301/CO_ODinterface.h ****     OD_H1025_OS_DBG_INTERFACE = 0x1025U,   /**< OS debug interface */
  89:CANopen/301/CO_ODinterface.h ****     OD_H1026_OS_PROMPT = 0x1026U,          /**< OS prompt */
  90:CANopen/301/CO_ODinterface.h ****     OD_H1027_MODULE_LIST = 0x1027U,        /**< Module list */
  91:CANopen/301/CO_ODinterface.h ****     OD_H1028_EMCY_CONSUMER = 0x1028U,      /**< Emergency consumer object */
  92:CANopen/301/CO_ODinterface.h ****     OD_H1029_ERR_BEHAVIOR = 0x1029U,       /**< Error behaviour */
  93:CANopen/301/CO_ODinterface.h ****     OD_H1200_SDO_SERVER_1_PARAM = 0x1200U, /**< SDO server parameter */
  94:CANopen/301/CO_ODinterface.h ****     OD_H1280_SDO_CLIENT_1_PARAM = 0x1280U, /**< SDO client parameter */
  95:CANopen/301/CO_ODinterface.h ****     OD_H1300_GFC_PARAM = 0x1300U,          /**< Global fail-safe command param */
  96:CANopen/301/CO_ODinterface.h ****     OD_H1301_SRDO_1_PARAM = 0x1301U,       /**< SRDO communication parameter */
  97:CANopen/301/CO_ODinterface.h ****     OD_H1381_SRDO_1_MAPPING = 0x1381U,     /**< SRDO mapping parameter */
  98:CANopen/301/CO_ODinterface.h ****     OD_H13FE_SRDO_VALID = 0x13FEU,         /**< SRDO Configuration valid */
  99:CANopen/301/CO_ODinterface.h ****     OD_H13FF_SRDO_CHECKSUM = 0x13FFU,      /**< SRDO configuration checksum */
 100:CANopen/301/CO_ODinterface.h ****     OD_H1400_RXPDO_1_PARAM = 0x1400U,      /**< RXPDO communication parameter */
 101:CANopen/301/CO_ODinterface.h ****     OD_H1600_RXPDO_1_MAPPING = 0x1600U,    /**< RXPDO mapping parameters */
 102:CANopen/301/CO_ODinterface.h ****     OD_H1800_TXPDO_1_PARAM = 0x1800U,      /**< TXPDO communication parameter */
 103:CANopen/301/CO_ODinterface.h ****     OD_H1A00_TXPDO_1_MAPPING = 0x1A00U,    /**< TXPDO mapping parameters */
 104:CANopen/301/CO_ODinterface.h **** } OD_ObjDicId_30x_t;
 105:CANopen/301/CO_ODinterface.h **** 
 106:CANopen/301/CO_ODinterface.h **** /**
 107:CANopen/301/CO_ODinterface.h ****  * Attributes (bit masks) for OD sub-object.
 108:CANopen/301/CO_ODinterface.h ****  */
 109:CANopen/301/CO_ODinterface.h **** typedef enum {
 110:CANopen/301/CO_ODinterface.h ****     ODA_SDO_R = 0x01U,  /**< SDO server may read from the variable */
 111:CANopen/301/CO_ODinterface.h ****     ODA_SDO_W = 0x02U,  /**< SDO server may write to the variable */
 112:CANopen/301/CO_ODinterface.h ****     ODA_SDO_RW = 0x03U, /**< SDO server may read from or write to the variable */
 113:CANopen/301/CO_ODinterface.h ****     ODA_TPDO = 0x04U,   /**< Variable is mappable into TPDO (can be read) */
 114:CANopen/301/CO_ODinterface.h ****     ODA_RPDO = 0x08U,   /**< Variable is mappable into RPDO (can be written) */
 115:CANopen/301/CO_ODinterface.h ****     ODA_TRPDO = 0x0CU,  /**< Variable is mappable into TPDO or RPDO */
 116:CANopen/301/CO_ODinterface.h ****     ODA_TSRDO = 0x10U,  /**< Variable is mappable into transmitting SRDO */
 117:CANopen/301/CO_ODinterface.h ****     ODA_RSRDO = 0x20U,  /**< Variable is mappable into receiving SRDO */
 118:CANopen/301/CO_ODinterface.h ****     ODA_TRSRDO = 0x30U, /**< Variable is mappable into tx or rx SRDO */
 119:CANopen/301/CO_ODinterface.h ****     ODA_MB = 0x40U,     /**< Variable is multi-byte ((u)int16_t to (u)int64_t) */
 120:CANopen/301/CO_ODinterface.h ****     ODA_STR = 0x80U     /**< Shorter value, than specified variable size, may be written to the var
 121:CANopen/301/CO_ODinterface.h ****                            fill remaining memory with zeroes. Attribute is used for VISIBLE_STRING 
 122:CANopen/301/CO_ODinterface.h **** } OD_attributes_t;
 123:CANopen/301/CO_ODinterface.h **** 
 124:CANopen/301/CO_ODinterface.h **** /**
 125:CANopen/301/CO_ODinterface.h ****  * Return codes from OD access functions.
 126:CANopen/301/CO_ODinterface.h ****  *
 127:CANopen/301/CO_ODinterface.h ****  * @ref OD_getSDOabCode() can be used to retrieve corresponding SDO abort code.
 128:CANopen/301/CO_ODinterface.h ****  */
 129:CANopen/301/CO_ODinterface.h **** typedef enum {
 130:CANopen/301/CO_ODinterface.h ****     /* !!!! WARNING !!!! If changing these values, change also OD_getSDOabCode() function! */
 131:CANopen/301/CO_ODinterface.h ****     ODR_PARTIAL = -1,        /**< Read/write is only partial, make more calls */
 132:CANopen/301/CO_ODinterface.h ****     ODR_OK = 0,              /**< SDO abort 0x00000000 - Read/write successfully finished */
 133:CANopen/301/CO_ODinterface.h ****     ODR_OUT_OF_MEM = 1,      /**< SDO abort 0x05040005 - Out of memory */
 134:CANopen/301/CO_ODinterface.h ****     ODR_UNSUPP_ACCESS = 2,   /**< SDO abort 0x06010000 - Unsupported access to an object */
 135:CANopen/301/CO_ODinterface.h ****     ODR_WRITEONLY = 3,       /**< SDO abort 0x06010001 - Attempt to read a write only object */
 136:CANopen/301/CO_ODinterface.h ****     ODR_READONLY = 4,        /**< SDO abort 0x06010002 - Attempt to write a read only object */
 137:CANopen/301/CO_ODinterface.h ****     ODR_IDX_NOT_EXIST = 5,   /**< SDO abort 0x06020000 - Object does not exist in the object dict. 
 138:CANopen/301/CO_ODinterface.h ****     ODR_NO_MAP = 6,          /**< SDO abort 0x06040041 - Object cannot be mapped to the PDO */
 139:CANopen/301/CO_ODinterface.h ****     ODR_MAP_LEN = 7,         /**< SDO abort 0x06040042 - PDO length exceeded */
 140:CANopen/301/CO_ODinterface.h ****     ODR_PAR_INCOMPAT = 8,    /**< SDO abort 0x06040043 - General parameter incompatibility reasons 
ARM GAS  C:\Users\Lenovo\AppData\Local\Temp\ccL1vOqM.s 			page 56


 141:CANopen/301/CO_ODinterface.h ****     ODR_DEV_INCOMPAT = 9,    /**< SDO abort 0x06040047 - General internal incompatibility in device
 142:CANopen/301/CO_ODinterface.h ****     ODR_HW = 10,             /**< SDO abort 0x06060000 - Access failed due to hardware error */
 143:CANopen/301/CO_ODinterface.h ****     ODR_TYPE_MISMATCH = 11,  /**< SDO abort 0x06070010 - Data type does not match */
 144:CANopen/301/CO_ODinterface.h ****     ODR_DATA_LONG = 12,      /**< SDO abort 0x06070012 - Data type does not match, length too high 
 145:CANopen/301/CO_ODinterface.h ****     ODR_DATA_SHORT = 13,     /**< SDO abort 0x06070013 - Data type does not match, length too short
 146:CANopen/301/CO_ODinterface.h ****     ODR_SUB_NOT_EXIST = 14,  /**< SDO abort 0x06090011 - Sub index does not exist */
 147:CANopen/301/CO_ODinterface.h ****     ODR_INVALID_VALUE = 15,  /**< SDO abort 0x06090030 - Invalid value for parameter (download only
 148:CANopen/301/CO_ODinterface.h ****     ODR_VALUE_HIGH = 16,     /**< SDO abort 0x06090031 - Value range of parameter written too high 
 149:CANopen/301/CO_ODinterface.h ****     ODR_VALUE_LOW = 17,      /**< SDO abort 0x06090032 - Value range of parameter written too low *
 150:CANopen/301/CO_ODinterface.h ****     ODR_MAX_LESS_MIN = 18,   /**< SDO abort 0x06090036 - Maximum value is less than minimum value *
 151:CANopen/301/CO_ODinterface.h ****     ODR_NO_RESOURCE = 19,    /**< SDO abort 0x060A0023 - Resource not available: SDO connection */
 152:CANopen/301/CO_ODinterface.h ****     ODR_GENERAL = 20,        /**< SDO abort 0x08000000 - General error */
 153:CANopen/301/CO_ODinterface.h ****     ODR_DATA_TRANSF = 21,    /**< SDO abort 0x08000020 - Data cannot be transferred or stored to ap
 154:CANopen/301/CO_ODinterface.h ****     ODR_DATA_LOC_CTRL = 22,  /**< SDO abort 0x08000021 - Data can't be transferred (local control) 
 155:CANopen/301/CO_ODinterface.h ****     ODR_DATA_DEV_STATE = 23, /**< SDO abort 0x08000022 - Data can't be transf. (present device stat
 156:CANopen/301/CO_ODinterface.h ****     ODR_OD_MISSING = 24,     /**< SDO abort 0x08000023 - Object dictionary not present */
 157:CANopen/301/CO_ODinterface.h ****     ODR_NO_DATA = 25,        /**< SDO abort 0x08000024 - No data available */
 158:CANopen/301/CO_ODinterface.h ****     ODR_COUNT = 26           /**< Last element, number of responses */
 159:CANopen/301/CO_ODinterface.h **** } ODR_t;
 160:CANopen/301/CO_ODinterface.h **** 
 161:CANopen/301/CO_ODinterface.h **** /**
 162:CANopen/301/CO_ODinterface.h ****  * IO stream structure, used for read/write access to OD variable, part of @ref OD_IO_t.
 163:CANopen/301/CO_ODinterface.h ****  */
 164:CANopen/301/CO_ODinterface.h **** typedef struct {
 165:CANopen/301/CO_ODinterface.h ****     void* dataOrig; /**< Pointer to original data object, defined by Object Dictionary. Default rea
 166:CANopen/301/CO_ODinterface.h ****                      * operate on it. If memory for data object is not specified by Object Dictiona
 167:CANopen/301/CO_ODinterface.h ****                      * NULL. */
 168:CANopen/301/CO_ODinterface.h ****     void* object; /**< Pointer to object, passed by @ref OD_extension_init(). Can be used inside re
 169:CANopen/301/CO_ODinterface.h ****                    * from IO   extension. */
 170:CANopen/301/CO_ODinterface.h ****     OD_size_t dataLength; /**< Data length in bytes or 0, if length is not specified */
 171:CANopen/301/CO_ODinterface.h ****     OD_size_t dataOffset; /**< In case of large data, dataOffset indicates position of already tran
 172:CANopen/301/CO_ODinterface.h ****     OD_attr_t attribute;  /**< Attribute bit-field of the OD sub-object, see @ref OD_attributes_t *
 173:CANopen/301/CO_ODinterface.h ****     uint16_t index;       /**< Index of the OD object, informative */
 174:CANopen/301/CO_ODinterface.h ****     uint8_t subIndex;     /**< Sub index of the OD sub-object, informative */
 175:CANopen/301/CO_ODinterface.h **** } OD_stream_t;
 176:CANopen/301/CO_ODinterface.h **** 
 177:CANopen/301/CO_ODinterface.h **** /**
 178:CANopen/301/CO_ODinterface.h ****  * Structure for input / output on the OD variable. It is initialized with @ref OD_getSub() functio
 179:CANopen/301/CO_ODinterface.h ****  * to OD variable is via read/write functions operating on stream, similar as standard read/write.
 180:CANopen/301/CO_ODinterface.h ****  */
 181:CANopen/301/CO_ODinterface.h **** typedef struct {
 182:CANopen/301/CO_ODinterface.h ****     /** Object Dictionary stream object, passed to read or write */
 183:CANopen/301/CO_ODinterface.h ****     OD_stream_t stream;
 184:CANopen/301/CO_ODinterface.h ****     /**
 185:CANopen/301/CO_ODinterface.h ****      * Function pointer for reading value from specified variable from Object Dictionary. If OD var
 186:CANopen/301/CO_ODinterface.h ****      * buf, then this function must be called several times. After completed successful read functi
 187:CANopen/301/CO_ODinterface.h ****      * If read is partial, it returns 'ODR_PARTIAL'. In case of errors function returns code simila
 188:CANopen/301/CO_ODinterface.h ****      *
 189:CANopen/301/CO_ODinterface.h ****      * Read can be restarted with @ref OD_rwRestart() function.
 190:CANopen/301/CO_ODinterface.h ****      *
 191:CANopen/301/CO_ODinterface.h ****      * At the moment, when Object Dictionary is initialized, every variable has assigned the same "
 192:CANopen/301/CO_ODinterface.h ****      * default function simply copies data from Object Dictionary variable. Application can bind it
 193:CANopen/301/CO_ODinterface.h ****      * for specific object. In that case application is able to calculate data for reading from own
 194:CANopen/301/CO_ODinterface.h ****      * the moment of "read" function call. Own "read" function on OD object can be initialized with
 195:CANopen/301/CO_ODinterface.h ****      * OD_extension_init() function.
 196:CANopen/301/CO_ODinterface.h ****      *
 197:CANopen/301/CO_ODinterface.h ****      * "read" function must always copy all own data to buf, except if "buf" is not large enough. (
ARM GAS  C:\Users\Lenovo\AppData\Local\Temp\ccL1vOqM.s 			page 57


 198:CANopen/301/CO_ODinterface.h ****      * not return 'ODR_PARTIAL', if there is still space in "buf".)
 199:CANopen/301/CO_ODinterface.h ****      *
 200:CANopen/301/CO_ODinterface.h ****      * @warning Do not use @ref CO_LOCK_OD() and @ref CO_UNLOCK_OD() macros inside the read() funct
 201:CANopen/301/CO_ODinterface.h ****      * CO_critical_sections.
 202:CANopen/301/CO_ODinterface.h ****      *
 203:CANopen/301/CO_ODinterface.h ****      * @param stream Object Dictionary stream object.
 204:CANopen/301/CO_ODinterface.h ****      * @param buf Pointer to external buffer, where to data will be copied.
 205:CANopen/301/CO_ODinterface.h ****      * @param count Size of the external buffer in bytes.
 206:CANopen/301/CO_ODinterface.h ****      * @param [out] countRead If return value is "ODR_OK" or "ODR_PARTIAL", then number of bytes su
 207:CANopen/301/CO_ODinterface.h ****      * be returned here.
 208:CANopen/301/CO_ODinterface.h ****      *
 209:CANopen/301/CO_ODinterface.h ****      * @return Value from @ref ODR_t, "ODR_OK" in case of success.
 210:CANopen/301/CO_ODinterface.h ****      */
 211:CANopen/301/CO_ODinterface.h ****     ODR_t (*read)(OD_stream_t* stream, void* buf, OD_size_t count, OD_size_t* countRead);
 212:CANopen/301/CO_ODinterface.h ****     /**
 213:CANopen/301/CO_ODinterface.h ****      * Function pointer for writing value into specified variable inside Object Dictionary. If OD v
 214:CANopen/301/CO_ODinterface.h ****      * than buf, then this function must be called several times. After completed successful write 
 215:CANopen/301/CO_ODinterface.h ****      * 'ODR_OK'. If write is partial, it returns 'ODR_PARTIAL'. In case of errors function returns 
 216:CANopen/301/CO_ODinterface.h ****      * abort code.
 217:CANopen/301/CO_ODinterface.h ****      *
 218:CANopen/301/CO_ODinterface.h ****      * Write can be restarted with @ref OD_rwRestart() function.
 219:CANopen/301/CO_ODinterface.h ****      *
 220:CANopen/301/CO_ODinterface.h ****      * At the moment, when Object Dictionary is initialized, every variable has assigned the same "
 221:CANopen/301/CO_ODinterface.h ****      * which simply copies data to Object Dictionary variable. Application can bind its own "write"
 222:CANopen/301/CO_ODinterface.h ****      * it can bind "read" function.
 223:CANopen/301/CO_ODinterface.h ****      *
 224:CANopen/301/CO_ODinterface.h ****      * "write" function must always copy all available data from buf. If OD variable expect more da
 225:CANopen/301/CO_ODinterface.h ****      * "*returnCode" must return 'ODR_PARTIAL'.
 226:CANopen/301/CO_ODinterface.h ****      *
 227:CANopen/301/CO_ODinterface.h ****      * @warning Do not use @ref CO_LOCK_OD() and @ref CO_UNLOCK_OD() macros inside the write() func
 228:CANopen/301/CO_ODinterface.h ****      * CO_critical_sections.
 229:CANopen/301/CO_ODinterface.h ****      *
 230:CANopen/301/CO_ODinterface.h ****      * @param stream Object Dictionary stream object.
 231:CANopen/301/CO_ODinterface.h ****      * @param buf Pointer to external buffer, from where data will be copied.
 232:CANopen/301/CO_ODinterface.h ****      * @param count Size of the external buffer in bytes.
 233:CANopen/301/CO_ODinterface.h ****      * @param [out] countWritten If return value is "ODR_OK" or "ODR_PARTIAL", then number of bytes
 234:CANopen/301/CO_ODinterface.h ****      * must be returned here.
 235:CANopen/301/CO_ODinterface.h ****      *
 236:CANopen/301/CO_ODinterface.h ****      * @return Value from @ref ODR_t, "ODR_OK" in case of success.
 237:CANopen/301/CO_ODinterface.h ****      */
 238:CANopen/301/CO_ODinterface.h ****     ODR_t (*write)(OD_stream_t* stream, const void* buf, OD_size_t count, OD_size_t* countWritten);
 239:CANopen/301/CO_ODinterface.h **** } OD_IO_t;
 240:CANopen/301/CO_ODinterface.h **** 
 241:CANopen/301/CO_ODinterface.h **** /**
 242:CANopen/301/CO_ODinterface.h ****  * Extension of OD object, which can optionally be specified by application in initialization phase
 243:CANopen/301/CO_ODinterface.h ****  * OD_extension_init() function.
 244:CANopen/301/CO_ODinterface.h ****  */
 245:CANopen/301/CO_ODinterface.h **** typedef struct {
 246:CANopen/301/CO_ODinterface.h ****     /** Object on which read and write will operate, part of @ref OD_stream_t */
 247:CANopen/301/CO_ODinterface.h ****     void* object;
 248:CANopen/301/CO_ODinterface.h ****     /** Application specified read function pointer. If NULL, then read will be disabled. @ref OD_r
 249:CANopen/301/CO_ODinterface.h ****      * used here to keep the original read function. For function description see @ref OD_IO_t. */
 250:CANopen/301/CO_ODinterface.h ****     ODR_t (*read)(OD_stream_t* stream, void* buf, OD_size_t count, OD_size_t* countRead);
 251:CANopen/301/CO_ODinterface.h ****     /** Application specified write function pointer. If NULL, then write will be disabled. @ref OD
 252:CANopen/301/CO_ODinterface.h ****      * used here to keep the original write function. For function description see @ref OD_IO_t. */
 253:CANopen/301/CO_ODinterface.h ****     ODR_t (*write)(OD_stream_t* stream, const void* buf, OD_size_t count, OD_size_t* countWritten);
 254:CANopen/301/CO_ODinterface.h **** #if OD_FLAGS_PDO_SIZE > 0
ARM GAS  C:\Users\Lenovo\AppData\Local\Temp\ccL1vOqM.s 			page 58


 255:CANopen/301/CO_ODinterface.h ****     /** PDO flags bit-field provides one bit for each OD variable, which exist inside OD object at 
 256:CANopen/301/CO_ODinterface.h ****      * If application clears that bit, and OD variable is mapped to an event driven TPDO, then TPDO
 257:CANopen/301/CO_ODinterface.h ****      *
 258:CANopen/301/CO_ODinterface.h ****      * @ref OD_FLAGS_PDO_SIZE can have a value from 0 to 32 bytes, which corresponds to 0 to 256 av
 259:CANopen/301/CO_ODinterface.h ****      * example, @ref OD_FLAGS_PDO_SIZE has value 4, then OD variables with sub index up to 31 will 
 260:CANopen/301/CO_ODinterface.h ****      * requesting functionality. See also @ref OD_requestTPDO and @ref OD_TPDOtransmitted. */
 261:CANopen/301/CO_ODinterface.h ****     uint8_t flagsPDO[OD_FLAGS_PDO_SIZE];
 262:CANopen/301/CO_ODinterface.h **** #endif
 263:CANopen/301/CO_ODinterface.h **** } OD_extension_t;
 264:CANopen/301/CO_ODinterface.h **** 
 265:CANopen/301/CO_ODinterface.h **** /**
 266:CANopen/301/CO_ODinterface.h ****  * Object Dictionary entry for one OD object.
 267:CANopen/301/CO_ODinterface.h ****  *
 268:CANopen/301/CO_ODinterface.h ****  * OD entries are collected inside OD_t as array (list). Each OD entry contains basic information a
 269:CANopen/301/CO_ODinterface.h ****  * and subEntriesCount), pointer to odObject with additional information about var, array or record
 270:CANopen/301/CO_ODinterface.h ****  * extension, configurable by application.
 271:CANopen/301/CO_ODinterface.h ****  */
 272:CANopen/301/CO_ODinterface.h **** typedef struct {
 273:CANopen/301/CO_ODinterface.h ****     uint16_t index;            /**< Object Dictionary index */
 274:CANopen/301/CO_ODinterface.h ****     uint8_t subEntriesCount;   /**< Number of all sub-entries, including sub-entry at sub-index 0 *
 275:CANopen/301/CO_ODinterface.h ****     uint8_t odObjectType;      /**< Type of the odObject, indicated by @ref OD_objectTypes_t enumer
 276:CANopen/301/CO_ODinterface.h ****     CO_PROGMEM void* odObject; /**< OD object of type indicated by odObjectType, from which @ref OD
 277:CANopen/301/CO_ODinterface.h ****                                   information */
 278:CANopen/301/CO_ODinterface.h ****     OD_extension_t* extension; /**< Extension to OD, specified by application */
 279:CANopen/301/CO_ODinterface.h **** } OD_entry_t;
 280:CANopen/301/CO_ODinterface.h **** 
 281:CANopen/301/CO_ODinterface.h **** /**
 282:CANopen/301/CO_ODinterface.h ****  * Object Dictionary
 283:CANopen/301/CO_ODinterface.h ****  */
 284:CANopen/301/CO_ODinterface.h **** typedef struct {
 285:CANopen/301/CO_ODinterface.h ****     uint16_t size;    /**< Number of elements in the list, without last element, which is blank */
 286:CANopen/301/CO_ODinterface.h ****     OD_entry_t* list; /**< List OD entries (table of contents), ordered by index */
 287:CANopen/301/CO_ODinterface.h **** } OD_t;
 288:CANopen/301/CO_ODinterface.h **** 
 289:CANopen/301/CO_ODinterface.h **** /**
 290:CANopen/301/CO_ODinterface.h ****  * Read value from original OD location
 291:CANopen/301/CO_ODinterface.h ****  *
 292:CANopen/301/CO_ODinterface.h ****  * This function can be used inside read / write functions, specified by @ref OD_extension_init(). 
 293:CANopen/301/CO_ODinterface.h ****  * directly from memory location specified by Object dictionary. If no IO extension is used on OD e
 294:CANopen/301/CO_ODinterface.h ****  * returned by @ref OD_getSub() equals to this function. See also @ref OD_IO_t.
 295:CANopen/301/CO_ODinterface.h ****  */
 296:CANopen/301/CO_ODinterface.h **** ODR_t OD_readOriginal(OD_stream_t* stream, void* buf, OD_size_t count, OD_size_t* countRead);
 297:CANopen/301/CO_ODinterface.h **** 
 298:CANopen/301/CO_ODinterface.h **** /**
 299:CANopen/301/CO_ODinterface.h ****  * Write value to original OD location
 300:CANopen/301/CO_ODinterface.h ****  *
 301:CANopen/301/CO_ODinterface.h ****  * This function can be used inside read / write functions, specified by @ref OD_extension_init(). 
 302:CANopen/301/CO_ODinterface.h ****  * directly to memory location specified by Object dictionary. If no IO extension is used on OD ent
 303:CANopen/301/CO_ODinterface.h ****  * returned by @ref OD_getSub() equals to this function. See also @ref OD_IO_t.
 304:CANopen/301/CO_ODinterface.h ****  */
 305:CANopen/301/CO_ODinterface.h **** ODR_t OD_writeOriginal(OD_stream_t* stream, const void* buf, OD_size_t count, OD_size_t* countWritt
 306:CANopen/301/CO_ODinterface.h **** 
 307:CANopen/301/CO_ODinterface.h **** /**
 308:CANopen/301/CO_ODinterface.h ****  * Find OD entry in Object Dictionary
 309:CANopen/301/CO_ODinterface.h ****  *
 310:CANopen/301/CO_ODinterface.h ****  * @param od Object Dictionary
 311:CANopen/301/CO_ODinterface.h ****  * @param index CANopen Object Dictionary index of object in Object Dictionary
ARM GAS  C:\Users\Lenovo\AppData\Local\Temp\ccL1vOqM.s 			page 59


 312:CANopen/301/CO_ODinterface.h ****  *
 313:CANopen/301/CO_ODinterface.h ****  * @return Pointer to OD entry or NULL if not found
 314:CANopen/301/CO_ODinterface.h ****  */
 315:CANopen/301/CO_ODinterface.h **** OD_entry_t* OD_find(OD_t* od, uint16_t index);
 316:CANopen/301/CO_ODinterface.h **** 
 317:CANopen/301/CO_ODinterface.h **** /**
 318:CANopen/301/CO_ODinterface.h ****  * Find sub-object with specified sub-index on OD entry returned by OD_find. Function populates io 
 319:CANopen/301/CO_ODinterface.h ****  * sub-object data.
 320:CANopen/301/CO_ODinterface.h ****  *
 321:CANopen/301/CO_ODinterface.h ****  * @warning
 322:CANopen/301/CO_ODinterface.h ****  * Read and write functions may be called from different threads, so critical sections in custom fu
 323:CANopen/301/CO_ODinterface.h ****  * observed, see @ref CO_critical_sections.
 324:CANopen/301/CO_ODinterface.h ****  *
 325:CANopen/301/CO_ODinterface.h ****  * @param entry Object Dictionary entry.
 326:CANopen/301/CO_ODinterface.h ****  * @param subIndex Sub-index of the variable from the OD object.
 327:CANopen/301/CO_ODinterface.h ****  * @param [out] io Structure will be populated on success.
 328:CANopen/301/CO_ODinterface.h ****  * @param odOrig If true, then potential IO extension on entry will be ignored and access to data e
 329:CANopen/301/CO_ODinterface.h ****  * OD location will be returned
 330:CANopen/301/CO_ODinterface.h ****  *
 331:CANopen/301/CO_ODinterface.h ****  * @return Value from @ref ODR_t, "ODR_OK" in case of success.
 332:CANopen/301/CO_ODinterface.h ****  */
 333:CANopen/301/CO_ODinterface.h **** ODR_t OD_getSub(const OD_entry_t* entry, uint8_t subIndex, OD_IO_t* io, bool_t odOrig);
 334:CANopen/301/CO_ODinterface.h **** 
 335:CANopen/301/CO_ODinterface.h **** /**
 336:CANopen/301/CO_ODinterface.h ****  * Return index from OD entry
 337:CANopen/301/CO_ODinterface.h ****  *
 338:CANopen/301/CO_ODinterface.h ****  * @param entry Object Dictionary entry.
 339:CANopen/301/CO_ODinterface.h ****  *
 340:CANopen/301/CO_ODinterface.h ****  * @return OD index
 341:CANopen/301/CO_ODinterface.h ****  */
 342:CANopen/301/CO_ODinterface.h **** static inline uint16_t
 343:CANopen/301/CO_ODinterface.h **** OD_getIndex(const OD_entry_t* entry) {
 344:CANopen/301/CO_ODinterface.h ****     return (entry != NULL) ? entry->index : 0U;
 345:CANopen/301/CO_ODinterface.h **** }
 346:CANopen/301/CO_ODinterface.h **** 
 347:CANopen/301/CO_ODinterface.h **** /**
 348:CANopen/301/CO_ODinterface.h ****  * Check, if OD variable is mappable to PDO or SRDO.
 349:CANopen/301/CO_ODinterface.h ****  *
 350:CANopen/301/CO_ODinterface.h ****  * If OD variable is mappable, then it may be necessary to protect read/write access from mainline 
 351:CANopen/301/CO_ODinterface.h ****  * CO_critical_sections.
 352:CANopen/301/CO_ODinterface.h ****  *
 353:CANopen/301/CO_ODinterface.h ****  * @param stream Object Dictionary stream object.
 354:CANopen/301/CO_ODinterface.h ****  *
 355:CANopen/301/CO_ODinterface.h ****  * @return true, if OD variable is mappable.
 356:CANopen/301/CO_ODinterface.h ****  */
 357:CANopen/301/CO_ODinterface.h **** static inline bool_t
 358:CANopen/301/CO_ODinterface.h **** OD_mappable(OD_stream_t* stream) {
 359:CANopen/301/CO_ODinterface.h ****     return (stream != NULL) ? ((stream->attribute & ((OD_attr_t)ODA_TRPDO | (OD_attr_t)ODA_TRSRDO))
 360:CANopen/301/CO_ODinterface.h **** }
 361:CANopen/301/CO_ODinterface.h **** 
 362:CANopen/301/CO_ODinterface.h **** /**
 363:CANopen/301/CO_ODinterface.h ****  * Restart read or write operation on OD variable
 364:CANopen/301/CO_ODinterface.h ****  *
 365:CANopen/301/CO_ODinterface.h ****  * It is not necessary to call this function, if stream was initialized by @ref OD_getSub(). It is 
 366:CANopen/301/CO_ODinterface.h ****  * call this function, if previous read or write was successfully finished.
 367:CANopen/301/CO_ODinterface.h ****  *
 368:CANopen/301/CO_ODinterface.h ****  * @param stream Object Dictionary stream object.
ARM GAS  C:\Users\Lenovo\AppData\Local\Temp\ccL1vOqM.s 			page 60


 369:CANopen/301/CO_ODinterface.h ****  */
 370:CANopen/301/CO_ODinterface.h **** static inline void
 371:CANopen/301/CO_ODinterface.h **** OD_rwRestart(OD_stream_t* stream) {
 372:CANopen/301/CO_ODinterface.h ****     if (stream != NULL) {
 373:CANopen/301/CO_ODinterface.h ****         stream->dataOffset = 0U;
 374:CANopen/301/CO_ODinterface.h ****     }
 375:CANopen/301/CO_ODinterface.h **** }
 376:CANopen/301/CO_ODinterface.h **** 
 377:CANopen/301/CO_ODinterface.h **** /**
 378:CANopen/301/CO_ODinterface.h ****  * Request TPDO, to which OD variable is mapped
 379:CANopen/301/CO_ODinterface.h ****  *
 380:CANopen/301/CO_ODinterface.h ****  * Function clears the flagPDO bit, which corresponds to OD variable at specific OD index and subin
 381:CANopen/301/CO_ODinterface.h ****  * functionality to work, @ref OD_extension_t must be enabled on OD variable. If OD variable is map
 382:CANopen/301/CO_ODinterface.h ****  * event driven transmission, then TPDO will be transmitted after this function call. If OD variabl
 383:CANopen/301/CO_ODinterface.h ****  * than one TPDO with event driven transmission, only the first matched TPDO will be transmitted.
 384:CANopen/301/CO_ODinterface.h ****  *
 385:CANopen/301/CO_ODinterface.h ****  * TPDO event driven transmission is enabled, if TPDO communication parameter, transmission type is
 386:CANopen/301/CO_ODinterface.h ****  * or 255. For other transmission types (synchronous) flagPDO bit is ignored.
 387:CANopen/301/CO_ODinterface.h ****  *
 388:CANopen/301/CO_ODinterface.h ****  * @param entry Object Dictionary entry.
 389:CANopen/301/CO_ODinterface.h ****  * @param subIndex subIndex of the OD variable.
 390:CANopen/301/CO_ODinterface.h ****  */
 391:CANopen/301/CO_ODinterface.h **** static inline void
 392:CANopen/301/CO_ODinterface.h **** OD_requestTPDO(OD_entry_t* entry, uint8_t subIndex) {
 393:CANopen/301/CO_ODinterface.h **** #if OD_FLAGS_PDO_SIZE > 0
 394:CANopen/301/CO_ODinterface.h ****     if ((entry != NULL) && (entry->extension != NULL) && (subIndex < (OD_FLAGS_PDO_SIZE * 8U))) {
 395:CANopen/301/CO_ODinterface.h ****         /* clear subIndex-th bit */
 396:CANopen/301/CO_ODinterface.h ****         uint8_t mask = ~(1U << (subIndex & 0x07U));
 397:CANopen/301/CO_ODinterface.h ****         entry->extension->flagsPDO[subIndex >> 3] &= mask;
 398:CANopen/301/CO_ODinterface.h ****     }
 399:CANopen/301/CO_ODinterface.h **** #endif
 400:CANopen/301/CO_ODinterface.h **** }
 401:CANopen/301/CO_ODinterface.h **** 
 402:CANopen/301/CO_ODinterface.h **** /**
 403:CANopen/301/CO_ODinterface.h ****  * Check if requested TPDO was transmitted
 404:CANopen/301/CO_ODinterface.h ****  *
 405:CANopen/301/CO_ODinterface.h ****  * @param entry Object Dictionary entry.
 406:CANopen/301/CO_ODinterface.h ****  * @param subIndex subIndex of the OD variable.
 407:CANopen/301/CO_ODinterface.h ****  *
 408:CANopen/301/CO_ODinterface.h ****  * @return Return true if event driven TPDO with mapping to OD variable, indicated by entry and sub
 409:CANopen/301/CO_ODinterface.h ****  * transmitted since last @ref OD_requestTPDO call. If there was no @ref OD_requestTPDO call yet an
 410:CANopen/301/CO_ODinterface.h ****  * transmitted by other event, function also returns true.
 411:CANopen/301/CO_ODinterface.h ****  */
 412:CANopen/301/CO_ODinterface.h **** static inline bool_t
 413:CANopen/301/CO_ODinterface.h **** OD_TPDOtransmitted(OD_entry_t* entry, uint8_t subIndex) {
 414:CANopen/301/CO_ODinterface.h **** #if OD_FLAGS_PDO_SIZE > 0
 415:CANopen/301/CO_ODinterface.h ****     if ((entry != NULL) && (entry->extension != NULL) && (subIndex < (OD_FLAGS_PDO_SIZE * 8U))) {
 416:CANopen/301/CO_ODinterface.h ****         /* return true, if subIndex-th bit is set */
 417:CANopen/301/CO_ODinterface.h ****         uint8_t mask = 1U << (subIndex & 0x07U);
 418:CANopen/301/CO_ODinterface.h ****         if ((entry->extension->flagsPDO[subIndex >> 3] & mask) != 0U) {
 419:CANopen/301/CO_ODinterface.h ****             return true;
 420:CANopen/301/CO_ODinterface.h ****         }
 421:CANopen/301/CO_ODinterface.h ****     }
 422:CANopen/301/CO_ODinterface.h **** #endif
 423:CANopen/301/CO_ODinterface.h ****     return false;
 424:CANopen/301/CO_ODinterface.h **** }
 425:CANopen/301/CO_ODinterface.h **** 
ARM GAS  C:\Users\Lenovo\AppData\Local\Temp\ccL1vOqM.s 			page 61


 426:CANopen/301/CO_ODinterface.h **** /**
 427:CANopen/301/CO_ODinterface.h ****  * Get SDO abort code from returnCode
 428:CANopen/301/CO_ODinterface.h ****  *
 429:CANopen/301/CO_ODinterface.h ****  * @param returnCode Returned from some OD access functions
 430:CANopen/301/CO_ODinterface.h ****  *
 431:CANopen/301/CO_ODinterface.h ****  * @return Corresponding @ref CO_SDO_abortCode_t
 432:CANopen/301/CO_ODinterface.h ****  */
 433:CANopen/301/CO_ODinterface.h **** uint32_t OD_getSDOabCode(ODR_t returnCode);
 434:CANopen/301/CO_ODinterface.h **** 
 435:CANopen/301/CO_ODinterface.h **** /**
 436:CANopen/301/CO_ODinterface.h ****  * Extend OD object with own read/write functions and/or flagsPDO
 437:CANopen/301/CO_ODinterface.h ****  *
 438:CANopen/301/CO_ODinterface.h ****  * This function gives application very powerful tool: definition of own IO access on OD object. St
 439:CANopen/301/CO_ODinterface.h ****  * attributes are the same as defined in original OD object, but data are read directly from (or wr
 440:CANopen/301/CO_ODinterface.h ****  * application specified object via custom function calls.
 441:CANopen/301/CO_ODinterface.h ****  *
 442:CANopen/301/CO_ODinterface.h ****  * Before this function specifies extension, OD variables are accessed from original OD location. A
 443:CANopen/301/CO_ODinterface.h ****  * specifies extension OD variables are accessed from read/write functions specified by extension. 
 444:CANopen/301/CO_ODinterface.h ****  * argument to @ref OD_getSub() is set to true.)
 445:CANopen/301/CO_ODinterface.h ****  *
 446:CANopen/301/CO_ODinterface.h ****  * This function must also be used, when flagsPDO needs to be enabled for specific entry.
 447:CANopen/301/CO_ODinterface.h ****  *
 448:CANopen/301/CO_ODinterface.h ****  * @warning
 449:CANopen/301/CO_ODinterface.h ****  * Object dictionary storage works only directly on OD variables. It does not access read function 
 450:CANopen/301/CO_ODinterface.h ****  * if extended OD objects needs to be preserved, then @ref OD_writeOriginal can be used inside cust
 451:CANopen/301/CO_ODinterface.h ****  *
 452:CANopen/301/CO_ODinterface.h ****  * @warning
 453:CANopen/301/CO_ODinterface.h ****  * Read and write functions may be called from different threads, so critical sections in custom fu
 454:CANopen/301/CO_ODinterface.h ****  * observed, see @ref CO_critical_sections.
 455:CANopen/301/CO_ODinterface.h ****  *
 456:CANopen/301/CO_ODinterface.h ****  * @param entry Object Dictionary entry.
 457:CANopen/301/CO_ODinterface.h ****  * @param extension Extension object, which must be initialized externally. Extension object must e
 458:CANopen/301/CO_ODinterface.h ****  * NULL, extension will be removed.
 459:CANopen/301/CO_ODinterface.h ****  *
 460:CANopen/301/CO_ODinterface.h ****  * @return "ODR_OK" on success, "ODR_IDX_NOT_EXIST" if OD object doesn't exist.
 461:CANopen/301/CO_ODinterface.h ****  */
 462:CANopen/301/CO_ODinterface.h **** static inline ODR_t
 463:CANopen/301/CO_ODinterface.h **** OD_extension_init(OD_entry_t* entry, OD_extension_t* extension) {
 464:CANopen/301/CO_ODinterface.h ****     if (entry == NULL) {
 465:CANopen/301/CO_ODinterface.h ****         return ODR_IDX_NOT_EXIST;
 466:CANopen/301/CO_ODinterface.h ****     }
 467:CANopen/301/CO_ODinterface.h ****     entry->extension = extension;
 468:CANopen/301/CO_ODinterface.h ****     return ODR_OK;
 469:CANopen/301/CO_ODinterface.h **** }
 470:CANopen/301/CO_ODinterface.h **** 
 471:CANopen/301/CO_ODinterface.h **** /**
 472:CANopen/301/CO_ODinterface.h ****  * @defgroup CO_ODgetSetters Getters and setters
 473:CANopen/301/CO_ODinterface.h ****  * @{
 474:CANopen/301/CO_ODinterface.h ****  *
 475:CANopen/301/CO_ODinterface.h ****  * Getter and setter helper functions for accessing different types of Object Dictionary variables.
 476:CANopen/301/CO_ODinterface.h ****  */
 477:CANopen/301/CO_ODinterface.h **** /**
 478:CANopen/301/CO_ODinterface.h ****  * Get variable from Object Dictionary
 479:CANopen/301/CO_ODinterface.h ****  *
 480:CANopen/301/CO_ODinterface.h ****  * @param entry Object Dictionary entry.
 481:CANopen/301/CO_ODinterface.h ****  * @param subIndex Sub-index of the variable from the OD object.
 482:CANopen/301/CO_ODinterface.h ****  * @param [out] val Value will be written here.
ARM GAS  C:\Users\Lenovo\AppData\Local\Temp\ccL1vOqM.s 			page 62


 483:CANopen/301/CO_ODinterface.h ****  * @param len Size of value to retrieve from OD.
 484:CANopen/301/CO_ODinterface.h ****  * @param odOrig If true, then potential IO extension on entry will be ignored and data in the orig
 485:CANopen/301/CO_ODinterface.h ****  * be returned.
 486:CANopen/301/CO_ODinterface.h ****  *
 487:CANopen/301/CO_ODinterface.h ****  * @return Value from @ref ODR_t, "ODR_OK" in case of success. Error, if variable does not exist in
 488:CANopen/301/CO_ODinterface.h ****  * it does not have the correct length or other reason.
 489:CANopen/301/CO_ODinterface.h ****  */
 490:CANopen/301/CO_ODinterface.h **** ODR_t OD_get_value(const OD_entry_t* entry, uint8_t subIndex, void* val, OD_size_t len, bool_t odOr
 491:CANopen/301/CO_ODinterface.h **** 
 492:CANopen/301/CO_ODinterface.h **** /** Get int8_t variable from Object Dictionary, see @ref OD_get_value */
 493:CANopen/301/CO_ODinterface.h **** static inline ODR_t
 494:CANopen/301/CO_ODinterface.h **** OD_get_i8(const OD_entry_t* entry, uint8_t subIndex, int8_t* val, bool_t odOrig) {
 495:CANopen/301/CO_ODinterface.h ****     return OD_get_value(entry, subIndex, val, sizeof(*val), odOrig);
 496:CANopen/301/CO_ODinterface.h **** }
 497:CANopen/301/CO_ODinterface.h **** 
 498:CANopen/301/CO_ODinterface.h **** /** Get int16_t variable from Object Dictionary, see @ref OD_get_value */
 499:CANopen/301/CO_ODinterface.h **** static inline ODR_t
 500:CANopen/301/CO_ODinterface.h **** OD_get_i16(const OD_entry_t* entry, uint8_t subIndex, int16_t* val, bool_t odOrig) {
 501:CANopen/301/CO_ODinterface.h ****     return OD_get_value(entry, subIndex, val, sizeof(*val), odOrig);
 502:CANopen/301/CO_ODinterface.h **** }
 503:CANopen/301/CO_ODinterface.h **** 
 504:CANopen/301/CO_ODinterface.h **** /** Get int32_t variable from Object Dictionary, see @ref OD_get_value */
 505:CANopen/301/CO_ODinterface.h **** static inline ODR_t
 506:CANopen/301/CO_ODinterface.h **** OD_get_i32(const OD_entry_t* entry, uint8_t subIndex, int32_t* val, bool_t odOrig) {
 507:CANopen/301/CO_ODinterface.h ****     return OD_get_value(entry, subIndex, val, sizeof(*val), odOrig);
 508:CANopen/301/CO_ODinterface.h **** }
 509:CANopen/301/CO_ODinterface.h **** 
 510:CANopen/301/CO_ODinterface.h **** /** Get int64_t variable from Object Dictionary, see @ref OD_get_value */
 511:CANopen/301/CO_ODinterface.h **** static inline ODR_t
 512:CANopen/301/CO_ODinterface.h **** OD_get_i64(const OD_entry_t* entry, uint8_t subIndex, int64_t* val, bool_t odOrig) {
 513:CANopen/301/CO_ODinterface.h ****     return OD_get_value(entry, subIndex, val, sizeof(*val), odOrig);
 514:CANopen/301/CO_ODinterface.h **** }
 515:CANopen/301/CO_ODinterface.h **** 
 516:CANopen/301/CO_ODinterface.h **** /** Get uint8_t variable from Object Dictionary, see @ref OD_get_value */
 517:CANopen/301/CO_ODinterface.h **** static inline ODR_t
 518:CANopen/301/CO_ODinterface.h **** OD_get_u8(const OD_entry_t* entry, uint8_t subIndex, uint8_t* val, bool_t odOrig) {
 1454              		.loc 3 518 1 view .LVU445
 1455              	.LBB122:
 519:CANopen/301/CO_ODinterface.h ****     return OD_get_value(entry, subIndex, val, sizeof(*val), odOrig);
 1456              		.loc 3 519 5 view .LVU446
 1457              		.loc 3 519 12 is_stmt 0 view .LVU447
 1458 0018 0123     		movs	r3, #1
 1459              	.LVL154:
 1460              		.loc 3 519 12 view .LVU448
 1461 001a 0093     		str	r3, [sp]
 1462 001c 0DF11702 		add	r2, sp, #23
 1463              	.LVL155:
 1464              		.loc 3 519 12 view .LVU449
 1465 0020 4046     		mov	r0, r8
 1466              	.LVL156:
 1467              		.loc 3 519 12 view .LVU450
 1468 0022 FFF7FEFF 		bl	OD_get_value
 1469              	.LVL157:
 1470              		.loc 3 519 12 view .LVU451
 1471              	.LBE122:
 1472              	.LBE121:
 177:CANopen/301/CO_PDO.c ****         if (errInfo != NULL) {
ARM GAS  C:\Users\Lenovo\AppData\Local\Temp\ccL1vOqM.s 			page 63


 1473              		.loc 1 177 5 is_stmt 1 view .LVU452
 177:CANopen/301/CO_PDO.c ****         if (errInfo != NULL) {
 1474              		.loc 1 177 8 is_stmt 0 view .LVU453
 1475 0026 20B9     		cbnz	r0, .L125
 1476              	.LBB123:
 184:CANopen/301/CO_PDO.c ****         OD_IO_t* OD_IO = &PDO->OD_IO[i];
 1477              		.loc 1 184 18 view .LVU454
 1478 0028 0024     		movs	r4, #0
 1479              	.LBE123:
 172:CANopen/301/CO_PDO.c ****     uint8_t mappedObjectsCount = 0;
 1480              		.loc 1 172 12 view .LVU455
 1481 002a A246     		mov	r10, r4
 1482 002c 0390     		str	r0, [sp, #12]
 1483 002e 4F46     		mov	r7, r9
 1484 0030 27E0     		b	.L107
 1485              	.L125:
 178:CANopen/301/CO_PDO.c ****             *errInfo = ((uint32_t)OD_getIndex(OD_PDOMapPar)) << 8;
 1486              		.loc 1 178 9 is_stmt 1 view .LVU456
 178:CANopen/301/CO_PDO.c ****             *errInfo = ((uint32_t)OD_getIndex(OD_PDOMapPar)) << 8;
 1487              		.loc 1 178 12 is_stmt 0 view .LVU457
 1488 0032 109B     		ldr	r3, [sp, #64]
 1489 0034 3BB1     		cbz	r3, .L108
 179:CANopen/301/CO_PDO.c ****         }
 1490              		.loc 1 179 13 is_stmt 1 view .LVU458
 1491              	.LVL158:
 1492              	.LBB134:
 1493              	.LBI134:
 343:CANopen/301/CO_ODinterface.h ****     return (entry != NULL) ? entry->index : 0U;
 1494              		.loc 3 343 1 view .LVU459
 1495              	.LBB135:
 344:CANopen/301/CO_ODinterface.h **** }
 1496              		.loc 3 344 5 view .LVU460
 344:CANopen/301/CO_ODinterface.h **** }
 1497              		.loc 3 344 43 is_stmt 0 view .LVU461
 1498 0036 B8F1000F 		cmp	r8, #0
 1499 003a 07D0     		beq	.L122
 344:CANopen/301/CO_ODinterface.h **** }
 1500              		.loc 3 344 43 discriminator 1 view .LVU462
 1501 003c B8F80030 		ldrh	r3, [r8]
 1502              	.L109:
 1503              	.LVL159:
 344:CANopen/301/CO_ODinterface.h **** }
 1504              		.loc 3 344 43 discriminator 1 view .LVU463
 1505              	.LBE135:
 1506              	.LBE134:
 179:CANopen/301/CO_PDO.c ****         }
 1507              		.loc 1 179 62 discriminator 1 view .LVU464
 1508 0040 1B02     		lsls	r3, r3, #8
 179:CANopen/301/CO_PDO.c ****         }
 1509              		.loc 1 179 22 discriminator 1 view .LVU465
 1510 0042 109A     		ldr	r2, [sp, #64]
 1511 0044 1360     		str	r3, [r2]
 1512              	.L108:
 181:CANopen/301/CO_PDO.c ****     }
 1513              		.loc 1 181 9 is_stmt 1 view .LVU466
 181:CANopen/301/CO_PDO.c ****     }
 1514              		.loc 1 181 16 is_stmt 0 view .LVU467
ARM GAS  C:\Users\Lenovo\AppData\Local\Temp\ccL1vOqM.s 			page 64


 1515 0046 6FF00B07 		mvn	r7, #11
 1516 004a 5CE0     		b	.L110
 1517              	.LVL160:
 1518              	.L122:
 1519              	.LBB137:
 1520              	.LBB136:
 344:CANopen/301/CO_ODinterface.h **** }
 1521              		.loc 3 344 43 discriminator 2 view .LVU468
 1522 004c 0023     		movs	r3, #0
 1523 004e F7E7     		b	.L109
 1524              	.LVL161:
 1525              	.L127:
 344:CANopen/301/CO_ODinterface.h **** }
 1526              		.loc 3 344 43 discriminator 2 view .LVU469
 1527              	.LBE136:
 1528              	.LBE137:
 1529              	.LBB138:
 1530              	.LBB124:
 193:CANopen/301/CO_PDO.c ****                 *errInfo = (((uint32_t)OD_getIndex(OD_PDOMapPar)) << 8) | i;
 1531              		.loc 1 193 13 is_stmt 1 view .LVU470
 193:CANopen/301/CO_PDO.c ****                 *errInfo = (((uint32_t)OD_getIndex(OD_PDOMapPar)) << 8) | i;
 1532              		.loc 1 193 16 is_stmt 0 view .LVU471
 1533 0050 109B     		ldr	r3, [sp, #64]
 1534 0052 43B1     		cbz	r3, .L114
 194:CANopen/301/CO_PDO.c ****             }
 1535              		.loc 1 194 17 is_stmt 1 view .LVU472
 1536              	.LVL162:
 1537              	.LBB125:
 1538              	.LBI125:
 343:CANopen/301/CO_ODinterface.h ****     return (entry != NULL) ? entry->index : 0U;
 1539              		.loc 3 343 1 view .LVU473
 1540              	.LBB126:
 344:CANopen/301/CO_ODinterface.h **** }
 1541              		.loc 3 344 5 view .LVU474
 344:CANopen/301/CO_ODinterface.h **** }
 1542              		.loc 3 344 43 is_stmt 0 view .LVU475
 1543 0054 B8F1000F 		cmp	r8, #0
 1544 0058 08D0     		beq	.L123
 344:CANopen/301/CO_ODinterface.h **** }
 1545              		.loc 3 344 43 discriminator 1 view .LVU476
 1546 005a B8F80030 		ldrh	r3, [r8]
 1547              	.L115:
 1548              	.LVL163:
 344:CANopen/301/CO_ODinterface.h **** }
 1549              		.loc 3 344 43 discriminator 1 view .LVU477
 1550              	.LBE126:
 1551              	.LBE125:
 194:CANopen/301/CO_PDO.c ****             }
 1552              		.loc 1 194 73 discriminator 1 view .LVU478
 1553 005e 44EA0323 		orr	r3, r4, r3, lsl #8
 194:CANopen/301/CO_PDO.c ****             }
 1554              		.loc 1 194 26 discriminator 1 view .LVU479
 1555 0062 109A     		ldr	r2, [sp, #64]
 1556 0064 1360     		str	r3, [r2]
 1557              	.L114:
 196:CANopen/301/CO_PDO.c ****         }
 1558              		.loc 1 196 13 is_stmt 1 view .LVU480
ARM GAS  C:\Users\Lenovo\AppData\Local\Temp\ccL1vOqM.s 			page 65


 196:CANopen/301/CO_PDO.c ****         }
 1559              		.loc 1 196 20 is_stmt 0 view .LVU481
 1560 0066 6FF00B07 		mvn	r7, #11
 1561              	.LVL164:
 196:CANopen/301/CO_PDO.c ****         }
 1562              		.loc 1 196 20 view .LVU482
 1563 006a 4CE0     		b	.L110
 1564              	.LVL165:
 1565              	.L123:
 1566              	.LBB129:
 1567              	.LBB127:
 344:CANopen/301/CO_ODinterface.h **** }
 1568              		.loc 3 344 43 discriminator 2 view .LVU483
 1569 006c 0023     		movs	r3, #0
 1570 006e F6E7     		b	.L115
 1571              	.LVL166:
 1572              	.L116:
 344:CANopen/301/CO_ODinterface.h **** }
 1573              		.loc 3 344 43 discriminator 2 view .LVU484
 1574              	.LBE127:
 1575              	.LBE129:
 209:CANopen/301/CO_PDO.c ****             pdoDataLength += OD_IO->stream.dataOffset;
 1576              		.loc 1 209 9 is_stmt 1 view .LVU485
 209:CANopen/301/CO_PDO.c ****             pdoDataLength += OD_IO->stream.dataOffset;
 1577              		.loc 1 209 15 is_stmt 0 view .LVU486
 1578 0070 9DF81730 		ldrb	r3, [sp, #23]	@ zero_extendqisi2
 209:CANopen/301/CO_PDO.c ****             pdoDataLength += OD_IO->stream.dataOffset;
 1579              		.loc 1 209 12 view .LVU487
 1580 0074 A342     		cmp	r3, r4
 1581 0076 03D9     		bls	.L112
 210:CANopen/301/CO_PDO.c ****         }
 1582              		.loc 1 210 13 is_stmt 1 view .LVU488
 210:CANopen/301/CO_PDO.c ****         }
 1583              		.loc 1 210 43 is_stmt 0 view .LVU489
 1584 0078 06EB4913 		add	r3, r6, r9, lsl #5
 1585 007c DB69     		ldr	r3, [r3, #28]
 210:CANopen/301/CO_PDO.c ****         }
 1586              		.loc 1 210 27 view .LVU490
 1587 007e 9A44     		add	r10, r10, r3
 1588              	.LVL167:
 1589              	.L112:
 1590              	.LBB130:
 1591              	.LBB128:
 344:CANopen/301/CO_ODinterface.h **** }
 1592              		.loc 3 344 43 discriminator 2 view .LVU491
 1593 0080 2C46     		mov	r4, r5
 1594              	.LVL168:
 1595              	.L107:
 344:CANopen/301/CO_ODinterface.h **** }
 1596              		.loc 3 344 43 discriminator 2 view .LVU492
 1597              	.LBE128:
 1598              	.LBE130:
 1599              	.LBE124:
 184:CANopen/301/CO_PDO.c ****         OD_IO_t* OD_IO = &PDO->OD_IO[i];
 1600              		.loc 1 184 27 is_stmt 1 discriminator 1 view .LVU493
 1601 0082 072C     		cmp	r4, #7
 1602 0084 27D8     		bhi	.L126
ARM GAS  C:\Users\Lenovo\AppData\Local\Temp\ccL1vOqM.s 			page 66


 1603              	.LBB133:
 185:CANopen/301/CO_PDO.c ****         uint32_t map = 0;
 1604              		.loc 1 185 9 view .LVU494
 185:CANopen/301/CO_PDO.c ****         uint32_t map = 0;
 1605              		.loc 1 185 37 is_stmt 0 view .LVU495
 1606 0086 A146     		mov	r9, r4
 1607              	.LVL169:
 186:CANopen/301/CO_PDO.c **** 
 1608              		.loc 1 186 9 is_stmt 1 view .LVU496
 186:CANopen/301/CO_PDO.c **** 
 1609              		.loc 1 186 18 is_stmt 0 view .LVU497
 1610 0088 0023     		movs	r3, #0
 1611 008a 0493     		str	r3, [sp, #16]
 188:CANopen/301/CO_PDO.c ****         if (odRet == ODR_SUB_NOT_EXIST) {
 1612              		.loc 1 188 9 is_stmt 1 view .LVU498
 188:CANopen/301/CO_PDO.c ****         if (odRet == ODR_SUB_NOT_EXIST) {
 1613              		.loc 1 188 17 is_stmt 0 view .LVU499
 1614 008c 651C     		adds	r5, r4, #1
 1615 008e EDB2     		uxtb	r5, r5
 1616              	.LVL170:
 1617              	.LBB131:
 1618              	.LBI131:
 520:CANopen/301/CO_ODinterface.h **** }
 521:CANopen/301/CO_ODinterface.h **** 
 522:CANopen/301/CO_ODinterface.h **** /** Get uint16_t variable from Object Dictionary, see @ref OD_get_value */
 523:CANopen/301/CO_ODinterface.h **** static inline ODR_t
 524:CANopen/301/CO_ODinterface.h **** OD_get_u16(const OD_entry_t* entry, uint8_t subIndex, uint16_t* val, bool_t odOrig) {
 525:CANopen/301/CO_ODinterface.h ****     return OD_get_value(entry, subIndex, val, sizeof(*val), odOrig);
 526:CANopen/301/CO_ODinterface.h **** }
 527:CANopen/301/CO_ODinterface.h **** 
 528:CANopen/301/CO_ODinterface.h **** /** Get uint32_t variable from Object Dictionary, see @ref OD_get_value */
 529:CANopen/301/CO_ODinterface.h **** static inline ODR_t
 530:CANopen/301/CO_ODinterface.h **** OD_get_u32(const OD_entry_t* entry, uint8_t subIndex, uint32_t* val, bool_t odOrig) {
 1619              		.loc 3 530 1 is_stmt 1 view .LVU500
 1620              	.LBB132:
 531:CANopen/301/CO_ODinterface.h ****     return OD_get_value(entry, subIndex, val, sizeof(*val), odOrig);
 1621              		.loc 3 531 5 view .LVU501
 1622              		.loc 3 531 12 is_stmt 0 view .LVU502
 1623 0090 0123     		movs	r3, #1
 1624 0092 0093     		str	r3, [sp]
 1625 0094 0423     		movs	r3, #4
 1626 0096 04AA     		add	r2, sp, #16
 1627              	.LVL171:
 1628              		.loc 3 531 12 view .LVU503
 1629 0098 2946     		mov	r1, r5
 1630 009a 4046     		mov	r0, r8
 1631              	.LVL172:
 1632              		.loc 3 531 12 view .LVU504
 1633 009c FFF7FEFF 		bl	OD_get_value
 1634              	.LVL173:
 1635              		.loc 3 531 12 view .LVU505
 1636              	.LBE132:
 1637              	.LBE131:
 189:CANopen/301/CO_PDO.c ****             continue;
 1638              		.loc 1 189 9 is_stmt 1 view .LVU506
 189:CANopen/301/CO_PDO.c ****             continue;
 1639              		.loc 1 189 12 is_stmt 0 view .LVU507
ARM GAS  C:\Users\Lenovo\AppData\Local\Temp\ccL1vOqM.s 			page 67


 1640 00a0 0E28     		cmp	r0, #14
 1641 00a2 EDD0     		beq	.L112
 192:CANopen/301/CO_PDO.c ****             if (errInfo != NULL) {
 1642              		.loc 1 192 9 is_stmt 1 view .LVU508
 192:CANopen/301/CO_PDO.c ****             if (errInfo != NULL) {
 1643              		.loc 1 192 12 is_stmt 0 view .LVU509
 1644 00a4 0028     		cmp	r0, #0
 1645 00a6 D3D1     		bne	.L127
 199:CANopen/301/CO_PDO.c ****         if (odRet != ODR_OK) {
 1646              		.loc 1 199 9 is_stmt 1 view .LVU510
 199:CANopen/301/CO_PDO.c ****         if (odRet != ODR_OK) {
 1647              		.loc 1 199 17 is_stmt 0 view .LVU511
 1648 00a8 0097     		str	r7, [sp]
 1649 00aa 029B     		ldr	r3, [sp, #8]
 1650 00ac 2246     		mov	r2, r4
 1651 00ae 0499     		ldr	r1, [sp, #16]
 1652 00b0 3046     		mov	r0, r6
 1653              	.LVL174:
 199:CANopen/301/CO_PDO.c ****         if (odRet != ODR_OK) {
 1654              		.loc 1 199 17 view .LVU512
 1655 00b2 FFF7FEFF 		bl	PDOconfigMap
 1656              	.LVL175:
 200:CANopen/301/CO_PDO.c ****             /* indicate erroneous mapping in initialization phase */
 1657              		.loc 1 200 9 is_stmt 1 view .LVU513
 200:CANopen/301/CO_PDO.c ****             /* indicate erroneous mapping in initialization phase */
 1658              		.loc 1 200 12 is_stmt 0 view .LVU514
 1659 00b6 0028     		cmp	r0, #0
 1660 00b8 DAD0     		beq	.L116
 202:CANopen/301/CO_PDO.c ****             OD_IO->stream.dataOffset = 0xFF;
 1661              		.loc 1 202 13 is_stmt 1 view .LVU515
 202:CANopen/301/CO_PDO.c ****             OD_IO->stream.dataOffset = 0xFF;
 1662              		.loc 1 202 38 is_stmt 0 view .LVU516
 1663 00ba 06EB4413 		add	r3, r6, r4, lsl #5
 1664 00be 0022     		movs	r2, #0
 1665 00c0 9A61     		str	r2, [r3, #24]
 203:CANopen/301/CO_PDO.c ****             if (*erroneousMap == 0U) {
 1666              		.loc 1 203 13 is_stmt 1 view .LVU517
 203:CANopen/301/CO_PDO.c ****             if (*erroneousMap == 0U) {
 1667              		.loc 1 203 38 is_stmt 0 view .LVU518
 1668 00c2 FF22     		movs	r2, #255
 1669 00c4 DA61     		str	r2, [r3, #28]
 204:CANopen/301/CO_PDO.c ****                 *erroneousMap = map;
 1670              		.loc 1 204 13 is_stmt 1 view .LVU519
 204:CANopen/301/CO_PDO.c ****                 *erroneousMap = map;
 1671              		.loc 1 204 17 is_stmt 0 view .LVU520
 1672 00c6 DBF80030 		ldr	r3, [fp]
 204:CANopen/301/CO_PDO.c ****                 *erroneousMap = map;
 1673              		.loc 1 204 16 view .LVU521
 1674 00ca 002B     		cmp	r3, #0
 1675 00cc D0D1     		bne	.L116
 205:CANopen/301/CO_PDO.c ****             }
 1676              		.loc 1 205 17 is_stmt 1 view .LVU522
 205:CANopen/301/CO_PDO.c ****             }
 1677              		.loc 1 205 31 is_stmt 0 view .LVU523
 1678 00ce 049B     		ldr	r3, [sp, #16]
 1679 00d0 CBF80030 		str	r3, [fp]
 1680 00d4 CCE7     		b	.L116
ARM GAS  C:\Users\Lenovo\AppData\Local\Temp\ccL1vOqM.s 			page 68


 1681              	.LVL176:
 1682              	.L126:
 205:CANopen/301/CO_PDO.c ****             }
 1683              		.loc 1 205 31 view .LVU524
 1684              	.LBE133:
 1685              	.LBE138:
 216:CANopen/301/CO_PDO.c **** #endif
 1686              		.loc 1 216 8 view .LVU525
 1687 00d6 039F     		ldr	r7, [sp, #12]
 1688              	.LVL177:
 216:CANopen/301/CO_PDO.c **** #endif
 1689              		.loc 1 216 5 is_stmt 1 view .LVU526
 216:CANopen/301/CO_PDO.c **** #endif
 1690              		.loc 1 216 8 is_stmt 0 view .LVU527
 1691 00d8 BAF1080F 		cmp	r10, #8
 1692 00dc 05D8     		bhi	.L119
 216:CANopen/301/CO_PDO.c **** #endif
 1693              		.loc 1 216 43 discriminator 1 view .LVU528
 1694 00de BAF1000F 		cmp	r10, #0
 1695 00e2 08D1     		bne	.L120
 216:CANopen/301/CO_PDO.c **** #endif
 1696              		.loc 1 216 92 discriminator 2 view .LVU529
 1697 00e4 9DF81730 		ldrb	r3, [sp, #23]	@ zero_extendqisi2
 216:CANopen/301/CO_PDO.c **** #endif
 1698              		.loc 1 216 69 discriminator 2 view .LVU530
 1699 00e8 2BB1     		cbz	r3, .L120
 1700              	.L119:
 218:CANopen/301/CO_PDO.c ****             *erroneousMap = 1;
 1701              		.loc 1 218 9 is_stmt 1 view .LVU531
 218:CANopen/301/CO_PDO.c ****             *erroneousMap = 1;
 1702              		.loc 1 218 13 is_stmt 0 view .LVU532
 1703 00ea DBF80030 		ldr	r3, [fp]
 218:CANopen/301/CO_PDO.c ****             *erroneousMap = 1;
 1704              		.loc 1 218 12 view .LVU533
 1705 00ee 13B9     		cbnz	r3, .L120
 219:CANopen/301/CO_PDO.c ****         }
 1706              		.loc 1 219 13 is_stmt 1 view .LVU534
 219:CANopen/301/CO_PDO.c ****         }
 1707              		.loc 1 219 27 is_stmt 0 view .LVU535
 1708 00f0 0123     		movs	r3, #1
 1709 00f2 CBF80030 		str	r3, [fp]
 1710              	.L120:
 223:CANopen/301/CO_PDO.c ****         PDO->dataLength = (CO_PDO_size_t)pdoDataLength;
 1711              		.loc 1 223 5 is_stmt 1 view .LVU536
 223:CANopen/301/CO_PDO.c ****         PDO->dataLength = (CO_PDO_size_t)pdoDataLength;
 1712              		.loc 1 223 9 is_stmt 0 view .LVU537
 1713 00f6 DBF80030 		ldr	r3, [fp]
 223:CANopen/301/CO_PDO.c ****         PDO->dataLength = (CO_PDO_size_t)pdoDataLength;
 1714              		.loc 1 223 8 view .LVU538
 1715 00fa 23B9     		cbnz	r3, .L110
 224:CANopen/301/CO_PDO.c ****         PDO->mappedObjectsCount = mappedObjectsCount;
 1716              		.loc 1 224 9 is_stmt 1 view .LVU539
 224:CANopen/301/CO_PDO.c ****         PDO->mappedObjectsCount = mappedObjectsCount;
 1717              		.loc 1 224 25 is_stmt 0 view .LVU540
 1718 00fc 86F80CA0 		strb	r10, [r6, #12]
 225:CANopen/301/CO_PDO.c ****     }
 1719              		.loc 1 225 9 is_stmt 1 view .LVU541
ARM GAS  C:\Users\Lenovo\AppData\Local\Temp\ccL1vOqM.s 			page 69


 225:CANopen/301/CO_PDO.c ****     }
 1720              		.loc 1 225 33 is_stmt 0 view .LVU542
 1721 0100 9DF81730 		ldrb	r3, [sp, #23]	@ zero_extendqisi2
 1722 0104 7373     		strb	r3, [r6, #13]
 1723              	.LVL178:
 1724              	.L110:
 229:CANopen/301/CO_PDO.c **** 
 1725              		.loc 1 229 1 view .LVU543
 1726 0106 3846     		mov	r0, r7
 1727              	.LVL179:
 229:CANopen/301/CO_PDO.c **** 
 1728              		.loc 1 229 1 view .LVU544
 1729 0108 07B0     		add	sp, sp, #28
 1730              	.LCFI21:
 1731              		.cfi_def_cfa_offset 36
 1732              		@ sp needed
 1733 010a BDE8F08F 		pop	{r4, r5, r6, r7, r8, r9, r10, fp, pc}
 229:CANopen/301/CO_PDO.c **** 
 1734              		.loc 1 229 1 view .LVU545
 1735              		.cfi_endproc
 1736              	.LFE39:
 1738              		.section	.text.OD_write_18xx,"ax",%progbits
 1739              		.align	1
 1740              		.syntax unified
 1741              		.thumb
 1742              		.thumb_func
 1744              	OD_write_18xx:
 1745              	.LVL180:
 1746              	.LFB46:
 617:CANopen/301/CO_PDO.c **** #endif /* (CO_CONFIG_PDO) & CO_CONFIG_FLAG_OD_DYNAMIC */
 618:CANopen/301/CO_PDO.c **** 
 619:CANopen/301/CO_PDO.c **** CO_ReturnError_t
 620:CANopen/301/CO_PDO.c **** CO_RPDO_init(CO_RPDO_t* RPDO, OD_t* OD, CO_EM_t* em,
 621:CANopen/301/CO_PDO.c **** #if ((CO_CONFIG_PDO)&CO_CONFIG_PDO_SYNC_ENABLE) != 0
 622:CANopen/301/CO_PDO.c ****              CO_SYNC_t* SYNC,
 623:CANopen/301/CO_PDO.c **** #endif
 624:CANopen/301/CO_PDO.c ****              uint16_t preDefinedCanId, OD_entry_t* OD_14xx_RPDOCommPar, OD_entry_t* OD_16xx_RPDOMap
 625:CANopen/301/CO_PDO.c ****              CO_CANmodule_t* CANdevRx, uint16_t CANdevRxIdx, uint32_t* errInfo) {
 626:CANopen/301/CO_PDO.c ****     CO_PDO_common_t* PDO = &RPDO->PDO_common;
 627:CANopen/301/CO_PDO.c ****     CO_ReturnError_t ret;
 628:CANopen/301/CO_PDO.c ****     ODR_t odRet;
 629:CANopen/301/CO_PDO.c **** 
 630:CANopen/301/CO_PDO.c ****     /* verify arguments */
 631:CANopen/301/CO_PDO.c ****     if ((RPDO == NULL) || (OD == NULL) || (em == NULL) || (OD_14xx_RPDOCommPar == NULL) || (OD_16xx
 632:CANopen/301/CO_PDO.c ****         || (CANdevRx == NULL)) {
 633:CANopen/301/CO_PDO.c ****         return CO_ERROR_ILLEGAL_ARGUMENT;
 634:CANopen/301/CO_PDO.c ****     }
 635:CANopen/301/CO_PDO.c **** 
 636:CANopen/301/CO_PDO.c ****     /* clear object */
 637:CANopen/301/CO_PDO.c ****     (void)memset(RPDO, 0, sizeof(CO_RPDO_t));
 638:CANopen/301/CO_PDO.c **** 
 639:CANopen/301/CO_PDO.c ****     /* Configure object variables */
 640:CANopen/301/CO_PDO.c ****     PDO->em = em;
 641:CANopen/301/CO_PDO.c ****     PDO->CANdev = CANdevRx;
 642:CANopen/301/CO_PDO.c **** 
 643:CANopen/301/CO_PDO.c ****     /* Configure mapping parameters */
 644:CANopen/301/CO_PDO.c ****     uint32_t erroneousMap = 0;
ARM GAS  C:\Users\Lenovo\AppData\Local\Temp\ccL1vOqM.s 			page 70


 645:CANopen/301/CO_PDO.c ****     ret = PDO_initMapping(PDO, OD, OD_16xx_RPDOMapPar, true, errInfo, &erroneousMap);
 646:CANopen/301/CO_PDO.c ****     if (ret != CO_ERROR_NO) {
 647:CANopen/301/CO_PDO.c ****         return ret;
 648:CANopen/301/CO_PDO.c ****     }
 649:CANopen/301/CO_PDO.c **** 
 650:CANopen/301/CO_PDO.c ****     /* Configure communication parameter - COB-ID */
 651:CANopen/301/CO_PDO.c ****     uint32_t COB_ID = 0;
 652:CANopen/301/CO_PDO.c ****     odRet = OD_get_u32(OD_14xx_RPDOCommPar, 1, &COB_ID, true);
 653:CANopen/301/CO_PDO.c ****     if (odRet != ODR_OK) {
 654:CANopen/301/CO_PDO.c ****         if (errInfo != NULL) {
 655:CANopen/301/CO_PDO.c ****             *errInfo = (((uint32_t)OD_getIndex(OD_14xx_RPDOCommPar)) << 8) | 1U;
 656:CANopen/301/CO_PDO.c ****         }
 657:CANopen/301/CO_PDO.c ****         return CO_ERROR_OD_PARAMETERS;
 658:CANopen/301/CO_PDO.c ****     }
 659:CANopen/301/CO_PDO.c **** 
 660:CANopen/301/CO_PDO.c ****     bool_t valid = (COB_ID & 0x80000000U) == 0U;
 661:CANopen/301/CO_PDO.c ****     uint16_t CAN_ID = (uint16_t)(COB_ID & 0x7FFU);
 662:CANopen/301/CO_PDO.c ****     if (valid && ((PDO->mappedObjectsCount == 0U) || (CAN_ID == 0U))) {
 663:CANopen/301/CO_PDO.c ****         valid = false;
 664:CANopen/301/CO_PDO.c ****         if (erroneousMap == 0U) {
 665:CANopen/301/CO_PDO.c ****             erroneousMap = 1;
 666:CANopen/301/CO_PDO.c ****         }
 667:CANopen/301/CO_PDO.c ****     }
 668:CANopen/301/CO_PDO.c **** 
 669:CANopen/301/CO_PDO.c ****     if (erroneousMap != 0U) {
 670:CANopen/301/CO_PDO.c ****         CO_errorReport(PDO->em, CO_EM_PDO_WRONG_MAPPING, CO_EMC_PROTOCOL_ERROR,
 671:CANopen/301/CO_PDO.c ****                        (erroneousMap != 1U) ? erroneousMap : COB_ID);
 672:CANopen/301/CO_PDO.c ****     }
 673:CANopen/301/CO_PDO.c ****     if (!valid) {
 674:CANopen/301/CO_PDO.c ****         CAN_ID = 0;
 675:CANopen/301/CO_PDO.c ****     }
 676:CANopen/301/CO_PDO.c **** 
 677:CANopen/301/CO_PDO.c ****     /* If default CAN-ID is stored in OD (without Node-ID), add Node-ID */
 678:CANopen/301/CO_PDO.c ****     if ((CAN_ID != 0U) && (CAN_ID == (preDefinedCanId & 0xFF80U))) {
 679:CANopen/301/CO_PDO.c ****         CAN_ID = preDefinedCanId;
 680:CANopen/301/CO_PDO.c ****     }
 681:CANopen/301/CO_PDO.c **** 
 682:CANopen/301/CO_PDO.c ****     ret = CO_CANrxBufferInit(CANdevRx, CANdevRxIdx, CAN_ID, 0x7FF, false, (void*)RPDO, CO_PDO_recei
 683:CANopen/301/CO_PDO.c ****     if (ret != CO_ERROR_NO) {
 684:CANopen/301/CO_PDO.c ****         return ret;
 685:CANopen/301/CO_PDO.c ****     }
 686:CANopen/301/CO_PDO.c **** 
 687:CANopen/301/CO_PDO.c ****     PDO->valid = valid;
 688:CANopen/301/CO_PDO.c **** 
 689:CANopen/301/CO_PDO.c ****     /* Configure communication parameter - transmission type */
 690:CANopen/301/CO_PDO.c **** #if ((CO_CONFIG_PDO)&CO_CONFIG_PDO_SYNC_ENABLE) != 0
 691:CANopen/301/CO_PDO.c ****     uint8_t transmissionType = (uint8_t)(CO_PDO_TRANSM_TYPE_SYNC_EVENT_LO);
 692:CANopen/301/CO_PDO.c ****     odRet = OD_get_u8(OD_14xx_RPDOCommPar, 2, &transmissionType, true);
 693:CANopen/301/CO_PDO.c ****     if (odRet != ODR_OK) {
 694:CANopen/301/CO_PDO.c ****         if (errInfo != NULL) {
 695:CANopen/301/CO_PDO.c ****             *errInfo = (((uint32_t)OD_getIndex(OD_14xx_RPDOCommPar)) << 8) | 2U;
 696:CANopen/301/CO_PDO.c ****         }
 697:CANopen/301/CO_PDO.c ****         return CO_ERROR_OD_PARAMETERS;
 698:CANopen/301/CO_PDO.c ****     }
 699:CANopen/301/CO_PDO.c **** 
 700:CANopen/301/CO_PDO.c ****     RPDO->SYNC = SYNC;
 701:CANopen/301/CO_PDO.c ****     RPDO->synchronous = transmissionType <= (uint8_t)CO_PDO_TRANSM_TYPE_SYNC_240;
ARM GAS  C:\Users\Lenovo\AppData\Local\Temp\ccL1vOqM.s 			page 71


 702:CANopen/301/CO_PDO.c **** #endif
 703:CANopen/301/CO_PDO.c **** 
 704:CANopen/301/CO_PDO.c ****     /* Configure communication parameter - event-timer (optional) */
 705:CANopen/301/CO_PDO.c **** #if ((CO_CONFIG_PDO)&CO_CONFIG_RPDO_TIMERS_ENABLE) != 0
 706:CANopen/301/CO_PDO.c ****     uint16_t eventTime = 0;
 707:CANopen/301/CO_PDO.c ****     (void)OD_get_u16(OD_14xx_RPDOCommPar, 5, &eventTime, true);
 708:CANopen/301/CO_PDO.c ****     RPDO->timeoutTime_us = (uint32_t)eventTime * 1000U;
 709:CANopen/301/CO_PDO.c **** #endif
 710:CANopen/301/CO_PDO.c **** 
 711:CANopen/301/CO_PDO.c ****     /* Configure OD extensions */
 712:CANopen/301/CO_PDO.c **** #if ((CO_CONFIG_PDO)&CO_CONFIG_FLAG_OD_DYNAMIC) != 0
 713:CANopen/301/CO_PDO.c ****     PDO->isRPDO = true;
 714:CANopen/301/CO_PDO.c ****     PDO->OD = OD;
 715:CANopen/301/CO_PDO.c ****     PDO->CANdevIdx = CANdevRxIdx;
 716:CANopen/301/CO_PDO.c ****     PDO->preDefinedCanId = preDefinedCanId;
 717:CANopen/301/CO_PDO.c ****     PDO->configuredCanId = CAN_ID;
 718:CANopen/301/CO_PDO.c ****     PDO->OD_communicationParam_ext.object = RPDO;
 719:CANopen/301/CO_PDO.c ****     PDO->OD_communicationParam_ext.read = OD_read_PDO_commParam;
 720:CANopen/301/CO_PDO.c ****     PDO->OD_communicationParam_ext.write = OD_write_14xx;
 721:CANopen/301/CO_PDO.c ****     PDO->OD_mappingParam_extension.object = RPDO;
 722:CANopen/301/CO_PDO.c ****     PDO->OD_mappingParam_extension.read = OD_readOriginal;
 723:CANopen/301/CO_PDO.c ****     PDO->OD_mappingParam_extension.write = OD_write_PDO_mapping;
 724:CANopen/301/CO_PDO.c ****     (void)OD_extension_init(OD_14xx_RPDOCommPar, &PDO->OD_communicationParam_ext);
 725:CANopen/301/CO_PDO.c ****     (void)OD_extension_init(OD_16xx_RPDOMapPar, &PDO->OD_mappingParam_extension);
 726:CANopen/301/CO_PDO.c **** #endif
 727:CANopen/301/CO_PDO.c **** 
 728:CANopen/301/CO_PDO.c ****     return CO_ERROR_NO;
 729:CANopen/301/CO_PDO.c **** }
 730:CANopen/301/CO_PDO.c **** 
 731:CANopen/301/CO_PDO.c **** #if ((CO_CONFIG_PDO)&CO_CONFIG_FLAG_CALLBACK_PRE) != 0
 732:CANopen/301/CO_PDO.c **** void
 733:CANopen/301/CO_PDO.c **** CO_RPDO_initCallbackPre(CO_RPDO_t* RPDO, void* object, void (*pFunctSignalPre)(void* object)) {
 734:CANopen/301/CO_PDO.c ****     if (RPDO != NULL) {
 735:CANopen/301/CO_PDO.c ****         RPDO->functSignalObjectPre = object;
 736:CANopen/301/CO_PDO.c ****         RPDO->pFunctSignalPre = pFunctSignalPre;
 737:CANopen/301/CO_PDO.c ****     }
 738:CANopen/301/CO_PDO.c **** }
 739:CANopen/301/CO_PDO.c **** #endif
 740:CANopen/301/CO_PDO.c **** 
 741:CANopen/301/CO_PDO.c **** void
 742:CANopen/301/CO_PDO.c **** CO_RPDO_process(CO_RPDO_t* RPDO,
 743:CANopen/301/CO_PDO.c **** #if ((CO_CONFIG_PDO)&CO_CONFIG_RPDO_TIMERS_ENABLE) != 0
 744:CANopen/301/CO_PDO.c ****                 uint32_t timeDifference_us, uint32_t* timerNext_us,
 745:CANopen/301/CO_PDO.c **** #endif
 746:CANopen/301/CO_PDO.c ****                 bool_t NMTisOperational, bool_t syncWas) {
 747:CANopen/301/CO_PDO.c ****     (void)syncWas;
 748:CANopen/301/CO_PDO.c **** #if ((CO_CONFIG_PDO)&CO_CONFIG_RPDO_TIMERS_ENABLE) != 0
 749:CANopen/301/CO_PDO.c ****     (void)timerNext_us;
 750:CANopen/301/CO_PDO.c **** #endif
 751:CANopen/301/CO_PDO.c **** 
 752:CANopen/301/CO_PDO.c ****     CO_PDO_common_t* PDO = &RPDO->PDO_common;
 753:CANopen/301/CO_PDO.c **** 
 754:CANopen/301/CO_PDO.c ****     if (PDO->valid && NMTisOperational
 755:CANopen/301/CO_PDO.c **** #if ((CO_CONFIG_PDO)&CO_CONFIG_PDO_SYNC_ENABLE) != 0
 756:CANopen/301/CO_PDO.c ****         && (syncWas || !RPDO->synchronous)
 757:CANopen/301/CO_PDO.c **** #endif
 758:CANopen/301/CO_PDO.c ****     ) {
ARM GAS  C:\Users\Lenovo\AppData\Local\Temp\ccL1vOqM.s 			page 72


 759:CANopen/301/CO_PDO.c ****         /* Verify errors in length of received RPDO CAN message */
 760:CANopen/301/CO_PDO.c ****         if (RPDO->receiveError > CO_RPDO_RX_ACK) {
 761:CANopen/301/CO_PDO.c ****             bool_t setError = RPDO->receiveError != CO_RPDO_RX_OK;
 762:CANopen/301/CO_PDO.c ****             uint16_t code = (RPDO->receiveError == CO_RPDO_RX_SHORT) ? CO_EMC_PDO_LENGTH : CO_EMC_P
 763:CANopen/301/CO_PDO.c ****             CO_error(PDO->em, setError, CO_EM_RPDO_WRONG_LENGTH, code, PDO->dataLength);
 764:CANopen/301/CO_PDO.c ****             RPDO->receiveError = setError ? CO_RPDO_RX_ACK_ERROR : CO_RPDO_RX_ACK_NO_ERROR;
 765:CANopen/301/CO_PDO.c ****         }
 766:CANopen/301/CO_PDO.c **** 
 767:CANopen/301/CO_PDO.c ****         /* Determine, which of the two rx buffers contains relevant message. */
 768:CANopen/301/CO_PDO.c ****         uint8_t bufNo = 0;
 769:CANopen/301/CO_PDO.c **** #if ((CO_CONFIG_PDO)&CO_CONFIG_PDO_SYNC_ENABLE) != 0
 770:CANopen/301/CO_PDO.c ****         if (RPDO->synchronous && (RPDO->SYNC != NULL) && !RPDO->SYNC->CANrxToggle) {
 771:CANopen/301/CO_PDO.c ****             bufNo = 1;
 772:CANopen/301/CO_PDO.c ****         }
 773:CANopen/301/CO_PDO.c **** #endif
 774:CANopen/301/CO_PDO.c **** 
 775:CANopen/301/CO_PDO.c ****         /* copy RPDO into OD variables according to mappings */
 776:CANopen/301/CO_PDO.c ****         bool_t rpdoReceived = false;
 777:CANopen/301/CO_PDO.c ****         while (CO_FLAG_READ(RPDO->CANrxNew[bufNo])) {
 778:CANopen/301/CO_PDO.c ****             rpdoReceived = true;
 779:CANopen/301/CO_PDO.c ****             uint8_t* dataRPDO = RPDO->CANrxData[bufNo];
 780:CANopen/301/CO_PDO.c ****             OD_size_t verifyLength = 0U;
 781:CANopen/301/CO_PDO.c **** 
 782:CANopen/301/CO_PDO.c ****             /* Clear the flag. If between the copy operation CANrxNew is set
 783:CANopen/301/CO_PDO.c ****              * by receive thread, then copy the latest data again. */
 784:CANopen/301/CO_PDO.c ****             CO_FLAG_CLEAR(RPDO->CANrxNew[bufNo]);
 785:CANopen/301/CO_PDO.c **** 
 786:CANopen/301/CO_PDO.c **** #if ((CO_CONFIG_PDO)&CO_CONFIG_PDO_BITWISE_MAPPING) != 0
 787:CANopen/301/CO_PDO.c ****             /* Copy everything regardless of the actual PDO size to UINT64 to simplify bit shifting
 788:CANopen/301/CO_PDO.c ****             uint64_t buf64 = 0;
 789:CANopen/301/CO_PDO.c ****             (void)memcpy(&buf64, dataRPDO, CO_PDO_MAX_SIZE);
 790:CANopen/301/CO_PDO.c **** #ifdef CO_BIG_ENDIAN
 791:CANopen/301/CO_PDO.c ****             /* For big endian we need to swap all bytes */
 792:CANopen/301/CO_PDO.c ****             buf64 = CO_SWAP_64(buf64);
 793:CANopen/301/CO_PDO.c **** #endif /* CO_BIG_ENDIAN */
 794:CANopen/301/CO_PDO.c **** #endif /* ((CO_CONFIG_PDO)&CO_CONFIG_PDO_BITWISE_MAPPING) */
 795:CANopen/301/CO_PDO.c **** #if ((CO_CONFIG_PDO)&CO_CONFIG_PDO_OD_IO_ACCESS) != 0
 796:CANopen/301/CO_PDO.c ****             for (uint8_t i = 0; i < PDO->mappedObjectsCount; i++) {
 797:CANopen/301/CO_PDO.c ****                 OD_IO_t* OD_IO = &PDO->OD_IO[i];
 798:CANopen/301/CO_PDO.c **** 
 799:CANopen/301/CO_PDO.c ****                 /* get mappedLength from temporary storage */
 800:CANopen/301/CO_PDO.c ****                 OD_size_t* dataOffset = &OD_IO->stream.dataOffset;
 801:CANopen/301/CO_PDO.c ****                 uint8_t mappedLength = (uint8_t)(*dataOffset);
 802:CANopen/301/CO_PDO.c **** 
 803:CANopen/301/CO_PDO.c ****                 /* additional safety check. */
 804:CANopen/301/CO_PDO.c ****                 verifyLength += (OD_size_t)mappedLength;
 805:CANopen/301/CO_PDO.c **** #if ((CO_CONFIG_PDO)&CO_CONFIG_PDO_BITWISE_MAPPING) != 0
 806:CANopen/301/CO_PDO.c ****                 if (verifyLength > CO_PDO_MAX_SIZE * 8) {
 807:CANopen/301/CO_PDO.c **** #else
 808:CANopen/301/CO_PDO.c ****                 if (verifyLength > CO_PDO_MAX_SIZE) {
 809:CANopen/301/CO_PDO.c **** #endif
 810:CANopen/301/CO_PDO.c ****                     break;
 811:CANopen/301/CO_PDO.c ****                 }
 812:CANopen/301/CO_PDO.c **** 
 813:CANopen/301/CO_PDO.c ****                 /* length of OD variable may be larger than mappedLength */
 814:CANopen/301/CO_PDO.c ****                 OD_size_t ODdataLength = OD_IO->stream.dataLength;
 815:CANopen/301/CO_PDO.c ****                 if (ODdataLength > CO_PDO_MAX_SIZE) {
ARM GAS  C:\Users\Lenovo\AppData\Local\Temp\ccL1vOqM.s 			page 73


 816:CANopen/301/CO_PDO.c ****                     ODdataLength = CO_PDO_MAX_SIZE;
 817:CANopen/301/CO_PDO.c ****                 }
 818:CANopen/301/CO_PDO.c **** #if ((CO_CONFIG_PDO)&CO_CONFIG_PDO_BITWISE_MAPPING) != 0
 819:CANopen/301/CO_PDO.c ****                 /* Prepare data for writing into OD variable. If mappedLength
 820:CANopen/301/CO_PDO.c ****                  * is smaller than ODdataLength, then use auxiliary buffer */
 821:CANopen/301/CO_PDO.c ****                 uint8_t* dataOD;
 822:CANopen/301/CO_PDO.c ****                 /* Apply the bitmask */
 823:CANopen/301/CO_PDO.c ****                 uint64_t shiftedData = buf64 & (UINT64_MAX >> (64 - mappedLength));
 824:CANopen/301/CO_PDO.c ****                 /* Shift the original buffer to get ready for the next mapping */
 825:CANopen/301/CO_PDO.c ****                 buf64 >>= mappedLength;
 826:CANopen/301/CO_PDO.c **** #ifdef CO_BIG_ENDIAN
 827:CANopen/301/CO_PDO.c ****                 /* Adjust the pointer ignoring unused most significant bytes */
 828:CANopen/301/CO_PDO.c ****                 dataOD = (uint8_t *)&shiftedData + 8 - ODdataLength;
 829:CANopen/301/CO_PDO.c **** #else
 830:CANopen/301/CO_PDO.c ****                 /* For little-endian we have a pointer to LSB */
 831:CANopen/301/CO_PDO.c ****                 dataOD = (uint8_t *)&shiftedData;
 832:CANopen/301/CO_PDO.c **** #endif
 833:CANopen/301/CO_PDO.c **** #else
 834:CANopen/301/CO_PDO.c ****                 /* Prepare data for writing into OD variable. If mappedLength
 835:CANopen/301/CO_PDO.c ****                  * is smaller than ODdataLength, then use auxiliary buffer */
 836:CANopen/301/CO_PDO.c ****                 uint8_t buf[CO_PDO_MAX_SIZE];
 837:CANopen/301/CO_PDO.c ****                 uint8_t* dataOD;
 838:CANopen/301/CO_PDO.c ****                 if (ODdataLength > mappedLength) {
 839:CANopen/301/CO_PDO.c ****                     (void)memset(buf, 0, sizeof(buf));
 840:CANopen/301/CO_PDO.c ****                     (void)memcpy(buf, dataRPDO, mappedLength);
 841:CANopen/301/CO_PDO.c ****                     dataOD = buf;
 842:CANopen/301/CO_PDO.c ****                 } else {
 843:CANopen/301/CO_PDO.c ****                     dataOD = dataRPDO;
 844:CANopen/301/CO_PDO.c ****                 }
 845:CANopen/301/CO_PDO.c **** 
 846:CANopen/301/CO_PDO.c ****                 /* swap multibyte data if big-endian */
 847:CANopen/301/CO_PDO.c **** #ifdef CO_BIG_ENDIAN
 848:CANopen/301/CO_PDO.c ****                 if ((OD_IO->stream.attribute & ODA_MB) != 0) {
 849:CANopen/301/CO_PDO.c ****                     uint8_t* lo = dataOD;
 850:CANopen/301/CO_PDO.c ****                     uint8_t* hi = dataOD + ODdataLength - 1;
 851:CANopen/301/CO_PDO.c ****                     while (lo < hi) {
 852:CANopen/301/CO_PDO.c ****                         uint8_t swap = *lo;
 853:CANopen/301/CO_PDO.c ****                         *lo++ = *hi;
 854:CANopen/301/CO_PDO.c ****                         *hi-- = swap;
 855:CANopen/301/CO_PDO.c ****                     }
 856:CANopen/301/CO_PDO.c ****                 }
 857:CANopen/301/CO_PDO.c **** #endif
 858:CANopen/301/CO_PDO.c **** #endif /* (CO_CONFIG_PDO)&CO_CONFIG_PDO_BITWISE_MAPPING */
 859:CANopen/301/CO_PDO.c **** 
 860:CANopen/301/CO_PDO.c ****                 /* Set stream.dataOffset to zero, perform OD_IO.write()
 861:CANopen/301/CO_PDO.c ****                  * and store mappedLength back to stream.dataOffset */
 862:CANopen/301/CO_PDO.c ****                 *dataOffset = 0;
 863:CANopen/301/CO_PDO.c ****                 OD_size_t countWritten;
 864:CANopen/301/CO_PDO.c ****                 OD_IO->write(&OD_IO->stream, dataOD, ODdataLength, &countWritten);
 865:CANopen/301/CO_PDO.c ****                 *dataOffset = mappedLength;
 866:CANopen/301/CO_PDO.c **** 
 867:CANopen/301/CO_PDO.c ****                 dataRPDO += mappedLength;
 868:CANopen/301/CO_PDO.c ****             }
 869:CANopen/301/CO_PDO.c **** 
 870:CANopen/301/CO_PDO.c **** #else
 871:CANopen/301/CO_PDO.c ****             verifyLength = (OD_size_t)PDO->dataLength;
 872:CANopen/301/CO_PDO.c ****             for (uint8_t i = 0; i < PDO->dataLength; i++) {
ARM GAS  C:\Users\Lenovo\AppData\Local\Temp\ccL1vOqM.s 			page 74


 873:CANopen/301/CO_PDO.c ****                 *PDO->mapPointer[i] = dataRPDO[i];
 874:CANopen/301/CO_PDO.c ****             }
 875:CANopen/301/CO_PDO.c **** #endif /* (CO_CONFIG_PDO) & CO_CONFIG_PDO_OD_IO_ACCESS */
 876:CANopen/301/CO_PDO.c **** 
 877:CANopen/301/CO_PDO.c **** #if ((CO_CONFIG_PDO)&CO_CONFIG_PDO_BITWISE_MAPPING) != 0
 878:CANopen/301/CO_PDO.c ****             if ((verifyLength > (CO_PDO_MAX_SIZE * 8)) || (verifyLength != (OD_size_t)PDO->dataLeng
 879:CANopen/301/CO_PDO.c **** #else
 880:CANopen/301/CO_PDO.c ****             if ((verifyLength > CO_PDO_MAX_SIZE) || (verifyLength != (OD_size_t)PDO->dataLength)) {
 881:CANopen/301/CO_PDO.c **** #endif
 882:CANopen/301/CO_PDO.c ****                 /* bug in software, should not happen */
 883:CANopen/301/CO_PDO.c ****                 CO_errorReport(PDO->em, CO_EM_GENERIC_SOFTWARE_ERROR, CO_EMC_SOFTWARE_INTERNAL,
 884:CANopen/301/CO_PDO.c ****                                (0x100000U | verifyLength));
 885:CANopen/301/CO_PDO.c ****             }
 886:CANopen/301/CO_PDO.c ****         } /* while (CO_FLAG_READ(RPDO->CANrxNew[bufNo])) */
 887:CANopen/301/CO_PDO.c **** 
 888:CANopen/301/CO_PDO.c ****         /* verify RPDO timeout */
 889:CANopen/301/CO_PDO.c ****         (void)rpdoReceived;
 890:CANopen/301/CO_PDO.c **** #if ((CO_CONFIG_PDO)&CO_CONFIG_RPDO_TIMERS_ENABLE) != 0
 891:CANopen/301/CO_PDO.c ****         if (RPDO->timeoutTime_us > 0U) {
 892:CANopen/301/CO_PDO.c ****             if (rpdoReceived) {
 893:CANopen/301/CO_PDO.c ****                 if (RPDO->timeoutTimer > RPDO->timeoutTime_us) {
 894:CANopen/301/CO_PDO.c ****                     CO_errorReset(PDO->em, CO_EM_RPDO_TIME_OUT, RPDO->timeoutTimer);
 895:CANopen/301/CO_PDO.c ****                 }
 896:CANopen/301/CO_PDO.c ****                 /* enable monitoring */
 897:CANopen/301/CO_PDO.c ****                 RPDO->timeoutTimer = 1;
 898:CANopen/301/CO_PDO.c ****             } else if ((RPDO->timeoutTimer > 0U) && (RPDO->timeoutTimer < RPDO->timeoutTime_us)) {
 899:CANopen/301/CO_PDO.c ****                 RPDO->timeoutTimer += timeDifference_us;
 900:CANopen/301/CO_PDO.c **** 
 901:CANopen/301/CO_PDO.c ****                 if (RPDO->timeoutTimer > RPDO->timeoutTime_us) {
 902:CANopen/301/CO_PDO.c ****                     CO_errorReport(PDO->em, CO_EM_RPDO_TIME_OUT, CO_EMC_RPDO_TIMEOUT, RPDO->timeout
 903:CANopen/301/CO_PDO.c ****                 }
 904:CANopen/301/CO_PDO.c ****             } else { /* MISRA C 2004 14.10 */
 905:CANopen/301/CO_PDO.c ****             }
 906:CANopen/301/CO_PDO.c **** #if ((CO_CONFIG_PDO)&CO_CONFIG_FLAG_TIMERNEXT) != 0
 907:CANopen/301/CO_PDO.c ****             if ((timerNext_us != NULL) && (RPDO->timeoutTimer < RPDO->timeoutTime_us)) {
 908:CANopen/301/CO_PDO.c ****                 uint32_t diff = RPDO->timeoutTime_us - RPDO->timeoutTimer;
 909:CANopen/301/CO_PDO.c ****                 if (*timerNext_us > diff) {
 910:CANopen/301/CO_PDO.c ****                     *timerNext_us = diff;
 911:CANopen/301/CO_PDO.c ****                 }
 912:CANopen/301/CO_PDO.c ****             }
 913:CANopen/301/CO_PDO.c **** #endif
 914:CANopen/301/CO_PDO.c ****         }
 915:CANopen/301/CO_PDO.c **** #endif /* (CO_CONFIG_PDO) & CO_CONFIG_RPDO_TIMERS_ENABLE */
 916:CANopen/301/CO_PDO.c ****     }  /* if (PDO->valid && NMTisOperational) */
 917:CANopen/301/CO_PDO.c ****     else {
 918:CANopen/301/CO_PDO.c ****         /* not valid and operational, clear CAN receive flags and timeoutTimer */
 919:CANopen/301/CO_PDO.c **** #if ((CO_CONFIG_PDO)&CO_CONFIG_PDO_SYNC_ENABLE) != 0
 920:CANopen/301/CO_PDO.c ****         if (!PDO->valid || !NMTisOperational) {
 921:CANopen/301/CO_PDO.c ****             CO_FLAG_CLEAR(RPDO->CANrxNew[0]);
 922:CANopen/301/CO_PDO.c ****             CO_FLAG_CLEAR(RPDO->CANrxNew[1]);
 923:CANopen/301/CO_PDO.c **** #if ((CO_CONFIG_PDO)&CO_CONFIG_RPDO_TIMERS_ENABLE) != 0
 924:CANopen/301/CO_PDO.c ****             RPDO->timeoutTimer = 0;
 925:CANopen/301/CO_PDO.c **** #endif
 926:CANopen/301/CO_PDO.c ****         }
 927:CANopen/301/CO_PDO.c **** #else
 928:CANopen/301/CO_PDO.c ****         CO_FLAG_CLEAR(RPDO->CANrxNew[0]);
 929:CANopen/301/CO_PDO.c **** #if ((CO_CONFIG_PDO)&CO_CONFIG_RPDO_TIMERS_ENABLE) != 0
ARM GAS  C:\Users\Lenovo\AppData\Local\Temp\ccL1vOqM.s 			page 75


 930:CANopen/301/CO_PDO.c ****         RPDO->timeoutTimer = 0;
 931:CANopen/301/CO_PDO.c **** #endif
 932:CANopen/301/CO_PDO.c **** #endif
 933:CANopen/301/CO_PDO.c ****     }
 934:CANopen/301/CO_PDO.c **** }
 935:CANopen/301/CO_PDO.c **** #endif /* (CO_CONFIG_PDO) & CO_CONFIG_RPDO_ENABLE */
 936:CANopen/301/CO_PDO.c **** 
 937:CANopen/301/CO_PDO.c **** /*******************************************************************************
 938:CANopen/301/CO_PDO.c ****  *      T P D O
 939:CANopen/301/CO_PDO.c ****  ******************************************************************************/
 940:CANopen/301/CO_PDO.c **** #if ((CO_CONFIG_PDO)&CO_CONFIG_TPDO_ENABLE) != 0
 941:CANopen/301/CO_PDO.c **** #if ((CO_CONFIG_PDO)&CO_CONFIG_FLAG_OD_DYNAMIC) != 0
 942:CANopen/301/CO_PDO.c **** /*
 943:CANopen/301/CO_PDO.c ****  * Custom function for writing OD object "TPDO communication parameter"
 944:CANopen/301/CO_PDO.c ****  *
 945:CANopen/301/CO_PDO.c ****  * For more information see file CO_ODinterface.h, OD_IO_t.
 946:CANopen/301/CO_PDO.c ****  */
 947:CANopen/301/CO_PDO.c **** static ODR_t
 948:CANopen/301/CO_PDO.c **** OD_write_18xx(OD_stream_t* stream, const void* buf, OD_size_t count, OD_size_t* countWritten) {
 1747              		.loc 1 948 95 is_stmt 1 view -0
 1748              		.cfi_startproc
 1749              		@ args = 0, pretend = 0, frame = 8
 1750              		@ frame_needed = 0, uses_anonymous_args = 0
 949:CANopen/301/CO_PDO.c ****     /* "count" is also verified in *_init() function */
 950:CANopen/301/CO_PDO.c ****     if ((stream == NULL) || (buf == NULL) || (countWritten == NULL) || (count > 4U)) {
 1751              		.loc 1 950 5 view .LVU547
 1752              		.loc 1 950 8 is_stmt 0 view .LVU548
 1753 0000 0028     		cmp	r0, #0
 1754 0002 00F0D480 		beq	.L143
 948:CANopen/301/CO_PDO.c ****     /* "count" is also verified in *_init() function */
 1755              		.loc 1 948 95 view .LVU549
 1756 0006 2DE9F043 		push	{r4, r5, r6, r7, r8, r9, lr}
 1757              	.LCFI22:
 1758              		.cfi_def_cfa_offset 28
 1759              		.cfi_offset 4, -28
 1760              		.cfi_offset 5, -24
 1761              		.cfi_offset 6, -20
 1762              		.cfi_offset 7, -16
 1763              		.cfi_offset 8, -12
 1764              		.cfi_offset 9, -8
 1765              		.cfi_offset 14, -4
 1766 000a 85B0     		sub	sp, sp, #20
 1767              	.LCFI23:
 1768              		.cfi_def_cfa_offset 48
 1769 000c 0C46     		mov	r4, r1
 1770 000e 1546     		mov	r5, r2
 1771 0010 1E46     		mov	r6, r3
 1772 0012 0746     		mov	r7, r0
 1773              		.loc 1 950 26 discriminator 1 view .LVU550
 1774 0014 0029     		cmp	r1, #0
 1775 0016 00F0CC80 		beq	.L144
 1776              		.loc 1 950 43 discriminator 2 view .LVU551
 1777 001a 002B     		cmp	r3, #0
 1778 001c 00F0CB80 		beq	.L145
 1779              		.loc 1 950 69 discriminator 3 view .LVU552
 1780 0020 042A     		cmp	r2, #4
 1781 0022 00F2CA80 		bhi	.L146
ARM GAS  C:\Users\Lenovo\AppData\Local\Temp\ccL1vOqM.s 			page 76


 951:CANopen/301/CO_PDO.c ****         return ODR_DEV_INCOMPAT;
 952:CANopen/301/CO_PDO.c ****     }
 953:CANopen/301/CO_PDO.c **** 
 954:CANopen/301/CO_PDO.c ****     CO_TPDO_t* TPDO = stream->object;
 1782              		.loc 1 954 5 is_stmt 1 view .LVU553
 1783              		.loc 1 954 16 is_stmt 0 view .LVU554
 1784 0026 D0F80480 		ldr	r8, [r0, #4]
 1785              	.LVL181:
 955:CANopen/301/CO_PDO.c ****     CO_PDO_common_t* PDO = &TPDO->PDO_common;
 1786              		.loc 1 955 5 is_stmt 1 view .LVU555
 956:CANopen/301/CO_PDO.c ****     uint8_t bufCopy[4];
 1787              		.loc 1 956 5 view .LVU556
 957:CANopen/301/CO_PDO.c ****     (void)memcpy((void*)bufCopy, (const void*)buf, count);
 1788              		.loc 1 957 5 view .LVU557
 1789              		.loc 1 957 11 is_stmt 0 view .LVU558
 1790 002a 03A8     		add	r0, sp, #12
 1791              	.LVL182:
 1792              		.loc 1 957 11 view .LVU559
 1793 002c FFF7FEFF 		bl	memcpy
 1794              	.LVL183:
 958:CANopen/301/CO_PDO.c **** 
 959:CANopen/301/CO_PDO.c ****     switch (stream->subIndex) {
 1795              		.loc 1 959 5 is_stmt 1 view .LVU560
 1796              		.loc 1 959 19 is_stmt 0 view .LVU561
 1797 0030 3B7D     		ldrb	r3, [r7, #20]	@ zero_extendqisi2
 1798              		.loc 1 959 5 view .LVU562
 1799 0032 013B     		subs	r3, r3, #1
 1800 0034 052B     		cmp	r3, #5
 1801 0036 00F2A880 		bhi	.L130
 1802 003a DFE803F0 		tbb	[pc, r3]
 1803              	.L132:
 1804 003e 03       		.byte	(.L136-.L132)/2
 1805 003f 73       		.byte	(.L135-.L132)/2
 1806 0040 8E       		.byte	(.L134-.L132)/2
 1807 0041 A6       		.byte	(.L130-.L132)/2
 1808 0042 9C       		.byte	(.L133-.L132)/2
 1809 0043 AF       		.byte	(.L131-.L132)/2
 1810              		.p2align 1
 1811              	.L136:
 1812              	.LBB139:
 960:CANopen/301/CO_PDO.c ****         case 1: { /* COB-ID used by PDO */
 961:CANopen/301/CO_PDO.c ****             uint32_t COB_ID = CO_getUint32(buf);
 1813              		.loc 1 961 13 is_stmt 1 view .LVU563
 1814              	.LVL184:
 1815              	.LBB140:
 1816              	.LBI140:
 617:CANopen/301/CO_driver.h ****     uint32_t value;
 1817              		.loc 2 617 1 view .LVU564
 1818              	.LBB141:
 618:CANopen/301/CO_driver.h ****     (void)memmove((void*)&value, buf, sizeof(value));
 1819              		.loc 2 618 5 view .LVU565
 619:CANopen/301/CO_driver.h ****     return value;
 1820              		.loc 2 619 5 view .LVU566
 619:CANopen/301/CO_driver.h ****     return value;
 1821              		.loc 2 619 11 is_stmt 0 view .LVU567
 1822 0044 2368     		ldr	r3, [r4]	@ unaligned
 1823              	.LVL185:
ARM GAS  C:\Users\Lenovo\AppData\Local\Temp\ccL1vOqM.s 			page 77


 620:CANopen/301/CO_driver.h **** }
 1824              		.loc 2 620 5 is_stmt 1 view .LVU568
 620:CANopen/301/CO_driver.h **** }
 1825              		.loc 2 620 5 is_stmt 0 view .LVU569
 1826              	.LBE141:
 1827              	.LBE140:
 962:CANopen/301/CO_PDO.c ****             uint16_t CAN_ID = (uint16_t)(COB_ID & 0x7FFU);
 1828              		.loc 1 962 13 is_stmt 1 view .LVU570
 1829              		.loc 1 962 31 is_stmt 0 view .LVU571
 1830 0046 99B2     		uxth	r1, r3
 1831              		.loc 1 962 22 view .LVU572
 1832 0048 C3F30A04 		ubfx	r4, r3, #0, #11
 1833              	.LVL186:
 963:CANopen/301/CO_PDO.c ****             bool_t valid = (COB_ID & 0x80000000U) == 0U;
 1834              		.loc 1 963 13 is_stmt 1 view .LVU573
 1835              		.loc 1 963 51 is_stmt 0 view .LVU574
 1836 004c 6FEA0309 		mvn	r9, r3
 1837 0050 4FEAD979 		lsr	r9, r9, #31
 1838              	.LVL187:
 964:CANopen/301/CO_PDO.c **** 
 965:CANopen/301/CO_PDO.c ****             /* bits 11...29 must be zero, PDO must be disabled on change, CAN_ID == 0 is
 966:CANopen/301/CO_PDO.c ****              * not allowed, mapping must be configured before enabling the PDO */
 967:CANopen/301/CO_PDO.c ****             if (((COB_ID & 0x3FFFF800U) != 0U) || (valid && (PDO->valid && (CAN_ID != PDO->configur
 1839              		.loc 1 967 13 is_stmt 1 view .LVU575
 1840              		.loc 1 967 26 is_stmt 0 view .LVU576
 1841 0054 684A     		ldr	r2, .L170
 1842 0056 1A40     		ands	r2, r2, r3
 1843              		.loc 1 967 16 view .LVU577
 1844 0058 002A     		cmp	r2, #0
 1845 005a 40F0B080 		bne	.L147
 1846              		.loc 1 967 48 discriminator 1 view .LVU578
 1847 005e 002B     		cmp	r3, #0
 1848 0060 29DB     		blt	.L137
 1849              		.loc 1 967 65 discriminator 2 view .LVU579
 1850 0062 D8F80820 		ldr	r2, [r8, #8]
 1851              		.loc 1 967 58 discriminator 2 view .LVU580
 1852 0066 22B1     		cbz	r2, .L138
 1853              		.loc 1 967 90 discriminator 3 view .LVU581
 1854 0068 B8F84421 		ldrh	r2, [r8, #324]
 1855              		.loc 1 967 73 discriminator 3 view .LVU582
 1856 006c A242     		cmp	r2, r4
 1857 006e 40F0A880 		bne	.L148
 1858              	.L138:
 968:CANopen/301/CO_PDO.c ****                 || (valid && CO_IS_RESTRICTED_CAN_ID(CAN_ID)) || (valid && (PDO->mappedObjectsCount
 1859              		.loc 1 968 17 view .LVU583
 1860 0072 002B     		cmp	r3, #0
 1861 0074 26DB     		blt	.L139
 1862              		.loc 1 968 27 discriminator 1 view .LVU584
 1863 0076 11F4F06F 		tst	r1, #1920
 1864 007a 00F0A480 		beq	.L149
 1865              		.loc 1 968 30 discriminator 3 view .LVU585
 1866 007e A4F20112 		subw	r2, r4, #257
 1867 0082 92B2     		uxth	r2, r2
 1868 0084 7F2A     		cmp	r2, #127
 1869 0086 40F2A080 		bls	.L150
 1870              		.loc 1 968 30 discriminator 4 view .LVU586
 1871 008a A4F28152 		subw	r2, r4, #1409
ARM GAS  C:\Users\Lenovo\AppData\Local\Temp\ccL1vOqM.s 			page 78


 1872 008e 92B2     		uxth	r2, r2
 1873 0090 7E2A     		cmp	r2, #126
 1874 0092 40F29C80 		bls	.L151
 1875              		.loc 1 968 30 discriminator 5 view .LVU587
 1876 0096 A4F20162 		subw	r2, r4, #1537
 1877 009a 92B2     		uxth	r2, r2
 1878 009c 7E2A     		cmp	r2, #126
 1879 009e 40F29880 		bls	.L152
 1880              		.loc 1 968 30 discriminator 6 view .LVU588
 1881 00a2 A4F5DC62 		sub	r2, r4, #1760
 1882 00a6 92B2     		uxth	r2, r2
 1883 00a8 1F2A     		cmp	r2, #31
 1884 00aa 40F29480 		bls	.L153
 1885              		.loc 1 968 30 discriminator 7 view .LVU589
 1886 00ae B4F5E06F 		cmp	r4, #1792
 1887 00b2 00F29280 		bhi	.L154
 1888              	.L137:
 1889              		.loc 1 968 63 discriminator 8 view .LVU590
 1890 00b6 002B     		cmp	r3, #0
 1891 00b8 04DB     		blt	.L139
 1892              		.loc 1 968 80 discriminator 9 view .LVU591
 1893 00ba 98F80D20 		ldrb	r2, [r8, #13]	@ zero_extendqisi2
 1894              		.loc 1 968 73 discriminator 9 view .LVU592
 1895 00be 002A     		cmp	r2, #0
 1896 00c0 00F08D80 		beq	.L155
 1897              	.L139:
 969:CANopen/301/CO_PDO.c ****                 return ODR_INVALID_VALUE;
 970:CANopen/301/CO_PDO.c ****             }
 971:CANopen/301/CO_PDO.c **** 
 972:CANopen/301/CO_PDO.c ****             /* parameter changed? */
 973:CANopen/301/CO_PDO.c ****             if ((valid != PDO->valid) || (CAN_ID != PDO->configuredCanId)) {
 1898              		.loc 1 973 13 is_stmt 1 view .LVU593
 1899              		.loc 1 973 30 is_stmt 0 view .LVU594
 1900 00c4 D8F80820 		ldr	r2, [r8, #8]
 1901              		.loc 1 973 16 view .LVU595
 1902 00c8 4A45     		cmp	r2, r9
 1903 00ca 20D0     		beq	.L167
 1904              	.L140:
 1905              	.LBB142:
 974:CANopen/301/CO_PDO.c ****                 /* if default CAN-ID is written, store to OD without Node-ID */
 975:CANopen/301/CO_PDO.c ****                 if (CAN_ID == PDO->preDefinedCanId) {
 1906              		.loc 1 975 17 is_stmt 1 view .LVU596
 1907              		.loc 1 975 34 is_stmt 0 view .LVU597
 1908 00cc B8F84221 		ldrh	r2, [r8, #322]
 1909              		.loc 1 975 20 view .LVU598
 1910 00d0 A242     		cmp	r2, r4
 1911 00d2 21D0     		beq	.L168
 1912              	.L141:
 976:CANopen/301/CO_PDO.c ****                     (void)CO_setUint32(bufCopy, COB_ID & 0xFFFFFF80U);
 977:CANopen/301/CO_PDO.c ****                 }
 978:CANopen/301/CO_PDO.c ****                 if (!valid) {
 1913              		.loc 1 978 17 is_stmt 1 view .LVU599
 1914              		.loc 1 978 20 is_stmt 0 view .LVU600
 1915 00d4 002B     		cmp	r3, #0
 1916 00d6 23DB     		blt	.L169
 1917              	.LVL188:
 1918              	.L142:
ARM GAS  C:\Users\Lenovo\AppData\Local\Temp\ccL1vOqM.s 			page 79


 979:CANopen/301/CO_PDO.c ****                     CAN_ID = 0;
 980:CANopen/301/CO_PDO.c ****                 }
 981:CANopen/301/CO_PDO.c **** 
 982:CANopen/301/CO_PDO.c ****                 CO_CANtx_t* CANtxBuff = CO_CANtxBufferInit(
 1919              		.loc 1 982 17 is_stmt 1 view .LVU601
 983:CANopen/301/CO_PDO.c ****                     PDO->CANdev, PDO->CANdevIdx, CAN_ID, false, PDO->dataLength,
 1920              		.loc 1 983 68 is_stmt 0 view .LVU602
 1921 00d8 98F80C20 		ldrb	r2, [r8, #12]	@ zero_extendqisi2
 984:CANopen/301/CO_PDO.c ****                     TPDO->transmissionType <= (uint8_t)CO_PDO_TRANSM_TYPE_SYNC_240);
 1922              		.loc 1 984 25 view .LVU603
 1923 00dc 98F86C31 		ldrb	r3, [r8, #364]	@ zero_extendqisi2
 1924              	.LVL189:
 982:CANopen/301/CO_PDO.c ****                     PDO->CANdev, PDO->CANdevIdx, CAN_ID, false, PDO->dataLength,
 1925              		.loc 1 982 41 view .LVU604
 1926 00e0 B8F84011 		ldrh	r1, [r8, #320]
 1927 00e4 D8F80400 		ldr	r0, [r8, #4]
 1928 00e8 F02B     		cmp	r3, #240
 1929 00ea 8CBF     		ite	hi
 1930 00ec 0023     		movhi	r3, #0
 1931 00ee 0123     		movls	r3, #1
 1932 00f0 0193     		str	r3, [sp, #4]
 1933 00f2 0092     		str	r2, [sp]
 1934 00f4 0023     		movs	r3, #0
 1935 00f6 2246     		mov	r2, r4
 1936 00f8 FFF7FEFF 		bl	CO_CANtxBufferInit
 1937              	.LVL190:
 985:CANopen/301/CO_PDO.c **** 
 986:CANopen/301/CO_PDO.c ****                 if (CANtxBuff == NULL) {
 1938              		.loc 1 986 17 is_stmt 1 view .LVU605
 1939              		.loc 1 986 20 is_stmt 0 view .LVU606
 1940 00fc 0028     		cmp	r0, #0
 1941 00fe 70D0     		beq	.L157
 987:CANopen/301/CO_PDO.c ****                     return ODR_DEV_INCOMPAT;
 988:CANopen/301/CO_PDO.c ****                 }
 989:CANopen/301/CO_PDO.c **** 
 990:CANopen/301/CO_PDO.c ****                 TPDO->CANtxBuff = CANtxBuff;
 1942              		.loc 1 990 17 is_stmt 1 view .LVU607
 1943              		.loc 1 990 33 is_stmt 0 view .LVU608
 1944 0100 C8F86801 		str	r0, [r8, #360]
 991:CANopen/301/CO_PDO.c ****                 PDO->valid = valid;
 1945              		.loc 1 991 17 is_stmt 1 view .LVU609
 1946              		.loc 1 991 28 is_stmt 0 view .LVU610
 1947 0104 C8F80890 		str	r9, [r8, #8]
 992:CANopen/301/CO_PDO.c ****                 PDO->configuredCanId = CAN_ID;
 1948              		.loc 1 992 17 is_stmt 1 view .LVU611
 1949              		.loc 1 992 38 is_stmt 0 view .LVU612
 1950 0108 A8F84441 		strh	r4, [r8, #324]	@ movhi
 1951 010c 3DE0     		b	.L130
 1952              	.LVL191:
 1953              	.L167:
 1954              		.loc 1 992 38 view .LVU613
 1955              	.LBE142:
 973:CANopen/301/CO_PDO.c ****                 /* if default CAN-ID is written, store to OD without Node-ID */
 1956              		.loc 1 973 56 discriminator 1 view .LVU614
 1957 010e B8F84421 		ldrh	r2, [r8, #324]
 973:CANopen/301/CO_PDO.c ****                 /* if default CAN-ID is written, store to OD without Node-ID */
 1958              		.loc 1 973 39 discriminator 1 view .LVU615
ARM GAS  C:\Users\Lenovo\AppData\Local\Temp\ccL1vOqM.s 			page 80


 1959 0112 A242     		cmp	r2, r4
 1960 0114 DAD1     		bne	.L140
 1961 0116 38E0     		b	.L130
 1962              	.L168:
 1963              	.LBB145:
 976:CANopen/301/CO_PDO.c ****                 }
 1964              		.loc 1 976 21 is_stmt 1 view .LVU616
 976:CANopen/301/CO_PDO.c ****                 }
 1965              		.loc 1 976 27 is_stmt 0 view .LVU617
 1966 0118 23F07F02 		bic	r2, r3, #127
 1967              	.LVL192:
 1968              	.LBB143:
 1969              	.LBI143:
 646:CANopen/301/CO_driver.h ****     (void)memmove(buf, (const void*)&value, sizeof(value));
 1970              		.loc 2 646 1 is_stmt 1 view .LVU618
 1971              	.LBB144:
 647:CANopen/301/CO_driver.h ****     return (uint8_t)(sizeof(value));
 1972              		.loc 2 647 5 view .LVU619
 647:CANopen/301/CO_driver.h ****     return (uint8_t)(sizeof(value));
 1973              		.loc 2 647 11 is_stmt 0 view .LVU620
 1974 011c 0392     		str	r2, [sp, #12]
 1975              		.loc 2 648 5 is_stmt 1 view .LVU621
 1976              	.LVL193:
 1977              		.loc 2 648 12 is_stmt 0 view .LVU622
 1978 011e D9E7     		b	.L141
 1979              	.L169:
 1980              		.loc 2 648 12 view .LVU623
 1981              	.LBE144:
 1982              	.LBE143:
 979:CANopen/301/CO_PDO.c ****                 }
 1983              		.loc 1 979 28 view .LVU624
 1984 0120 0024     		movs	r4, #0
 1985              	.LVL194:
 979:CANopen/301/CO_PDO.c ****                 }
 1986              		.loc 1 979 28 view .LVU625
 1987 0122 D9E7     		b	.L142
 1988              	.LVL195:
 1989              	.L135:
 979:CANopen/301/CO_PDO.c ****                 }
 1990              		.loc 1 979 28 view .LVU626
 1991              	.LBE145:
 1992              	.LBE139:
 1993              	.LBB147:
 993:CANopen/301/CO_PDO.c ****             }
 994:CANopen/301/CO_PDO.c ****             break;
 995:CANopen/301/CO_PDO.c ****         }
 996:CANopen/301/CO_PDO.c **** 
 997:CANopen/301/CO_PDO.c ****         case 2: { /* transmission type */ uint8_t transmissionType = CO_getUint8(buf);
 1994              		.loc 1 997 43 is_stmt 1 view .LVU627
 1995              	.LBB148:
 1996              	.LBI148:
 601:CANopen/301/CO_driver.h ****     uint8_t value;
 1997              		.loc 2 601 1 view .LVU628
 1998              	.LBB149:
 602:CANopen/301/CO_driver.h ****     (void)memmove((void*)&value, buf, sizeof(value));
 1999              		.loc 2 602 5 view .LVU629
 603:CANopen/301/CO_driver.h ****     return value;
ARM GAS  C:\Users\Lenovo\AppData\Local\Temp\ccL1vOqM.s 			page 81


 2000              		.loc 2 603 5 view .LVU630
 603:CANopen/301/CO_driver.h ****     return value;
 2001              		.loc 2 603 11 is_stmt 0 view .LVU631
 2002 0124 2278     		ldrb	r2, [r4]	@ zero_extendqisi2
 2003              	.LVL196:
 604:CANopen/301/CO_driver.h **** }
 2004              		.loc 2 604 5 is_stmt 1 view .LVU632
 604:CANopen/301/CO_driver.h **** }
 2005              		.loc 2 604 5 is_stmt 0 view .LVU633
 2006              	.LBE149:
 2007              	.LBE148:
 998:CANopen/301/CO_PDO.c **** #if ((CO_CONFIG_PDO)&CO_CONFIG_PDO_SYNC_ENABLE) != 0
 999:CANopen/301/CO_PDO.c ****             if ((transmissionType > (uint8_t)CO_PDO_TRANSM_TYPE_SYNC_240)
 2008              		.loc 1 999 13 is_stmt 1 view .LVU634
1000:CANopen/301/CO_PDO.c ****                 && (transmissionType < (uint8_t)CO_PDO_TRANSM_TYPE_SYNC_EVENT_LO)) {
 2009              		.loc 1 1000 17 is_stmt 0 view .LVU635
 2010 0126 02F10F03 		add	r3, r2, #15
 2011 012a DBB2     		uxtb	r3, r3
 999:CANopen/301/CO_PDO.c ****                 && (transmissionType < (uint8_t)CO_PDO_TRANSM_TYPE_SYNC_EVENT_LO)) {
 2012              		.loc 1 999 16 view .LVU636
 2013 012c 0C2B     		cmp	r3, #12
 2014 012e 5AD9     		bls	.L158
1001:CANopen/301/CO_PDO.c ****                 return ODR_INVALID_VALUE;
1002:CANopen/301/CO_PDO.c ****             }
1003:CANopen/301/CO_PDO.c ****             TPDO->CANtxBuff->syncFlag = transmissionType <= (uint8_t)CO_PDO_TRANSM_TYPE_SYNC_240;
 2015              		.loc 1 1003 13 is_stmt 1 view .LVU637
 2016              		.loc 1 1003 17 is_stmt 0 view .LVU638
 2017 0130 D8F86831 		ldr	r3, [r8, #360]
 2018              		.loc 1 1003 58 view .LVU639
 2019 0134 F02A     		cmp	r2, #240
 2020 0136 8CBF     		ite	hi
 2021 0138 0021     		movhi	r1, #0
 2022 013a 0121     		movls	r1, #1
 2023              		.loc 1 1003 39 view .LVU640
 2024 013c 5961     		str	r1, [r3, #20]
1004:CANopen/301/CO_PDO.c ****             TPDO->syncCounter = 255;
 2025              		.loc 1 1004 13 is_stmt 1 view .LVU641
 2026              		.loc 1 1004 31 is_stmt 0 view .LVU642
 2027 013e FF23     		movs	r3, #255
 2028 0140 88F87931 		strb	r3, [r8, #377]
1005:CANopen/301/CO_PDO.c **** #else
1006:CANopen/301/CO_PDO.c ****             if (transmissionType < CO_PDO_TRANSM_TYPE_SYNC_EVENT_LO) {
1007:CANopen/301/CO_PDO.c ****                 return ODR_INVALID_VALUE;
1008:CANopen/301/CO_PDO.c ****             }
1009:CANopen/301/CO_PDO.c **** #endif
1010:CANopen/301/CO_PDO.c ****             TPDO->transmissionType = transmissionType;
 2029              		.loc 1 1010 13 is_stmt 1 view .LVU643
 2030              		.loc 1 1010 36 is_stmt 0 view .LVU644
 2031 0144 88F86C21 		strb	r2, [r8, #364]
1011:CANopen/301/CO_PDO.c ****             TPDO->sendRequest = true;
 2032              		.loc 1 1011 13 is_stmt 1 view .LVU645
 2033              		.loc 1 1011 31 is_stmt 0 view .LVU646
 2034 0148 0123     		movs	r3, #1
 2035 014a C8F87031 		str	r3, [r8, #368]
1012:CANopen/301/CO_PDO.c **** #if ((CO_CONFIG_PDO)&CO_CONFIG_TPDO_TIMERS_ENABLE) != 0
1013:CANopen/301/CO_PDO.c ****             TPDO->inhibitTimer = 0;
 2036              		.loc 1 1013 13 is_stmt 1 view .LVU647
ARM GAS  C:\Users\Lenovo\AppData\Local\Temp\ccL1vOqM.s 			page 82


 2037              		.loc 1 1013 32 is_stmt 0 view .LVU648
 2038 014e 0023     		movs	r3, #0
 2039 0150 C8F88431 		str	r3, [r8, #388]
1014:CANopen/301/CO_PDO.c ****             TPDO->eventTimer = 0;
 2040              		.loc 1 1014 13 is_stmt 1 view .LVU649
 2041              		.loc 1 1014 30 is_stmt 0 view .LVU650
 2042 0154 C8F88831 		str	r3, [r8, #392]
1015:CANopen/301/CO_PDO.c **** #endif
1016:CANopen/301/CO_PDO.c ****             break;
 2043              		.loc 1 1016 13 is_stmt 1 view .LVU651
 2044 0158 17E0     		b	.L130
 2045              	.LVL197:
 2046              	.L134:
 2047              		.loc 1 1016 13 is_stmt 0 view .LVU652
 2048              	.LBE147:
 2049              	.LBB150:
1017:CANopen/301/CO_PDO.c ****         }
1018:CANopen/301/CO_PDO.c **** 
1019:CANopen/301/CO_PDO.c **** #if ((CO_CONFIG_PDO)&CO_CONFIG_TPDO_TIMERS_ENABLE) != 0
1020:CANopen/301/CO_PDO.c ****         case 3: { /* inhibit time */
1021:CANopen/301/CO_PDO.c ****             if (PDO->valid) {
 2050              		.loc 1 1021 13 is_stmt 1 view .LVU653
 2051              		.loc 1 1021 20 is_stmt 0 view .LVU654
 2052 015a D8F80830 		ldr	r3, [r8, #8]
 2053              		.loc 1 1021 16 view .LVU655
 2054 015e 002B     		cmp	r3, #0
 2055 0160 43D1     		bne	.L159
1022:CANopen/301/CO_PDO.c ****                 return ODR_INVALID_VALUE;
1023:CANopen/301/CO_PDO.c ****             }
1024:CANopen/301/CO_PDO.c ****             uint32_t inhibitTime = CO_getUint16(buf);
 2056              		.loc 1 1024 13 is_stmt 1 view .LVU656
 2057              	.LVL198:
 2058              	.LBB151:
 2059              	.LBI151:
 609:CANopen/301/CO_driver.h ****     uint16_t value;
 2060              		.loc 2 609 1 view .LVU657
 2061              	.LBB152:
 610:CANopen/301/CO_driver.h ****     (void)memmove((void*)&value, buf, sizeof(value));
 2062              		.loc 2 610 5 view .LVU658
 611:CANopen/301/CO_driver.h ****     return value;
 2063              		.loc 2 611 5 view .LVU659
 611:CANopen/301/CO_driver.h ****     return value;
 2064              		.loc 2 611 11 is_stmt 0 view .LVU660
 2065 0162 2388     		ldrh	r3, [r4]	@ unaligned
 2066              	.LVL199:
 612:CANopen/301/CO_driver.h **** }
 2067              		.loc 2 612 5 is_stmt 1 view .LVU661
 612:CANopen/301/CO_driver.h **** }
 2068              		.loc 2 612 5 is_stmt 0 view .LVU662
 2069              	.LBE152:
 2070              	.LBE151:
1025:CANopen/301/CO_PDO.c ****             TPDO->inhibitTime_us = inhibitTime * 100U;
 2071              		.loc 1 1025 13 is_stmt 1 view .LVU663
 2072              		.loc 1 1025 48 is_stmt 0 view .LVU664
 2073 0164 6422     		movs	r2, #100
 2074 0166 02FB03F3 		mul	r3, r2, r3
 2075              	.LVL200:
ARM GAS  C:\Users\Lenovo\AppData\Local\Temp\ccL1vOqM.s 			page 83


 2076              		.loc 1 1025 34 view .LVU665
 2077 016a C8F87C31 		str	r3, [r8, #380]
 2078              	.LVL201:
1026:CANopen/301/CO_PDO.c ****             TPDO->inhibitTimer = 0;
 2079              		.loc 1 1026 13 is_stmt 1 view .LVU666
 2080              		.loc 1 1026 32 is_stmt 0 view .LVU667
 2081 016e 0023     		movs	r3, #0
 2082 0170 C8F88431 		str	r3, [r8, #388]
1027:CANopen/301/CO_PDO.c ****             break;
 2083              		.loc 1 1027 13 is_stmt 1 view .LVU668
 2084 0174 09E0     		b	.L130
 2085              	.LVL202:
 2086              	.L133:
 2087              		.loc 1 1027 13 is_stmt 0 view .LVU669
 2088              	.LBE150:
 2089              	.LBB153:
1028:CANopen/301/CO_PDO.c ****         }
1029:CANopen/301/CO_PDO.c **** 
1030:CANopen/301/CO_PDO.c ****         case 5: { /* event-timer */
1031:CANopen/301/CO_PDO.c ****             uint32_t eventTime = CO_getUint16(buf);
 2090              		.loc 1 1031 13 is_stmt 1 view .LVU670
 2091              	.LBB154:
 2092              	.LBI154:
 609:CANopen/301/CO_driver.h ****     uint16_t value;
 2093              		.loc 2 609 1 view .LVU671
 2094              	.LBB155:
 610:CANopen/301/CO_driver.h ****     (void)memmove((void*)&value, buf, sizeof(value));
 2095              		.loc 2 610 5 view .LVU672
 611:CANopen/301/CO_driver.h ****     return value;
 2096              		.loc 2 611 5 view .LVU673
 611:CANopen/301/CO_driver.h ****     return value;
 2097              		.loc 2 611 11 is_stmt 0 view .LVU674
 2098 0176 2388     		ldrh	r3, [r4]	@ unaligned
 2099              	.LVL203:
 612:CANopen/301/CO_driver.h **** }
 2100              		.loc 2 612 5 is_stmt 1 view .LVU675
 612:CANopen/301/CO_driver.h **** }
 2101              		.loc 2 612 5 is_stmt 0 view .LVU676
 2102              	.LBE155:
 2103              	.LBE154:
1032:CANopen/301/CO_PDO.c ****             TPDO->eventTime_us = eventTime * 1000U;
 2104              		.loc 1 1032 13 is_stmt 1 view .LVU677
 2105              		.loc 1 1032 44 is_stmt 0 view .LVU678
 2106 0178 4FF47A72 		mov	r2, #1000
 2107 017c 02FB03F3 		mul	r3, r2, r3
 2108              	.LVL204:
 2109              		.loc 1 1032 32 view .LVU679
 2110 0180 C8F88031 		str	r3, [r8, #384]
 2111              	.LVL205:
1033:CANopen/301/CO_PDO.c ****             TPDO->eventTimer = 0;
 2112              		.loc 1 1033 13 is_stmt 1 view .LVU680
 2113              		.loc 1 1033 30 is_stmt 0 view .LVU681
 2114 0184 0023     		movs	r3, #0
 2115 0186 C8F88831 		str	r3, [r8, #392]
1034:CANopen/301/CO_PDO.c ****             break;
 2116              		.loc 1 1034 13 is_stmt 1 view .LVU682
 2117              	.LVL206:
ARM GAS  C:\Users\Lenovo\AppData\Local\Temp\ccL1vOqM.s 			page 84


 2118              	.L130:
 2119              		.loc 1 1034 13 is_stmt 0 view .LVU683
 2120              	.LBE153:
1035:CANopen/301/CO_PDO.c ****         }
1036:CANopen/301/CO_PDO.c **** #endif
1037:CANopen/301/CO_PDO.c **** 
1038:CANopen/301/CO_PDO.c **** #if ((CO_CONFIG_PDO)&CO_CONFIG_PDO_SYNC_ENABLE) != 0
1039:CANopen/301/CO_PDO.c ****         case 6: { /* SYNC start value */
1040:CANopen/301/CO_PDO.c ****             uint8_t syncStartValue = CO_getUint8(buf);
1041:CANopen/301/CO_PDO.c **** 
1042:CANopen/301/CO_PDO.c ****             if (PDO->valid || (syncStartValue > 240U)) {
1043:CANopen/301/CO_PDO.c ****                 return ODR_INVALID_VALUE;
1044:CANopen/301/CO_PDO.c ****             }
1045:CANopen/301/CO_PDO.c ****             TPDO->syncStartValue = syncStartValue;
1046:CANopen/301/CO_PDO.c ****             break;
1047:CANopen/301/CO_PDO.c ****         }
1048:CANopen/301/CO_PDO.c **** #endif
1049:CANopen/301/CO_PDO.c ****         default:
1050:CANopen/301/CO_PDO.c ****             /* MISRA C 2004 15.3 */
1051:CANopen/301/CO_PDO.c ****             break;
1052:CANopen/301/CO_PDO.c ****     }
1053:CANopen/301/CO_PDO.c **** 
1054:CANopen/301/CO_PDO.c ****     /* write value to the original location in the Object Dictionary */
1055:CANopen/301/CO_PDO.c ****     return OD_writeOriginal(stream, bufCopy, count, countWritten);
 2121              		.loc 1 1055 5 is_stmt 1 view .LVU684
 2122              		.loc 1 1055 12 is_stmt 0 view .LVU685
 2123 018a 3346     		mov	r3, r6
 2124 018c 2A46     		mov	r2, r5
 2125 018e 03A9     		add	r1, sp, #12
 2126 0190 3846     		mov	r0, r7
 2127 0192 FFF7FEFF 		bl	OD_writeOriginal
 2128              	.LVL207:
 2129              	.L129:
1056:CANopen/301/CO_PDO.c **** }
 2130              		.loc 1 1056 1 view .LVU686
 2131 0196 05B0     		add	sp, sp, #20
 2132              	.LCFI24:
 2133              		.cfi_remember_state
 2134              		.cfi_def_cfa_offset 28
 2135              		@ sp needed
 2136 0198 BDE8F083 		pop	{r4, r5, r6, r7, r8, r9, pc}
 2137              	.LVL208:
 2138              	.L131:
 2139              	.LCFI25:
 2140              		.cfi_restore_state
 2141              	.LBB156:
1040:CANopen/301/CO_PDO.c **** 
 2142              		.loc 1 1040 13 is_stmt 1 view .LVU687
 2143              	.LBB157:
 2144              	.LBI157:
 601:CANopen/301/CO_driver.h ****     uint8_t value;
 2145              		.loc 2 601 1 view .LVU688
 2146              	.LBB158:
 602:CANopen/301/CO_driver.h ****     (void)memmove((void*)&value, buf, sizeof(value));
 2147              		.loc 2 602 5 view .LVU689
 603:CANopen/301/CO_driver.h ****     return value;
 2148              		.loc 2 603 5 view .LVU690
ARM GAS  C:\Users\Lenovo\AppData\Local\Temp\ccL1vOqM.s 			page 85


 603:CANopen/301/CO_driver.h ****     return value;
 2149              		.loc 2 603 11 is_stmt 0 view .LVU691
 2150 019c 2378     		ldrb	r3, [r4]	@ zero_extendqisi2
 2151              	.LVL209:
 604:CANopen/301/CO_driver.h **** }
 2152              		.loc 2 604 5 is_stmt 1 view .LVU692
 604:CANopen/301/CO_driver.h **** }
 2153              		.loc 2 604 5 is_stmt 0 view .LVU693
 2154              	.LBE158:
 2155              	.LBE157:
1042:CANopen/301/CO_PDO.c ****                 return ODR_INVALID_VALUE;
 2156              		.loc 1 1042 13 is_stmt 1 view .LVU694
1042:CANopen/301/CO_PDO.c ****                 return ODR_INVALID_VALUE;
 2157              		.loc 1 1042 20 is_stmt 0 view .LVU695
 2158 019e D8F80820 		ldr	r2, [r8, #8]
1042:CANopen/301/CO_PDO.c ****                 return ODR_INVALID_VALUE;
 2159              		.loc 1 1042 16 view .LVU696
 2160 01a2 22BB     		cbnz	r2, .L160
1042:CANopen/301/CO_PDO.c ****                 return ODR_INVALID_VALUE;
 2161              		.loc 1 1042 28 discriminator 1 view .LVU697
 2162 01a4 F02B     		cmp	r3, #240
 2163 01a6 24D8     		bhi	.L161
1045:CANopen/301/CO_PDO.c ****             break;
 2164              		.loc 1 1045 13 is_stmt 1 view .LVU698
1045:CANopen/301/CO_PDO.c ****             break;
 2165              		.loc 1 1045 34 is_stmt 0 view .LVU699
 2166 01a8 88F87831 		strb	r3, [r8, #376]
1046:CANopen/301/CO_PDO.c ****         }
 2167              		.loc 1 1046 13 is_stmt 1 view .LVU700
 2168 01ac EDE7     		b	.L130
 2169              	.LVL210:
 2170              	.L143:
 2171              	.LCFI26:
 2172              		.cfi_def_cfa_offset 0
 2173              		.cfi_restore 4
 2174              		.cfi_restore 5
 2175              		.cfi_restore 6
 2176              		.cfi_restore 7
 2177              		.cfi_restore 8
 2178              		.cfi_restore 9
 2179              		.cfi_restore 14
1046:CANopen/301/CO_PDO.c ****         }
 2180              		.loc 1 1046 13 is_stmt 0 view .LVU701
 2181              	.LBE156:
 951:CANopen/301/CO_PDO.c ****     }
 2182              		.loc 1 951 16 view .LVU702
 2183 01ae 0920     		movs	r0, #9
 2184              	.LVL211:
 2185              		.loc 1 1056 1 view .LVU703
 2186 01b0 7047     		bx	lr
 2187              	.LVL212:
 2188              	.L144:
 2189              	.LCFI27:
 2190              		.cfi_def_cfa_offset 48
 2191              		.cfi_offset 4, -28
 2192              		.cfi_offset 5, -24
 2193              		.cfi_offset 6, -20
ARM GAS  C:\Users\Lenovo\AppData\Local\Temp\ccL1vOqM.s 			page 86


 2194              		.cfi_offset 7, -16
 2195              		.cfi_offset 8, -12
 2196              		.cfi_offset 9, -8
 2197              		.cfi_offset 14, -4
 951:CANopen/301/CO_PDO.c ****     }
 2198              		.loc 1 951 16 view .LVU704
 2199 01b2 0920     		movs	r0, #9
 2200              	.LVL213:
 951:CANopen/301/CO_PDO.c ****     }
 2201              		.loc 1 951 16 view .LVU705
 2202 01b4 EFE7     		b	.L129
 2203              	.LVL214:
 2204              	.L145:
 951:CANopen/301/CO_PDO.c ****     }
 2205              		.loc 1 951 16 view .LVU706
 2206 01b6 0920     		movs	r0, #9
 2207              	.LVL215:
 951:CANopen/301/CO_PDO.c ****     }
 2208              		.loc 1 951 16 view .LVU707
 2209 01b8 EDE7     		b	.L129
 2210              	.LVL216:
 2211              	.L146:
 951:CANopen/301/CO_PDO.c ****     }
 2212              		.loc 1 951 16 view .LVU708
 2213 01ba 0920     		movs	r0, #9
 2214              	.LVL217:
 951:CANopen/301/CO_PDO.c ****     }
 2215              		.loc 1 951 16 view .LVU709
 2216 01bc EBE7     		b	.L129
 2217              	.LVL218:
 2218              	.L147:
 2219              	.LBB159:
 969:CANopen/301/CO_PDO.c ****             }
 2220              		.loc 1 969 24 view .LVU710
 2221 01be 0F20     		movs	r0, #15
 2222 01c0 E9E7     		b	.L129
 2223              	.L148:
 969:CANopen/301/CO_PDO.c ****             }
 2224              		.loc 1 969 24 view .LVU711
 2225 01c2 0F20     		movs	r0, #15
 2226 01c4 E7E7     		b	.L129
 2227              	.L149:
 969:CANopen/301/CO_PDO.c ****             }
 2228              		.loc 1 969 24 view .LVU712
 2229 01c6 0F20     		movs	r0, #15
 2230 01c8 E5E7     		b	.L129
 2231              	.L150:
 2232 01ca 0F20     		movs	r0, #15
 2233 01cc E3E7     		b	.L129
 2234              	.L151:
 2235 01ce 0F20     		movs	r0, #15
 2236 01d0 E1E7     		b	.L129
 2237              	.L152:
 2238 01d2 0F20     		movs	r0, #15
 2239 01d4 DFE7     		b	.L129
 2240              	.L153:
 2241 01d6 0F20     		movs	r0, #15
ARM GAS  C:\Users\Lenovo\AppData\Local\Temp\ccL1vOqM.s 			page 87


 2242 01d8 DDE7     		b	.L129
 2243              	.L154:
 2244 01da 0F20     		movs	r0, #15
 2245 01dc DBE7     		b	.L129
 2246              	.L155:
 969:CANopen/301/CO_PDO.c ****             }
 2247              		.loc 1 969 24 view .LVU713
 2248 01de 0F20     		movs	r0, #15
 2249 01e0 D9E7     		b	.L129
 2250              	.LVL219:
 2251              	.L157:
 2252              	.LBB146:
 987:CANopen/301/CO_PDO.c ****                 }
 2253              		.loc 1 987 28 view .LVU714
 2254 01e2 0920     		movs	r0, #9
 2255              	.LVL220:
 987:CANopen/301/CO_PDO.c ****                 }
 2256              		.loc 1 987 28 view .LVU715
 2257 01e4 D7E7     		b	.L129
 2258              	.LVL221:
 2259              	.L158:
 987:CANopen/301/CO_PDO.c ****                 }
 2260              		.loc 1 987 28 view .LVU716
 2261              	.LBE146:
 2262              	.LBE159:
 2263              	.LBB160:
1001:CANopen/301/CO_PDO.c ****             }
 2264              		.loc 1 1001 24 view .LVU717
 2265 01e6 0F20     		movs	r0, #15
 2266 01e8 D5E7     		b	.L129
 2267              	.LVL222:
 2268              	.L159:
1001:CANopen/301/CO_PDO.c ****             }
 2269              		.loc 1 1001 24 view .LVU718
 2270              	.LBE160:
 2271              	.LBB161:
1022:CANopen/301/CO_PDO.c ****             }
 2272              		.loc 1 1022 24 view .LVU719
 2273 01ea 0F20     		movs	r0, #15
 2274 01ec D3E7     		b	.L129
 2275              	.LVL223:
 2276              	.L160:
1022:CANopen/301/CO_PDO.c ****             }
 2277              		.loc 1 1022 24 view .LVU720
 2278              	.LBE161:
 2279              	.LBB162:
1043:CANopen/301/CO_PDO.c ****             }
 2280              		.loc 1 1043 24 view .LVU721
 2281 01ee 0F20     		movs	r0, #15
 2282 01f0 D1E7     		b	.L129
 2283              	.L161:
 2284 01f2 0F20     		movs	r0, #15
 2285 01f4 CFE7     		b	.L129
 2286              	.L171:
 2287 01f6 00BF     		.align	2
 2288              	.L170:
 2289 01f8 00F8FF3F 		.word	1073739776
ARM GAS  C:\Users\Lenovo\AppData\Local\Temp\ccL1vOqM.s 			page 88


 2290              	.LBE162:
 2291              		.cfi_endproc
 2292              	.LFE46:
 2294              		.section	.text.CO_TPDOsend,"ax",%progbits
 2295              		.align	1
 2296              		.syntax unified
 2297              		.thumb
 2298              		.thumb_func
 2300              	CO_TPDOsend:
 2301              	.LVL224:
 2302              	.LFB48:
1057:CANopen/301/CO_PDO.c **** #endif /* (CO_CONFIG_PDO) & CO_CONFIG_FLAG_OD_DYNAMIC */
1058:CANopen/301/CO_PDO.c **** 
1059:CANopen/301/CO_PDO.c **** CO_ReturnError_t
1060:CANopen/301/CO_PDO.c **** CO_TPDO_init(CO_TPDO_t* TPDO, OD_t* OD, CO_EM_t* em,
1061:CANopen/301/CO_PDO.c **** #if ((CO_CONFIG_PDO)&CO_CONFIG_PDO_SYNC_ENABLE) != 0
1062:CANopen/301/CO_PDO.c ****              CO_SYNC_t* SYNC,
1063:CANopen/301/CO_PDO.c **** #endif
1064:CANopen/301/CO_PDO.c ****              uint16_t preDefinedCanId, OD_entry_t* OD_18xx_TPDOCommPar, OD_entry_t* OD_1Axx_TPDOMap
1065:CANopen/301/CO_PDO.c ****              CO_CANmodule_t* CANdevTx, uint16_t CANdevTxIdx, uint32_t* errInfo) {
1066:CANopen/301/CO_PDO.c ****     CO_PDO_common_t* PDO = &TPDO->PDO_common;
1067:CANopen/301/CO_PDO.c ****     ODR_t odRet;
1068:CANopen/301/CO_PDO.c **** 
1069:CANopen/301/CO_PDO.c ****     /* verify arguments */
1070:CANopen/301/CO_PDO.c ****     if ((TPDO == NULL) || (OD == NULL) || (em == NULL) || (OD_18xx_TPDOCommPar == NULL) || (OD_1Axx
1071:CANopen/301/CO_PDO.c ****         || (CANdevTx == NULL)) {
1072:CANopen/301/CO_PDO.c ****         return CO_ERROR_ILLEGAL_ARGUMENT;
1073:CANopen/301/CO_PDO.c ****     }
1074:CANopen/301/CO_PDO.c **** 
1075:CANopen/301/CO_PDO.c ****     /* clear object */
1076:CANopen/301/CO_PDO.c ****     (void)memset(TPDO, 0, sizeof(CO_TPDO_t));
1077:CANopen/301/CO_PDO.c **** 
1078:CANopen/301/CO_PDO.c ****     /* Configure object variables */
1079:CANopen/301/CO_PDO.c ****     PDO->em = em;
1080:CANopen/301/CO_PDO.c ****     PDO->CANdev = CANdevTx;
1081:CANopen/301/CO_PDO.c **** 
1082:CANopen/301/CO_PDO.c ****     /* Configure mapping parameters */
1083:CANopen/301/CO_PDO.c ****     uint32_t erroneousMap = 0;
1084:CANopen/301/CO_PDO.c ****     CO_ReturnError_t ret = PDO_initMapping(PDO, OD, OD_1Axx_TPDOMapPar, false, errInfo, &erroneousM
1085:CANopen/301/CO_PDO.c ****     if (ret != CO_ERROR_NO) {
1086:CANopen/301/CO_PDO.c ****         return ret;
1087:CANopen/301/CO_PDO.c ****     }
1088:CANopen/301/CO_PDO.c **** 
1089:CANopen/301/CO_PDO.c ****     /* Configure communication parameter - transmission type */
1090:CANopen/301/CO_PDO.c ****     uint8_t transmissionType = (uint8_t)(CO_PDO_TRANSM_TYPE_SYNC_EVENT_LO);
1091:CANopen/301/CO_PDO.c ****     odRet = OD_get_u8(OD_18xx_TPDOCommPar, 2, &transmissionType, true);
1092:CANopen/301/CO_PDO.c ****     if (odRet != ODR_OK) {
1093:CANopen/301/CO_PDO.c ****         if (errInfo != NULL) {
1094:CANopen/301/CO_PDO.c ****             *errInfo = (((uint32_t)OD_getIndex(OD_18xx_TPDOCommPar)) << 8) | 2U;
1095:CANopen/301/CO_PDO.c ****         }
1096:CANopen/301/CO_PDO.c ****         return CO_ERROR_OD_PARAMETERS;
1097:CANopen/301/CO_PDO.c ****     }
1098:CANopen/301/CO_PDO.c ****     if ((transmissionType < (uint8_t)CO_PDO_TRANSM_TYPE_SYNC_EVENT_LO)
1099:CANopen/301/CO_PDO.c **** #if ((CO_CONFIG_PDO)&CO_CONFIG_PDO_SYNC_ENABLE) != 0
1100:CANopen/301/CO_PDO.c ****         && (transmissionType > (uint8_t)CO_PDO_TRANSM_TYPE_SYNC_240)
1101:CANopen/301/CO_PDO.c **** #endif
1102:CANopen/301/CO_PDO.c ****     ) {
ARM GAS  C:\Users\Lenovo\AppData\Local\Temp\ccL1vOqM.s 			page 89


1103:CANopen/301/CO_PDO.c ****         transmissionType = (uint8_t)(CO_PDO_TRANSM_TYPE_SYNC_EVENT_LO);
1104:CANopen/301/CO_PDO.c ****     }
1105:CANopen/301/CO_PDO.c ****     TPDO->transmissionType = transmissionType;
1106:CANopen/301/CO_PDO.c ****     TPDO->sendRequest = true;
1107:CANopen/301/CO_PDO.c **** 
1108:CANopen/301/CO_PDO.c ****     /* Configure communication parameter - COB-ID */
1109:CANopen/301/CO_PDO.c ****     uint32_t COB_ID = 0;
1110:CANopen/301/CO_PDO.c ****     odRet = OD_get_u32(OD_18xx_TPDOCommPar, 1, &COB_ID, true);
1111:CANopen/301/CO_PDO.c ****     if (odRet != ODR_OK) {
1112:CANopen/301/CO_PDO.c ****         if (errInfo != NULL) {
1113:CANopen/301/CO_PDO.c ****             *errInfo = (((uint32_t)OD_getIndex(OD_18xx_TPDOCommPar)) << 8) | 1U;
1114:CANopen/301/CO_PDO.c ****         }
1115:CANopen/301/CO_PDO.c ****         return CO_ERROR_OD_PARAMETERS;
1116:CANopen/301/CO_PDO.c ****     }
1117:CANopen/301/CO_PDO.c **** 
1118:CANopen/301/CO_PDO.c ****     bool_t valid = (COB_ID & 0x80000000U) == 0U;
1119:CANopen/301/CO_PDO.c ****     uint16_t CAN_ID = (uint16_t)(COB_ID & 0x7FFU);
1120:CANopen/301/CO_PDO.c ****     if (valid && ((PDO->mappedObjectsCount == 0U) || (CAN_ID == 0U))) {
1121:CANopen/301/CO_PDO.c ****         valid = false;
1122:CANopen/301/CO_PDO.c ****         if (erroneousMap == 0U) {
1123:CANopen/301/CO_PDO.c ****             erroneousMap = 1;
1124:CANopen/301/CO_PDO.c ****         }
1125:CANopen/301/CO_PDO.c ****     }
1126:CANopen/301/CO_PDO.c **** 
1127:CANopen/301/CO_PDO.c ****     if (erroneousMap != 0U) {
1128:CANopen/301/CO_PDO.c ****         CO_errorReport(PDO->em, CO_EM_PDO_WRONG_MAPPING, CO_EMC_PROTOCOL_ERROR,
1129:CANopen/301/CO_PDO.c ****                        (erroneousMap != 1U) ? erroneousMap : COB_ID);
1130:CANopen/301/CO_PDO.c ****     }
1131:CANopen/301/CO_PDO.c ****     if (!valid) {
1132:CANopen/301/CO_PDO.c ****         CAN_ID = 0;
1133:CANopen/301/CO_PDO.c ****     }
1134:CANopen/301/CO_PDO.c **** 
1135:CANopen/301/CO_PDO.c ****     /* If default CAN-ID is stored in OD (without Node-ID), add Node-ID */
1136:CANopen/301/CO_PDO.c ****     if ((CAN_ID != 0U) && (CAN_ID == (preDefinedCanId & 0xFF80U))) {
1137:CANopen/301/CO_PDO.c ****         CAN_ID = preDefinedCanId;
1138:CANopen/301/CO_PDO.c ****     }
1139:CANopen/301/CO_PDO.c **** 
1140:CANopen/301/CO_PDO.c **** #if ((CO_CONFIG_PDO)&CO_CONFIG_PDO_BITWISE_MAPPING) != 0
1141:CANopen/301/CO_PDO.c ****     TPDO->CANtxBuff = CO_CANtxBufferInit(CANdevTx, CANdevTxIdx, CAN_ID, false, (PDO->dataLength + 7
1142:CANopen/301/CO_PDO.c ****                                          TPDO->transmissionType <= (uint8_t)CO_PDO_TRANSM_TYPE_SYNC
1143:CANopen/301/CO_PDO.c **** #else
1144:CANopen/301/CO_PDO.c ****     TPDO->CANtxBuff = CO_CANtxBufferInit(CANdevTx, CANdevTxIdx, CAN_ID, false, PDO->dataLength,
1145:CANopen/301/CO_PDO.c ****                                          TPDO->transmissionType <= (uint8_t)CO_PDO_TRANSM_TYPE_SYNC
1146:CANopen/301/CO_PDO.c **** #endif
1147:CANopen/301/CO_PDO.c **** 
1148:CANopen/301/CO_PDO.c ****     if (TPDO->CANtxBuff == NULL) {
1149:CANopen/301/CO_PDO.c ****         return CO_ERROR_ILLEGAL_ARGUMENT;
1150:CANopen/301/CO_PDO.c ****     }
1151:CANopen/301/CO_PDO.c **** 
1152:CANopen/301/CO_PDO.c ****     PDO->valid = valid;
1153:CANopen/301/CO_PDO.c **** 
1154:CANopen/301/CO_PDO.c ****     /* Configure communication parameter - inhibit time and event-timer (opt) */
1155:CANopen/301/CO_PDO.c **** #if ((CO_CONFIG_PDO)&CO_CONFIG_TPDO_TIMERS_ENABLE) != 0
1156:CANopen/301/CO_PDO.c ****     uint16_t inhibitTime = 0;
1157:CANopen/301/CO_PDO.c ****     uint16_t eventTime = 0;
1158:CANopen/301/CO_PDO.c ****     (void)OD_get_u16(OD_18xx_TPDOCommPar, 3, &inhibitTime, true);
1159:CANopen/301/CO_PDO.c ****     (void)OD_get_u16(OD_18xx_TPDOCommPar, 5, &eventTime, true);
ARM GAS  C:\Users\Lenovo\AppData\Local\Temp\ccL1vOqM.s 			page 90


1160:CANopen/301/CO_PDO.c ****     TPDO->inhibitTime_us = (uint32_t)inhibitTime * 100U;
1161:CANopen/301/CO_PDO.c ****     TPDO->eventTime_us = (uint32_t)eventTime * 1000U;
1162:CANopen/301/CO_PDO.c **** #endif
1163:CANopen/301/CO_PDO.c **** 
1164:CANopen/301/CO_PDO.c ****     /* Configure communication parameter - SYNC start value (optional) */
1165:CANopen/301/CO_PDO.c **** #if ((CO_CONFIG_PDO)&CO_CONFIG_PDO_SYNC_ENABLE) != 0
1166:CANopen/301/CO_PDO.c ****     TPDO->syncStartValue = 0;
1167:CANopen/301/CO_PDO.c ****     (void)OD_get_u8(OD_18xx_TPDOCommPar, 6, &TPDO->syncStartValue, true);
1168:CANopen/301/CO_PDO.c ****     TPDO->SYNC = SYNC;
1169:CANopen/301/CO_PDO.c ****     TPDO->syncCounter = 255;
1170:CANopen/301/CO_PDO.c **** #endif
1171:CANopen/301/CO_PDO.c **** 
1172:CANopen/301/CO_PDO.c ****     /* Configure OD extensions */
1173:CANopen/301/CO_PDO.c **** #if ((CO_CONFIG_PDO)&CO_CONFIG_FLAG_OD_DYNAMIC) != 0
1174:CANopen/301/CO_PDO.c ****     PDO->isRPDO = false;
1175:CANopen/301/CO_PDO.c ****     PDO->OD = OD;
1176:CANopen/301/CO_PDO.c ****     PDO->CANdevIdx = CANdevTxIdx;
1177:CANopen/301/CO_PDO.c ****     PDO->preDefinedCanId = preDefinedCanId;
1178:CANopen/301/CO_PDO.c ****     PDO->configuredCanId = CAN_ID;
1179:CANopen/301/CO_PDO.c ****     PDO->OD_communicationParam_ext.object = TPDO;
1180:CANopen/301/CO_PDO.c ****     PDO->OD_communicationParam_ext.read = OD_read_PDO_commParam;
1181:CANopen/301/CO_PDO.c ****     PDO->OD_communicationParam_ext.write = OD_write_18xx;
1182:CANopen/301/CO_PDO.c ****     PDO->OD_mappingParam_extension.object = TPDO;
1183:CANopen/301/CO_PDO.c ****     PDO->OD_mappingParam_extension.read = OD_readOriginal;
1184:CANopen/301/CO_PDO.c ****     PDO->OD_mappingParam_extension.write = OD_write_PDO_mapping;
1185:CANopen/301/CO_PDO.c ****     (void)OD_extension_init(OD_18xx_TPDOCommPar, &PDO->OD_communicationParam_ext);
1186:CANopen/301/CO_PDO.c ****     (void)OD_extension_init(OD_1Axx_TPDOMapPar, &PDO->OD_mappingParam_extension);
1187:CANopen/301/CO_PDO.c **** #endif
1188:CANopen/301/CO_PDO.c **** 
1189:CANopen/301/CO_PDO.c ****     return CO_ERROR_NO;
1190:CANopen/301/CO_PDO.c **** }
1191:CANopen/301/CO_PDO.c **** 
1192:CANopen/301/CO_PDO.c **** /*
1193:CANopen/301/CO_PDO.c ****  * Send TPDO message.
1194:CANopen/301/CO_PDO.c ****  *
1195:CANopen/301/CO_PDO.c ****  * Function prepares TPDO data from Object Dictionary variables. It is called
1196:CANopen/301/CO_PDO.c ****  * from CO_TPDO_process() according to TPDO communication parameters.
1197:CANopen/301/CO_PDO.c ****  *
1198:CANopen/301/CO_PDO.c ****  * @param TPDO TPDO object.
1199:CANopen/301/CO_PDO.c ****  *
1200:CANopen/301/CO_PDO.c ****  * @return Same as CO_CANsend().
1201:CANopen/301/CO_PDO.c ****  */
1202:CANopen/301/CO_PDO.c **** static CO_ReturnError_t
1203:CANopen/301/CO_PDO.c **** CO_TPDOsend(CO_TPDO_t* TPDO) {
 2303              		.loc 1 1203 30 is_stmt 1 view -0
 2304              		.cfi_startproc
 2305              		@ args = 0, pretend = 0, frame = 24
 2306              		@ frame_needed = 0, uses_anonymous_args = 0
 2307              		.loc 1 1203 30 is_stmt 0 view .LVU723
 2308 0000 2DE9F04F 		push	{r4, r5, r6, r7, r8, r9, r10, fp, lr}
 2309              	.LCFI28:
 2310              		.cfi_def_cfa_offset 36
 2311              		.cfi_offset 4, -36
 2312              		.cfi_offset 5, -32
 2313              		.cfi_offset 6, -28
 2314              		.cfi_offset 7, -24
 2315              		.cfi_offset 8, -20
ARM GAS  C:\Users\Lenovo\AppData\Local\Temp\ccL1vOqM.s 			page 91


 2316              		.cfi_offset 9, -16
 2317              		.cfi_offset 10, -12
 2318              		.cfi_offset 11, -8
 2319              		.cfi_offset 14, -4
 2320 0004 89B0     		sub	sp, sp, #36
 2321              	.LCFI29:
 2322              		.cfi_def_cfa_offset 72
 2323 0006 0546     		mov	r5, r0
1204:CANopen/301/CO_PDO.c ****     CO_PDO_common_t* PDO = &TPDO->PDO_common;
 2324              		.loc 1 1204 5 is_stmt 1 view .LVU724
 2325              	.LVL225:
1205:CANopen/301/CO_PDO.c ****     uint8_t* dataTPDO = &TPDO->CANtxBuff->data[0];
 2326              		.loc 1 1205 5 view .LVU725
 2327              		.loc 1 1205 30 is_stmt 0 view .LVU726
 2328 0008 D0F86831 		ldr	r3, [r0, #360]
 2329              		.loc 1 1205 14 view .LVU727
 2330 000c 03F1050B 		add	fp, r3, #5
 2331              	.LVL226:
1206:CANopen/301/CO_PDO.c ****     OD_size_t verifyLength = 0U;
 2332              		.loc 1 1206 5 is_stmt 1 view .LVU728
1207:CANopen/301/CO_PDO.c **** 
1208:CANopen/301/CO_PDO.c **** #if OD_FLAGS_PDO_SIZE > 0
1209:CANopen/301/CO_PDO.c ****     bool_t eventDriven = ((TPDO->transmissionType == (uint8_t)CO_PDO_TRANSM_TYPE_SYNC_ACYCLIC)
 2333              		.loc 1 1209 5 view .LVU729
 2334              		.loc 1 1209 32 is_stmt 0 view .LVU730
 2335 0010 90F86C31 		ldrb	r3, [r0, #364]	@ zero_extendqisi2
1210:CANopen/301/CO_PDO.c ****                           || (TPDO->transmissionType >= (uint8_t)CO_PDO_TRANSM_TYPE_SYNC_EVENT_LO))
 2336              		.loc 1 1210 27 view .LVU731
 2337 0014 013B     		subs	r3, r3, #1
 2338 0016 DBB2     		uxtb	r3, r3
 2339 0018 0393     		str	r3, [sp, #12]
 2340              	.LVL227:
1211:CANopen/301/CO_PDO.c **** #endif
1212:CANopen/301/CO_PDO.c **** 
1213:CANopen/301/CO_PDO.c **** #if ((CO_CONFIG_PDO)&CO_CONFIG_PDO_OD_IO_ACCESS) != 0
1214:CANopen/301/CO_PDO.c **** #if ((CO_CONFIG_PDO) & (CO_CONFIG_PDO_BITWISE_MAPPING)) != 0
1215:CANopen/301/CO_PDO.c ****         uint64_t buf64 = 0;
1216:CANopen/301/CO_PDO.c **** #endif
1217:CANopen/301/CO_PDO.c ****     for (uint8_t i = 0; i < PDO->mappedObjectsCount; i++) {
 2341              		.loc 1 1217 5 is_stmt 1 view .LVU732
 2342              	.LBB163:
 2343              		.loc 1 1217 10 view .LVU733
 2344              		.loc 1 1217 18 is_stmt 0 view .LVU734
 2345 001a 0024     		movs	r4, #0
 2346              	.LBE163:
1206:CANopen/301/CO_PDO.c **** 
 2347              		.loc 1 1206 15 view .LVU735
 2348 001c A246     		mov	r10, r4
 2349              	.LBB166:
 2350              		.loc 1 1217 5 view .LVU736
 2351 001e 0DE0     		b	.L173
 2352              	.LVL228:
 2353              	.L187:
 2354              	.LBB164:
1218:CANopen/301/CO_PDO.c ****         OD_IO_t* OD_IO = &PDO->OD_IO[i];
1219:CANopen/301/CO_PDO.c ****         OD_stream_t* stream = &OD_IO->stream;
1220:CANopen/301/CO_PDO.c **** 
ARM GAS  C:\Users\Lenovo\AppData\Local\Temp\ccL1vOqM.s 			page 92


1221:CANopen/301/CO_PDO.c ****         /* get mappedLength from temporary storage */
1222:CANopen/301/CO_PDO.c ****         uint8_t mappedLength = (uint8_t)stream->dataOffset;
1223:CANopen/301/CO_PDO.c **** 
1224:CANopen/301/CO_PDO.c ****         /* additional safety check */
1225:CANopen/301/CO_PDO.c ****         verifyLength += (OD_size_t)mappedLength;
1226:CANopen/301/CO_PDO.c **** #if ((CO_CONFIG_PDO) & (CO_CONFIG_PDO_BITWISE_MAPPING)) != 0
1227:CANopen/301/CO_PDO.c ****         if (verifyLength > CO_PDO_MAX_SIZE * 8) {
1228:CANopen/301/CO_PDO.c **** #else
1229:CANopen/301/CO_PDO.c ****         if (verifyLength > CO_PDO_MAX_SIZE) {
1230:CANopen/301/CO_PDO.c **** #endif
1231:CANopen/301/CO_PDO.c ****             break;
1232:CANopen/301/CO_PDO.c ****         }
1233:CANopen/301/CO_PDO.c **** 
1234:CANopen/301/CO_PDO.c ****         /* length of OD variable may be larger than mappedLength */
1235:CANopen/301/CO_PDO.c ****         OD_size_t ODdataLength = stream->dataLength;
1236:CANopen/301/CO_PDO.c ****         if (ODdataLength > CO_PDO_MAX_SIZE) {
1237:CANopen/301/CO_PDO.c ****             ODdataLength = CO_PDO_MAX_SIZE;
1238:CANopen/301/CO_PDO.c ****         }
1239:CANopen/301/CO_PDO.c ****         /* If mappedLength is smaller than ODdataLength, use auxiliary buffer */
1240:CANopen/301/CO_PDO.c **** #if ((CO_CONFIG_PDO) & (CO_CONFIG_PDO_BITWISE_MAPPING)) != 0
1241:CANopen/301/CO_PDO.c ****         uint64_t buf = 0;
1242:CANopen/301/CO_PDO.c **** #else
1243:CANopen/301/CO_PDO.c ****         uint8_t buf[CO_PDO_MAX_SIZE];
1244:CANopen/301/CO_PDO.c ****         uint8_t* dataTPDOCopy;
1245:CANopen/301/CO_PDO.c ****         if (ODdataLength > mappedLength) {
1246:CANopen/301/CO_PDO.c ****             (void)memset(buf, 0, sizeof(buf));
 2355              		.loc 1 1246 13 is_stmt 1 view .LVU737
 2356              		.loc 1 1246 19 is_stmt 0 view .LVU738
 2357 0020 06A9     		add	r1, sp, #24
 2358 0022 0023     		movs	r3, #0
 2359              	.LVL229:
 2360              		.loc 1 1246 19 view .LVU739
 2361 0024 0693     		str	r3, [sp, #24]
 2362 0026 4B60     		str	r3, [r1, #4]
1247:CANopen/301/CO_PDO.c ****             dataTPDOCopy = buf;
 2363              		.loc 1 1247 13 is_stmt 1 view .LVU740
 2364              	.LVL230:
 2365              		.loc 1 1247 13 is_stmt 0 view .LVU741
 2366 0028 20E0     		b	.L176
 2367              	.LVL231:
 2368              	.L188:
1248:CANopen/301/CO_PDO.c ****         } else {
1249:CANopen/301/CO_PDO.c ****             dataTPDOCopy = dataTPDO;
1250:CANopen/301/CO_PDO.c ****         }
1251:CANopen/301/CO_PDO.c **** #endif /* (CO_CONFIG_PDO) & (CO_CONFIG_PDO_BITWISE_MAPPING) */
1252:CANopen/301/CO_PDO.c **** 
1253:CANopen/301/CO_PDO.c ****         /* Set stream.dataOffset to zero, perform OD_IO.read() and store mappedLength back to strea
1254:CANopen/301/CO_PDO.c ****         stream->dataOffset = 0;
1255:CANopen/301/CO_PDO.c ****         OD_size_t countRd;
1256:CANopen/301/CO_PDO.c **** #if ((CO_CONFIG_PDO) & (CO_CONFIG_PDO_BITWISE_MAPPING)) != 0
1257:CANopen/301/CO_PDO.c ****         OD_IO->read(stream, &buf, ODdataLength, &countRd);
1258:CANopen/301/CO_PDO.c **** #ifdef CO_BIG_ENDIAN
1259:CANopen/301/CO_PDO.c ****         /* Shift right according to the OD data length in bytes to compensate the difference in byt
1260:CANopen/301/CO_PDO.c ****          * For LE not needed, low bytes from the OD entry are copied to low bytes of u64 */
1261:CANopen/301/CO_PDO.c ****         buf >>= 64 - 8 * ODdataLength;
1262:CANopen/301/CO_PDO.c **** #endif /* CO_BIG_ENDIAN */
1263:CANopen/301/CO_PDO.c ****         /* Apply the mask and merge with the rest */
ARM GAS  C:\Users\Lenovo\AppData\Local\Temp\ccL1vOqM.s 			page 93


1264:CANopen/301/CO_PDO.c ****         buf &= (UINT64_MAX >> (64 - mappedLength));
1265:CANopen/301/CO_PDO.c ****         buf <<= (verifyLength  - mappedLength);
1266:CANopen/301/CO_PDO.c ****         buf64 |= buf;
1267:CANopen/301/CO_PDO.c **** #else
1268:CANopen/301/CO_PDO.c ****         OD_IO->read(stream, dataTPDOCopy, ODdataLength, &countRd);
1269:CANopen/301/CO_PDO.c **** #endif /* (CO_CONFIG_PDO) & (CO_CONFIG_PDO_BITWISE_MAPPING) */
1270:CANopen/301/CO_PDO.c ****         stream->dataOffset = mappedLength;
1271:CANopen/301/CO_PDO.c **** 
1272:CANopen/301/CO_PDO.c **** #if ((CO_CONFIG_PDO) & (CO_CONFIG_PDO_BITWISE_MAPPING)) == 0
1273:CANopen/301/CO_PDO.c ****         /* swap multibyte data if big-endian */
1274:CANopen/301/CO_PDO.c **** #ifdef CO_BIG_ENDIAN
1275:CANopen/301/CO_PDO.c ****         if ((stream->attribute & ODA_MB) != 0) {
1276:CANopen/301/CO_PDO.c ****             uint8_t* lo = dataTPDOCopy;
1277:CANopen/301/CO_PDO.c ****             uint8_t* hi = dataTPDOCopy + ODdataLength - 1;
1278:CANopen/301/CO_PDO.c ****             while (lo < hi) {
1279:CANopen/301/CO_PDO.c ****                 uint8_t swap = *lo;
1280:CANopen/301/CO_PDO.c ****                 *lo++ = *hi;
1281:CANopen/301/CO_PDO.c ****                 *hi-- = swap;
1282:CANopen/301/CO_PDO.c ****             }
1283:CANopen/301/CO_PDO.c ****         }
1284:CANopen/301/CO_PDO.c **** #endif
1285:CANopen/301/CO_PDO.c **** 
1286:CANopen/301/CO_PDO.c ****         /* If auxiliary buffer, copy it to the TPDO */
1287:CANopen/301/CO_PDO.c ****         if (ODdataLength > mappedLength) {
1288:CANopen/301/CO_PDO.c ****             (void)memcpy(dataTPDO, buf, mappedLength);
 2369              		.loc 1 1288 13 is_stmt 1 view .LVU742
 2370              		.loc 1 1288 19 is_stmt 0 view .LVU743
 2371 002a 3246     		mov	r2, r6
 2372 002c 06A9     		add	r1, sp, #24
 2373 002e 5846     		mov	r0, fp
 2374 0030 FFF7FEFF 		bl	memcpy
 2375              	.LVL232:
 2376 0034 29E0     		b	.L177
 2377              	.LVL233:
 2378              	.L178:
1289:CANopen/301/CO_PDO.c ****         }
1290:CANopen/301/CO_PDO.c **** #endif /* (CO_CONFIG_PDO) & (CO_CONFIG_PDO_BITWISE_MAPPING) == 0*/
1291:CANopen/301/CO_PDO.c **** 
1292:CANopen/301/CO_PDO.c ****         /* In event driven TPDO indicate transmission of OD variable */
1293:CANopen/301/CO_PDO.c **** #if OD_FLAGS_PDO_SIZE > 0
1294:CANopen/301/CO_PDO.c ****         uint8_t* flagPDObyte = PDO->flagPDObyte[i];
1295:CANopen/301/CO_PDO.c ****         if ((flagPDObyte != NULL) && eventDriven) {
1296:CANopen/301/CO_PDO.c ****             *flagPDObyte |= PDO->flagPDObitmask[i];
1297:CANopen/301/CO_PDO.c ****         }
1298:CANopen/301/CO_PDO.c **** #endif
1299:CANopen/301/CO_PDO.c **** 
1300:CANopen/301/CO_PDO.c **** #if ((CO_CONFIG_PDO) & (CO_CONFIG_PDO_BITWISE_MAPPING)) == 0
1301:CANopen/301/CO_PDO.c ****         dataTPDO += mappedLength;
 2379              		.loc 1 1301 9 is_stmt 1 view .LVU744
 2380              		.loc 1 1301 18 is_stmt 0 view .LVU745
 2381 0036 B344     		add	fp, fp, r6
 2382              	.LVL234:
 2383              		.loc 1 1301 18 view .LVU746
 2384              	.LBE164:
1217:CANopen/301/CO_PDO.c ****         OD_IO_t* OD_IO = &PDO->OD_IO[i];
 2385              		.loc 1 1217 55 is_stmt 1 discriminator 2 view .LVU747
 2386 0038 0134     		adds	r4, r4, #1
ARM GAS  C:\Users\Lenovo\AppData\Local\Temp\ccL1vOqM.s 			page 94


 2387              	.LVL235:
1217:CANopen/301/CO_PDO.c ****         OD_IO_t* OD_IO = &PDO->OD_IO[i];
 2388              		.loc 1 1217 55 is_stmt 0 discriminator 2 view .LVU748
 2389 003a E4B2     		uxtb	r4, r4
 2390              	.LVL236:
 2391              	.L173:
1217:CANopen/301/CO_PDO.c ****         OD_IO_t* OD_IO = &PDO->OD_IO[i];
 2392              		.loc 1 1217 27 is_stmt 1 discriminator 1 view .LVU749
1217:CANopen/301/CO_PDO.c ****         OD_IO_t* OD_IO = &PDO->OD_IO[i];
 2393              		.loc 1 1217 32 is_stmt 0 discriminator 1 view .LVU750
 2394 003c 6B7B     		ldrb	r3, [r5, #13]	@ zero_extendqisi2
1217:CANopen/301/CO_PDO.c ****         OD_IO_t* OD_IO = &PDO->OD_IO[i];
 2395              		.loc 1 1217 27 discriminator 1 view .LVU751
 2396 003e A342     		cmp	r3, r4
 2397 0040 35D9     		bls	.L179
 2398              	.LBB165:
1218:CANopen/301/CO_PDO.c ****         OD_stream_t* stream = &OD_IO->stream;
 2399              		.loc 1 1218 9 is_stmt 1 view .LVU752
1218:CANopen/301/CO_PDO.c ****         OD_stream_t* stream = &OD_IO->stream;
 2400              		.loc 1 1218 37 is_stmt 0 view .LVU753
 2401 0042 0294     		str	r4, [sp, #8]
 2402              	.LVL237:
1219:CANopen/301/CO_PDO.c **** 
 2403              		.loc 1 1219 9 is_stmt 1 view .LVU754
1219:CANopen/301/CO_PDO.c **** 
 2404              		.loc 1 1219 22 is_stmt 0 view .LVU755
 2405 0044 6301     		lsls	r3, r4, #5
 2406 0046 03F11000 		add	r0, r3, #16
 2407 004a 2844     		add	r0, r0, r5
 2408              	.LVL238:
1222:CANopen/301/CO_PDO.c **** 
 2409              		.loc 1 1222 9 is_stmt 1 view .LVU756
1222:CANopen/301/CO_PDO.c **** 
 2410              		.loc 1 1222 47 is_stmt 0 view .LVU757
 2411 004c 2B44     		add	r3, r3, r5
 2412              	.LVL239:
1225:CANopen/301/CO_PDO.c **** #if ((CO_CONFIG_PDO) & (CO_CONFIG_PDO_BITWISE_MAPPING)) != 0
 2413              		.loc 1 1225 9 is_stmt 1 view .LVU758
 2414 004e 1E7F     		ldrb	r6, [r3, #28]	@ zero_extendqisi2
1225:CANopen/301/CO_PDO.c **** #if ((CO_CONFIG_PDO) & (CO_CONFIG_PDO_BITWISE_MAPPING)) != 0
 2415              		.loc 1 1225 22 is_stmt 0 view .LVU759
 2416 0050 B244     		add	r10, r10, r6
 2417              	.LVL240:
1229:CANopen/301/CO_PDO.c **** #endif
 2418              		.loc 1 1229 9 is_stmt 1 view .LVU760
1229:CANopen/301/CO_PDO.c **** #endif
 2419              		.loc 1 1229 12 is_stmt 0 view .LVU761
 2420 0052 BAF1080F 		cmp	r10, #8
 2421 0056 2AD8     		bhi	.L179
1235:CANopen/301/CO_PDO.c ****         if (ODdataLength > CO_PDO_MAX_SIZE) {
 2422              		.loc 1 1235 9 is_stmt 1 view .LVU762
1235:CANopen/301/CO_PDO.c ****         if (ODdataLength > CO_PDO_MAX_SIZE) {
 2423              		.loc 1 1235 19 is_stmt 0 view .LVU763
 2424 0058 D3F81880 		ldr	r8, [r3, #24]
 2425              	.LVL241:
1236:CANopen/301/CO_PDO.c ****             ODdataLength = CO_PDO_MAX_SIZE;
 2426              		.loc 1 1236 9 is_stmt 1 view .LVU764
ARM GAS  C:\Users\Lenovo\AppData\Local\Temp\ccL1vOqM.s 			page 95


1236:CANopen/301/CO_PDO.c ****             ODdataLength = CO_PDO_MAX_SIZE;
 2427              		.loc 1 1236 12 is_stmt 0 view .LVU765
 2428 005c B8F1080F 		cmp	r8, #8
 2429 0060 01D9     		bls	.L175
1237:CANopen/301/CO_PDO.c ****         }
 2430              		.loc 1 1237 26 view .LVU766
 2431 0062 4FF00808 		mov	r8, #8
 2432              	.LVL242:
 2433              	.L175:
1243:CANopen/301/CO_PDO.c ****         uint8_t* dataTPDOCopy;
 2434              		.loc 1 1243 9 is_stmt 1 view .LVU767
1244:CANopen/301/CO_PDO.c ****         if (ODdataLength > mappedLength) {
 2435              		.loc 1 1244 9 view .LVU768
1245:CANopen/301/CO_PDO.c ****             (void)memset(buf, 0, sizeof(buf));
 2436              		.loc 1 1245 9 view .LVU769
1245:CANopen/301/CO_PDO.c ****             (void)memset(buf, 0, sizeof(buf));
 2437              		.loc 1 1245 12 is_stmt 0 view .LVU770
 2438 0066 B045     		cmp	r8, r6
 2439 0068 DAD8     		bhi	.L187
1249:CANopen/301/CO_PDO.c ****         }
 2440              		.loc 1 1249 26 view .LVU771
 2441 006a 5946     		mov	r1, fp
 2442              	.LVL243:
 2443              	.L176:
1254:CANopen/301/CO_PDO.c ****         OD_size_t countRd;
 2444              		.loc 1 1254 9 is_stmt 1 view .LVU772
1254:CANopen/301/CO_PDO.c ****         OD_size_t countRd;
 2445              		.loc 1 1254 28 is_stmt 0 view .LVU773
 2446 006c 029B     		ldr	r3, [sp, #8]
 2447 006e 05EB4319 		add	r9, r5, r3, lsl #5
 2448 0072 0023     		movs	r3, #0
 2449 0074 C9F81C30 		str	r3, [r9, #28]
 2450              	.LVL244:
1255:CANopen/301/CO_PDO.c **** #if ((CO_CONFIG_PDO) & (CO_CONFIG_PDO_BITWISE_MAPPING)) != 0
 2451              		.loc 1 1255 9 is_stmt 1 view .LVU774
1268:CANopen/301/CO_PDO.c **** #endif /* (CO_CONFIG_PDO) & (CO_CONFIG_PDO_BITWISE_MAPPING) */
 2452              		.loc 1 1268 9 view .LVU775
 2453 0078 05AB     		add	r3, sp, #20
 2454 007a 4246     		mov	r2, r8
 2455 007c D9F82870 		ldr	r7, [r9, #40]
 2456 0080 B847     		blx	r7
 2457              	.LVL245:
1270:CANopen/301/CO_PDO.c **** 
 2458              		.loc 1 1270 9 view .LVU776
1270:CANopen/301/CO_PDO.c **** 
 2459              		.loc 1 1270 28 is_stmt 0 view .LVU777
 2460 0082 C9F81C60 		str	r6, [r9, #28]
1287:CANopen/301/CO_PDO.c ****             (void)memcpy(dataTPDO, buf, mappedLength);
 2461              		.loc 1 1287 9 is_stmt 1 view .LVU778
1287:CANopen/301/CO_PDO.c ****             (void)memcpy(dataTPDO, buf, mappedLength);
 2462              		.loc 1 1287 12 is_stmt 0 view .LVU779
 2463 0086 B045     		cmp	r8, r6
 2464 0088 CFD8     		bhi	.L188
 2465              	.L177:
1294:CANopen/301/CO_PDO.c ****         if ((flagPDObyte != NULL) && eventDriven) {
 2466              		.loc 1 1294 9 is_stmt 1 view .LVU780
1294:CANopen/301/CO_PDO.c ****         if ((flagPDObyte != NULL) && eventDriven) {
ARM GAS  C:\Users\Lenovo\AppData\Local\Temp\ccL1vOqM.s 			page 96


 2467              		.loc 1 1294 18 is_stmt 0 view .LVU781
 2468 008a 0298     		ldr	r0, [sp, #8]
 2469 008c 00F14403 		add	r3, r0, #68
 2470 0090 55F82320 		ldr	r2, [r5, r3, lsl #2]
 2471              	.LVL246:
1295:CANopen/301/CO_PDO.c ****             *flagPDObyte |= PDO->flagPDObitmask[i];
 2472              		.loc 1 1295 9 is_stmt 1 view .LVU782
1295:CANopen/301/CO_PDO.c ****             *flagPDObyte |= PDO->flagPDObitmask[i];
 2473              		.loc 1 1295 12 is_stmt 0 view .LVU783
 2474 0094 002A     		cmp	r2, #0
 2475 0096 CED0     		beq	.L178
1295:CANopen/301/CO_PDO.c ****             *flagPDObyte |= PDO->flagPDObitmask[i];
 2476              		.loc 1 1295 35 discriminator 1 view .LVU784
 2477 0098 039B     		ldr	r3, [sp, #12]
 2478 009a FC2B     		cmp	r3, #252
 2479 009c CBD9     		bls	.L178
1296:CANopen/301/CO_PDO.c ****         }
 2480              		.loc 1 1296 13 is_stmt 1 view .LVU785
 2481 009e 1178     		ldrb	r1, [r2]	@ zero_extendqisi2
1296:CANopen/301/CO_PDO.c ****         }
 2482              		.loc 1 1296 48 is_stmt 0 view .LVU786
 2483 00a0 0346     		mov	r3, r0
 2484 00a2 2B44     		add	r3, r3, r5
 2485 00a4 93F83031 		ldrb	r3, [r3, #304]	@ zero_extendqisi2
1296:CANopen/301/CO_PDO.c ****         }
 2486              		.loc 1 1296 26 view .LVU787
 2487 00a8 0B43     		orrs	r3, r3, r1
 2488 00aa 1370     		strb	r3, [r2]
 2489 00ac C3E7     		b	.L178
 2490              	.LVL247:
 2491              	.L179:
1296:CANopen/301/CO_PDO.c ****         }
 2492              		.loc 1 1296 26 view .LVU788
 2493              	.LBE165:
 2494              	.LBE166:
1302:CANopen/301/CO_PDO.c **** #endif
1303:CANopen/301/CO_PDO.c ****     }
1304:CANopen/301/CO_PDO.c **** #else
1305:CANopen/301/CO_PDO.c ****     verifyLength = (OD_size_t)PDO->dataLength;
1306:CANopen/301/CO_PDO.c ****     for (uint8_t i = 0; i < PDO->dataLength; i++) {
1307:CANopen/301/CO_PDO.c ****         dataTPDO[i] = *PDO->mapPointer[i];
1308:CANopen/301/CO_PDO.c **** 
1309:CANopen/301/CO_PDO.c ****         /* In event driven TPDO indicate transmission of OD variable */
1310:CANopen/301/CO_PDO.c **** #if OD_FLAGS_PDO_SIZE > 0
1311:CANopen/301/CO_PDO.c ****         uint8_t* flagPDObyte = PDO->flagPDObyte[i];
1312:CANopen/301/CO_PDO.c ****         if (flagPDObyte != NULL && eventDriven) {
1313:CANopen/301/CO_PDO.c ****             *flagPDObyte |= PDO->flagPDObitmask[i];
1314:CANopen/301/CO_PDO.c ****         }
1315:CANopen/301/CO_PDO.c **** #endif
1316:CANopen/301/CO_PDO.c ****     }
1317:CANopen/301/CO_PDO.c **** #endif /* (CO_CONFIG_PDO) & CO_CONFIG_PDO_OD_IO_ACCESS */
1318:CANopen/301/CO_PDO.c **** 
1319:CANopen/301/CO_PDO.c **** #if ((CO_CONFIG_PDO) & (CO_CONFIG_PDO_BITWISE_MAPPING)) != 0
1320:CANopen/301/CO_PDO.c ****     if ((verifyLength > (CO_PDO_MAX_SIZE * 8)) || (verifyLength != (OD_size_t)PDO->dataLength)) {
1321:CANopen/301/CO_PDO.c **** #else
1322:CANopen/301/CO_PDO.c ****     if ((verifyLength > CO_PDO_MAX_SIZE) || (verifyLength != (OD_size_t)PDO->dataLength)) {
 2495              		.loc 1 1322 5 is_stmt 1 view .LVU789
ARM GAS  C:\Users\Lenovo\AppData\Local\Temp\ccL1vOqM.s 			page 97


 2496              		.loc 1 1322 8 is_stmt 0 view .LVU790
 2497 00ae BAF1080F 		cmp	r10, #8
 2498 00b2 15D8     		bhi	.L181
 2499              		.loc 1 1322 76 discriminator 1 view .LVU791
 2500 00b4 2B7B     		ldrb	r3, [r5, #12]	@ zero_extendqisi2
 2501              		.loc 1 1322 42 discriminator 1 view .LVU792
 2502 00b6 5345     		cmp	r3, r10
 2503 00b8 12D1     		bne	.L181
1323:CANopen/301/CO_PDO.c **** #endif
1324:CANopen/301/CO_PDO.c ****         /* bug in software, should not happen */
1325:CANopen/301/CO_PDO.c ****         CO_errorReport(PDO->em, CO_EM_GENERIC_SOFTWARE_ERROR, CO_EMC_SOFTWARE_INTERNAL, (0x200000U 
1326:CANopen/301/CO_PDO.c ****         return CO_ERROR_DATA_CORRUPT;
1327:CANopen/301/CO_PDO.c ****     }
1328:CANopen/301/CO_PDO.c **** 
1329:CANopen/301/CO_PDO.c **** #if ((CO_CONFIG_PDO) & (CO_CONFIG_PDO_BITWISE_MAPPING)) != 0
1330:CANopen/301/CO_PDO.c **** #ifdef CO_BIG_ENDIAN
1331:CANopen/301/CO_PDO.c ****     buf64 = CO_SWAP_64(buf64);
1332:CANopen/301/CO_PDO.c **** #endif
1333:CANopen/301/CO_PDO.c ****     /* Copy the calculated uint64 data to the PDO buffer */
1334:CANopen/301/CO_PDO.c ****     (void)memcpy(dataTPDO, &buf64, CO_PDO_MAX_SIZE);
1335:CANopen/301/CO_PDO.c **** #endif /* (CO_CONFIG_PDO) & (CO_CONFIG_PDO_BITWISE_MAPPING) */
1336:CANopen/301/CO_PDO.c **** 
1337:CANopen/301/CO_PDO.c ****     TPDO->sendRequest = false;
 2504              		.loc 1 1337 5 is_stmt 1 view .LVU793
 2505              		.loc 1 1337 23 is_stmt 0 view .LVU794
 2506 00ba 0023     		movs	r3, #0
 2507 00bc C5F87031 		str	r3, [r5, #368]
1338:CANopen/301/CO_PDO.c **** #if ((CO_CONFIG_PDO)&CO_CONFIG_TPDO_TIMERS_ENABLE) != 0
1339:CANopen/301/CO_PDO.c ****     TPDO->eventTimer = TPDO->eventTime_us;
 2508              		.loc 1 1339 5 is_stmt 1 view .LVU795
 2509              		.loc 1 1339 28 is_stmt 0 view .LVU796
 2510 00c0 D5F88031 		ldr	r3, [r5, #384]
 2511              		.loc 1 1339 22 view .LVU797
 2512 00c4 C5F88831 		str	r3, [r5, #392]
1340:CANopen/301/CO_PDO.c ****     TPDO->inhibitTimer = TPDO->inhibitTime_us;
 2513              		.loc 1 1340 5 is_stmt 1 view .LVU798
 2514              		.loc 1 1340 30 is_stmt 0 view .LVU799
 2515 00c8 D5F87C31 		ldr	r3, [r5, #380]
 2516              		.loc 1 1340 24 view .LVU800
 2517 00cc C5F88431 		str	r3, [r5, #388]
1341:CANopen/301/CO_PDO.c **** #endif
1342:CANopen/301/CO_PDO.c ****     return CO_CANsend(PDO->CANdev, TPDO->CANtxBuff);
 2518              		.loc 1 1342 5 is_stmt 1 view .LVU801
 2519              		.loc 1 1342 12 is_stmt 0 view .LVU802
 2520 00d0 D5F86811 		ldr	r1, [r5, #360]
 2521 00d4 6868     		ldr	r0, [r5, #4]
 2522 00d6 FFF7FEFF 		bl	CO_CANsend
 2523              	.LVL248:
 2524              	.L183:
1343:CANopen/301/CO_PDO.c **** }
 2525              		.loc 1 1343 1 view .LVU803
 2526 00da 09B0     		add	sp, sp, #36
 2527              	.LCFI30:
 2528              		.cfi_remember_state
 2529              		.cfi_def_cfa_offset 36
 2530              		@ sp needed
 2531 00dc BDE8F08F 		pop	{r4, r5, r6, r7, r8, r9, r10, fp, pc}
ARM GAS  C:\Users\Lenovo\AppData\Local\Temp\ccL1vOqM.s 			page 98


 2532              	.LVL249:
 2533              	.L181:
 2534              	.LCFI31:
 2535              		.cfi_restore_state
1325:CANopen/301/CO_PDO.c ****         return CO_ERROR_DATA_CORRUPT;
 2536              		.loc 1 1325 9 is_stmt 1 view .LVU804
 2537 00e0 4AF40013 		orr	r3, r10, #2097152
 2538 00e4 0093     		str	r3, [sp]
 2539 00e6 4FF4C243 		mov	r3, #24832
 2540 00ea 2C22     		movs	r2, #44
 2541 00ec 0121     		movs	r1, #1
 2542 00ee 2868     		ldr	r0, [r5]
 2543 00f0 FFF7FEFF 		bl	CO_error
 2544              	.LVL250:
1326:CANopen/301/CO_PDO.c ****     }
 2545              		.loc 1 1326 9 view .LVU805
1326:CANopen/301/CO_PDO.c ****     }
 2546              		.loc 1 1326 16 is_stmt 0 view .LVU806
 2547 00f4 6FF00C00 		mvn	r0, #12
 2548 00f8 EFE7     		b	.L183
 2549              		.cfi_endproc
 2550              	.LFE48:
 2552              		.section	.text.CO_RPDO_init,"ax",%progbits
 2553              		.align	1
 2554              		.global	CO_RPDO_init
 2555              		.syntax unified
 2556              		.thumb
 2557              		.thumb_func
 2559              	CO_RPDO_init:
 2560              	.LVL251:
 2561              	.LFB44:
 625:CANopen/301/CO_PDO.c ****     CO_PDO_common_t* PDO = &RPDO->PDO_common;
 2562              		.loc 1 625 81 is_stmt 1 view -0
 2563              		.cfi_startproc
 2564              		@ args = 24, pretend = 0, frame = 24
 2565              		@ frame_needed = 0, uses_anonymous_args = 0
 625:CANopen/301/CO_PDO.c ****     CO_PDO_common_t* PDO = &RPDO->PDO_common;
 2566              		.loc 1 625 81 is_stmt 0 view .LVU808
 2567 0000 2DE9F04F 		push	{r4, r5, r6, r7, r8, r9, r10, fp, lr}
 2568              	.LCFI32:
 2569              		.cfi_def_cfa_offset 36
 2570              		.cfi_offset 4, -36
 2571              		.cfi_offset 5, -32
 2572              		.cfi_offset 6, -28
 2573              		.cfi_offset 7, -24
 2574              		.cfi_offset 8, -20
 2575              		.cfi_offset 9, -16
 2576              		.cfi_offset 10, -12
 2577              		.cfi_offset 11, -8
 2578              		.cfi_offset 14, -4
 2579 0004 8BB0     		sub	sp, sp, #44
 2580              	.LCFI33:
 2581              		.cfi_def_cfa_offset 80
 2582 0006 0593     		str	r3, [sp, #20]
 2583 0008 BDF850B0 		ldrh	fp, [sp, #80]
 2584 000c 179E     		ldr	r6, [sp, #92]
 2585 000e BDF86090 		ldrh	r9, [sp, #96]
ARM GAS  C:\Users\Lenovo\AppData\Local\Temp\ccL1vOqM.s 			page 99


 626:CANopen/301/CO_PDO.c ****     CO_ReturnError_t ret;
 2586              		.loc 1 626 5 is_stmt 1 view .LVU809
 2587              	.LVL252:
 627:CANopen/301/CO_PDO.c ****     ODR_t odRet;
 2588              		.loc 1 627 5 view .LVU810
 628:CANopen/301/CO_PDO.c **** 
 2589              		.loc 1 628 5 view .LVU811
 631:CANopen/301/CO_PDO.c ****         || (CANdevRx == NULL)) {
 2590              		.loc 1 631 5 view .LVU812
 631:CANopen/301/CO_PDO.c ****         || (CANdevRx == NULL)) {
 2591              		.loc 1 631 8 is_stmt 0 view .LVU813
 2592 0012 0028     		cmp	r0, #0
 2593 0014 00F0E280 		beq	.L200
 2594 0018 0D46     		mov	r5, r1
 2595 001a 1746     		mov	r7, r2
 2596 001c 0446     		mov	r4, r0
 631:CANopen/301/CO_PDO.c ****         || (CANdevRx == NULL)) {
 2597              		.loc 1 631 24 discriminator 1 view .LVU814
 2598 001e 0029     		cmp	r1, #0
 2599 0020 00F0DF80 		beq	.L201
 631:CANopen/301/CO_PDO.c ****         || (CANdevRx == NULL)) {
 2600              		.loc 1 631 40 discriminator 2 view .LVU815
 2601 0024 002A     		cmp	r2, #0
 2602 0026 00F0DF80 		beq	.L202
 631:CANopen/301/CO_PDO.c ****         || (CANdevRx == NULL)) {
 2603              		.loc 1 631 56 discriminator 3 view .LVU816
 2604 002a 159B     		ldr	r3, [sp, #84]
 2605              	.LVL253:
 631:CANopen/301/CO_PDO.c ****         || (CANdevRx == NULL)) {
 2606              		.loc 1 631 56 discriminator 3 view .LVU817
 2607 002c 002B     		cmp	r3, #0
 2608 002e 00F0DE80 		beq	.L203
 631:CANopen/301/CO_PDO.c ****         || (CANdevRx == NULL)) {
 2609              		.loc 1 631 89 discriminator 4 view .LVU818
 2610 0032 169B     		ldr	r3, [sp, #88]
 2611 0034 002B     		cmp	r3, #0
 2612 0036 00F0DD80 		beq	.L204
 632:CANopen/301/CO_PDO.c ****         return CO_ERROR_ILLEGAL_ARGUMENT;
 2613              		.loc 1 632 9 view .LVU819
 2614 003a 002E     		cmp	r6, #0
 2615 003c 00F0DD80 		beq	.L205
 637:CANopen/301/CO_PDO.c **** 
 2616              		.loc 1 637 5 is_stmt 1 view .LVU820
 637:CANopen/301/CO_PDO.c **** 
 2617              		.loc 1 637 11 is_stmt 0 view .LVU821
 2618 0040 4FF4CA72 		mov	r2, #404
 2619              	.LVL254:
 637:CANopen/301/CO_PDO.c **** 
 2620              		.loc 1 637 11 view .LVU822
 2621 0044 0021     		movs	r1, #0
 2622              	.LVL255:
 637:CANopen/301/CO_PDO.c **** 
 2623              		.loc 1 637 11 view .LVU823
 2624 0046 FFF7FEFF 		bl	memset
 2625              	.LVL256:
 640:CANopen/301/CO_PDO.c ****     PDO->CANdev = CANdevRx;
 2626              		.loc 1 640 5 is_stmt 1 view .LVU824
ARM GAS  C:\Users\Lenovo\AppData\Local\Temp\ccL1vOqM.s 			page 100


 640:CANopen/301/CO_PDO.c ****     PDO->CANdev = CANdevRx;
 2627              		.loc 1 640 13 is_stmt 0 view .LVU825
 2628 004a 2760     		str	r7, [r4]
 641:CANopen/301/CO_PDO.c **** 
 2629              		.loc 1 641 5 is_stmt 1 view .LVU826
 641:CANopen/301/CO_PDO.c **** 
 2630              		.loc 1 641 17 is_stmt 0 view .LVU827
 2631 004c 6660     		str	r6, [r4, #4]
 644:CANopen/301/CO_PDO.c ****     ret = PDO_initMapping(PDO, OD, OD_16xx_RPDOMapPar, true, errInfo, &erroneousMap);
 2632              		.loc 1 644 5 is_stmt 1 view .LVU828
 644:CANopen/301/CO_PDO.c ****     ret = PDO_initMapping(PDO, OD, OD_16xx_RPDOMapPar, true, errInfo, &erroneousMap);
 2633              		.loc 1 644 14 is_stmt 0 view .LVU829
 2634 004e 0023     		movs	r3, #0
 2635 0050 0993     		str	r3, [sp, #36]
 645:CANopen/301/CO_PDO.c ****     if (ret != CO_ERROR_NO) {
 2636              		.loc 1 645 5 is_stmt 1 view .LVU830
 645:CANopen/301/CO_PDO.c ****     if (ret != CO_ERROR_NO) {
 2637              		.loc 1 645 11 is_stmt 0 view .LVU831
 2638 0052 09AB     		add	r3, sp, #36
 2639 0054 0193     		str	r3, [sp, #4]
 2640 0056 199B     		ldr	r3, [sp, #100]
 2641 0058 0093     		str	r3, [sp]
 2642 005a 0123     		movs	r3, #1
 2643 005c 169A     		ldr	r2, [sp, #88]
 2644 005e 2946     		mov	r1, r5
 2645 0060 2046     		mov	r0, r4
 2646 0062 FFF7FEFF 		bl	PDO_initMapping
 2647              	.LVL257:
 646:CANopen/301/CO_PDO.c ****         return ret;
 2648              		.loc 1 646 5 is_stmt 1 view .LVU832
 646:CANopen/301/CO_PDO.c ****         return ret;
 2649              		.loc 1 646 8 is_stmt 0 view .LVU833
 2650 0066 0746     		mov	r7, r0
 2651              	.LVL258:
 646:CANopen/301/CO_PDO.c ****         return ret;
 2652              		.loc 1 646 8 view .LVU834
 2653 0068 18B1     		cbz	r0, .L210
 2654              	.LVL259:
 2655              	.L190:
 729:CANopen/301/CO_PDO.c **** 
 2656              		.loc 1 729 1 view .LVU835
 2657 006a 3846     		mov	r0, r7
 2658 006c 0BB0     		add	sp, sp, #44
 2659              	.LCFI34:
 2660              		.cfi_remember_state
 2661              		.cfi_def_cfa_offset 36
 2662              		@ sp needed
 2663 006e BDE8F08F 		pop	{r4, r5, r6, r7, r8, r9, r10, fp, pc}
 2664              	.LVL260:
 2665              	.L210:
 2666              	.LCFI35:
 2667              		.cfi_restore_state
 651:CANopen/301/CO_PDO.c ****     odRet = OD_get_u32(OD_14xx_RPDOCommPar, 1, &COB_ID, true);
 2668              		.loc 1 651 5 is_stmt 1 view .LVU836
 651:CANopen/301/CO_PDO.c ****     odRet = OD_get_u32(OD_14xx_RPDOCommPar, 1, &COB_ID, true);
 2669              		.loc 1 651 14 is_stmt 0 view .LVU837
 2670 0072 0023     		movs	r3, #0
ARM GAS  C:\Users\Lenovo\AppData\Local\Temp\ccL1vOqM.s 			page 101


 2671 0074 0893     		str	r3, [sp, #32]
 652:CANopen/301/CO_PDO.c ****     if (odRet != ODR_OK) {
 2672              		.loc 1 652 5 is_stmt 1 view .LVU838
 2673              	.LVL261:
 2674              	.LBB167:
 2675              	.LBI167:
 530:CANopen/301/CO_ODinterface.h ****     return OD_get_value(entry, subIndex, val, sizeof(*val), odOrig);
 2676              		.loc 3 530 1 view .LVU839
 2677              	.LBB168:
 2678              		.loc 3 531 5 view .LVU840
 2679              		.loc 3 531 12 is_stmt 0 view .LVU841
 2680 0076 0121     		movs	r1, #1
 2681 0078 0091     		str	r1, [sp]
 2682 007a 0423     		movs	r3, #4
 2683 007c 08AA     		add	r2, sp, #32
 2684              	.LVL262:
 2685              		.loc 3 531 12 view .LVU842
 2686 007e 1598     		ldr	r0, [sp, #84]
 2687              	.LVL263:
 2688              		.loc 3 531 12 view .LVU843
 2689 0080 FFF7FEFF 		bl	OD_get_value
 2690              	.LVL264:
 2691              		.loc 3 531 12 view .LVU844
 2692              	.LBE168:
 2693              	.LBE167:
 653:CANopen/301/CO_PDO.c ****         if (errInfo != NULL) {
 2694              		.loc 1 653 5 is_stmt 1 view .LVU845
 653:CANopen/301/CO_PDO.c ****         if (errInfo != NULL) {
 2695              		.loc 1 653 8 is_stmt 0 view .LVU846
 2696 0084 A8B9     		cbnz	r0, .L211
 660:CANopen/301/CO_PDO.c ****     uint16_t CAN_ID = (uint16_t)(COB_ID & 0x7FFU);
 2697              		.loc 1 660 5 is_stmt 1 view .LVU847
 660:CANopen/301/CO_PDO.c ****     uint16_t CAN_ID = (uint16_t)(COB_ID & 0x7FFU);
 2698              		.loc 1 660 43 is_stmt 0 view .LVU848
 2699 0086 089B     		ldr	r3, [sp, #32]
 2700 0088 6FEA030A 		mvn	r10, r3
 2701 008c 4FEADA7A 		lsr	r10, r10, #31
 2702              	.LVL265:
 661:CANopen/301/CO_PDO.c ****     if (valid && ((PDO->mappedObjectsCount == 0U) || (CAN_ID == 0U))) {
 2703              		.loc 1 661 5 is_stmt 1 view .LVU849
 661:CANopen/301/CO_PDO.c ****     if (valid && ((PDO->mappedObjectsCount == 0U) || (CAN_ID == 0U))) {
 2704              		.loc 1 661 14 is_stmt 0 view .LVU850
 2705 0090 C3F30A08 		ubfx	r8, r3, #0, #11
 2706              	.LVL266:
 662:CANopen/301/CO_PDO.c ****         valid = false;
 2707              		.loc 1 662 5 is_stmt 1 view .LVU851
 662:CANopen/301/CO_PDO.c ****         valid = false;
 2708              		.loc 1 662 8 is_stmt 0 view .LVU852
 2709 0094 002B     		cmp	r3, #0
 2710 0096 1ADB     		blt	.L193
 662:CANopen/301/CO_PDO.c ****         valid = false;
 2711              		.loc 1 662 23 discriminator 1 view .LVU853
 2712 0098 627B     		ldrb	r2, [r4, #13]	@ zero_extendqisi2
 662:CANopen/301/CO_PDO.c ****         valid = false;
 2713              		.loc 1 662 15 discriminator 1 view .LVU854
 2714 009a 12B1     		cbz	r2, .L194
 662:CANopen/301/CO_PDO.c ****         valid = false;
ARM GAS  C:\Users\Lenovo\AppData\Local\Temp\ccL1vOqM.s 			page 102


 2715              		.loc 1 662 51 discriminator 2 view .LVU855
 2716 009c B8F1000F 		cmp	r8, #0
 2717 00a0 15D1     		bne	.L193
 2718              	.L194:
 663:CANopen/301/CO_PDO.c ****         if (erroneousMap == 0U) {
 2719              		.loc 1 663 9 is_stmt 1 view .LVU856
 2720              	.LVL267:
 664:CANopen/301/CO_PDO.c ****             erroneousMap = 1;
 2721              		.loc 1 664 9 view .LVU857
 664:CANopen/301/CO_PDO.c ****             erroneousMap = 1;
 2722              		.loc 1 664 26 is_stmt 0 view .LVU858
 2723 00a2 DDF824A0 		ldr	r10, [sp, #36]
 664:CANopen/301/CO_PDO.c ****             erroneousMap = 1;
 2724              		.loc 1 664 12 view .LVU859
 2725 00a6 BAF1000F 		cmp	r10, #0
 2726 00aa 0ED1     		bne	.L206
 665:CANopen/301/CO_PDO.c ****         }
 2727              		.loc 1 665 13 is_stmt 1 view .LVU860
 665:CANopen/301/CO_PDO.c ****         }
 2728              		.loc 1 665 26 is_stmt 0 view .LVU861
 2729 00ac 0122     		movs	r2, #1
 2730 00ae 0992     		str	r2, [sp, #36]
 2731 00b0 0DE0     		b	.L193
 2732              	.LVL268:
 2733              	.L211:
 654:CANopen/301/CO_PDO.c ****             *errInfo = (((uint32_t)OD_getIndex(OD_14xx_RPDOCommPar)) << 8) | 1U;
 2734              		.loc 1 654 9 is_stmt 1 view .LVU862
 654:CANopen/301/CO_PDO.c ****             *errInfo = (((uint32_t)OD_getIndex(OD_14xx_RPDOCommPar)) << 8) | 1U;
 2735              		.loc 1 654 12 is_stmt 0 view .LVU863
 2736 00b2 199B     		ldr	r3, [sp, #100]
 2737 00b4 33B1     		cbz	r3, .L192
 655:CANopen/301/CO_PDO.c ****         }
 2738              		.loc 1 655 13 is_stmt 1 view .LVU864
 2739              	.LVL269:
 2740              	.LBB169:
 2741              	.LBI169:
 343:CANopen/301/CO_ODinterface.h ****     return (entry != NULL) ? entry->index : 0U;
 2742              		.loc 3 343 1 view .LVU865
 2743              	.LBB170:
 344:CANopen/301/CO_ODinterface.h **** }
 2744              		.loc 3 344 5 view .LVU866
 344:CANopen/301/CO_ODinterface.h **** }
 2745              		.loc 3 344 43 is_stmt 0 discriminator 1 view .LVU867
 2746 00b6 159B     		ldr	r3, [sp, #84]
 2747 00b8 1B88     		ldrh	r3, [r3]
 2748              	.LVL270:
 344:CANopen/301/CO_ODinterface.h **** }
 2749              		.loc 3 344 43 discriminator 1 view .LVU868
 2750              	.LBE170:
 2751              	.LBE169:
 655:CANopen/301/CO_PDO.c ****         }
 2752              		.loc 1 655 70 discriminator 1 view .LVU869
 2753 00ba 1B02     		lsls	r3, r3, #8
 655:CANopen/301/CO_PDO.c ****         }
 2754              		.loc 1 655 76 discriminator 1 view .LVU870
 2755 00bc 43F00103 		orr	r3, r3, #1
 655:CANopen/301/CO_PDO.c ****         }
ARM GAS  C:\Users\Lenovo\AppData\Local\Temp\ccL1vOqM.s 			page 103


 2756              		.loc 1 655 22 discriminator 1 view .LVU871
 2757 00c0 199A     		ldr	r2, [sp, #100]
 2758 00c2 1360     		str	r3, [r2]
 2759              	.L192:
 657:CANopen/301/CO_PDO.c ****     }
 2760              		.loc 1 657 9 is_stmt 1 view .LVU872
 657:CANopen/301/CO_PDO.c ****     }
 2761              		.loc 1 657 16 is_stmt 0 view .LVU873
 2762 00c4 6FF00B07 		mvn	r7, #11
 2763              	.LVL271:
 657:CANopen/301/CO_PDO.c ****     }
 2764              		.loc 1 657 16 view .LVU874
 2765 00c8 CFE7     		b	.L190
 2766              	.LVL272:
 2767              	.L206:
 663:CANopen/301/CO_PDO.c ****         if (erroneousMap == 0U) {
 2768              		.loc 1 663 15 view .LVU875
 2769 00ca 4FF0000A 		mov	r10, #0
 2770              	.LVL273:
 2771              	.L193:
 669:CANopen/301/CO_PDO.c ****         CO_errorReport(PDO->em, CO_EM_PDO_WRONG_MAPPING, CO_EMC_PROTOCOL_ERROR,
 2772              		.loc 1 669 5 is_stmt 1 view .LVU876
 669:CANopen/301/CO_PDO.c ****         CO_errorReport(PDO->em, CO_EM_PDO_WRONG_MAPPING, CO_EMC_PROTOCOL_ERROR,
 2773              		.loc 1 669 22 is_stmt 0 view .LVU877
 2774 00ce 099A     		ldr	r2, [sp, #36]
 669:CANopen/301/CO_PDO.c ****         CO_errorReport(PDO->em, CO_EM_PDO_WRONG_MAPPING, CO_EMC_PROTOCOL_ERROR,
 2775              		.loc 1 669 8 view .LVU878
 2776 00d0 52B1     		cbz	r2, .L195
 670:CANopen/301/CO_PDO.c ****                        (erroneousMap != 1U) ? erroneousMap : COB_ID);
 2777              		.loc 1 670 9 is_stmt 1 view .LVU879
 2778 00d2 2068     		ldr	r0, [r4]
 2779              	.LVL274:
 670:CANopen/301/CO_PDO.c ****                        (erroneousMap != 1U) ? erroneousMap : COB_ID);
 2780              		.loc 1 670 9 is_stmt 0 view .LVU880
 2781 00d4 012A     		cmp	r2, #1
 2782 00d6 00D0     		beq	.L196
 670:CANopen/301/CO_PDO.c ****                        (erroneousMap != 1U) ? erroneousMap : COB_ID);
 2783              		.loc 1 670 9 discriminator 1 view .LVU881
 2784 00d8 1346     		mov	r3, r2
 2785              	.L196:
 670:CANopen/301/CO_PDO.c ****                        (erroneousMap != 1U) ? erroneousMap : COB_ID);
 2786              		.loc 1 670 9 discriminator 4 view .LVU882
 2787 00da 0093     		str	r3, [sp]
 2788 00dc 4FF40243 		mov	r3, #33280
 2789 00e0 1A22     		movs	r2, #26
 2790 00e2 0121     		movs	r1, #1
 2791 00e4 FFF7FEFF 		bl	CO_error
 2792              	.LVL275:
 2793              	.L195:
 673:CANopen/301/CO_PDO.c ****         CAN_ID = 0;
 2794              		.loc 1 673 5 is_stmt 1 view .LVU883
 673:CANopen/301/CO_PDO.c ****         CAN_ID = 0;
 2795              		.loc 1 673 8 is_stmt 0 view .LVU884
 2796 00e8 BAF1000F 		cmp	r10, #0
 2797 00ec 08D0     		beq	.L207
 678:CANopen/301/CO_PDO.c ****         CAN_ID = preDefinedCanId;
 2798              		.loc 1 678 5 is_stmt 1 view .LVU885
ARM GAS  C:\Users\Lenovo\AppData\Local\Temp\ccL1vOqM.s 			page 104


 678:CANopen/301/CO_PDO.c ****         CAN_ID = preDefinedCanId;
 2799              		.loc 1 678 8 is_stmt 0 view .LVU886
 2800 00ee B8F1000F 		cmp	r8, #0
 2801 00f2 07D0     		beq	.L197
 678:CANopen/301/CO_PDO.c ****         CAN_ID = preDefinedCanId;
 2802              		.loc 1 678 24 discriminator 1 view .LVU887
 2803 00f4 2BF07F03 		bic	r3, fp, #127
 2804 00f8 4345     		cmp	r3, r8
 2805 00fa 03D1     		bne	.L197
 679:CANopen/301/CO_PDO.c ****     }
 2806              		.loc 1 679 16 view .LVU888
 2807 00fc D846     		mov	r8, fp
 2808              	.LVL276:
 679:CANopen/301/CO_PDO.c ****     }
 2809              		.loc 1 679 16 view .LVU889
 2810 00fe 01E0     		b	.L197
 2811              	.LVL277:
 2812              	.L207:
 674:CANopen/301/CO_PDO.c ****     }
 2813              		.loc 1 674 16 view .LVU890
 2814 0100 4FF00008 		mov	r8, #0
 2815              	.LVL278:
 2816              	.L197:
 682:CANopen/301/CO_PDO.c ****     if (ret != CO_ERROR_NO) {
 2817              		.loc 1 682 5 is_stmt 1 view .LVU891
 682:CANopen/301/CO_PDO.c ****     if (ret != CO_ERROR_NO) {
 2818              		.loc 1 682 11 is_stmt 0 view .LVU892
 2819 0104 3E4B     		ldr	r3, .L213
 2820 0106 0293     		str	r3, [sp, #8]
 2821 0108 0194     		str	r4, [sp, #4]
 2822 010a 0023     		movs	r3, #0
 2823 010c 0093     		str	r3, [sp]
 2824 010e 40F2FF73 		movw	r3, #2047
 2825 0112 4246     		mov	r2, r8
 2826 0114 4946     		mov	r1, r9
 2827 0116 3046     		mov	r0, r6
 2828 0118 FFF7FEFF 		bl	CO_CANrxBufferInit
 2829              	.LVL279:
 683:CANopen/301/CO_PDO.c ****         return ret;
 2830              		.loc 1 683 5 is_stmt 1 view .LVU893
 683:CANopen/301/CO_PDO.c ****         return ret;
 2831              		.loc 1 683 8 is_stmt 0 view .LVU894
 2832 011c 0746     		mov	r7, r0
 2833 011e 0028     		cmp	r0, #0
 2834 0120 A3D1     		bne	.L190
 687:CANopen/301/CO_PDO.c **** 
 2835              		.loc 1 687 5 is_stmt 1 view .LVU895
 687:CANopen/301/CO_PDO.c **** 
 2836              		.loc 1 687 16 is_stmt 0 view .LVU896
 2837 0122 C4F808A0 		str	r10, [r4, #8]
 691:CANopen/301/CO_PDO.c ****     odRet = OD_get_u8(OD_14xx_RPDOCommPar, 2, &transmissionType, true);
 2838              		.loc 1 691 5 is_stmt 1 view .LVU897
 691:CANopen/301/CO_PDO.c ****     odRet = OD_get_u8(OD_14xx_RPDOCommPar, 2, &transmissionType, true);
 2839              		.loc 1 691 13 is_stmt 0 view .LVU898
 2840 0126 FE23     		movs	r3, #254
 2841 0128 8DF81F30 		strb	r3, [sp, #31]
 692:CANopen/301/CO_PDO.c ****     if (odRet != ODR_OK) {
ARM GAS  C:\Users\Lenovo\AppData\Local\Temp\ccL1vOqM.s 			page 105


 2842              		.loc 1 692 5 is_stmt 1 view .LVU899
 2843              	.LVL280:
 2844              	.LBB171:
 2845              	.LBI171:
 518:CANopen/301/CO_ODinterface.h ****     return OD_get_value(entry, subIndex, val, sizeof(*val), odOrig);
 2846              		.loc 3 518 1 view .LVU900
 2847              	.LBB172:
 519:CANopen/301/CO_ODinterface.h **** }
 2848              		.loc 3 519 5 view .LVU901
 519:CANopen/301/CO_ODinterface.h **** }
 2849              		.loc 3 519 12 is_stmt 0 view .LVU902
 2850 012c 0123     		movs	r3, #1
 2851 012e 0093     		str	r3, [sp]
 2852 0130 0DF11F02 		add	r2, sp, #31
 2853              	.LVL281:
 519:CANopen/301/CO_ODinterface.h **** }
 2854              		.loc 3 519 12 view .LVU903
 2855 0134 0221     		movs	r1, #2
 2856 0136 1598     		ldr	r0, [sp, #84]
 2857              	.LVL282:
 519:CANopen/301/CO_ODinterface.h **** }
 2858              		.loc 3 519 12 view .LVU904
 2859 0138 FFF7FEFF 		bl	OD_get_value
 2860              	.LVL283:
 519:CANopen/301/CO_ODinterface.h **** }
 2861              		.loc 3 519 12 view .LVU905
 2862              	.LBE172:
 2863              	.LBE171:
 693:CANopen/301/CO_PDO.c ****         if (errInfo != NULL) {
 2864              		.loc 1 693 5 is_stmt 1 view .LVU906
 693:CANopen/301/CO_PDO.c ****         if (errInfo != NULL) {
 2865              		.loc 1 693 8 is_stmt 0 view .LVU907
 2866 013c 0746     		mov	r7, r0
 2867              	.LVL284:
 693:CANopen/301/CO_PDO.c ****         if (errInfo != NULL) {
 2868              		.loc 1 693 8 view .LVU908
 2869 013e 0028     		cmp	r0, #0
 2870 0140 40D1     		bne	.L212
 700:CANopen/301/CO_PDO.c ****     RPDO->synchronous = transmissionType <= (uint8_t)CO_PDO_TRANSM_TYPE_SYNC_240;
 2871              		.loc 1 700 5 is_stmt 1 view .LVU909
 700:CANopen/301/CO_PDO.c ****     RPDO->synchronous = transmissionType <= (uint8_t)CO_PDO_TRANSM_TYPE_SYNC_240;
 2872              		.loc 1 700 16 is_stmt 0 view .LVU910
 2873 0142 059B     		ldr	r3, [sp, #20]
 2874 0144 C4F88431 		str	r3, [r4, #388]
 701:CANopen/301/CO_PDO.c **** #endif
 2875              		.loc 1 701 5 is_stmt 1 view .LVU911
 701:CANopen/301/CO_PDO.c **** #endif
 2876              		.loc 1 701 42 is_stmt 0 view .LVU912
 2877 0148 9DF81F30 		ldrb	r3, [sp, #31]	@ zero_extendqisi2
 2878 014c F02B     		cmp	r3, #240
 2879 014e 8CBF     		ite	hi
 2880 0150 0023     		movhi	r3, #0
 2881 0152 0123     		movls	r3, #1
 701:CANopen/301/CO_PDO.c **** #endif
 2882              		.loc 1 701 23 view .LVU913
 2883 0154 C4F88831 		str	r3, [r4, #392]
 706:CANopen/301/CO_PDO.c ****     (void)OD_get_u16(OD_14xx_RPDOCommPar, 5, &eventTime, true);
ARM GAS  C:\Users\Lenovo\AppData\Local\Temp\ccL1vOqM.s 			page 106


 2884              		.loc 1 706 5 is_stmt 1 view .LVU914
 706:CANopen/301/CO_PDO.c ****     (void)OD_get_u16(OD_14xx_RPDOCommPar, 5, &eventTime, true);
 2885              		.loc 1 706 14 is_stmt 0 view .LVU915
 2886 0158 0023     		movs	r3, #0
 2887 015a ADF81C30 		strh	r3, [sp, #28]	@ movhi
 707:CANopen/301/CO_PDO.c ****     RPDO->timeoutTime_us = (uint32_t)eventTime * 1000U;
 2888              		.loc 1 707 5 is_stmt 1 view .LVU916
 2889              	.LVL285:
 2890              	.LBB173:
 2891              	.LBI173:
 524:CANopen/301/CO_ODinterface.h ****     return OD_get_value(entry, subIndex, val, sizeof(*val), odOrig);
 2892              		.loc 3 524 1 view .LVU917
 2893              	.LBB174:
 525:CANopen/301/CO_ODinterface.h **** }
 2894              		.loc 3 525 5 view .LVU918
 525:CANopen/301/CO_ODinterface.h **** }
 2895              		.loc 3 525 12 is_stmt 0 view .LVU919
 2896 015e 0126     		movs	r6, #1
 2897 0160 0096     		str	r6, [sp]
 2898 0162 0223     		movs	r3, #2
 2899 0164 07AA     		add	r2, sp, #28
 2900              	.LVL286:
 525:CANopen/301/CO_ODinterface.h **** }
 2901              		.loc 3 525 12 view .LVU920
 2902 0166 0521     		movs	r1, #5
 2903 0168 1598     		ldr	r0, [sp, #84]
 2904              	.LVL287:
 525:CANopen/301/CO_ODinterface.h **** }
 2905              		.loc 3 525 12 view .LVU921
 2906 016a FFF7FEFF 		bl	OD_get_value
 2907              	.LVL288:
 525:CANopen/301/CO_ODinterface.h **** }
 2908              		.loc 3 525 12 view .LVU922
 2909              	.LBE174:
 2910              	.LBE173:
 708:CANopen/301/CO_PDO.c **** #endif
 2911              		.loc 1 708 5 is_stmt 1 view .LVU923
 708:CANopen/301/CO_PDO.c **** #endif
 2912              		.loc 1 708 28 is_stmt 0 view .LVU924
 2913 016e BDF81C30 		ldrh	r3, [sp, #28]
 708:CANopen/301/CO_PDO.c **** #endif
 2914              		.loc 1 708 48 view .LVU925
 2915 0172 4FF47A72 		mov	r2, #1000
 2916 0176 02FB03F3 		mul	r3, r2, r3
 708:CANopen/301/CO_PDO.c **** #endif
 2917              		.loc 1 708 26 view .LVU926
 2918 017a C4F88C31 		str	r3, [r4, #396]
 713:CANopen/301/CO_PDO.c ****     PDO->OD = OD;
 2919              		.loc 1 713 5 is_stmt 1 view .LVU927
 713:CANopen/301/CO_PDO.c ****     PDO->OD = OD;
 2920              		.loc 1 713 17 is_stmt 0 view .LVU928
 2921 017e C4F83861 		str	r6, [r4, #312]
 714:CANopen/301/CO_PDO.c ****     PDO->CANdevIdx = CANdevRxIdx;
 2922              		.loc 1 714 5 is_stmt 1 view .LVU929
 714:CANopen/301/CO_PDO.c ****     PDO->CANdevIdx = CANdevRxIdx;
 2923              		.loc 1 714 13 is_stmt 0 view .LVU930
 2924 0182 C4F83C51 		str	r5, [r4, #316]
ARM GAS  C:\Users\Lenovo\AppData\Local\Temp\ccL1vOqM.s 			page 107


 715:CANopen/301/CO_PDO.c ****     PDO->preDefinedCanId = preDefinedCanId;
 2925              		.loc 1 715 5 is_stmt 1 view .LVU931
 715:CANopen/301/CO_PDO.c ****     PDO->preDefinedCanId = preDefinedCanId;
 2926              		.loc 1 715 20 is_stmt 0 view .LVU932
 2927 0186 A4F84091 		strh	r9, [r4, #320]	@ movhi
 716:CANopen/301/CO_PDO.c ****     PDO->configuredCanId = CAN_ID;
 2928              		.loc 1 716 5 is_stmt 1 view .LVU933
 716:CANopen/301/CO_PDO.c ****     PDO->configuredCanId = CAN_ID;
 2929              		.loc 1 716 26 is_stmt 0 view .LVU934
 2930 018a A4F842B1 		strh	fp, [r4, #322]	@ movhi
 717:CANopen/301/CO_PDO.c ****     PDO->OD_communicationParam_ext.object = RPDO;
 2931              		.loc 1 717 5 is_stmt 1 view .LVU935
 717:CANopen/301/CO_PDO.c ****     PDO->OD_communicationParam_ext.object = RPDO;
 2932              		.loc 1 717 26 is_stmt 0 view .LVU936
 2933 018e A4F84481 		strh	r8, [r4, #324]	@ movhi
 718:CANopen/301/CO_PDO.c ****     PDO->OD_communicationParam_ext.read = OD_read_PDO_commParam;
 2934              		.loc 1 718 5 is_stmt 1 view .LVU937
 718:CANopen/301/CO_PDO.c ****     PDO->OD_communicationParam_ext.read = OD_read_PDO_commParam;
 2935              		.loc 1 718 43 is_stmt 0 view .LVU938
 2936 0192 C4F84841 		str	r4, [r4, #328]
 719:CANopen/301/CO_PDO.c ****     PDO->OD_communicationParam_ext.write = OD_write_14xx;
 2937              		.loc 1 719 5 is_stmt 1 view .LVU939
 719:CANopen/301/CO_PDO.c ****     PDO->OD_communicationParam_ext.write = OD_write_14xx;
 2938              		.loc 1 719 41 is_stmt 0 view .LVU940
 2939 0196 1B4B     		ldr	r3, .L213+4
 2940 0198 C4F84C31 		str	r3, [r4, #332]
 720:CANopen/301/CO_PDO.c ****     PDO->OD_mappingParam_extension.object = RPDO;
 2941              		.loc 1 720 5 is_stmt 1 view .LVU941
 720:CANopen/301/CO_PDO.c ****     PDO->OD_mappingParam_extension.object = RPDO;
 2942              		.loc 1 720 42 is_stmt 0 view .LVU942
 2943 019c 1A4B     		ldr	r3, .L213+8
 2944 019e C4F85031 		str	r3, [r4, #336]
 721:CANopen/301/CO_PDO.c ****     PDO->OD_mappingParam_extension.read = OD_readOriginal;
 2945              		.loc 1 721 5 is_stmt 1 view .LVU943
 721:CANopen/301/CO_PDO.c ****     PDO->OD_mappingParam_extension.read = OD_readOriginal;
 2946              		.loc 1 721 43 is_stmt 0 view .LVU944
 2947 01a2 C4F85841 		str	r4, [r4, #344]
 722:CANopen/301/CO_PDO.c ****     PDO->OD_mappingParam_extension.write = OD_write_PDO_mapping;
 2948              		.loc 1 722 5 is_stmt 1 view .LVU945
 722:CANopen/301/CO_PDO.c ****     PDO->OD_mappingParam_extension.write = OD_write_PDO_mapping;
 2949              		.loc 1 722 41 is_stmt 0 view .LVU946
 2950 01a6 194B     		ldr	r3, .L213+12
 2951 01a8 C4F85C31 		str	r3, [r4, #348]
 723:CANopen/301/CO_PDO.c ****     (void)OD_extension_init(OD_14xx_RPDOCommPar, &PDO->OD_communicationParam_ext);
 2952              		.loc 1 723 5 is_stmt 1 view .LVU947
 723:CANopen/301/CO_PDO.c ****     (void)OD_extension_init(OD_14xx_RPDOCommPar, &PDO->OD_communicationParam_ext);
 2953              		.loc 1 723 42 is_stmt 0 view .LVU948
 2954 01ac 184B     		ldr	r3, .L213+16
 2955 01ae C4F86031 		str	r3, [r4, #352]
 724:CANopen/301/CO_PDO.c ****     (void)OD_extension_init(OD_16xx_RPDOMapPar, &PDO->OD_mappingParam_extension);
 2956              		.loc 1 724 5 is_stmt 1 view .LVU949
 724:CANopen/301/CO_PDO.c ****     (void)OD_extension_init(OD_16xx_RPDOMapPar, &PDO->OD_mappingParam_extension);
 2957              		.loc 1 724 11 is_stmt 0 view .LVU950
 2958 01b2 04F5A473 		add	r3, r4, #328
 2959              	.LVL289:
 2960              	.LBB175:
 2961              	.LBI175:
ARM GAS  C:\Users\Lenovo\AppData\Local\Temp\ccL1vOqM.s 			page 108


 463:CANopen/301/CO_ODinterface.h ****     if (entry == NULL) {
 2962              		.loc 3 463 1 is_stmt 1 view .LVU951
 2963              	.LBB176:
 464:CANopen/301/CO_ODinterface.h ****         return ODR_IDX_NOT_EXIST;
 2964              		.loc 3 464 5 view .LVU952
 467:CANopen/301/CO_ODinterface.h ****     return ODR_OK;
 2965              		.loc 3 467 5 view .LVU953
 467:CANopen/301/CO_ODinterface.h ****     return ODR_OK;
 2966              		.loc 3 467 22 is_stmt 0 view .LVU954
 2967 01b6 159A     		ldr	r2, [sp, #84]
 2968 01b8 9360     		str	r3, [r2, #8]
 468:CANopen/301/CO_ODinterface.h **** }
 2969              		.loc 3 468 5 is_stmt 1 view .LVU955
 2970              	.LVL290:
 468:CANopen/301/CO_ODinterface.h **** }
 2971              		.loc 3 468 5 is_stmt 0 view .LVU956
 2972              	.LBE176:
 2973              	.LBE175:
 725:CANopen/301/CO_PDO.c **** #endif
 2974              		.loc 1 725 5 is_stmt 1 view .LVU957
 725:CANopen/301/CO_PDO.c **** #endif
 2975              		.loc 1 725 11 is_stmt 0 view .LVU958
 2976 01ba 04F5AC74 		add	r4, r4, #344
 2977              	.LVL291:
 2978              	.LBB177:
 2979              	.LBI177:
 463:CANopen/301/CO_ODinterface.h ****     if (entry == NULL) {
 2980              		.loc 3 463 1 is_stmt 1 view .LVU959
 2981              	.LBB178:
 464:CANopen/301/CO_ODinterface.h ****         return ODR_IDX_NOT_EXIST;
 2982              		.loc 3 464 5 view .LVU960
 467:CANopen/301/CO_ODinterface.h ****     return ODR_OK;
 2983              		.loc 3 467 5 view .LVU961
 467:CANopen/301/CO_ODinterface.h ****     return ODR_OK;
 2984              		.loc 3 467 22 is_stmt 0 view .LVU962
 2985 01be 169B     		ldr	r3, [sp, #88]
 2986 01c0 9C60     		str	r4, [r3, #8]
 468:CANopen/301/CO_ODinterface.h **** }
 2987              		.loc 3 468 5 is_stmt 1 view .LVU963
 2988              	.LVL292:
 468:CANopen/301/CO_ODinterface.h **** }
 2989              		.loc 3 468 5 is_stmt 0 view .LVU964
 2990              	.LBE178:
 2991              	.LBE177:
 728:CANopen/301/CO_PDO.c **** }
 2992              		.loc 1 728 5 is_stmt 1 view .LVU965
 728:CANopen/301/CO_PDO.c **** }
 2993              		.loc 1 728 12 is_stmt 0 view .LVU966
 2994 01c2 52E7     		b	.L190
 2995              	.LVL293:
 2996              	.L212:
 694:CANopen/301/CO_PDO.c ****             *errInfo = (((uint32_t)OD_getIndex(OD_14xx_RPDOCommPar)) << 8) | 2U;
 2997              		.loc 1 694 9 is_stmt 1 view .LVU967
 694:CANopen/301/CO_PDO.c ****             *errInfo = (((uint32_t)OD_getIndex(OD_14xx_RPDOCommPar)) << 8) | 2U;
 2998              		.loc 1 694 12 is_stmt 0 view .LVU968
 2999 01c4 199B     		ldr	r3, [sp, #100]
 3000 01c6 33B1     		cbz	r3, .L199
ARM GAS  C:\Users\Lenovo\AppData\Local\Temp\ccL1vOqM.s 			page 109


 695:CANopen/301/CO_PDO.c ****         }
 3001              		.loc 1 695 13 is_stmt 1 view .LVU969
 3002              	.LVL294:
 3003              	.LBB179:
 3004              	.LBI179:
 343:CANopen/301/CO_ODinterface.h ****     return (entry != NULL) ? entry->index : 0U;
 3005              		.loc 3 343 1 view .LVU970
 3006              	.LBB180:
 344:CANopen/301/CO_ODinterface.h **** }
 3007              		.loc 3 344 5 view .LVU971
 344:CANopen/301/CO_ODinterface.h **** }
 3008              		.loc 3 344 43 is_stmt 0 discriminator 1 view .LVU972
 3009 01c8 159B     		ldr	r3, [sp, #84]
 3010 01ca 1B88     		ldrh	r3, [r3]
 3011              	.LVL295:
 344:CANopen/301/CO_ODinterface.h **** }
 3012              		.loc 3 344 43 discriminator 1 view .LVU973
 3013              	.LBE180:
 3014              	.LBE179:
 695:CANopen/301/CO_PDO.c ****         }
 3015              		.loc 1 695 70 discriminator 1 view .LVU974
 3016 01cc 1B02     		lsls	r3, r3, #8
 695:CANopen/301/CO_PDO.c ****         }
 3017              		.loc 1 695 76 discriminator 1 view .LVU975
 3018 01ce 43F00203 		orr	r3, r3, #2
 695:CANopen/301/CO_PDO.c ****         }
 3019              		.loc 1 695 22 discriminator 1 view .LVU976
 3020 01d2 199A     		ldr	r2, [sp, #100]
 3021 01d4 1360     		str	r3, [r2]
 3022              	.L199:
 697:CANopen/301/CO_PDO.c ****     }
 3023              		.loc 1 697 9 is_stmt 1 view .LVU977
 697:CANopen/301/CO_PDO.c ****     }
 3024              		.loc 1 697 16 is_stmt 0 view .LVU978
 3025 01d6 6FF00B07 		mvn	r7, #11
 3026 01da 46E7     		b	.L190
 3027              	.LVL296:
 3028              	.L200:
 633:CANopen/301/CO_PDO.c ****     }
 3029              		.loc 1 633 16 view .LVU979
 3030 01dc 4FF0FF37 		mov	r7, #-1
 3031 01e0 43E7     		b	.L190
 3032              	.L201:
 633:CANopen/301/CO_PDO.c ****     }
 3033              		.loc 1 633 16 view .LVU980
 3034 01e2 4FF0FF37 		mov	r7, #-1
 3035 01e6 40E7     		b	.L190
 3036              	.L202:
 633:CANopen/301/CO_PDO.c ****     }
 3037              		.loc 1 633 16 view .LVU981
 3038 01e8 4FF0FF37 		mov	r7, #-1
 3039 01ec 3DE7     		b	.L190
 3040              	.LVL297:
 3041              	.L203:
 633:CANopen/301/CO_PDO.c ****     }
 3042              		.loc 1 633 16 view .LVU982
 3043 01ee 4FF0FF37 		mov	r7, #-1
ARM GAS  C:\Users\Lenovo\AppData\Local\Temp\ccL1vOqM.s 			page 110


 3044 01f2 3AE7     		b	.L190
 3045              	.L204:
 633:CANopen/301/CO_PDO.c ****     }
 3046              		.loc 1 633 16 view .LVU983
 3047 01f4 4FF0FF37 		mov	r7, #-1
 3048 01f8 37E7     		b	.L190
 3049              	.L205:
 633:CANopen/301/CO_PDO.c ****     }
 3050              		.loc 1 633 16 view .LVU984
 3051 01fa 4FF0FF37 		mov	r7, #-1
 3052 01fe 34E7     		b	.L190
 3053              	.L214:
 3054              		.align	2
 3055              	.L213:
 3056 0200 00000000 		.word	CO_PDO_receive
 3057 0204 00000000 		.word	OD_read_PDO_commParam
 3058 0208 00000000 		.word	OD_write_14xx
 3059 020c 00000000 		.word	OD_readOriginal
 3060 0210 00000000 		.word	OD_write_PDO_mapping
 3061              		.cfi_endproc
 3062              	.LFE44:
 3064              		.section	.text.CO_RPDO_process,"ax",%progbits
 3065              		.align	1
 3066              		.global	CO_RPDO_process
 3067              		.syntax unified
 3068              		.thumb
 3069              		.thumb_func
 3071              	CO_RPDO_process:
 3072              	.LVL298:
 3073              	.LFB45:
 746:CANopen/301/CO_PDO.c ****     (void)syncWas;
 3074              		.loc 1 746 58 is_stmt 1 view -0
 3075              		.cfi_startproc
 3076              		@ args = 4, pretend = 0, frame = 32
 3077              		@ frame_needed = 0, uses_anonymous_args = 0
 746:CANopen/301/CO_PDO.c ****     (void)syncWas;
 3078              		.loc 1 746 58 is_stmt 0 view .LVU986
 3079 0000 2DE9F04F 		push	{r4, r5, r6, r7, r8, r9, r10, fp, lr}
 3080              	.LCFI36:
 3081              		.cfi_def_cfa_offset 36
 3082              		.cfi_offset 4, -36
 3083              		.cfi_offset 5, -32
 3084              		.cfi_offset 6, -28
 3085              		.cfi_offset 7, -24
 3086              		.cfi_offset 8, -20
 3087              		.cfi_offset 9, -16
 3088              		.cfi_offset 10, -12
 3089              		.cfi_offset 11, -8
 3090              		.cfi_offset 14, -4
 3091 0004 8BB0     		sub	sp, sp, #44
 3092              	.LCFI37:
 3093              		.cfi_def_cfa_offset 80
 3094 0006 0646     		mov	r6, r0
 747:CANopen/301/CO_PDO.c **** #if ((CO_CONFIG_PDO)&CO_CONFIG_RPDO_TIMERS_ENABLE) != 0
 3095              		.loc 1 747 5 is_stmt 1 view .LVU987
 749:CANopen/301/CO_PDO.c **** #endif
 3096              		.loc 1 749 5 view .LVU988
ARM GAS  C:\Users\Lenovo\AppData\Local\Temp\ccL1vOqM.s 			page 111


 752:CANopen/301/CO_PDO.c **** 
 3097              		.loc 1 752 5 view .LVU989
 3098              	.LVL299:
 754:CANopen/301/CO_PDO.c **** #if ((CO_CONFIG_PDO)&CO_CONFIG_PDO_SYNC_ENABLE) != 0
 3099              		.loc 1 754 5 view .LVU990
 754:CANopen/301/CO_PDO.c **** #if ((CO_CONFIG_PDO)&CO_CONFIG_PDO_SYNC_ENABLE) != 0
 3100              		.loc 1 754 12 is_stmt 0 view .LVU991
 3101 0008 8268     		ldr	r2, [r0, #8]
 3102              	.LVL300:
 754:CANopen/301/CO_PDO.c **** #if ((CO_CONFIG_PDO)&CO_CONFIG_PDO_SYNC_ENABLE) != 0
 3103              		.loc 1 754 8 view .LVU992
 3104 000a 002A     		cmp	r2, #0
 3105 000c 00F0BB80 		beq	.L216
 3106 0010 0F46     		mov	r7, r1
 754:CANopen/301/CO_PDO.c **** #if ((CO_CONFIG_PDO)&CO_CONFIG_PDO_SYNC_ENABLE) != 0
 3107              		.loc 1 754 20 discriminator 1 view .LVU993
 3108 0012 002B     		cmp	r3, #0
 3109 0014 00F0B780 		beq	.L216
 756:CANopen/301/CO_PDO.c **** #endif
 3110              		.loc 1 756 9 view .LVU994
 3111 0018 1499     		ldr	r1, [sp, #80]
 3112              	.LVL301:
 756:CANopen/301/CO_PDO.c **** #endif
 3113              		.loc 1 756 9 view .LVU995
 3114 001a 21B9     		cbnz	r1, .L217
 756:CANopen/301/CO_PDO.c **** #endif
 3115              		.loc 1 756 29 discriminator 1 view .LVU996
 3116 001c D0F88811 		ldr	r1, [r0, #392]
 756:CANopen/301/CO_PDO.c **** #endif
 3117              		.loc 1 756 21 discriminator 1 view .LVU997
 3118 0020 0029     		cmp	r1, #0
 3119 0022 40F0B080 		bne	.L216
 3120              	.L217:
 3121              	.LBB181:
 760:CANopen/301/CO_PDO.c ****             bool_t setError = RPDO->receiveError != CO_RPDO_RX_OK;
 3122              		.loc 1 760 9 is_stmt 1 view .LVU998
 760:CANopen/301/CO_PDO.c ****             bool_t setError = RPDO->receiveError != CO_RPDO_RX_OK;
 3123              		.loc 1 760 17 is_stmt 0 view .LVU999
 3124 0026 96F88041 		ldrb	r4, [r6, #384]	@ zero_extendqisi2
 760:CANopen/301/CO_PDO.c ****             bool_t setError = RPDO->receiveError != CO_RPDO_RX_OK;
 3125              		.loc 1 760 12 view .LVU1000
 3126 002a 0A2C     		cmp	r4, #10
 3127 002c 12D9     		bls	.L218
 3128              	.LBB182:
 761:CANopen/301/CO_PDO.c ****             uint16_t code = (RPDO->receiveError == CO_RPDO_RX_SHORT) ? CO_EMC_PDO_LENGTH : CO_EMC_P
 3129              		.loc 1 761 13 is_stmt 1 view .LVU1001
 761:CANopen/301/CO_PDO.c ****             uint16_t code = (RPDO->receiveError == CO_RPDO_RX_SHORT) ? CO_EMC_PDO_LENGTH : CO_EMC_P
 3130              		.loc 1 761 50 is_stmt 0 view .LVU1002
 3131 002e B4F10B01 		subs	r1, r4, #11
 3132 0032 18BF     		it	ne
 3133 0034 0121     		movne	r1, #1
 3134              	.LVL302:
 762:CANopen/301/CO_PDO.c ****             CO_error(PDO->em, setError, CO_EM_RPDO_WRONG_LENGTH, code, PDO->dataLength);
 3135              		.loc 1 762 13 is_stmt 1 view .LVU1003
 762:CANopen/301/CO_PDO.c ****             CO_error(PDO->em, setError, CO_EM_RPDO_WRONG_LENGTH, code, PDO->dataLength);
 3136              		.loc 1 762 22 is_stmt 0 view .LVU1004
 3137 0036 0C2C     		cmp	r4, #12
ARM GAS  C:\Users\Lenovo\AppData\Local\Temp\ccL1vOqM.s 			page 112


 3138 0038 16D0     		beq	.L244
 762:CANopen/301/CO_PDO.c ****             CO_error(PDO->em, setError, CO_EM_RPDO_WRONG_LENGTH, code, PDO->dataLength);
 3139              		.loc 1 762 22 discriminator 2 view .LVU1005
 3140 003a 48F22023 		movw	r3, #33312
 3141              	.LVL303:
 3142              	.L219:
 763:CANopen/301/CO_PDO.c ****             RPDO->receiveError = setError ? CO_RPDO_RX_ACK_ERROR : CO_RPDO_RX_ACK_NO_ERROR;
 3143              		.loc 1 763 13 is_stmt 1 view .LVU1006
 763:CANopen/301/CO_PDO.c ****             RPDO->receiveError = setError ? CO_RPDO_RX_ACK_ERROR : CO_RPDO_RX_ACK_NO_ERROR;
 3144              		.loc 1 763 75 is_stmt 0 view .LVU1007
 3145 003e 327B     		ldrb	r2, [r6, #12]	@ zero_extendqisi2
 763:CANopen/301/CO_PDO.c ****             RPDO->receiveError = setError ? CO_RPDO_RX_ACK_ERROR : CO_RPDO_RX_ACK_NO_ERROR;
 3146              		.loc 1 763 13 view .LVU1008
 3147 0040 0092     		str	r2, [sp]
 3148 0042 0422     		movs	r2, #4
 3149 0044 3068     		ldr	r0, [r6]
 3150              	.LVL304:
 763:CANopen/301/CO_PDO.c ****             RPDO->receiveError = setError ? CO_RPDO_RX_ACK_ERROR : CO_RPDO_RX_ACK_NO_ERROR;
 3151              		.loc 1 763 13 view .LVU1009
 3152 0046 FFF7FEFF 		bl	CO_error
 3153              	.LVL305:
 764:CANopen/301/CO_PDO.c ****         }
 3154              		.loc 1 764 13 is_stmt 1 view .LVU1010
 764:CANopen/301/CO_PDO.c ****         }
 3155              		.loc 1 764 32 is_stmt 0 view .LVU1011
 3156 004a 0B2C     		cmp	r4, #11
 3157 004c 0FD0     		beq	.L237
 764:CANopen/301/CO_PDO.c ****         }
 3158              		.loc 1 764 32 discriminator 1 view .LVU1012
 3159 004e 0123     		movs	r3, #1
 3160              	.L220:
 764:CANopen/301/CO_PDO.c ****         }
 3161              		.loc 1 764 32 discriminator 4 view .LVU1013
 3162 0050 86F88031 		strb	r3, [r6, #384]
 3163              	.LVL306:
 3164              	.L218:
 764:CANopen/301/CO_PDO.c ****         }
 3165              		.loc 1 764 32 discriminator 4 view .LVU1014
 3166              	.LBE182:
 768:CANopen/301/CO_PDO.c **** #if ((CO_CONFIG_PDO)&CO_CONFIG_PDO_SYNC_ENABLE) != 0
 3167              		.loc 1 768 9 is_stmt 1 view .LVU1015
 770:CANopen/301/CO_PDO.c ****             bufNo = 1;
 3168              		.loc 1 770 9 view .LVU1016
 770:CANopen/301/CO_PDO.c ****             bufNo = 1;
 3169              		.loc 1 770 17 is_stmt 0 view .LVU1017
 3170 0054 D6F88831 		ldr	r3, [r6, #392]
 770:CANopen/301/CO_PDO.c ****             bufNo = 1;
 3171              		.loc 1 770 12 view .LVU1018
 3172 0058 5BB1     		cbz	r3, .L238
 770:CANopen/301/CO_PDO.c ****             bufNo = 1;
 3173              		.loc 1 770 39 discriminator 1 view .LVU1019
 3174 005a D6F88431 		ldr	r3, [r6, #388]
 770:CANopen/301/CO_PDO.c ****             bufNo = 1;
 3175              		.loc 1 770 31 discriminator 1 view .LVU1020
 3176 005e 63B1     		cbz	r3, .L239
 770:CANopen/301/CO_PDO.c ****             bufNo = 1;
 3177              		.loc 1 770 69 discriminator 2 view .LVU1021
ARM GAS  C:\Users\Lenovo\AppData\Local\Temp\ccL1vOqM.s 			page 113


 3178 0060 DB68     		ldr	r3, [r3, #12]
 770:CANopen/301/CO_PDO.c ****             bufNo = 1;
 3179              		.loc 1 770 55 discriminator 2 view .LVU1022
 3180 0062 63B1     		cbz	r3, .L240
 768:CANopen/301/CO_PDO.c **** #if ((CO_CONFIG_PDO)&CO_CONFIG_PDO_SYNC_ENABLE) != 0
 3181              		.loc 1 768 17 view .LVU1023
 3182 0064 0025     		movs	r5, #0
 3183 0066 05E0     		b	.L221
 3184              	.LVL307:
 3185              	.L244:
 3186              	.LBB183:
 762:CANopen/301/CO_PDO.c ****             CO_error(PDO->em, setError, CO_EM_RPDO_WRONG_LENGTH, code, PDO->dataLength);
 3187              		.loc 1 762 22 discriminator 1 view .LVU1024
 3188 0068 48F21023 		movw	r3, #33296
 3189              	.LVL308:
 762:CANopen/301/CO_PDO.c ****             CO_error(PDO->em, setError, CO_EM_RPDO_WRONG_LENGTH, code, PDO->dataLength);
 3190              		.loc 1 762 22 discriminator 1 view .LVU1025
 3191 006c E7E7     		b	.L219
 3192              	.LVL309:
 3193              	.L237:
 764:CANopen/301/CO_PDO.c ****         }
 3194              		.loc 1 764 32 discriminator 2 view .LVU1026
 3195 006e 0023     		movs	r3, #0
 3196 0070 EEE7     		b	.L220
 3197              	.LVL310:
 3198              	.L238:
 764:CANopen/301/CO_PDO.c ****         }
 3199              		.loc 1 764 32 discriminator 2 view .LVU1027
 3200              	.LBE183:
 768:CANopen/301/CO_PDO.c **** #if ((CO_CONFIG_PDO)&CO_CONFIG_PDO_SYNC_ENABLE) != 0
 3201              		.loc 1 768 17 view .LVU1028
 3202 0072 0025     		movs	r5, #0
 3203              	.L221:
 3204              	.LVL311:
 776:CANopen/301/CO_PDO.c ****         while (CO_FLAG_READ(RPDO->CANrxNew[bufNo])) {
 3205              		.loc 1 776 9 is_stmt 1 view .LVU1029
 777:CANopen/301/CO_PDO.c ****             rpdoReceived = true;
 3206              		.loc 1 777 9 view .LVU1030
 776:CANopen/301/CO_PDO.c ****         while (CO_FLAG_READ(RPDO->CANrxNew[bufNo])) {
 3207              		.loc 1 776 16 is_stmt 0 view .LVU1031
 3208 0074 0022     		movs	r2, #0
 3209 0076 0597     		str	r7, [sp, #20]
 777:CANopen/301/CO_PDO.c ****             rpdoReceived = true;
 3210              		.loc 1 777 15 view .LVU1032
 3211 0078 4AE0     		b	.L222
 3212              	.LVL312:
 3213              	.L239:
 768:CANopen/301/CO_PDO.c **** #if ((CO_CONFIG_PDO)&CO_CONFIG_PDO_SYNC_ENABLE) != 0
 3214              		.loc 1 768 17 view .LVU1033
 3215 007a 0025     		movs	r5, #0
 3216 007c FAE7     		b	.L221
 3217              	.L240:
 771:CANopen/301/CO_PDO.c ****         }
 3218              		.loc 1 771 19 view .LVU1034
 3219 007e 0125     		movs	r5, #1
 3220 0080 F8E7     		b	.L221
 3221              	.LVL313:
ARM GAS  C:\Users\Lenovo\AppData\Local\Temp\ccL1vOqM.s 			page 114


 3222              	.L225:
 3223              	.LBB184:
 3224              	.LBB185:
 3225              	.LBB186:
 836:CANopen/301/CO_PDO.c ****                 uint8_t* dataOD;
 3226              		.loc 1 836 17 is_stmt 1 view .LVU1035
 837:CANopen/301/CO_PDO.c ****                 if (ODdataLength > mappedLength) {
 3227              		.loc 1 837 17 view .LVU1036
 838:CANopen/301/CO_PDO.c ****                     (void)memset(buf, 0, sizeof(buf));
 3228              		.loc 1 838 17 view .LVU1037
 838:CANopen/301/CO_PDO.c ****                     (void)memset(buf, 0, sizeof(buf));
 3229              		.loc 1 838 20 is_stmt 0 view .LVU1038
 3230 0082 B845     		cmp	r8, r7
 3231 0084 25D8     		bhi	.L245
 843:CANopen/301/CO_PDO.c ****                 }
 3232              		.loc 1 843 28 view .LVU1039
 3233 0086 5946     		mov	r1, fp
 3234              	.LVL314:
 3235              	.L226:
 862:CANopen/301/CO_PDO.c ****                 OD_size_t countWritten;
 3236              		.loc 1 862 17 is_stmt 1 view .LVU1040
 862:CANopen/301/CO_PDO.c ****                 OD_size_t countWritten;
 3237              		.loc 1 862 29 is_stmt 0 view .LVU1041
 3238 0088 6801     		lsls	r0, r5, #5
 3239 008a 039E     		ldr	r6, [sp, #12]
 3240 008c 06EB4515 		add	r5, r6, r5, lsl #5
 3241 0090 0023     		movs	r3, #0
 3242 0092 EB61     		str	r3, [r5, #28]
 863:CANopen/301/CO_PDO.c ****                 OD_IO->write(&OD_IO->stream, dataOD, ODdataLength, &countWritten);
 3243              		.loc 1 863 17 is_stmt 1 view .LVU1042
 864:CANopen/301/CO_PDO.c ****                 *dataOffset = mappedLength;
 3244              		.loc 1 864 17 view .LVU1043
 3245 0094 1030     		adds	r0, r0, #16
 3246 0096 07AB     		add	r3, sp, #28
 3247 0098 4246     		mov	r2, r8
 3248 009a 3044     		add	r0, r0, r6
 3249 009c EE6A     		ldr	r6, [r5, #44]
 3250 009e B047     		blx	r6
 3251              	.LVL315:
 865:CANopen/301/CO_PDO.c **** 
 3252              		.loc 1 865 17 view .LVU1044
 865:CANopen/301/CO_PDO.c **** 
 3253              		.loc 1 865 29 is_stmt 0 view .LVU1045
 3254 00a0 EF61     		str	r7, [r5, #28]
 867:CANopen/301/CO_PDO.c ****             }
 3255              		.loc 1 867 17 is_stmt 1 view .LVU1046
 867:CANopen/301/CO_PDO.c ****             }
 3256              		.loc 1 867 26 is_stmt 0 view .LVU1047
 3257 00a2 BB44     		add	fp, fp, r7
 3258              	.LVL316:
 867:CANopen/301/CO_PDO.c ****             }
 3259              		.loc 1 867 26 view .LVU1048
 3260              	.LBE186:
 796:CANopen/301/CO_PDO.c ****                 OD_IO_t* OD_IO = &PDO->OD_IO[i];
 3261              		.loc 1 796 63 is_stmt 1 discriminator 2 view .LVU1049
 3262 00a4 0134     		adds	r4, r4, #1
 3263              	.LVL317:
ARM GAS  C:\Users\Lenovo\AppData\Local\Temp\ccL1vOqM.s 			page 115


 796:CANopen/301/CO_PDO.c ****                 OD_IO_t* OD_IO = &PDO->OD_IO[i];
 3264              		.loc 1 796 63 is_stmt 0 discriminator 2 view .LVU1050
 3265 00a6 E4B2     		uxtb	r4, r4
 3266              	.LVL318:
 3267              	.L223:
 796:CANopen/301/CO_PDO.c ****                 OD_IO_t* OD_IO = &PDO->OD_IO[i];
 3268              		.loc 1 796 35 is_stmt 1 discriminator 1 view .LVU1051
 796:CANopen/301/CO_PDO.c ****                 OD_IO_t* OD_IO = &PDO->OD_IO[i];
 3269              		.loc 1 796 40 is_stmt 0 discriminator 1 view .LVU1052
 3270 00a8 039B     		ldr	r3, [sp, #12]
 3271 00aa 5B7B     		ldrb	r3, [r3, #13]	@ zero_extendqisi2
 796:CANopen/301/CO_PDO.c ****                 OD_IO_t* OD_IO = &PDO->OD_IO[i];
 3272              		.loc 1 796 35 discriminator 1 view .LVU1053
 3273 00ac A342     		cmp	r3, r4
 3274 00ae 1CD9     		bls	.L227
 3275              	.LBB187:
 797:CANopen/301/CO_PDO.c **** 
 3276              		.loc 1 797 17 is_stmt 1 view .LVU1054
 797:CANopen/301/CO_PDO.c **** 
 3277              		.loc 1 797 45 is_stmt 0 view .LVU1055
 3278 00b0 2546     		mov	r5, r4
 3279              	.LVL319:
 800:CANopen/301/CO_PDO.c ****                 uint8_t mappedLength = (uint8_t)(*dataOffset);
 3280              		.loc 1 800 17 is_stmt 1 view .LVU1056
 801:CANopen/301/CO_PDO.c **** 
 3281              		.loc 1 801 17 view .LVU1057
 801:CANopen/301/CO_PDO.c **** 
 3282              		.loc 1 801 50 is_stmt 0 view .LVU1058
 3283 00b2 039A     		ldr	r2, [sp, #12]
 3284 00b4 02EB4413 		add	r3, r2, r4, lsl #5
 3285              	.LVL320:
 804:CANopen/301/CO_PDO.c **** #if ((CO_CONFIG_PDO)&CO_CONFIG_PDO_BITWISE_MAPPING) != 0
 3286              		.loc 1 804 17 is_stmt 1 view .LVU1059
 3287 00b8 1F7F     		ldrb	r7, [r3, #28]	@ zero_extendqisi2
 804:CANopen/301/CO_PDO.c **** #if ((CO_CONFIG_PDO)&CO_CONFIG_PDO_BITWISE_MAPPING) != 0
 3288              		.loc 1 804 30 is_stmt 0 view .LVU1060
 3289 00ba BA44     		add	r10, r10, r7
 3290              	.LVL321:
 808:CANopen/301/CO_PDO.c **** #endif
 3291              		.loc 1 808 17 is_stmt 1 view .LVU1061
 808:CANopen/301/CO_PDO.c **** #endif
 3292              		.loc 1 808 20 is_stmt 0 view .LVU1062
 3293 00bc BAF1080F 		cmp	r10, #8
 3294 00c0 13D8     		bhi	.L227
 814:CANopen/301/CO_PDO.c ****                 if (ODdataLength > CO_PDO_MAX_SIZE) {
 3295              		.loc 1 814 17 is_stmt 1 view .LVU1063
 814:CANopen/301/CO_PDO.c ****                 if (ODdataLength > CO_PDO_MAX_SIZE) {
 3296              		.loc 1 814 27 is_stmt 0 view .LVU1064
 3297 00c2 D3F81880 		ldr	r8, [r3, #24]
 3298              	.LVL322:
 815:CANopen/301/CO_PDO.c ****                     ODdataLength = CO_PDO_MAX_SIZE;
 3299              		.loc 1 815 17 is_stmt 1 view .LVU1065
 815:CANopen/301/CO_PDO.c ****                     ODdataLength = CO_PDO_MAX_SIZE;
 3300              		.loc 1 815 20 is_stmt 0 view .LVU1066
 3301 00c6 B8F1080F 		cmp	r8, #8
 3302 00ca DAD9     		bls	.L225
 816:CANopen/301/CO_PDO.c ****                 }
ARM GAS  C:\Users\Lenovo\AppData\Local\Temp\ccL1vOqM.s 			page 116


 3303              		.loc 1 816 34 view .LVU1067
 3304 00cc 4FF00808 		mov	r8, #8
 3305              	.LVL323:
 816:CANopen/301/CO_PDO.c ****                 }
 3306              		.loc 1 816 34 view .LVU1068
 3307 00d0 D7E7     		b	.L225
 3308              	.LVL324:
 3309              	.L245:
 839:CANopen/301/CO_PDO.c ****                     (void)memcpy(buf, dataRPDO, mappedLength);
 3310              		.loc 1 839 21 is_stmt 1 view .LVU1069
 839:CANopen/301/CO_PDO.c ****                     (void)memcpy(buf, dataRPDO, mappedLength);
 3311              		.loc 1 839 27 is_stmt 0 view .LVU1070
 3312 00d2 0DF12009 		add	r9, sp, #32
 3313 00d6 0023     		movs	r3, #0
 3314              	.LVL325:
 839:CANopen/301/CO_PDO.c ****                     (void)memcpy(buf, dataRPDO, mappedLength);
 3315              		.loc 1 839 27 view .LVU1071
 3316 00d8 0893     		str	r3, [sp, #32]
 3317 00da 0993     		str	r3, [sp, #36]
 840:CANopen/301/CO_PDO.c ****                     dataOD = buf;
 3318              		.loc 1 840 21 is_stmt 1 view .LVU1072
 840:CANopen/301/CO_PDO.c ****                     dataOD = buf;
 3319              		.loc 1 840 27 is_stmt 0 view .LVU1073
 3320 00dc 3A46     		mov	r2, r7
 3321 00de 5946     		mov	r1, fp
 3322 00e0 4846     		mov	r0, r9
 3323 00e2 FFF7FEFF 		bl	memcpy
 3324              	.LVL326:
 841:CANopen/301/CO_PDO.c ****                 } else {
 3325              		.loc 1 841 21 is_stmt 1 view .LVU1074
 841:CANopen/301/CO_PDO.c ****                 } else {
 3326              		.loc 1 841 28 is_stmt 0 view .LVU1075
 3327 00e6 4946     		mov	r1, r9
 3328 00e8 CEE7     		b	.L226
 3329              	.LVL327:
 3330              	.L227:
 841:CANopen/301/CO_PDO.c ****                 } else {
 3331              		.loc 1 841 28 view .LVU1076
 3332              	.LBE187:
 3333              	.LBE185:
 880:CANopen/301/CO_PDO.c **** #endif
 3334              		.loc 1 880 16 view .LVU1077
 3335 00ea 049D     		ldr	r5, [sp, #16]
 3336 00ec 039E     		ldr	r6, [sp, #12]
 880:CANopen/301/CO_PDO.c **** #endif
 3337              		.loc 1 880 13 is_stmt 1 view .LVU1078
 880:CANopen/301/CO_PDO.c **** #endif
 3338              		.loc 1 880 16 is_stmt 0 view .LVU1079
 3339 00ee BAF1080F 		cmp	r10, #8
 3340 00f2 02D8     		bhi	.L229
 880:CANopen/301/CO_PDO.c **** #endif
 3341              		.loc 1 880 84 discriminator 1 view .LVU1080
 3342 00f4 337B     		ldrb	r3, [r6, #12]	@ zero_extendqisi2
 880:CANopen/301/CO_PDO.c **** #endif
 3343              		.loc 1 880 50 discriminator 1 view .LVU1081
 3344 00f6 5345     		cmp	r3, r10
 3345 00f8 09D0     		beq	.L230
ARM GAS  C:\Users\Lenovo\AppData\Local\Temp\ccL1vOqM.s 			page 117


 3346              	.L229:
 883:CANopen/301/CO_PDO.c ****                                (0x100000U | verifyLength));
 3347              		.loc 1 883 17 is_stmt 1 view .LVU1082
 3348 00fa 4AF48013 		orr	r3, r10, #1048576
 3349 00fe 0093     		str	r3, [sp]
 3350 0100 4FF4C243 		mov	r3, #24832
 3351 0104 2C22     		movs	r2, #44
 3352 0106 0121     		movs	r1, #1
 3353 0108 3068     		ldr	r0, [r6]
 3354 010a FFF7FEFF 		bl	CO_error
 3355              	.LVL328:
 3356              	.L230:
 780:CANopen/301/CO_PDO.c **** 
 3357              		.loc 1 780 23 is_stmt 0 view .LVU1083
 3358 010e 0122     		movs	r2, #1
 3359              	.LVL329:
 3360              	.L222:
 780:CANopen/301/CO_PDO.c **** 
 3361              		.loc 1 780 23 view .LVU1084
 3362              	.LBE184:
 777:CANopen/301/CO_PDO.c ****             rpdoReceived = true;
 3363              		.loc 1 777 16 is_stmt 1 view .LVU1085
 3364 0110 05F15A03 		add	r3, r5, #90
 3365 0114 56F82330 		ldr	r3, [r6, r3, lsl #2]
 3366 0118 6BB1     		cbz	r3, .L246
 3367              	.LBB190:
 778:CANopen/301/CO_PDO.c ****             uint8_t* dataRPDO = RPDO->CANrxData[bufNo];
 3368              		.loc 1 778 13 view .LVU1086
 3369              	.LVL330:
 779:CANopen/301/CO_PDO.c ****             OD_size_t verifyLength = 0U;
 3370              		.loc 1 779 13 view .LVU1087
 779:CANopen/301/CO_PDO.c ****             OD_size_t verifyLength = 0U;
 3371              		.loc 1 779 22 is_stmt 0 view .LVU1088
 3372 011a 05F12E0B 		add	fp, r5, #46
 3373 011e 06EBCB0B 		add	fp, r6, fp, lsl #3
 3374              	.LVL331:
 780:CANopen/301/CO_PDO.c **** 
 3375              		.loc 1 780 13 is_stmt 1 view .LVU1089
 784:CANopen/301/CO_PDO.c **** 
 3376              		.loc 1 784 13 view .LVU1090
 784:CANopen/301/CO_PDO.c **** 
 3377              		.loc 1 784 13 view .LVU1091
 3378 0122 05F15A02 		add	r2, r5, #90
 3379 0126 0023     		movs	r3, #0
 3380 0128 46F82230 		str	r3, [r6, r2, lsl #2]
 784:CANopen/301/CO_PDO.c **** 
 3381              		.loc 1 784 49 view .LVU1092
 796:CANopen/301/CO_PDO.c ****                 OD_IO_t* OD_IO = &PDO->OD_IO[i];
 3382              		.loc 1 796 13 view .LVU1093
 3383              	.LBB188:
 796:CANopen/301/CO_PDO.c ****                 OD_IO_t* OD_IO = &PDO->OD_IO[i];
 3384              		.loc 1 796 18 view .LVU1094
 3385              	.LVL332:
 796:CANopen/301/CO_PDO.c ****                 OD_IO_t* OD_IO = &PDO->OD_IO[i];
 3386              		.loc 1 796 26 is_stmt 0 view .LVU1095
 3387 012c 1C46     		mov	r4, r3
 3388              	.LBE188:
ARM GAS  C:\Users\Lenovo\AppData\Local\Temp\ccL1vOqM.s 			page 118


 780:CANopen/301/CO_PDO.c **** 
 3389              		.loc 1 780 23 view .LVU1096
 3390 012e 9A46     		mov	r10, r3
 3391 0130 0495     		str	r5, [sp, #16]
 3392 0132 0396     		str	r6, [sp, #12]
 3393              	.LBB189:
 796:CANopen/301/CO_PDO.c ****                 OD_IO_t* OD_IO = &PDO->OD_IO[i];
 3394              		.loc 1 796 13 view .LVU1097
 3395 0134 B8E7     		b	.L223
 3396              	.LVL333:
 3397              	.L246:
 796:CANopen/301/CO_PDO.c ****                 OD_IO_t* OD_IO = &PDO->OD_IO[i];
 3398              		.loc 1 796 13 view .LVU1098
 3399              	.LBE189:
 3400              	.LBE190:
 891:CANopen/301/CO_PDO.c ****             if (rpdoReceived) {
 3401              		.loc 1 891 17 view .LVU1099
 3402 0136 059F     		ldr	r7, [sp, #20]
 889:CANopen/301/CO_PDO.c **** #if ((CO_CONFIG_PDO)&CO_CONFIG_RPDO_TIMERS_ENABLE) != 0
 3403              		.loc 1 889 9 is_stmt 1 view .LVU1100
 891:CANopen/301/CO_PDO.c ****             if (rpdoReceived) {
 3404              		.loc 1 891 9 view .LVU1101
 891:CANopen/301/CO_PDO.c ****             if (rpdoReceived) {
 3405              		.loc 1 891 17 is_stmt 0 view .LVU1102
 3406 0138 D6F88C31 		ldr	r3, [r6, #396]
 891:CANopen/301/CO_PDO.c ****             if (rpdoReceived) {
 3407              		.loc 1 891 12 view .LVU1103
 3408 013c 63B3     		cbz	r3, .L215
 892:CANopen/301/CO_PDO.c ****                 if (RPDO->timeoutTimer > RPDO->timeoutTime_us) {
 3409              		.loc 1 892 13 is_stmt 1 view .LVU1104
 892:CANopen/301/CO_PDO.c ****                 if (RPDO->timeoutTimer > RPDO->timeoutTime_us) {
 3410              		.loc 1 892 16 is_stmt 0 view .LVU1105
 3411 013e 7AB1     		cbz	r2, .L233
 893:CANopen/301/CO_PDO.c ****                     CO_errorReset(PDO->em, CO_EM_RPDO_TIME_OUT, RPDO->timeoutTimer);
 3412              		.loc 1 893 17 is_stmt 1 view .LVU1106
 893:CANopen/301/CO_PDO.c ****                     CO_errorReset(PDO->em, CO_EM_RPDO_TIME_OUT, RPDO->timeoutTimer);
 3413              		.loc 1 893 25 is_stmt 0 view .LVU1107
 3414 0140 D6F89021 		ldr	r2, [r6, #400]
 3415              	.LVL334:
 893:CANopen/301/CO_PDO.c ****                     CO_errorReset(PDO->em, CO_EM_RPDO_TIME_OUT, RPDO->timeoutTimer);
 3416              		.loc 1 893 20 view .LVU1108
 3417 0144 9342     		cmp	r3, r2
 3418 0146 03D3     		bcc	.L247
 3419              	.L234:
 897:CANopen/301/CO_PDO.c ****             } else if ((RPDO->timeoutTimer > 0U) && (RPDO->timeoutTimer < RPDO->timeoutTime_us)) {
 3420              		.loc 1 897 17 is_stmt 1 view .LVU1109
 897:CANopen/301/CO_PDO.c ****             } else if ((RPDO->timeoutTimer > 0U) && (RPDO->timeoutTimer < RPDO->timeoutTime_us)) {
 3421              		.loc 1 897 36 is_stmt 0 view .LVU1110
 3422 0148 0123     		movs	r3, #1
 3423 014a C6F89031 		str	r3, [r6, #400]
 3424 014e 23E0     		b	.L215
 3425              	.L247:
 894:CANopen/301/CO_PDO.c ****                 }
 3426              		.loc 1 894 21 is_stmt 1 view .LVU1111
 3427 0150 0092     		str	r2, [sp]
 3428 0152 0023     		movs	r3, #0
 3429 0154 1722     		movs	r2, #23
ARM GAS  C:\Users\Lenovo\AppData\Local\Temp\ccL1vOqM.s 			page 119


 3430 0156 1946     		mov	r1, r3
 3431 0158 3068     		ldr	r0, [r6]
 3432 015a FFF7FEFF 		bl	CO_error
 3433              	.LVL335:
 3434 015e F3E7     		b	.L234
 3435              	.LVL336:
 3436              	.L233:
 898:CANopen/301/CO_PDO.c ****                 RPDO->timeoutTimer += timeDifference_us;
 3437              		.loc 1 898 20 view .LVU1112
 898:CANopen/301/CO_PDO.c ****                 RPDO->timeoutTimer += timeDifference_us;
 3438              		.loc 1 898 29 is_stmt 0 view .LVU1113
 3439 0160 D6F89021 		ldr	r2, [r6, #400]
 3440              	.LVL337:
 898:CANopen/301/CO_PDO.c ****                 RPDO->timeoutTimer += timeDifference_us;
 3441              		.loc 1 898 23 view .LVU1114
 3442 0164 C2B1     		cbz	r2, .L215
 898:CANopen/301/CO_PDO.c ****                 RPDO->timeoutTimer += timeDifference_us;
 3443              		.loc 1 898 50 discriminator 1 view .LVU1115
 3444 0166 9342     		cmp	r3, r2
 3445 0168 16D9     		bls	.L215
 899:CANopen/301/CO_PDO.c **** 
 3446              		.loc 1 899 17 is_stmt 1 view .LVU1116
 899:CANopen/301/CO_PDO.c **** 
 3447              		.loc 1 899 36 is_stmt 0 view .LVU1117
 3448 016a 3A44     		add	r2, r2, r7
 3449 016c C6F89021 		str	r2, [r6, #400]
 901:CANopen/301/CO_PDO.c ****                     CO_errorReport(PDO->em, CO_EM_RPDO_TIME_OUT, CO_EMC_RPDO_TIMEOUT, RPDO->timeout
 3450              		.loc 1 901 17 is_stmt 1 view .LVU1118
 901:CANopen/301/CO_PDO.c ****                     CO_errorReport(PDO->em, CO_EM_RPDO_TIME_OUT, CO_EMC_RPDO_TIMEOUT, RPDO->timeout
 3451              		.loc 1 901 20 is_stmt 0 view .LVU1119
 3452 0170 9342     		cmp	r3, r2
 3453 0172 11D2     		bcs	.L215
 902:CANopen/301/CO_PDO.c ****                 }
 3454              		.loc 1 902 21 is_stmt 1 view .LVU1120
 3455 0174 0092     		str	r2, [sp]
 3456 0176 48F25023 		movw	r3, #33360
 3457 017a 1722     		movs	r2, #23
 3458 017c 0121     		movs	r1, #1
 3459 017e 3068     		ldr	r0, [r6]
 3460 0180 FFF7FEFF 		bl	CO_error
 3461              	.LVL338:
 3462 0184 08E0     		b	.L215
 3463              	.LVL339:
 3464              	.L216:
 902:CANopen/301/CO_PDO.c ****                 }
 3465              		.loc 1 902 21 is_stmt 0 view .LVU1121
 3466              	.LBE181:
 920:CANopen/301/CO_PDO.c ****             CO_FLAG_CLEAR(RPDO->CANrxNew[0]);
 3467              		.loc 1 920 9 is_stmt 1 view .LVU1122
 920:CANopen/301/CO_PDO.c ****             CO_FLAG_CLEAR(RPDO->CANrxNew[0]);
 3468              		.loc 1 920 12 is_stmt 0 view .LVU1123
 3469 0186 02B1     		cbz	r2, .L235
 920:CANopen/301/CO_PDO.c ****             CO_FLAG_CLEAR(RPDO->CANrxNew[0]);
 3470              		.loc 1 920 25 discriminator 1 view .LVU1124
 3471 0188 33B9     		cbnz	r3, .L215
 3472              	.L235:
 921:CANopen/301/CO_PDO.c ****             CO_FLAG_CLEAR(RPDO->CANrxNew[1]);
ARM GAS  C:\Users\Lenovo\AppData\Local\Temp\ccL1vOqM.s 			page 120


 3473              		.loc 1 921 13 is_stmt 1 view .LVU1125
 921:CANopen/301/CO_PDO.c ****             CO_FLAG_CLEAR(RPDO->CANrxNew[1]);
 3474              		.loc 1 921 13 view .LVU1126
 3475 018a 0023     		movs	r3, #0
 3476              	.LVL340:
 921:CANopen/301/CO_PDO.c ****             CO_FLAG_CLEAR(RPDO->CANrxNew[1]);
 3477              		.loc 1 921 13 is_stmt 0 view .LVU1127
 3478 018c C6F86831 		str	r3, [r6, #360]
 921:CANopen/301/CO_PDO.c ****             CO_FLAG_CLEAR(RPDO->CANrxNew[1]);
 3479              		.loc 1 921 45 is_stmt 1 view .LVU1128
 922:CANopen/301/CO_PDO.c **** #if ((CO_CONFIG_PDO)&CO_CONFIG_RPDO_TIMERS_ENABLE) != 0
 3480              		.loc 1 922 13 view .LVU1129
 922:CANopen/301/CO_PDO.c **** #if ((CO_CONFIG_PDO)&CO_CONFIG_RPDO_TIMERS_ENABLE) != 0
 3481              		.loc 1 922 13 view .LVU1130
 3482 0190 C6F86C31 		str	r3, [r6, #364]
 922:CANopen/301/CO_PDO.c **** #if ((CO_CONFIG_PDO)&CO_CONFIG_RPDO_TIMERS_ENABLE) != 0
 3483              		.loc 1 922 45 view .LVU1131
 924:CANopen/301/CO_PDO.c **** #endif
 3484              		.loc 1 924 13 view .LVU1132
 924:CANopen/301/CO_PDO.c **** #endif
 3485              		.loc 1 924 32 is_stmt 0 view .LVU1133
 3486 0194 C6F89031 		str	r3, [r6, #400]
 3487              	.LVL341:
 3488              	.L215:
 934:CANopen/301/CO_PDO.c **** #endif /* (CO_CONFIG_PDO) & CO_CONFIG_RPDO_ENABLE */
 3489              		.loc 1 934 1 view .LVU1134
 3490 0198 0BB0     		add	sp, sp, #44
 3491              	.LCFI38:
 3492              		.cfi_def_cfa_offset 36
 3493              		@ sp needed
 3494 019a BDE8F08F 		pop	{r4, r5, r6, r7, r8, r9, r10, fp, pc}
 934:CANopen/301/CO_PDO.c **** #endif /* (CO_CONFIG_PDO) & CO_CONFIG_RPDO_ENABLE */
 3495              		.loc 1 934 1 view .LVU1135
 3496              		.cfi_endproc
 3497              	.LFE45:
 3499              		.section	.text.CO_TPDO_init,"ax",%progbits
 3500              		.align	1
 3501              		.global	CO_TPDO_init
 3502              		.syntax unified
 3503              		.thumb
 3504              		.thumb_func
 3506              	CO_TPDO_init:
 3507              	.LVL342:
 3508              	.LFB47:
1065:CANopen/301/CO_PDO.c ****     CO_PDO_common_t* PDO = &TPDO->PDO_common;
 3509              		.loc 1 1065 81 is_stmt 1 view -0
 3510              		.cfi_startproc
 3511              		@ args = 24, pretend = 0, frame = 24
 3512              		@ frame_needed = 0, uses_anonymous_args = 0
1065:CANopen/301/CO_PDO.c ****     CO_PDO_common_t* PDO = &TPDO->PDO_common;
 3513              		.loc 1 1065 81 is_stmt 0 view .LVU1137
 3514 0000 2DE9F04F 		push	{r4, r5, r6, r7, r8, r9, r10, fp, lr}
 3515              	.LCFI39:
 3516              		.cfi_def_cfa_offset 36
 3517              		.cfi_offset 4, -36
 3518              		.cfi_offset 5, -32
 3519              		.cfi_offset 6, -28
ARM GAS  C:\Users\Lenovo\AppData\Local\Temp\ccL1vOqM.s 			page 121


 3520              		.cfi_offset 7, -24
 3521              		.cfi_offset 8, -20
 3522              		.cfi_offset 9, -16
 3523              		.cfi_offset 10, -12
 3524              		.cfi_offset 11, -8
 3525              		.cfi_offset 14, -4
 3526 0004 89B0     		sub	sp, sp, #36
 3527              	.LCFI40:
 3528              		.cfi_def_cfa_offset 72
 3529 0006 0393     		str	r3, [sp, #12]
 3530 0008 BDF848A0 		ldrh	r10, [sp, #72]
 3531 000c 139E     		ldr	r6, [sp, #76]
 3532 000e 159F     		ldr	r7, [sp, #84]
 3533 0010 BDF85890 		ldrh	r9, [sp, #88]
1066:CANopen/301/CO_PDO.c ****     ODR_t odRet;
 3534              		.loc 1 1066 5 is_stmt 1 view .LVU1138
 3535              	.LVL343:
1067:CANopen/301/CO_PDO.c **** 
 3536              		.loc 1 1067 5 view .LVU1139
1070:CANopen/301/CO_PDO.c ****         || (CANdevTx == NULL)) {
 3537              		.loc 1 1070 5 view .LVU1140
1070:CANopen/301/CO_PDO.c ****         || (CANdevTx == NULL)) {
 3538              		.loc 1 1070 8 is_stmt 0 view .LVU1141
 3539 0014 0028     		cmp	r0, #0
 3540 0016 00F00E81 		beq	.L260
 3541 001a 0D46     		mov	r5, r1
 3542 001c 9046     		mov	r8, r2
 3543 001e 0446     		mov	r4, r0
1070:CANopen/301/CO_PDO.c ****         || (CANdevTx == NULL)) {
 3544              		.loc 1 1070 24 discriminator 1 view .LVU1142
 3545 0020 0029     		cmp	r1, #0
 3546 0022 00F00C81 		beq	.L261
1070:CANopen/301/CO_PDO.c ****         || (CANdevTx == NULL)) {
 3547              		.loc 1 1070 40 discriminator 2 view .LVU1143
 3548 0026 002A     		cmp	r2, #0
 3549 0028 00F00D81 		beq	.L262
1070:CANopen/301/CO_PDO.c ****         || (CANdevTx == NULL)) {
 3550              		.loc 1 1070 56 discriminator 3 view .LVU1144
 3551 002c 002E     		cmp	r6, #0
 3552 002e 00F00E81 		beq	.L263
1070:CANopen/301/CO_PDO.c ****         || (CANdevTx == NULL)) {
 3553              		.loc 1 1070 89 discriminator 4 view .LVU1145
 3554 0032 149B     		ldr	r3, [sp, #80]
 3555              	.LVL344:
1070:CANopen/301/CO_PDO.c ****         || (CANdevTx == NULL)) {
 3556              		.loc 1 1070 89 discriminator 4 view .LVU1146
 3557 0034 002B     		cmp	r3, #0
 3558 0036 00F00E81 		beq	.L264
1071:CANopen/301/CO_PDO.c ****         return CO_ERROR_ILLEGAL_ARGUMENT;
 3559              		.loc 1 1071 9 view .LVU1147
 3560 003a 002F     		cmp	r7, #0
 3561 003c 00F00F81 		beq	.L265
1076:CANopen/301/CO_PDO.c **** 
 3562              		.loc 1 1076 5 is_stmt 1 view .LVU1148
1076:CANopen/301/CO_PDO.c **** 
 3563              		.loc 1 1076 11 is_stmt 0 view .LVU1149
 3564 0040 4FF4C672 		mov	r2, #396
ARM GAS  C:\Users\Lenovo\AppData\Local\Temp\ccL1vOqM.s 			page 122


 3565              	.LVL345:
1076:CANopen/301/CO_PDO.c **** 
 3566              		.loc 1 1076 11 view .LVU1150
 3567 0044 0021     		movs	r1, #0
 3568              	.LVL346:
1076:CANopen/301/CO_PDO.c **** 
 3569              		.loc 1 1076 11 view .LVU1151
 3570 0046 FFF7FEFF 		bl	memset
 3571              	.LVL347:
1079:CANopen/301/CO_PDO.c ****     PDO->CANdev = CANdevTx;
 3572              		.loc 1 1079 5 is_stmt 1 view .LVU1152
1079:CANopen/301/CO_PDO.c ****     PDO->CANdev = CANdevTx;
 3573              		.loc 1 1079 13 is_stmt 0 view .LVU1153
 3574 004a C4F80080 		str	r8, [r4]
1080:CANopen/301/CO_PDO.c **** 
 3575              		.loc 1 1080 5 is_stmt 1 view .LVU1154
1080:CANopen/301/CO_PDO.c **** 
 3576              		.loc 1 1080 17 is_stmt 0 view .LVU1155
 3577 004e 6760     		str	r7, [r4, #4]
1083:CANopen/301/CO_PDO.c ****     CO_ReturnError_t ret = PDO_initMapping(PDO, OD, OD_1Axx_TPDOMapPar, false, errInfo, &erroneousM
 3578              		.loc 1 1083 5 is_stmt 1 view .LVU1156
1083:CANopen/301/CO_PDO.c ****     CO_ReturnError_t ret = PDO_initMapping(PDO, OD, OD_1Axx_TPDOMapPar, false, errInfo, &erroneousM
 3579              		.loc 1 1083 14 is_stmt 0 view .LVU1157
 3580 0050 0023     		movs	r3, #0
 3581 0052 0793     		str	r3, [sp, #28]
1084:CANopen/301/CO_PDO.c ****     if (ret != CO_ERROR_NO) {
 3582              		.loc 1 1084 5 is_stmt 1 view .LVU1158
1084:CANopen/301/CO_PDO.c ****     if (ret != CO_ERROR_NO) {
 3583              		.loc 1 1084 28 is_stmt 0 view .LVU1159
 3584 0054 07AA     		add	r2, sp, #28
 3585 0056 0192     		str	r2, [sp, #4]
 3586 0058 179A     		ldr	r2, [sp, #92]
 3587 005a 0092     		str	r2, [sp]
 3588 005c 149A     		ldr	r2, [sp, #80]
 3589 005e 2946     		mov	r1, r5
 3590 0060 2046     		mov	r0, r4
 3591 0062 FFF7FEFF 		bl	PDO_initMapping
 3592              	.LVL348:
1085:CANopen/301/CO_PDO.c ****         return ret;
 3593              		.loc 1 1085 5 is_stmt 1 view .LVU1160
1085:CANopen/301/CO_PDO.c ****         return ret;
 3594              		.loc 1 1085 8 is_stmt 0 view .LVU1161
 3595 0066 0290     		str	r0, [sp, #8]
 3596 0068 18B1     		cbz	r0, .L271
 3597              	.LVL349:
 3598              	.L249:
1190:CANopen/301/CO_PDO.c **** 
 3599              		.loc 1 1190 1 view .LVU1162
 3600 006a 0298     		ldr	r0, [sp, #8]
 3601 006c 09B0     		add	sp, sp, #36
 3602              	.LCFI41:
 3603              		.cfi_remember_state
 3604              		.cfi_def_cfa_offset 36
 3605              		@ sp needed
 3606 006e BDE8F08F 		pop	{r4, r5, r6, r7, r8, r9, r10, fp, pc}
 3607              	.LVL350:
 3608              	.L271:
ARM GAS  C:\Users\Lenovo\AppData\Local\Temp\ccL1vOqM.s 			page 123


 3609              	.LCFI42:
 3610              		.cfi_restore_state
1090:CANopen/301/CO_PDO.c ****     odRet = OD_get_u8(OD_18xx_TPDOCommPar, 2, &transmissionType, true);
 3611              		.loc 1 1090 5 is_stmt 1 view .LVU1163
1090:CANopen/301/CO_PDO.c ****     odRet = OD_get_u8(OD_18xx_TPDOCommPar, 2, &transmissionType, true);
 3612              		.loc 1 1090 13 is_stmt 0 view .LVU1164
 3613 0072 FE23     		movs	r3, #254
 3614 0074 8DF81B30 		strb	r3, [sp, #27]
1091:CANopen/301/CO_PDO.c ****     if (odRet != ODR_OK) {
 3615              		.loc 1 1091 5 is_stmt 1 view .LVU1165
 3616              	.LVL351:
 3617              	.LBB191:
 3618              	.LBI191:
 518:CANopen/301/CO_ODinterface.h ****     return OD_get_value(entry, subIndex, val, sizeof(*val), odOrig);
 3619              		.loc 3 518 1 view .LVU1166
 3620              	.LBB192:
 519:CANopen/301/CO_ODinterface.h **** }
 3621              		.loc 3 519 5 view .LVU1167
 519:CANopen/301/CO_ODinterface.h **** }
 3622              		.loc 3 519 12 is_stmt 0 view .LVU1168
 3623 0078 0123     		movs	r3, #1
 3624 007a 0093     		str	r3, [sp]
 3625 007c 0DF11B02 		add	r2, sp, #27
 3626              	.LVL352:
 519:CANopen/301/CO_ODinterface.h **** }
 3627              		.loc 3 519 12 view .LVU1169
 3628 0080 0221     		movs	r1, #2
 3629 0082 3046     		mov	r0, r6
 3630              	.LVL353:
 519:CANopen/301/CO_ODinterface.h **** }
 3631              		.loc 3 519 12 view .LVU1170
 3632 0084 FFF7FEFF 		bl	OD_get_value
 3633              	.LVL354:
 519:CANopen/301/CO_ODinterface.h **** }
 3634              		.loc 3 519 12 view .LVU1171
 3635              	.LBE192:
 3636              	.LBE191:
1092:CANopen/301/CO_PDO.c ****         if (errInfo != NULL) {
 3637              		.loc 1 1092 5 is_stmt 1 view .LVU1172
1092:CANopen/301/CO_PDO.c ****         if (errInfo != NULL) {
 3638              		.loc 1 1092 8 is_stmt 0 view .LVU1173
 3639 0088 0028     		cmp	r0, #0
 3640 008a 48D1     		bne	.L272
1098:CANopen/301/CO_PDO.c **** #if ((CO_CONFIG_PDO)&CO_CONFIG_PDO_SYNC_ENABLE) != 0
 3641              		.loc 1 1098 5 is_stmt 1 view .LVU1174
1100:CANopen/301/CO_PDO.c **** #endif
 3642              		.loc 1 1100 9 is_stmt 0 view .LVU1175
 3643 008c 9DF81B30 		ldrb	r3, [sp, #27]	@ zero_extendqisi2
 3644 0090 0F33     		adds	r3, r3, #15
 3645 0092 DBB2     		uxtb	r3, r3
1098:CANopen/301/CO_PDO.c **** #if ((CO_CONFIG_PDO)&CO_CONFIG_PDO_SYNC_ENABLE) != 0
 3646              		.loc 1 1098 8 view .LVU1176
 3647 0094 0C2B     		cmp	r3, #12
 3648 0096 02D8     		bhi	.L252
1103:CANopen/301/CO_PDO.c ****     }
 3649              		.loc 1 1103 9 is_stmt 1 view .LVU1177
1103:CANopen/301/CO_PDO.c ****     }
ARM GAS  C:\Users\Lenovo\AppData\Local\Temp\ccL1vOqM.s 			page 124


 3650              		.loc 1 1103 26 is_stmt 0 view .LVU1178
 3651 0098 FE23     		movs	r3, #254
 3652 009a 8DF81B30 		strb	r3, [sp, #27]
 3653              	.L252:
1105:CANopen/301/CO_PDO.c ****     TPDO->sendRequest = true;
 3654              		.loc 1 1105 5 is_stmt 1 view .LVU1179
1105:CANopen/301/CO_PDO.c ****     TPDO->sendRequest = true;
 3655              		.loc 1 1105 28 is_stmt 0 view .LVU1180
 3656 009e 9DF81B30 		ldrb	r3, [sp, #27]	@ zero_extendqisi2
 3657 00a2 84F86C31 		strb	r3, [r4, #364]
1106:CANopen/301/CO_PDO.c **** 
 3658              		.loc 1 1106 5 is_stmt 1 view .LVU1181
1106:CANopen/301/CO_PDO.c **** 
 3659              		.loc 1 1106 23 is_stmt 0 view .LVU1182
 3660 00a6 0121     		movs	r1, #1
 3661 00a8 C4F87011 		str	r1, [r4, #368]
1109:CANopen/301/CO_PDO.c ****     odRet = OD_get_u32(OD_18xx_TPDOCommPar, 1, &COB_ID, true);
 3662              		.loc 1 1109 5 is_stmt 1 view .LVU1183
1109:CANopen/301/CO_PDO.c ****     odRet = OD_get_u32(OD_18xx_TPDOCommPar, 1, &COB_ID, true);
 3663              		.loc 1 1109 14 is_stmt 0 view .LVU1184
 3664 00ac 0023     		movs	r3, #0
 3665 00ae 0593     		str	r3, [sp, #20]
1110:CANopen/301/CO_PDO.c ****     if (odRet != ODR_OK) {
 3666              		.loc 1 1110 5 is_stmt 1 view .LVU1185
 3667              	.LVL355:
 3668              	.LBB193:
 3669              	.LBI193:
 530:CANopen/301/CO_ODinterface.h ****     return OD_get_value(entry, subIndex, val, sizeof(*val), odOrig);
 3670              		.loc 3 530 1 view .LVU1186
 3671              	.LBB194:
 3672              		.loc 3 531 5 view .LVU1187
 3673              		.loc 3 531 12 is_stmt 0 view .LVU1188
 3674 00b0 0091     		str	r1, [sp]
 3675 00b2 0423     		movs	r3, #4
 3676 00b4 05AA     		add	r2, sp, #20
 3677              	.LVL356:
 3678              		.loc 3 531 12 view .LVU1189
 3679 00b6 3046     		mov	r0, r6
 3680              	.LVL357:
 3681              		.loc 3 531 12 view .LVU1190
 3682 00b8 FFF7FEFF 		bl	OD_get_value
 3683              	.LVL358:
 3684              		.loc 3 531 12 view .LVU1191
 3685              	.LBE194:
 3686              	.LBE193:
1111:CANopen/301/CO_PDO.c ****         if (errInfo != NULL) {
 3687              		.loc 1 1111 5 is_stmt 1 view .LVU1192
1111:CANopen/301/CO_PDO.c ****         if (errInfo != NULL) {
 3688              		.loc 1 1111 8 is_stmt 0 view .LVU1193
 3689 00bc 0290     		str	r0, [sp, #8]
 3690              	.LVL359:
1111:CANopen/301/CO_PDO.c ****         if (errInfo != NULL) {
 3691              		.loc 1 1111 8 view .LVU1194
 3692 00be 0028     		cmp	r0, #0
 3693 00c0 39D1     		bne	.L273
1118:CANopen/301/CO_PDO.c ****     uint16_t CAN_ID = (uint16_t)(COB_ID & 0x7FFU);
 3694              		.loc 1 1118 5 is_stmt 1 view .LVU1195
ARM GAS  C:\Users\Lenovo\AppData\Local\Temp\ccL1vOqM.s 			page 125


1118:CANopen/301/CO_PDO.c ****     uint16_t CAN_ID = (uint16_t)(COB_ID & 0x7FFU);
 3695              		.loc 1 1118 43 is_stmt 0 view .LVU1196
 3696 00c2 059B     		ldr	r3, [sp, #20]
 3697 00c4 6FEA030B 		mvn	fp, r3
 3698 00c8 4FEADB7B 		lsr	fp, fp, #31
 3699              	.LVL360:
1119:CANopen/301/CO_PDO.c ****     if (valid && ((PDO->mappedObjectsCount == 0U) || (CAN_ID == 0U))) {
 3700              		.loc 1 1119 5 is_stmt 1 view .LVU1197
1119:CANopen/301/CO_PDO.c ****     if (valid && ((PDO->mappedObjectsCount == 0U) || (CAN_ID == 0U))) {
 3701              		.loc 1 1119 14 is_stmt 0 view .LVU1198
 3702 00cc C3F30A08 		ubfx	r8, r3, #0, #11
 3703              	.LVL361:
1120:CANopen/301/CO_PDO.c ****         valid = false;
 3704              		.loc 1 1120 5 is_stmt 1 view .LVU1199
1120:CANopen/301/CO_PDO.c ****         valid = false;
 3705              		.loc 1 1120 8 is_stmt 0 view .LVU1200
 3706 00d0 002B     		cmp	r3, #0
 3707 00d2 0BDB     		blt	.L255
1120:CANopen/301/CO_PDO.c ****         valid = false;
 3708              		.loc 1 1120 23 discriminator 1 view .LVU1201
 3709 00d4 627B     		ldrb	r2, [r4, #13]	@ zero_extendqisi2
1120:CANopen/301/CO_PDO.c ****         valid = false;
 3710              		.loc 1 1120 15 discriminator 1 view .LVU1202
 3711 00d6 12B1     		cbz	r2, .L256
1120:CANopen/301/CO_PDO.c ****         valid = false;
 3712              		.loc 1 1120 51 discriminator 2 view .LVU1203
 3713 00d8 B8F1000F 		cmp	r8, #0
 3714 00dc 06D1     		bne	.L255
 3715              	.L256:
1121:CANopen/301/CO_PDO.c ****         if (erroneousMap == 0U) {
 3716              		.loc 1 1121 9 is_stmt 1 view .LVU1204
 3717              	.LVL362:
1122:CANopen/301/CO_PDO.c ****             erroneousMap = 1;
 3718              		.loc 1 1122 9 view .LVU1205
1122:CANopen/301/CO_PDO.c ****             erroneousMap = 1;
 3719              		.loc 1 1122 26 is_stmt 0 view .LVU1206
 3720 00de DDF81CB0 		ldr	fp, [sp, #28]
1122:CANopen/301/CO_PDO.c ****             erroneousMap = 1;
 3721              		.loc 1 1122 12 view .LVU1207
 3722 00e2 BBF1000F 		cmp	fp, #0
 3723 00e6 32D1     		bne	.L266
1123:CANopen/301/CO_PDO.c ****         }
 3724              		.loc 1 1123 13 is_stmt 1 view .LVU1208
1123:CANopen/301/CO_PDO.c ****         }
 3725              		.loc 1 1123 26 is_stmt 0 view .LVU1209
 3726 00e8 0122     		movs	r2, #1
 3727 00ea 0792     		str	r2, [sp, #28]
 3728              	.LVL363:
 3729              	.L255:
1127:CANopen/301/CO_PDO.c ****         CO_errorReport(PDO->em, CO_EM_PDO_WRONG_MAPPING, CO_EMC_PROTOCOL_ERROR,
 3730              		.loc 1 1127 5 is_stmt 1 view .LVU1210
1127:CANopen/301/CO_PDO.c ****         CO_errorReport(PDO->em, CO_EM_PDO_WRONG_MAPPING, CO_EMC_PROTOCOL_ERROR,
 3731              		.loc 1 1127 22 is_stmt 0 view .LVU1211
 3732 00ec 079A     		ldr	r2, [sp, #28]
1127:CANopen/301/CO_PDO.c ****         CO_errorReport(PDO->em, CO_EM_PDO_WRONG_MAPPING, CO_EMC_PROTOCOL_ERROR,
 3733              		.loc 1 1127 8 view .LVU1212
 3734 00ee 52B1     		cbz	r2, .L257
ARM GAS  C:\Users\Lenovo\AppData\Local\Temp\ccL1vOqM.s 			page 126


1128:CANopen/301/CO_PDO.c ****                        (erroneousMap != 1U) ? erroneousMap : COB_ID);
 3735              		.loc 1 1128 9 is_stmt 1 view .LVU1213
 3736 00f0 2068     		ldr	r0, [r4]
 3737              	.LVL364:
1128:CANopen/301/CO_PDO.c ****                        (erroneousMap != 1U) ? erroneousMap : COB_ID);
 3738              		.loc 1 1128 9 is_stmt 0 view .LVU1214
 3739 00f2 012A     		cmp	r2, #1
 3740 00f4 00D0     		beq	.L258
1128:CANopen/301/CO_PDO.c ****                        (erroneousMap != 1U) ? erroneousMap : COB_ID);
 3741              		.loc 1 1128 9 discriminator 1 view .LVU1215
 3742 00f6 1346     		mov	r3, r2
 3743              	.L258:
1128:CANopen/301/CO_PDO.c ****                        (erroneousMap != 1U) ? erroneousMap : COB_ID);
 3744              		.loc 1 1128 9 discriminator 4 view .LVU1216
 3745 00f8 0093     		str	r3, [sp]
 3746 00fa 4FF40243 		mov	r3, #33280
 3747 00fe 1A22     		movs	r2, #26
 3748 0100 0121     		movs	r1, #1
 3749 0102 FFF7FEFF 		bl	CO_error
 3750              	.LVL365:
 3751              	.L257:
1131:CANopen/301/CO_PDO.c ****         CAN_ID = 0;
 3752              		.loc 1 1131 5 is_stmt 1 view .LVU1217
1131:CANopen/301/CO_PDO.c ****         CAN_ID = 0;
 3753              		.loc 1 1131 8 is_stmt 0 view .LVU1218
 3754 0106 BBF1000F 		cmp	fp, #0
 3755 010a 23D0     		beq	.L267
1136:CANopen/301/CO_PDO.c ****         CAN_ID = preDefinedCanId;
 3756              		.loc 1 1136 5 is_stmt 1 view .LVU1219
1136:CANopen/301/CO_PDO.c ****         CAN_ID = preDefinedCanId;
 3757              		.loc 1 1136 8 is_stmt 0 view .LVU1220
 3758 010c B8F1000F 		cmp	r8, #0
 3759 0110 22D0     		beq	.L259
1136:CANopen/301/CO_PDO.c ****         CAN_ID = preDefinedCanId;
 3760              		.loc 1 1136 24 discriminator 1 view .LVU1221
 3761 0112 2AF07F03 		bic	r3, r10, #127
 3762 0116 4345     		cmp	r3, r8
 3763 0118 1ED1     		bne	.L259
1137:CANopen/301/CO_PDO.c ****     }
 3764              		.loc 1 1137 16 view .LVU1222
 3765 011a D046     		mov	r8, r10
 3766              	.LVL366:
1137:CANopen/301/CO_PDO.c ****     }
 3767              		.loc 1 1137 16 view .LVU1223
 3768 011c 1CE0     		b	.L259
 3769              	.LVL367:
 3770              	.L272:
1093:CANopen/301/CO_PDO.c ****             *errInfo = (((uint32_t)OD_getIndex(OD_18xx_TPDOCommPar)) << 8) | 2U;
 3771              		.loc 1 1093 9 is_stmt 1 view .LVU1224
1093:CANopen/301/CO_PDO.c ****             *errInfo = (((uint32_t)OD_getIndex(OD_18xx_TPDOCommPar)) << 8) | 2U;
 3772              		.loc 1 1093 12 is_stmt 0 view .LVU1225
 3773 011e 179B     		ldr	r3, [sp, #92]
 3774 0120 2BB1     		cbz	r3, .L251
1094:CANopen/301/CO_PDO.c ****         }
 3775              		.loc 1 1094 13 is_stmt 1 view .LVU1226
 3776              	.LVL368:
 3777              	.LBB195:
ARM GAS  C:\Users\Lenovo\AppData\Local\Temp\ccL1vOqM.s 			page 127


 3778              	.LBI195:
 343:CANopen/301/CO_ODinterface.h ****     return (entry != NULL) ? entry->index : 0U;
 3779              		.loc 3 343 1 view .LVU1227
 3780              	.LBB196:
 344:CANopen/301/CO_ODinterface.h **** }
 3781              		.loc 3 344 5 view .LVU1228
 344:CANopen/301/CO_ODinterface.h **** }
 3782              		.loc 3 344 43 is_stmt 0 discriminator 1 view .LVU1229
 3783 0122 3388     		ldrh	r3, [r6]
 3784              	.LVL369:
 344:CANopen/301/CO_ODinterface.h **** }
 3785              		.loc 3 344 43 discriminator 1 view .LVU1230
 3786              	.LBE196:
 3787              	.LBE195:
1094:CANopen/301/CO_PDO.c ****         }
 3788              		.loc 1 1094 70 discriminator 1 view .LVU1231
 3789 0124 1B02     		lsls	r3, r3, #8
1094:CANopen/301/CO_PDO.c ****         }
 3790              		.loc 1 1094 76 discriminator 1 view .LVU1232
 3791 0126 43F00203 		orr	r3, r3, #2
1094:CANopen/301/CO_PDO.c ****         }
 3792              		.loc 1 1094 22 discriminator 1 view .LVU1233
 3793 012a 179A     		ldr	r2, [sp, #92]
 3794 012c 1360     		str	r3, [r2]
 3795              	.L251:
1096:CANopen/301/CO_PDO.c ****     }
 3796              		.loc 1 1096 9 is_stmt 1 view .LVU1234
1096:CANopen/301/CO_PDO.c ****     }
 3797              		.loc 1 1096 16 is_stmt 0 view .LVU1235
 3798 012e 6FF00B03 		mvn	r3, #11
 3799 0132 0293     		str	r3, [sp, #8]
 3800              	.LVL370:
1096:CANopen/301/CO_PDO.c ****     }
 3801              		.loc 1 1096 16 view .LVU1236
 3802 0134 99E7     		b	.L249
 3803              	.L273:
1112:CANopen/301/CO_PDO.c ****             *errInfo = (((uint32_t)OD_getIndex(OD_18xx_TPDOCommPar)) << 8) | 1U;
 3804              		.loc 1 1112 9 is_stmt 1 view .LVU1237
1112:CANopen/301/CO_PDO.c ****             *errInfo = (((uint32_t)OD_getIndex(OD_18xx_TPDOCommPar)) << 8) | 1U;
 3805              		.loc 1 1112 12 is_stmt 0 view .LVU1238
 3806 0136 179B     		ldr	r3, [sp, #92]
 3807 0138 2BB1     		cbz	r3, .L254
1113:CANopen/301/CO_PDO.c ****         }
 3808              		.loc 1 1113 13 is_stmt 1 view .LVU1239
 3809              	.LVL371:
 3810              	.LBB197:
 3811              	.LBI197:
 343:CANopen/301/CO_ODinterface.h ****     return (entry != NULL) ? entry->index : 0U;
 3812              		.loc 3 343 1 view .LVU1240
 3813              	.LBB198:
 344:CANopen/301/CO_ODinterface.h **** }
 3814              		.loc 3 344 5 view .LVU1241
 344:CANopen/301/CO_ODinterface.h **** }
 3815              		.loc 3 344 43 is_stmt 0 discriminator 1 view .LVU1242
 3816 013a 3388     		ldrh	r3, [r6]
 3817              	.LVL372:
 344:CANopen/301/CO_ODinterface.h **** }
ARM GAS  C:\Users\Lenovo\AppData\Local\Temp\ccL1vOqM.s 			page 128


 3818              		.loc 3 344 43 discriminator 1 view .LVU1243
 3819              	.LBE198:
 3820              	.LBE197:
1113:CANopen/301/CO_PDO.c ****         }
 3821              		.loc 1 1113 70 discriminator 1 view .LVU1244
 3822 013c 1B02     		lsls	r3, r3, #8
1113:CANopen/301/CO_PDO.c ****         }
 3823              		.loc 1 1113 76 discriminator 1 view .LVU1245
 3824 013e 43F00103 		orr	r3, r3, #1
1113:CANopen/301/CO_PDO.c ****         }
 3825              		.loc 1 1113 22 discriminator 1 view .LVU1246
 3826 0142 179A     		ldr	r2, [sp, #92]
 3827 0144 1360     		str	r3, [r2]
 3828              	.L254:
1115:CANopen/301/CO_PDO.c ****     }
 3829              		.loc 1 1115 9 is_stmt 1 view .LVU1247
1115:CANopen/301/CO_PDO.c ****     }
 3830              		.loc 1 1115 16 is_stmt 0 view .LVU1248
 3831 0146 6FF00B03 		mvn	r3, #11
 3832 014a 0293     		str	r3, [sp, #8]
 3833 014c 8DE7     		b	.L249
 3834              	.LVL373:
 3835              	.L266:
1121:CANopen/301/CO_PDO.c ****         if (erroneousMap == 0U) {
 3836              		.loc 1 1121 15 view .LVU1249
 3837 014e 4FF0000B 		mov	fp, #0
 3838 0152 CBE7     		b	.L255
 3839              	.LVL374:
 3840              	.L267:
1132:CANopen/301/CO_PDO.c ****     }
 3841              		.loc 1 1132 16 view .LVU1250
 3842 0154 4FF00008 		mov	r8, #0
 3843              	.LVL375:
 3844              	.L259:
1144:CANopen/301/CO_PDO.c ****                                          TPDO->transmissionType <= (uint8_t)CO_PDO_TRANSM_TYPE_SYNC
 3845              		.loc 1 1144 5 is_stmt 1 view .LVU1251
1144:CANopen/301/CO_PDO.c ****                                          TPDO->transmissionType <= (uint8_t)CO_PDO_TRANSM_TYPE_SYNC
 3846              		.loc 1 1144 83 is_stmt 0 view .LVU1252
 3847 0158 227B     		ldrb	r2, [r4, #12]	@ zero_extendqisi2
1145:CANopen/301/CO_PDO.c **** #endif
 3848              		.loc 1 1145 46 view .LVU1253
 3849 015a 94F86C31 		ldrb	r3, [r4, #364]	@ zero_extendqisi2
1144:CANopen/301/CO_PDO.c ****                                          TPDO->transmissionType <= (uint8_t)CO_PDO_TRANSM_TYPE_SYNC
 3850              		.loc 1 1144 23 view .LVU1254
 3851 015e F02B     		cmp	r3, #240
 3852 0160 8CBF     		ite	hi
 3853 0162 0023     		movhi	r3, #0
 3854 0164 0123     		movls	r3, #1
 3855 0166 0193     		str	r3, [sp, #4]
 3856 0168 0092     		str	r2, [sp]
 3857 016a 0023     		movs	r3, #0
 3858 016c 4246     		mov	r2, r8
 3859 016e 4946     		mov	r1, r9
 3860 0170 3846     		mov	r0, r7
 3861 0172 FFF7FEFF 		bl	CO_CANtxBufferInit
 3862              	.LVL376:
1144:CANopen/301/CO_PDO.c ****                                          TPDO->transmissionType <= (uint8_t)CO_PDO_TRANSM_TYPE_SYNC
ARM GAS  C:\Users\Lenovo\AppData\Local\Temp\ccL1vOqM.s 			page 129


 3863              		.loc 1 1144 21 discriminator 1 view .LVU1255
 3864 0176 C4F86801 		str	r0, [r4, #360]
1148:CANopen/301/CO_PDO.c ****         return CO_ERROR_ILLEGAL_ARGUMENT;
 3865              		.loc 1 1148 5 is_stmt 1 view .LVU1256
1148:CANopen/301/CO_PDO.c ****         return CO_ERROR_ILLEGAL_ARGUMENT;
 3866              		.loc 1 1148 8 is_stmt 0 view .LVU1257
 3867 017a 0028     		cmp	r0, #0
 3868 017c 73D0     		beq	.L269
1152:CANopen/301/CO_PDO.c **** 
 3869              		.loc 1 1152 5 is_stmt 1 view .LVU1258
1152:CANopen/301/CO_PDO.c **** 
 3870              		.loc 1 1152 16 is_stmt 0 view .LVU1259
 3871 017e C4F808B0 		str	fp, [r4, #8]
1156:CANopen/301/CO_PDO.c ****     uint16_t eventTime = 0;
 3872              		.loc 1 1156 5 is_stmt 1 view .LVU1260
1156:CANopen/301/CO_PDO.c ****     uint16_t eventTime = 0;
 3873              		.loc 1 1156 14 is_stmt 0 view .LVU1261
 3874 0182 0027     		movs	r7, #0
 3875 0184 ADF81270 		strh	r7, [sp, #18]	@ movhi
1157:CANopen/301/CO_PDO.c ****     (void)OD_get_u16(OD_18xx_TPDOCommPar, 3, &inhibitTime, true);
 3876              		.loc 1 1157 5 is_stmt 1 view .LVU1262
1157:CANopen/301/CO_PDO.c ****     (void)OD_get_u16(OD_18xx_TPDOCommPar, 3, &inhibitTime, true);
 3877              		.loc 1 1157 14 is_stmt 0 view .LVU1263
 3878 0188 ADF81070 		strh	r7, [sp, #16]	@ movhi
1158:CANopen/301/CO_PDO.c ****     (void)OD_get_u16(OD_18xx_TPDOCommPar, 5, &eventTime, true);
 3879              		.loc 1 1158 5 is_stmt 1 view .LVU1264
 3880              	.LVL377:
 3881              	.LBB199:
 3882              	.LBI199:
 524:CANopen/301/CO_ODinterface.h ****     return OD_get_value(entry, subIndex, val, sizeof(*val), odOrig);
 3883              		.loc 3 524 1 view .LVU1265
 3884              	.LBB200:
 525:CANopen/301/CO_ODinterface.h **** }
 3885              		.loc 3 525 5 view .LVU1266
 525:CANopen/301/CO_ODinterface.h **** }
 3886              		.loc 3 525 12 is_stmt 0 view .LVU1267
 3887 018c 4FF0010B 		mov	fp, #1
 3888              	.LVL378:
 525:CANopen/301/CO_ODinterface.h **** }
 3889              		.loc 3 525 12 view .LVU1268
 3890 0190 CDF800B0 		str	fp, [sp]
 3891              	.LVL379:
 525:CANopen/301/CO_ODinterface.h **** }
 3892              		.loc 3 525 12 view .LVU1269
 3893 0194 0223     		movs	r3, #2
 3894 0196 0DF11202 		add	r2, sp, #18
 3895              	.LVL380:
 525:CANopen/301/CO_ODinterface.h **** }
 3896              		.loc 3 525 12 view .LVU1270
 3897 019a 0321     		movs	r1, #3
 3898 019c 3046     		mov	r0, r6
 3899 019e FFF7FEFF 		bl	OD_get_value
 3900              	.LVL381:
 525:CANopen/301/CO_ODinterface.h **** }
 3901              		.loc 3 525 12 view .LVU1271
 3902              	.LBE200:
 3903              	.LBE199:
ARM GAS  C:\Users\Lenovo\AppData\Local\Temp\ccL1vOqM.s 			page 130


1159:CANopen/301/CO_PDO.c ****     TPDO->inhibitTime_us = (uint32_t)inhibitTime * 100U;
 3904              		.loc 1 1159 5 is_stmt 1 view .LVU1272
 3905              	.LBB201:
 3906              	.LBI201:
 524:CANopen/301/CO_ODinterface.h ****     return OD_get_value(entry, subIndex, val, sizeof(*val), odOrig);
 3907              		.loc 3 524 1 view .LVU1273
 3908              	.LBB202:
 525:CANopen/301/CO_ODinterface.h **** }
 3909              		.loc 3 525 5 view .LVU1274
 525:CANopen/301/CO_ODinterface.h **** }
 3910              		.loc 3 525 12 is_stmt 0 view .LVU1275
 3911 01a2 CDF800B0 		str	fp, [sp]
 3912 01a6 0223     		movs	r3, #2
 3913 01a8 04AA     		add	r2, sp, #16
 3914              	.LVL382:
 525:CANopen/301/CO_ODinterface.h **** }
 3915              		.loc 3 525 12 view .LVU1276
 3916 01aa 0521     		movs	r1, #5
 3917 01ac 3046     		mov	r0, r6
 3918 01ae FFF7FEFF 		bl	OD_get_value
 3919              	.LVL383:
 525:CANopen/301/CO_ODinterface.h **** }
 3920              		.loc 3 525 12 view .LVU1277
 3921              	.LBE202:
 3922              	.LBE201:
1160:CANopen/301/CO_PDO.c ****     TPDO->eventTime_us = (uint32_t)eventTime * 1000U;
 3923              		.loc 1 1160 5 is_stmt 1 view .LVU1278
1160:CANopen/301/CO_PDO.c ****     TPDO->eventTime_us = (uint32_t)eventTime * 1000U;
 3924              		.loc 1 1160 28 is_stmt 0 view .LVU1279
 3925 01b2 BDF81230 		ldrh	r3, [sp, #18]
1160:CANopen/301/CO_PDO.c ****     TPDO->eventTime_us = (uint32_t)eventTime * 1000U;
 3926              		.loc 1 1160 50 view .LVU1280
 3927 01b6 6422     		movs	r2, #100
 3928 01b8 02FB03F3 		mul	r3, r2, r3
1160:CANopen/301/CO_PDO.c ****     TPDO->eventTime_us = (uint32_t)eventTime * 1000U;
 3929              		.loc 1 1160 26 view .LVU1281
 3930 01bc C4F87C31 		str	r3, [r4, #380]
1161:CANopen/301/CO_PDO.c **** #endif
 3931              		.loc 1 1161 5 is_stmt 1 view .LVU1282
1161:CANopen/301/CO_PDO.c **** #endif
 3932              		.loc 1 1161 26 is_stmt 0 view .LVU1283
 3933 01c0 BDF81030 		ldrh	r3, [sp, #16]
1161:CANopen/301/CO_PDO.c **** #endif
 3934              		.loc 1 1161 46 view .LVU1284
 3935 01c4 4FF47A72 		mov	r2, #1000
 3936 01c8 02FB03F3 		mul	r3, r2, r3
1161:CANopen/301/CO_PDO.c **** #endif
 3937              		.loc 1 1161 24 view .LVU1285
 3938 01cc C4F88031 		str	r3, [r4, #384]
1166:CANopen/301/CO_PDO.c ****     (void)OD_get_u8(OD_18xx_TPDOCommPar, 6, &TPDO->syncStartValue, true);
 3939              		.loc 1 1166 5 is_stmt 1 view .LVU1286
1166:CANopen/301/CO_PDO.c ****     (void)OD_get_u8(OD_18xx_TPDOCommPar, 6, &TPDO->syncStartValue, true);
 3940              		.loc 1 1166 26 is_stmt 0 view .LVU1287
 3941 01d0 84F87871 		strb	r7, [r4, #376]
1167:CANopen/301/CO_PDO.c ****     TPDO->SYNC = SYNC;
 3942              		.loc 1 1167 5 is_stmt 1 view .LVU1288
 3943              	.LVL384:
ARM GAS  C:\Users\Lenovo\AppData\Local\Temp\ccL1vOqM.s 			page 131


 3944              	.LBB203:
 3945              	.LBI203:
 518:CANopen/301/CO_ODinterface.h ****     return OD_get_value(entry, subIndex, val, sizeof(*val), odOrig);
 3946              		.loc 3 518 1 view .LVU1289
 3947              	.LBB204:
 519:CANopen/301/CO_ODinterface.h **** }
 3948              		.loc 3 519 5 view .LVU1290
 519:CANopen/301/CO_ODinterface.h **** }
 3949              		.loc 3 519 12 is_stmt 0 view .LVU1291
 3950 01d4 CDF800B0 		str	fp, [sp]
 3951 01d8 5B46     		mov	r3, fp
 3952 01da 04F5BC72 		add	r2, r4, #376
 3953              	.LVL385:
 519:CANopen/301/CO_ODinterface.h **** }
 3954              		.loc 3 519 12 view .LVU1292
 3955 01de 0621     		movs	r1, #6
 3956 01e0 3046     		mov	r0, r6
 3957 01e2 FFF7FEFF 		bl	OD_get_value
 3958              	.LVL386:
 519:CANopen/301/CO_ODinterface.h **** }
 3959              		.loc 3 519 12 view .LVU1293
 3960              	.LBE204:
 3961              	.LBE203:
1168:CANopen/301/CO_PDO.c ****     TPDO->syncCounter = 255;
 3962              		.loc 1 1168 5 is_stmt 1 view .LVU1294
1168:CANopen/301/CO_PDO.c ****     TPDO->syncCounter = 255;
 3963              		.loc 1 1168 16 is_stmt 0 view .LVU1295
 3964 01e6 039B     		ldr	r3, [sp, #12]
 3965 01e8 C4F87431 		str	r3, [r4, #372]
1169:CANopen/301/CO_PDO.c **** #endif
 3966              		.loc 1 1169 5 is_stmt 1 view .LVU1296
1169:CANopen/301/CO_PDO.c **** #endif
 3967              		.loc 1 1169 23 is_stmt 0 view .LVU1297
 3968 01ec FF23     		movs	r3, #255
 3969 01ee 84F87931 		strb	r3, [r4, #377]
1174:CANopen/301/CO_PDO.c ****     PDO->OD = OD;
 3970              		.loc 1 1174 5 is_stmt 1 view .LVU1298
1174:CANopen/301/CO_PDO.c ****     PDO->OD = OD;
 3971              		.loc 1 1174 17 is_stmt 0 view .LVU1299
 3972 01f2 C4F83871 		str	r7, [r4, #312]
1175:CANopen/301/CO_PDO.c ****     PDO->CANdevIdx = CANdevTxIdx;
 3973              		.loc 1 1175 5 is_stmt 1 view .LVU1300
1175:CANopen/301/CO_PDO.c ****     PDO->CANdevIdx = CANdevTxIdx;
 3974              		.loc 1 1175 13 is_stmt 0 view .LVU1301
 3975 01f6 C4F83C51 		str	r5, [r4, #316]
1176:CANopen/301/CO_PDO.c ****     PDO->preDefinedCanId = preDefinedCanId;
 3976              		.loc 1 1176 5 is_stmt 1 view .LVU1302
1176:CANopen/301/CO_PDO.c ****     PDO->preDefinedCanId = preDefinedCanId;
 3977              		.loc 1 1176 20 is_stmt 0 view .LVU1303
 3978 01fa A4F84091 		strh	r9, [r4, #320]	@ movhi
1177:CANopen/301/CO_PDO.c ****     PDO->configuredCanId = CAN_ID;
 3979              		.loc 1 1177 5 is_stmt 1 view .LVU1304
1177:CANopen/301/CO_PDO.c ****     PDO->configuredCanId = CAN_ID;
 3980              		.loc 1 1177 26 is_stmt 0 view .LVU1305
 3981 01fe A4F842A1 		strh	r10, [r4, #322]	@ movhi
1178:CANopen/301/CO_PDO.c ****     PDO->OD_communicationParam_ext.object = TPDO;
 3982              		.loc 1 1178 5 is_stmt 1 view .LVU1306
ARM GAS  C:\Users\Lenovo\AppData\Local\Temp\ccL1vOqM.s 			page 132


1178:CANopen/301/CO_PDO.c ****     PDO->OD_communicationParam_ext.object = TPDO;
 3983              		.loc 1 1178 26 is_stmt 0 view .LVU1307
 3984 0202 A4F84481 		strh	r8, [r4, #324]	@ movhi
1179:CANopen/301/CO_PDO.c ****     PDO->OD_communicationParam_ext.read = OD_read_PDO_commParam;
 3985              		.loc 1 1179 5 is_stmt 1 view .LVU1308
1179:CANopen/301/CO_PDO.c ****     PDO->OD_communicationParam_ext.read = OD_read_PDO_commParam;
 3986              		.loc 1 1179 43 is_stmt 0 view .LVU1309
 3987 0206 C4F84841 		str	r4, [r4, #328]
1180:CANopen/301/CO_PDO.c ****     PDO->OD_communicationParam_ext.write = OD_write_18xx;
 3988              		.loc 1 1180 5 is_stmt 1 view .LVU1310
1180:CANopen/301/CO_PDO.c ****     PDO->OD_communicationParam_ext.write = OD_write_18xx;
 3989              		.loc 1 1180 41 is_stmt 0 view .LVU1311
 3990 020a 194B     		ldr	r3, .L274
 3991 020c C4F84C31 		str	r3, [r4, #332]
1181:CANopen/301/CO_PDO.c ****     PDO->OD_mappingParam_extension.object = TPDO;
 3992              		.loc 1 1181 5 is_stmt 1 view .LVU1312
1181:CANopen/301/CO_PDO.c ****     PDO->OD_mappingParam_extension.object = TPDO;
 3993              		.loc 1 1181 42 is_stmt 0 view .LVU1313
 3994 0210 184B     		ldr	r3, .L274+4
 3995 0212 C4F85031 		str	r3, [r4, #336]
1182:CANopen/301/CO_PDO.c ****     PDO->OD_mappingParam_extension.read = OD_readOriginal;
 3996              		.loc 1 1182 5 is_stmt 1 view .LVU1314
1182:CANopen/301/CO_PDO.c ****     PDO->OD_mappingParam_extension.read = OD_readOriginal;
 3997              		.loc 1 1182 43 is_stmt 0 view .LVU1315
 3998 0216 C4F85841 		str	r4, [r4, #344]
1183:CANopen/301/CO_PDO.c ****     PDO->OD_mappingParam_extension.write = OD_write_PDO_mapping;
 3999              		.loc 1 1183 5 is_stmt 1 view .LVU1316
1183:CANopen/301/CO_PDO.c ****     PDO->OD_mappingParam_extension.write = OD_write_PDO_mapping;
 4000              		.loc 1 1183 41 is_stmt 0 view .LVU1317
 4001 021a 174B     		ldr	r3, .L274+8
 4002 021c C4F85C31 		str	r3, [r4, #348]
1184:CANopen/301/CO_PDO.c ****     (void)OD_extension_init(OD_18xx_TPDOCommPar, &PDO->OD_communicationParam_ext);
 4003              		.loc 1 1184 5 is_stmt 1 view .LVU1318
1184:CANopen/301/CO_PDO.c ****     (void)OD_extension_init(OD_18xx_TPDOCommPar, &PDO->OD_communicationParam_ext);
 4004              		.loc 1 1184 42 is_stmt 0 view .LVU1319
 4005 0220 164B     		ldr	r3, .L274+12
 4006 0222 C4F86031 		str	r3, [r4, #352]
1185:CANopen/301/CO_PDO.c ****     (void)OD_extension_init(OD_1Axx_TPDOMapPar, &PDO->OD_mappingParam_extension);
 4007              		.loc 1 1185 5 is_stmt 1 view .LVU1320
1185:CANopen/301/CO_PDO.c ****     (void)OD_extension_init(OD_1Axx_TPDOMapPar, &PDO->OD_mappingParam_extension);
 4008              		.loc 1 1185 11 is_stmt 0 view .LVU1321
 4009 0226 04F5A473 		add	r3, r4, #328
 4010              	.LVL387:
 4011              	.LBB205:
 4012              	.LBI205:
 463:CANopen/301/CO_ODinterface.h ****     if (entry == NULL) {
 4013              		.loc 3 463 1 is_stmt 1 view .LVU1322
 4014              	.LBB206:
 464:CANopen/301/CO_ODinterface.h ****         return ODR_IDX_NOT_EXIST;
 4015              		.loc 3 464 5 view .LVU1323
 467:CANopen/301/CO_ODinterface.h ****     return ODR_OK;
 4016              		.loc 3 467 5 view .LVU1324
 467:CANopen/301/CO_ODinterface.h ****     return ODR_OK;
 4017              		.loc 3 467 22 is_stmt 0 view .LVU1325
 4018 022a B360     		str	r3, [r6, #8]
 468:CANopen/301/CO_ODinterface.h **** }
 4019              		.loc 3 468 5 is_stmt 1 view .LVU1326
ARM GAS  C:\Users\Lenovo\AppData\Local\Temp\ccL1vOqM.s 			page 133


 4020              	.LVL388:
 468:CANopen/301/CO_ODinterface.h **** }
 4021              		.loc 3 468 5 is_stmt 0 view .LVU1327
 4022              	.LBE206:
 4023              	.LBE205:
1186:CANopen/301/CO_PDO.c **** #endif
 4024              		.loc 1 1186 5 is_stmt 1 view .LVU1328
1186:CANopen/301/CO_PDO.c **** #endif
 4025              		.loc 1 1186 11 is_stmt 0 view .LVU1329
 4026 022c 04F5AC74 		add	r4, r4, #344
 4027              	.LVL389:
 4028              	.LBB207:
 4029              	.LBI207:
 463:CANopen/301/CO_ODinterface.h ****     if (entry == NULL) {
 4030              		.loc 3 463 1 is_stmt 1 view .LVU1330
 4031              	.LBB208:
 464:CANopen/301/CO_ODinterface.h ****         return ODR_IDX_NOT_EXIST;
 4032              		.loc 3 464 5 view .LVU1331
 467:CANopen/301/CO_ODinterface.h ****     return ODR_OK;
 4033              		.loc 3 467 5 view .LVU1332
 467:CANopen/301/CO_ODinterface.h ****     return ODR_OK;
 4034              		.loc 3 467 22 is_stmt 0 view .LVU1333
 4035 0230 149B     		ldr	r3, [sp, #80]
 4036 0232 9C60     		str	r4, [r3, #8]
 468:CANopen/301/CO_ODinterface.h **** }
 4037              		.loc 3 468 5 is_stmt 1 view .LVU1334
 4038              	.LVL390:
 468:CANopen/301/CO_ODinterface.h **** }
 4039              		.loc 3 468 5 is_stmt 0 view .LVU1335
 4040              	.LBE208:
 4041              	.LBE207:
1189:CANopen/301/CO_PDO.c **** }
 4042              		.loc 1 1189 5 is_stmt 1 view .LVU1336
1189:CANopen/301/CO_PDO.c **** }
 4043              		.loc 1 1189 12 is_stmt 0 view .LVU1337
 4044 0234 19E7     		b	.L249
 4045              	.LVL391:
 4046              	.L260:
1072:CANopen/301/CO_PDO.c ****     }
 4047              		.loc 1 1072 16 view .LVU1338
 4048 0236 4FF0FF33 		mov	r3, #-1
 4049              	.LVL392:
1072:CANopen/301/CO_PDO.c ****     }
 4050              		.loc 1 1072 16 view .LVU1339
 4051 023a 0293     		str	r3, [sp, #8]
 4052 023c 15E7     		b	.L249
 4053              	.LVL393:
 4054              	.L261:
1072:CANopen/301/CO_PDO.c ****     }
 4055              		.loc 1 1072 16 view .LVU1340
 4056 023e 4FF0FF33 		mov	r3, #-1
 4057              	.LVL394:
1072:CANopen/301/CO_PDO.c ****     }
 4058              		.loc 1 1072 16 view .LVU1341
 4059 0242 0293     		str	r3, [sp, #8]
 4060 0244 11E7     		b	.L249
 4061              	.LVL395:
ARM GAS  C:\Users\Lenovo\AppData\Local\Temp\ccL1vOqM.s 			page 134


 4062              	.L262:
1072:CANopen/301/CO_PDO.c ****     }
 4063              		.loc 1 1072 16 view .LVU1342
 4064 0246 4FF0FF33 		mov	r3, #-1
 4065              	.LVL396:
1072:CANopen/301/CO_PDO.c ****     }
 4066              		.loc 1 1072 16 view .LVU1343
 4067 024a 0293     		str	r3, [sp, #8]
 4068 024c 0DE7     		b	.L249
 4069              	.LVL397:
 4070              	.L263:
1072:CANopen/301/CO_PDO.c ****     }
 4071              		.loc 1 1072 16 view .LVU1344
 4072 024e 4FF0FF33 		mov	r3, #-1
 4073              	.LVL398:
1072:CANopen/301/CO_PDO.c ****     }
 4074              		.loc 1 1072 16 view .LVU1345
 4075 0252 0293     		str	r3, [sp, #8]
 4076 0254 09E7     		b	.L249
 4077              	.L264:
 4078 0256 4FF0FF33 		mov	r3, #-1
 4079 025a 0293     		str	r3, [sp, #8]
 4080 025c 05E7     		b	.L249
 4081              	.L265:
 4082 025e 4FF0FF33 		mov	r3, #-1
 4083 0262 0293     		str	r3, [sp, #8]
 4084 0264 01E7     		b	.L249
 4085              	.LVL399:
 4086              	.L269:
1149:CANopen/301/CO_PDO.c ****     }
 4087              		.loc 1 1149 16 view .LVU1346
 4088 0266 4FF0FF33 		mov	r3, #-1
 4089 026a 0293     		str	r3, [sp, #8]
 4090              	.LVL400:
1149:CANopen/301/CO_PDO.c ****     }
 4091              		.loc 1 1149 16 view .LVU1347
 4092 026c FDE6     		b	.L249
 4093              	.L275:
 4094 026e 00BF     		.align	2
 4095              	.L274:
 4096 0270 00000000 		.word	OD_read_PDO_commParam
 4097 0274 00000000 		.word	OD_write_18xx
 4098 0278 00000000 		.word	OD_readOriginal
 4099 027c 00000000 		.word	OD_write_PDO_mapping
 4100              		.cfi_endproc
 4101              	.LFE47:
 4103              		.section	.text.CO_TPDO_process,"ax",%progbits
 4104              		.align	1
 4105              		.global	CO_TPDO_process
 4106              		.syntax unified
 4107              		.thumb
 4108              		.thumb_func
 4110              	CO_TPDO_process:
 4111              	.LVL401:
 4112              	.LFB49:
1344:CANopen/301/CO_PDO.c **** 
1345:CANopen/301/CO_PDO.c **** void
ARM GAS  C:\Users\Lenovo\AppData\Local\Temp\ccL1vOqM.s 			page 135


1346:CANopen/301/CO_PDO.c **** CO_TPDO_process(CO_TPDO_t* TPDO,
1347:CANopen/301/CO_PDO.c **** #if (((CO_CONFIG_PDO)&CO_CONFIG_TPDO_TIMERS_ENABLE) != 0) || defined CO_DOXYGEN
1348:CANopen/301/CO_PDO.c ****                 uint32_t timeDifference_us, uint32_t* timerNext_us,
1349:CANopen/301/CO_PDO.c **** #endif
1350:CANopen/301/CO_PDO.c ****                 bool_t NMTisOperational, bool_t syncWas) {
 4113              		.loc 1 1350 58 is_stmt 1 view -0
 4114              		.cfi_startproc
 4115              		@ args = 4, pretend = 0, frame = 0
 4116              		@ frame_needed = 0, uses_anonymous_args = 0
1351:CANopen/301/CO_PDO.c ****     CO_PDO_common_t* PDO = &TPDO->PDO_common;
 4117              		.loc 1 1351 5 view .LVU1349
1352:CANopen/301/CO_PDO.c **** #if (((CO_CONFIG_PDO)&CO_CONFIG_TPDO_TIMERS_ENABLE)) != 0
1353:CANopen/301/CO_PDO.c ****     (void)timerNext_us;
 4118              		.loc 1 1353 5 view .LVU1350
1354:CANopen/301/CO_PDO.c **** #endif
1355:CANopen/301/CO_PDO.c ****     (void)syncWas;
 4119              		.loc 1 1355 5 view .LVU1351
1356:CANopen/301/CO_PDO.c **** 
1357:CANopen/301/CO_PDO.c ****     if (PDO->valid && NMTisOperational) {
 4120              		.loc 1 1357 5 view .LVU1352
 4121              		.loc 1 1357 12 is_stmt 0 view .LVU1353
 4122 0000 8268     		ldr	r2, [r0, #8]
 4123              	.LVL402:
 4124              		.loc 1 1357 8 view .LVU1354
 4125 0002 002A     		cmp	r2, #0
 4126 0004 00F08280 		beq	.L277
 4127              		.loc 1 1357 20 discriminator 1 view .LVU1355
 4128 0008 002B     		cmp	r3, #0
 4129 000a 7FD0     		beq	.L277
1350:CANopen/301/CO_PDO.c ****     CO_PDO_common_t* PDO = &TPDO->PDO_common;
 4130              		.loc 1 1350 58 view .LVU1356
 4131 000c 10B5     		push	{r4, lr}
 4132              	.LCFI43:
 4133              		.cfi_def_cfa_offset 8
 4134              		.cfi_offset 4, -8
 4135              		.cfi_offset 14, -4
1358:CANopen/301/CO_PDO.c **** 
1359:CANopen/301/CO_PDO.c ****         /* check for event timer or application event */
1360:CANopen/301/CO_PDO.c **** #if (((CO_CONFIG_PDO)&CO_CONFIG_TPDO_TIMERS_ENABLE) != 0) || (OD_FLAGS_PDO_SIZE > 0)
1361:CANopen/301/CO_PDO.c ****         if ((TPDO->transmissionType == (uint8_t)CO_PDO_TRANSM_TYPE_SYNC_ACYCLIC)
 4136              		.loc 1 1361 9 is_stmt 1 view .LVU1357
 4137              		.loc 1 1361 18 is_stmt 0 view .LVU1358
 4138 000e 90F86C41 		ldrb	r4, [r0, #364]	@ zero_extendqisi2
1362:CANopen/301/CO_PDO.c ****             || (TPDO->transmissionType >= (uint8_t)CO_PDO_TRANSM_TYPE_SYNC_EVENT_LO)) {
 4139              		.loc 1 1362 13 view .LVU1359
 4140 0012 631E     		subs	r3, r4, #1
 4141              	.LVL403:
 4142              		.loc 1 1362 13 view .LVU1360
 4143 0014 DBB2     		uxtb	r3, r3
1361:CANopen/301/CO_PDO.c ****             || (TPDO->transmissionType >= (uint8_t)CO_PDO_TRANSM_TYPE_SYNC_EVENT_LO)) {
 4144              		.loc 1 1361 12 view .LVU1361
 4145 0016 FC2B     		cmp	r3, #252
 4146 0018 10D9     		bls	.L278
1363:CANopen/301/CO_PDO.c ****             /* event timer */
1364:CANopen/301/CO_PDO.c **** #if ((CO_CONFIG_PDO)&CO_CONFIG_TPDO_TIMERS_ENABLE) != 0
1365:CANopen/301/CO_PDO.c ****             if (TPDO->eventTime_us != 0U) {
 4147              		.loc 1 1365 13 is_stmt 1 view .LVU1362
ARM GAS  C:\Users\Lenovo\AppData\Local\Temp\ccL1vOqM.s 			page 136


 4148              		.loc 1 1365 21 is_stmt 0 view .LVU1363
 4149 001a D0F88031 		ldr	r3, [r0, #384]
 4150              		.loc 1 1365 16 view .LVU1364
 4151 001e 53B1     		cbz	r3, .L279
1366:CANopen/301/CO_PDO.c ****                 TPDO->eventTimer = (TPDO->eventTimer > timeDifference_us) ? (TPDO->eventTimer - tim
 4152              		.loc 1 1366 17 is_stmt 1 view .LVU1365
 4153              		.loc 1 1366 41 is_stmt 0 view .LVU1366
 4154 0020 D0F88831 		ldr	r3, [r0, #392]
 4155              		.loc 1 1366 116 view .LVU1367
 4156 0024 8B42     		cmp	r3, r1
 4157 0026 17D9     		bls	.L291
 4158              		.loc 1 1366 116 discriminator 1 view .LVU1368
 4159 0028 5B1A     		subs	r3, r3, r1
 4160              	.L280:
 4161              		.loc 1 1366 34 discriminator 4 view .LVU1369
 4162 002a C0F88831 		str	r3, [r0, #392]
1367:CANopen/301/CO_PDO.c ****                 if (TPDO->eventTimer == 0U) {
 4163              		.loc 1 1367 17 is_stmt 1 view .LVU1370
 4164              		.loc 1 1367 20 is_stmt 0 view .LVU1371
 4165 002e 13B9     		cbnz	r3, .L279
1368:CANopen/301/CO_PDO.c ****                     TPDO->sendRequest = true;
 4166              		.loc 1 1368 21 is_stmt 1 view .LVU1372
 4167              		.loc 1 1368 39 is_stmt 0 view .LVU1373
 4168 0030 0123     		movs	r3, #1
 4169 0032 C0F87031 		str	r3, [r0, #368]
 4170              	.L279:
1369:CANopen/301/CO_PDO.c ****                 }
1370:CANopen/301/CO_PDO.c **** #if ((CO_CONFIG_PDO)&CO_CONFIG_FLAG_TIMERNEXT) != 0
1371:CANopen/301/CO_PDO.c ****                 if ((timerNext_us != NULL) && (*timerNext_us > TPDO->eventTimer)) {
1372:CANopen/301/CO_PDO.c ****                     /* Schedule for next event time */
1373:CANopen/301/CO_PDO.c ****                     *timerNext_us = TPDO->eventTimer;
1374:CANopen/301/CO_PDO.c ****                 }
1375:CANopen/301/CO_PDO.c **** #endif
1376:CANopen/301/CO_PDO.c ****             }
1377:CANopen/301/CO_PDO.c **** #endif
1378:CANopen/301/CO_PDO.c ****             /* check for any OD_requestTPDO() */
1379:CANopen/301/CO_PDO.c **** #if OD_FLAGS_PDO_SIZE > 0
1380:CANopen/301/CO_PDO.c ****             if (!TPDO->sendRequest) {
 4171              		.loc 1 1380 13 is_stmt 1 view .LVU1374
 4172              		.loc 1 1380 22 is_stmt 0 view .LVU1375
 4173 0036 D0F87031 		ldr	r3, [r0, #368]
 4174              		.loc 1 1380 16 view .LVU1376
 4175 003a 33B3     		cbz	r3, .L292
 4176              	.L278:
1381:CANopen/301/CO_PDO.c ****                 for (uint8_t i = 0; i < PDO->mappedObjectsCount; i++) {
1382:CANopen/301/CO_PDO.c ****                     uint8_t* flagPDObyte = PDO->flagPDObyte[i];
1383:CANopen/301/CO_PDO.c ****                     if (flagPDObyte != NULL) {
1384:CANopen/301/CO_PDO.c ****                         if ((*flagPDObyte & PDO->flagPDObitmask[i]) == 0U) {
1385:CANopen/301/CO_PDO.c ****                             TPDO->sendRequest = true;
1386:CANopen/301/CO_PDO.c ****                             break;
1387:CANopen/301/CO_PDO.c ****                         }
1388:CANopen/301/CO_PDO.c ****                     }
1389:CANopen/301/CO_PDO.c ****                 }
1390:CANopen/301/CO_PDO.c ****             }
1391:CANopen/301/CO_PDO.c **** #endif
1392:CANopen/301/CO_PDO.c ****         }
1393:CANopen/301/CO_PDO.c **** #endif /* ((CO_CONFIG_PDO)&CO_CONFIG_TPDO_TIMERS_ENABLE)||(OD_FLAGS_PDO_SIZE>0) */
ARM GAS  C:\Users\Lenovo\AppData\Local\Temp\ccL1vOqM.s 			page 137


1394:CANopen/301/CO_PDO.c **** 
1395:CANopen/301/CO_PDO.c ****         /* Send PDO by application request or by Event timer */
1396:CANopen/301/CO_PDO.c ****         if (TPDO->transmissionType >= (uint8_t)CO_PDO_TRANSM_TYPE_SYNC_EVENT_LO) {
 4177              		.loc 1 1396 9 is_stmt 1 view .LVU1377
 4178              		.loc 1 1396 12 is_stmt 0 view .LVU1378
 4179 003c FD2C     		cmp	r4, #253
 4180 003e 2BD9     		bls	.L284
1397:CANopen/301/CO_PDO.c **** #if ((CO_CONFIG_PDO)&CO_CONFIG_TPDO_TIMERS_ENABLE) != 0
1398:CANopen/301/CO_PDO.c ****             TPDO->inhibitTimer = (TPDO->inhibitTimer > timeDifference_us) ? (TPDO->inhibitTimer - t
 4181              		.loc 1 1398 13 is_stmt 1 view .LVU1379
 4182              		.loc 1 1398 39 is_stmt 0 view .LVU1380
 4183 0040 D0F88431 		ldr	r3, [r0, #388]
1399:CANopen/301/CO_PDO.c ****                                                                           : 0U;
 4184              		.loc 1 1399 75 view .LVU1381
 4185 0044 8B42     		cmp	r3, r1
 4186 0046 22D9     		bls	.L293
 4187              		.loc 1 1399 75 discriminator 1 view .LVU1382
 4188 0048 5B1A     		subs	r3, r3, r1
 4189              	.L285:
1398:CANopen/301/CO_PDO.c ****                                                                           : 0U;
 4190              		.loc 1 1398 32 view .LVU1383
 4191 004a C0F88431 		str	r3, [r0, #388]
1400:CANopen/301/CO_PDO.c **** 
1401:CANopen/301/CO_PDO.c ****             /* send TPDO */
1402:CANopen/301/CO_PDO.c ****             if (TPDO->sendRequest && (TPDO->inhibitTimer == 0U)) {
 4192              		.loc 1 1402 13 is_stmt 1 view .LVU1384
 4193              		.loc 1 1402 21 is_stmt 0 view .LVU1385
 4194 004e D0F87021 		ldr	r2, [r0, #368]
 4195              		.loc 1 1402 16 view .LVU1386
 4196 0052 02B1     		cbz	r2, .L276
 4197              		.loc 1 1402 35 discriminator 1 view .LVU1387
 4198 0054 EBB1     		cbz	r3, .L298
 4199              	.LVL404:
 4200              	.L276:
1403:CANopen/301/CO_PDO.c ****                 (void)CO_TPDOsend(TPDO);
1404:CANopen/301/CO_PDO.c ****             }
1405:CANopen/301/CO_PDO.c **** 
1406:CANopen/301/CO_PDO.c **** #if ((CO_CONFIG_PDO)&CO_CONFIG_FLAG_TIMERNEXT) != 0
1407:CANopen/301/CO_PDO.c ****             if (TPDO->sendRequest && (timerNext_us != NULL) && (*timerNext_us > TPDO->inhibitTimer)
1408:CANopen/301/CO_PDO.c ****                 /* Schedule for just beyond inhibit window */
1409:CANopen/301/CO_PDO.c ****                 *timerNext_us = TPDO->inhibitTimer;
1410:CANopen/301/CO_PDO.c ****             }
1411:CANopen/301/CO_PDO.c **** #endif
1412:CANopen/301/CO_PDO.c **** #else
1413:CANopen/301/CO_PDO.c ****             if (TPDO->sendRequest) {
1414:CANopen/301/CO_PDO.c ****                 (void)CO_TPDOsend(TPDO);
1415:CANopen/301/CO_PDO.c ****             }
1416:CANopen/301/CO_PDO.c **** #endif
1417:CANopen/301/CO_PDO.c ****         } /* if (TPDO->transmissionType >= CO_PDO_TRANSM_TYPE_SYNC_EVENT_LO) */
1418:CANopen/301/CO_PDO.c **** 
1419:CANopen/301/CO_PDO.c ****         /* Synchronous PDOs */
1420:CANopen/301/CO_PDO.c **** #if ((CO_CONFIG_PDO)&CO_CONFIG_PDO_SYNC_ENABLE) != 0
1421:CANopen/301/CO_PDO.c ****         else if ((TPDO->SYNC != NULL) && syncWas) {
1422:CANopen/301/CO_PDO.c ****             /* send synchronous acyclic TPDO */
1423:CANopen/301/CO_PDO.c ****             if (TPDO->transmissionType == (uint8_t)CO_PDO_TRANSM_TYPE_SYNC_ACYCLIC) {
1424:CANopen/301/CO_PDO.c ****                 if (TPDO->sendRequest) {
1425:CANopen/301/CO_PDO.c ****                     (void)CO_TPDOsend(TPDO);
ARM GAS  C:\Users\Lenovo\AppData\Local\Temp\ccL1vOqM.s 			page 138


1426:CANopen/301/CO_PDO.c ****                 }
1427:CANopen/301/CO_PDO.c ****             }
1428:CANopen/301/CO_PDO.c ****             /* send synchronous cyclic TPDO */
1429:CANopen/301/CO_PDO.c ****             else {
1430:CANopen/301/CO_PDO.c ****                 /* is the start of synchronous TPDO transmission */
1431:CANopen/301/CO_PDO.c ****                 if (TPDO->syncCounter == 255U) {
1432:CANopen/301/CO_PDO.c ****                     if ((TPDO->SYNC->counterOverflowValue != 0U) && (TPDO->syncStartValue != 0U)) {
1433:CANopen/301/CO_PDO.c ****                         /* syncStartValue is in use */
1434:CANopen/301/CO_PDO.c ****                         TPDO->syncCounter = 254;
1435:CANopen/301/CO_PDO.c ****                     } else {
1436:CANopen/301/CO_PDO.c ****                         /* Send first TPDO somewhere in the middle */
1437:CANopen/301/CO_PDO.c ****                         TPDO->syncCounter = (TPDO->transmissionType / 2U) + 1U;
1438:CANopen/301/CO_PDO.c ****                     }
1439:CANopen/301/CO_PDO.c ****                 }
1440:CANopen/301/CO_PDO.c ****                 /* If the syncStartValue is in use, start first TPDO after SYNC with matched syncSt
1441:CANopen/301/CO_PDO.c ****                 if (TPDO->syncCounter == 254U) {
1442:CANopen/301/CO_PDO.c ****                     if (TPDO->SYNC->counter == TPDO->syncStartValue) {
1443:CANopen/301/CO_PDO.c ****                         TPDO->syncCounter = TPDO->transmissionType;
1444:CANopen/301/CO_PDO.c ****                         (void)CO_TPDOsend(TPDO);
1445:CANopen/301/CO_PDO.c ****                     }
1446:CANopen/301/CO_PDO.c ****                 }
1447:CANopen/301/CO_PDO.c ****                 /* Send TPDO after every N-th Sync */
1448:CANopen/301/CO_PDO.c ****                 else if (--TPDO->syncCounter == 0U) {
1449:CANopen/301/CO_PDO.c ****                     TPDO->syncCounter = TPDO->transmissionType;
1450:CANopen/301/CO_PDO.c ****                     (void)CO_TPDOsend(TPDO);
1451:CANopen/301/CO_PDO.c ****                 } else { /* MISRA C 2004 14.10 */
1452:CANopen/301/CO_PDO.c ****                 }
1453:CANopen/301/CO_PDO.c ****             }
1454:CANopen/301/CO_PDO.c ****         }      /* else if (TPDO->SYNC && syncWas) */
1455:CANopen/301/CO_PDO.c ****         else { /* MISRA C 2004 14.10 */
1456:CANopen/301/CO_PDO.c ****         }
1457:CANopen/301/CO_PDO.c **** #endif
1458:CANopen/301/CO_PDO.c **** 
1459:CANopen/301/CO_PDO.c ****     } else {
1460:CANopen/301/CO_PDO.c ****         /* Not operational or valid, reset triggers */
1461:CANopen/301/CO_PDO.c ****         TPDO->sendRequest = true;
1462:CANopen/301/CO_PDO.c **** #if ((CO_CONFIG_PDO)&CO_CONFIG_TPDO_TIMERS_ENABLE) != 0
1463:CANopen/301/CO_PDO.c ****         TPDO->inhibitTimer = 0;
1464:CANopen/301/CO_PDO.c ****         TPDO->eventTimer = 0;
1465:CANopen/301/CO_PDO.c **** #endif
1466:CANopen/301/CO_PDO.c **** #if ((CO_CONFIG_PDO)&CO_CONFIG_PDO_SYNC_ENABLE) != 0
1467:CANopen/301/CO_PDO.c ****         TPDO->syncCounter = 255;
1468:CANopen/301/CO_PDO.c **** #endif
1469:CANopen/301/CO_PDO.c ****     }
1470:CANopen/301/CO_PDO.c **** }
 4201              		.loc 1 1470 1 view .LVU1388
 4202 0056 10BD     		pop	{r4, pc}
 4203              	.LVL405:
 4204              	.L291:
1366:CANopen/301/CO_PDO.c ****                 if (TPDO->eventTimer == 0U) {
 4205              		.loc 1 1366 116 discriminator 2 view .LVU1389
 4206 0058 0023     		movs	r3, #0
 4207 005a E6E7     		b	.L280
 4208              	.LVL406:
 4209              	.L282:
 4210              	.LBB209:
1381:CANopen/301/CO_PDO.c ****                     uint8_t* flagPDObyte = PDO->flagPDObyte[i];
ARM GAS  C:\Users\Lenovo\AppData\Local\Temp\ccL1vOqM.s 			page 139


 4211              		.loc 1 1381 67 is_stmt 1 discriminator 2 view .LVU1390
 4212 005c 0133     		adds	r3, r3, #1
 4213              	.LVL407:
1381:CANopen/301/CO_PDO.c ****                     uint8_t* flagPDObyte = PDO->flagPDObyte[i];
 4214              		.loc 1 1381 67 is_stmt 0 discriminator 2 view .LVU1391
 4215 005e DBB2     		uxtb	r3, r3
 4216              	.LVL408:
 4217              	.L281:
1381:CANopen/301/CO_PDO.c ****                     uint8_t* flagPDObyte = PDO->flagPDObyte[i];
 4218              		.loc 1 1381 39 is_stmt 1 discriminator 1 view .LVU1392
1381:CANopen/301/CO_PDO.c ****                     uint8_t* flagPDObyte = PDO->flagPDObyte[i];
 4219              		.loc 1 1381 44 is_stmt 0 discriminator 1 view .LVU1393
 4220 0060 427B     		ldrb	r2, [r0, #13]	@ zero_extendqisi2
1381:CANopen/301/CO_PDO.c ****                     uint8_t* flagPDObyte = PDO->flagPDObyte[i];
 4221              		.loc 1 1381 39 discriminator 1 view .LVU1394
 4222 0062 9A42     		cmp	r2, r3
 4223 0064 EAD9     		bls	.L278
 4224              	.LBB210:
1382:CANopen/301/CO_PDO.c ****                     if (flagPDObyte != NULL) {
 4225              		.loc 1 1382 21 is_stmt 1 view .LVU1395
1382:CANopen/301/CO_PDO.c ****                     if (flagPDObyte != NULL) {
 4226              		.loc 1 1382 30 is_stmt 0 view .LVU1396
 4227 0066 03F14402 		add	r2, r3, #68
 4228 006a 50F82220 		ldr	r2, [r0, r2, lsl #2]
 4229              	.LVL409:
1383:CANopen/301/CO_PDO.c ****                         if ((*flagPDObyte & PDO->flagPDObitmask[i]) == 0U) {
 4230              		.loc 1 1383 21 is_stmt 1 view .LVU1397
1383:CANopen/301/CO_PDO.c ****                         if ((*flagPDObyte & PDO->flagPDObitmask[i]) == 0U) {
 4231              		.loc 1 1383 24 is_stmt 0 view .LVU1398
 4232 006e 002A     		cmp	r2, #0
 4233 0070 F4D0     		beq	.L282
1384:CANopen/301/CO_PDO.c ****                             TPDO->sendRequest = true;
 4234              		.loc 1 1384 25 is_stmt 1 view .LVU1399
1384:CANopen/301/CO_PDO.c ****                             TPDO->sendRequest = true;
 4235              		.loc 1 1384 30 is_stmt 0 view .LVU1400
 4236 0072 92F800C0 		ldrb	ip, [r2]	@ zero_extendqisi2
1384:CANopen/301/CO_PDO.c ****                             TPDO->sendRequest = true;
 4237              		.loc 1 1384 64 view .LVU1401
 4238 0076 C218     		adds	r2, r0, r3
 4239              	.LVL410:
1384:CANopen/301/CO_PDO.c ****                             TPDO->sendRequest = true;
 4240              		.loc 1 1384 64 view .LVU1402
 4241 0078 92F83021 		ldrb	r2, [r2, #304]	@ zero_extendqisi2
1384:CANopen/301/CO_PDO.c ****                             TPDO->sendRequest = true;
 4242              		.loc 1 1384 28 view .LVU1403
 4243 007c 1CEA020F 		tst	ip, r2
 4244 0080 ECD1     		bne	.L282
1385:CANopen/301/CO_PDO.c ****                             break;
 4245              		.loc 1 1385 29 is_stmt 1 view .LVU1404
1385:CANopen/301/CO_PDO.c ****                             break;
 4246              		.loc 1 1385 47 is_stmt 0 view .LVU1405
 4247 0082 0123     		movs	r3, #1
 4248              	.LVL411:
1385:CANopen/301/CO_PDO.c ****                             break;
 4249              		.loc 1 1385 47 view .LVU1406
 4250 0084 C0F87031 		str	r3, [r0, #368]
1386:CANopen/301/CO_PDO.c ****                         }
ARM GAS  C:\Users\Lenovo\AppData\Local\Temp\ccL1vOqM.s 			page 140


 4251              		.loc 1 1386 29 is_stmt 1 view .LVU1407
 4252 0088 D8E7     		b	.L278
 4253              	.LVL412:
 4254              	.L292:
1386:CANopen/301/CO_PDO.c ****                         }
 4255              		.loc 1 1386 29 is_stmt 0 view .LVU1408
 4256              	.LBE210:
1381:CANopen/301/CO_PDO.c ****                     uint8_t* flagPDObyte = PDO->flagPDObyte[i];
 4257              		.loc 1 1381 30 view .LVU1409
 4258 008a 0023     		movs	r3, #0
 4259 008c E8E7     		b	.L281
 4260              	.L293:
1381:CANopen/301/CO_PDO.c ****                     uint8_t* flagPDObyte = PDO->flagPDObyte[i];
 4261              		.loc 1 1381 30 view .LVU1410
 4262              	.LBE209:
1399:CANopen/301/CO_PDO.c **** 
 4263              		.loc 1 1399 75 discriminator 2 view .LVU1411
 4264 008e 0023     		movs	r3, #0
 4265 0090 DBE7     		b	.L285
 4266              	.L298:
1403:CANopen/301/CO_PDO.c ****             }
 4267              		.loc 1 1403 17 is_stmt 1 view .LVU1412
1403:CANopen/301/CO_PDO.c ****             }
 4268              		.loc 1 1403 23 is_stmt 0 view .LVU1413
 4269 0092 FFF7FEFF 		bl	CO_TPDOsend
 4270              	.LVL413:
1403:CANopen/301/CO_PDO.c ****             }
 4271              		.loc 1 1403 23 view .LVU1414
 4272 0096 DEE7     		b	.L276
 4273              	.LVL414:
 4274              	.L284:
1421:CANopen/301/CO_PDO.c ****             /* send synchronous acyclic TPDO */
 4275              		.loc 1 1421 14 is_stmt 1 view .LVU1415
1421:CANopen/301/CO_PDO.c ****             /* send synchronous acyclic TPDO */
 4276              		.loc 1 1421 23 is_stmt 0 view .LVU1416
 4277 0098 D0F87431 		ldr	r3, [r0, #372]
1421:CANopen/301/CO_PDO.c ****             /* send synchronous acyclic TPDO */
 4278              		.loc 1 1421 17 view .LVU1417
 4279 009c 002B     		cmp	r3, #0
 4280 009e DAD0     		beq	.L276
1421:CANopen/301/CO_PDO.c ****             /* send synchronous acyclic TPDO */
 4281              		.loc 1 1421 39 discriminator 1 view .LVU1418
 4282 00a0 029A     		ldr	r2, [sp, #8]
 4283 00a2 002A     		cmp	r2, #0
 4284 00a4 D7D0     		beq	.L276
1423:CANopen/301/CO_PDO.c ****                 if (TPDO->sendRequest) {
 4285              		.loc 1 1423 13 is_stmt 1 view .LVU1419
1423:CANopen/301/CO_PDO.c ****                 if (TPDO->sendRequest) {
 4286              		.loc 1 1423 16 is_stmt 0 view .LVU1420
 4287 00a6 34B9     		cbnz	r4, .L287
1424:CANopen/301/CO_PDO.c ****                     (void)CO_TPDOsend(TPDO);
 4288              		.loc 1 1424 17 is_stmt 1 view .LVU1421
1424:CANopen/301/CO_PDO.c ****                     (void)CO_TPDOsend(TPDO);
 4289              		.loc 1 1424 25 is_stmt 0 view .LVU1422
 4290 00a8 D0F87031 		ldr	r3, [r0, #368]
1424:CANopen/301/CO_PDO.c ****                     (void)CO_TPDOsend(TPDO);
 4291              		.loc 1 1424 20 view .LVU1423
ARM GAS  C:\Users\Lenovo\AppData\Local\Temp\ccL1vOqM.s 			page 141


 4292 00ac 002B     		cmp	r3, #0
 4293 00ae D2D0     		beq	.L276
1425:CANopen/301/CO_PDO.c ****                 }
 4294              		.loc 1 1425 21 is_stmt 1 view .LVU1424
1425:CANopen/301/CO_PDO.c ****                 }
 4295              		.loc 1 1425 27 is_stmt 0 view .LVU1425
 4296 00b0 FFF7FEFF 		bl	CO_TPDOsend
 4297              	.LVL415:
1425:CANopen/301/CO_PDO.c ****                 }
 4298              		.loc 1 1425 27 view .LVU1426
 4299 00b4 CFE7     		b	.L276
 4300              	.LVL416:
 4301              	.L287:
1431:CANopen/301/CO_PDO.c ****                     if ((TPDO->SYNC->counterOverflowValue != 0U) && (TPDO->syncStartValue != 0U)) {
 4302              		.loc 1 1431 17 is_stmt 1 view .LVU1427
1431:CANopen/301/CO_PDO.c ****                     if ((TPDO->SYNC->counterOverflowValue != 0U) && (TPDO->syncStartValue != 0U)) {
 4303              		.loc 1 1431 25 is_stmt 0 view .LVU1428
 4304 00b6 90F87921 		ldrb	r2, [r0, #377]	@ zero_extendqisi2
1431:CANopen/301/CO_PDO.c ****                     if ((TPDO->SYNC->counterOverflowValue != 0U) && (TPDO->syncStartValue != 0U)) {
 4305              		.loc 1 1431 20 view .LVU1429
 4306 00ba FF2A     		cmp	r2, #255
 4307 00bc 0ED0     		beq	.L299
 4308              	.L288:
1441:CANopen/301/CO_PDO.c ****                     if (TPDO->SYNC->counter == TPDO->syncStartValue) {
 4309              		.loc 1 1441 17 is_stmt 1 view .LVU1430
1441:CANopen/301/CO_PDO.c ****                     if (TPDO->SYNC->counter == TPDO->syncStartValue) {
 4310              		.loc 1 1441 25 is_stmt 0 view .LVU1431
 4311 00be 90F87921 		ldrb	r2, [r0, #377]	@ zero_extendqisi2
1441:CANopen/301/CO_PDO.c ****                     if (TPDO->SYNC->counter == TPDO->syncStartValue) {
 4312              		.loc 1 1441 20 view .LVU1432
 4313 00c2 FE2A     		cmp	r2, #254
 4314 00c4 18D0     		beq	.L300
1448:CANopen/301/CO_PDO.c ****                     TPDO->syncCounter = TPDO->transmissionType;
 4315              		.loc 1 1448 22 is_stmt 1 view .LVU1433
1448:CANopen/301/CO_PDO.c ****                     TPDO->syncCounter = TPDO->transmissionType;
 4316              		.loc 1 1448 26 is_stmt 0 view .LVU1434
 4317 00c6 531E     		subs	r3, r2, #1
 4318 00c8 DBB2     		uxtb	r3, r3
1448:CANopen/301/CO_PDO.c ****                     TPDO->syncCounter = TPDO->transmissionType;
 4319              		.loc 1 1448 25 view .LVU1435
 4320 00ca 80F87931 		strb	r3, [r0, #377]
 4321 00ce 002B     		cmp	r3, #0
 4322 00d0 C1D1     		bne	.L276
1449:CANopen/301/CO_PDO.c ****                     (void)CO_TPDOsend(TPDO);
 4323              		.loc 1 1449 21 is_stmt 1 view .LVU1436
1449:CANopen/301/CO_PDO.c ****                     (void)CO_TPDOsend(TPDO);
 4324              		.loc 1 1449 39 is_stmt 0 view .LVU1437
 4325 00d2 80F87941 		strb	r4, [r0, #377]
1450:CANopen/301/CO_PDO.c ****                 } else { /* MISRA C 2004 14.10 */
 4326              		.loc 1 1450 21 is_stmt 1 view .LVU1438
1450:CANopen/301/CO_PDO.c ****                 } else { /* MISRA C 2004 14.10 */
 4327              		.loc 1 1450 27 is_stmt 0 view .LVU1439
 4328 00d6 FFF7FEFF 		bl	CO_TPDOsend
 4329              	.LVL417:
1450:CANopen/301/CO_PDO.c ****                 } else { /* MISRA C 2004 14.10 */
 4330              		.loc 1 1450 27 view .LVU1440
 4331 00da BCE7     		b	.L276
ARM GAS  C:\Users\Lenovo\AppData\Local\Temp\ccL1vOqM.s 			page 142


 4332              	.LVL418:
 4333              	.L299:
1432:CANopen/301/CO_PDO.c ****                         /* syncStartValue is in use */
 4334              		.loc 1 1432 21 is_stmt 1 view .LVU1441
1432:CANopen/301/CO_PDO.c ****                         /* syncStartValue is in use */
 4335              		.loc 1 1432 36 is_stmt 0 view .LVU1442
 4336 00dc 5A7C     		ldrb	r2, [r3, #17]	@ zero_extendqisi2
1432:CANopen/301/CO_PDO.c ****                         /* syncStartValue is in use */
 4337              		.loc 1 1432 24 view .LVU1443
 4338 00de 32B1     		cbz	r2, .L289
1432:CANopen/301/CO_PDO.c ****                         /* syncStartValue is in use */
 4339              		.loc 1 1432 74 discriminator 1 view .LVU1444
 4340 00e0 90F87821 		ldrb	r2, [r0, #376]	@ zero_extendqisi2
1432:CANopen/301/CO_PDO.c ****                         /* syncStartValue is in use */
 4341              		.loc 1 1432 66 discriminator 1 view .LVU1445
 4342 00e4 1AB1     		cbz	r2, .L289
1434:CANopen/301/CO_PDO.c ****                     } else {
 4343              		.loc 1 1434 25 is_stmt 1 view .LVU1446
1434:CANopen/301/CO_PDO.c ****                     } else {
 4344              		.loc 1 1434 43 is_stmt 0 view .LVU1447
 4345 00e6 FE22     		movs	r2, #254
 4346 00e8 80F87921 		strb	r2, [r0, #377]
 4347 00ec E7E7     		b	.L288
 4348              	.L289:
1437:CANopen/301/CO_PDO.c ****                     }
 4349              		.loc 1 1437 25 is_stmt 1 view .LVU1448
1437:CANopen/301/CO_PDO.c ****                     }
 4350              		.loc 1 1437 75 is_stmt 0 view .LVU1449
 4351 00ee 6208     		lsrs	r2, r4, #1
 4352 00f0 0132     		adds	r2, r2, #1
1437:CANopen/301/CO_PDO.c ****                     }
 4353              		.loc 1 1437 43 view .LVU1450
 4354 00f2 80F87921 		strb	r2, [r0, #377]
 4355 00f6 E2E7     		b	.L288
 4356              	.L300:
1442:CANopen/301/CO_PDO.c ****                         TPDO->syncCounter = TPDO->transmissionType;
 4357              		.loc 1 1442 21 is_stmt 1 view .LVU1451
1442:CANopen/301/CO_PDO.c ****                         TPDO->syncCounter = TPDO->transmissionType;
 4358              		.loc 1 1442 35 is_stmt 0 view .LVU1452
 4359 00f8 9A7C     		ldrb	r2, [r3, #18]	@ zero_extendqisi2
1442:CANopen/301/CO_PDO.c ****                         TPDO->syncCounter = TPDO->transmissionType;
 4360              		.loc 1 1442 52 view .LVU1453
 4361 00fa 90F87831 		ldrb	r3, [r0, #376]	@ zero_extendqisi2
1442:CANopen/301/CO_PDO.c ****                         TPDO->syncCounter = TPDO->transmissionType;
 4362              		.loc 1 1442 24 view .LVU1454
 4363 00fe 9A42     		cmp	r2, r3
 4364 0100 A9D1     		bne	.L276
1443:CANopen/301/CO_PDO.c ****                         (void)CO_TPDOsend(TPDO);
 4365              		.loc 1 1443 25 is_stmt 1 view .LVU1455
1443:CANopen/301/CO_PDO.c ****                         (void)CO_TPDOsend(TPDO);
 4366              		.loc 1 1443 43 is_stmt 0 view .LVU1456
 4367 0102 80F87941 		strb	r4, [r0, #377]
1444:CANopen/301/CO_PDO.c ****                     }
 4368              		.loc 1 1444 25 is_stmt 1 view .LVU1457
1444:CANopen/301/CO_PDO.c ****                     }
 4369              		.loc 1 1444 31 is_stmt 0 view .LVU1458
 4370 0106 FFF7FEFF 		bl	CO_TPDOsend
ARM GAS  C:\Users\Lenovo\AppData\Local\Temp\ccL1vOqM.s 			page 143


 4371              	.LVL419:
1444:CANopen/301/CO_PDO.c ****                     }
 4372              		.loc 1 1444 31 view .LVU1459
 4373 010a A4E7     		b	.L276
 4374              	.LVL420:
 4375              	.L277:
 4376              	.LCFI44:
 4377              		.cfi_def_cfa_offset 0
 4378              		.cfi_restore 4
 4379              		.cfi_restore 14
1461:CANopen/301/CO_PDO.c **** #if ((CO_CONFIG_PDO)&CO_CONFIG_TPDO_TIMERS_ENABLE) != 0
 4380              		.loc 1 1461 9 is_stmt 1 view .LVU1460
1461:CANopen/301/CO_PDO.c **** #if ((CO_CONFIG_PDO)&CO_CONFIG_TPDO_TIMERS_ENABLE) != 0
 4381              		.loc 1 1461 27 is_stmt 0 view .LVU1461
 4382 010c 0123     		movs	r3, #1
 4383              	.LVL421:
1461:CANopen/301/CO_PDO.c **** #if ((CO_CONFIG_PDO)&CO_CONFIG_TPDO_TIMERS_ENABLE) != 0
 4384              		.loc 1 1461 27 view .LVU1462
 4385 010e C0F87031 		str	r3, [r0, #368]
1463:CANopen/301/CO_PDO.c ****         TPDO->eventTimer = 0;
 4386              		.loc 1 1463 9 is_stmt 1 view .LVU1463
1463:CANopen/301/CO_PDO.c ****         TPDO->eventTimer = 0;
 4387              		.loc 1 1463 28 is_stmt 0 view .LVU1464
 4388 0112 0023     		movs	r3, #0
 4389 0114 C0F88431 		str	r3, [r0, #388]
1464:CANopen/301/CO_PDO.c **** #endif
 4390              		.loc 1 1464 9 is_stmt 1 view .LVU1465
1464:CANopen/301/CO_PDO.c **** #endif
 4391              		.loc 1 1464 26 is_stmt 0 view .LVU1466
 4392 0118 C0F88831 		str	r3, [r0, #392]
1467:CANopen/301/CO_PDO.c **** #endif
 4393              		.loc 1 1467 9 is_stmt 1 view .LVU1467
1467:CANopen/301/CO_PDO.c **** #endif
 4394              		.loc 1 1467 27 is_stmt 0 view .LVU1468
 4395 011c FF23     		movs	r3, #255
 4396 011e 80F87931 		strb	r3, [r0, #377]
 4397 0122 7047     		bx	lr
 4398              		.cfi_endproc
 4399              	.LFE49:
 4401              		.text
 4402              	.Letext0:
 4403              		.file 4 "D:\\vscode\\stm32cubecltv122\\stm32cubeclt_1.22.0-Win-x86_64.exe\\anzhuang\\STM32CubeCLT_
 4404              		.file 5 "D:\\vscode\\stm32cubecltv122\\stm32cubeclt_1.22.0-Win-x86_64.exe\\anzhuang\\STM32CubeCLT_
 4405              		.file 6 "D:\\vscode\\stm32cubecltv122\\stm32cubeclt_1.22.0-Win-x86_64.exe\\anzhuang\\STM32CubeCLT_
 4406              		.file 7 "D:\\vscode\\stm32cubecltv122\\stm32cubeclt_1.22.0-Win-x86_64.exe\\anzhuang\\STM32CubeCLT_
 4407              		.file 8 "CANopen/example/CO_driver_target.h"
 4408              		.file 9 "CANopen/301/CO_Emergency.h"
 4409              		.file 10 "CANopen/301/CO_SYNC.h"
 4410              		.file 11 "CANopen/301/CO_PDO.h"
 4411              		.file 12 "D:\\vscode\\stm32cubecltv122\\stm32cubeclt_1.22.0-Win-x86_64.exe\\anzhuang\\STM32CubeCLT
 4412              		.file 13 "<built-in>"
ARM GAS  C:\Users\Lenovo\AppData\Local\Temp\ccL1vOqM.s 			page 144


DEFINED SYMBOLS
                            *ABS*:00000000 CO_PDO.c
C:\Users\Lenovo\AppData\Local\Temp\ccL1vOqM.s:21     .text.OD_write_dummy:00000000 $t
C:\Users\Lenovo\AppData\Local\Temp\ccL1vOqM.s:26     .text.OD_write_dummy:00000000 OD_write_dummy
C:\Users\Lenovo\AppData\Local\Temp\ccL1vOqM.s:53     .text.OD_read_dummy:00000000 $t
C:\Users\Lenovo\AppData\Local\Temp\ccL1vOqM.s:58     .text.OD_read_dummy:00000000 OD_read_dummy
C:\Users\Lenovo\AppData\Local\Temp\ccL1vOqM.s:149    .text.OD_read_PDO_commParam:00000000 $t
C:\Users\Lenovo\AppData\Local\Temp\ccL1vOqM.s:154    .text.OD_read_PDO_commParam:00000000 OD_read_PDO_commParam
C:\Users\Lenovo\AppData\Local\Temp\ccL1vOqM.s:273    .text.PDOconfigMap:00000000 $t
C:\Users\Lenovo\AppData\Local\Temp\ccL1vOqM.s:278    .text.PDOconfigMap:00000000 PDOconfigMap
C:\Users\Lenovo\AppData\Local\Temp\ccL1vOqM.s:525    .text.PDOconfigMap:00000118 $d
C:\Users\Lenovo\AppData\Local\Temp\ccL1vOqM.s:531    .text.OD_write_PDO_mapping:00000000 $t
C:\Users\Lenovo\AppData\Local\Temp\ccL1vOqM.s:536    .text.OD_write_PDO_mapping:00000000 OD_write_PDO_mapping
C:\Users\Lenovo\AppData\Local\Temp\ccL1vOqM.s:825    .text.OD_write_14xx:00000000 $t
C:\Users\Lenovo\AppData\Local\Temp\ccL1vOqM.s:830    .text.OD_write_14xx:00000000 OD_write_14xx
C:\Users\Lenovo\AppData\Local\Temp\ccL1vOqM.s:1279   .text.OD_write_14xx:000001ac $d
C:\Users\Lenovo\AppData\Local\Temp\ccL1vOqM.s:1291   .text.CO_PDO_receive:00000000 CO_PDO_receive
C:\Users\Lenovo\AppData\Local\Temp\ccL1vOqM.s:1286   .text.CO_PDO_receive:00000000 $t
C:\Users\Lenovo\AppData\Local\Temp\ccL1vOqM.s:1407   .text.PDO_initMapping:00000000 $t
C:\Users\Lenovo\AppData\Local\Temp\ccL1vOqM.s:1412   .text.PDO_initMapping:00000000 PDO_initMapping
C:\Users\Lenovo\AppData\Local\Temp\ccL1vOqM.s:1739   .text.OD_write_18xx:00000000 $t
C:\Users\Lenovo\AppData\Local\Temp\ccL1vOqM.s:1744   .text.OD_write_18xx:00000000 OD_write_18xx
C:\Users\Lenovo\AppData\Local\Temp\ccL1vOqM.s:1804   .text.OD_write_18xx:0000003e $d
C:\Users\Lenovo\AppData\Local\Temp\ccL1vOqM.s:1810   .text.OD_write_18xx:00000044 $t
C:\Users\Lenovo\AppData\Local\Temp\ccL1vOqM.s:2289   .text.OD_write_18xx:000001f8 $d
C:\Users\Lenovo\AppData\Local\Temp\ccL1vOqM.s:2295   .text.CO_TPDOsend:00000000 $t
C:\Users\Lenovo\AppData\Local\Temp\ccL1vOqM.s:2300   .text.CO_TPDOsend:00000000 CO_TPDOsend
C:\Users\Lenovo\AppData\Local\Temp\ccL1vOqM.s:2553   .text.CO_RPDO_init:00000000 $t
C:\Users\Lenovo\AppData\Local\Temp\ccL1vOqM.s:2559   .text.CO_RPDO_init:00000000 CO_RPDO_init
C:\Users\Lenovo\AppData\Local\Temp\ccL1vOqM.s:3056   .text.CO_RPDO_init:00000200 $d
C:\Users\Lenovo\AppData\Local\Temp\ccL1vOqM.s:3065   .text.CO_RPDO_process:00000000 $t
C:\Users\Lenovo\AppData\Local\Temp\ccL1vOqM.s:3071   .text.CO_RPDO_process:00000000 CO_RPDO_process
C:\Users\Lenovo\AppData\Local\Temp\ccL1vOqM.s:3500   .text.CO_TPDO_init:00000000 $t
C:\Users\Lenovo\AppData\Local\Temp\ccL1vOqM.s:3506   .text.CO_TPDO_init:00000000 CO_TPDO_init
C:\Users\Lenovo\AppData\Local\Temp\ccL1vOqM.s:4096   .text.CO_TPDO_init:00000270 $d
C:\Users\Lenovo\AppData\Local\Temp\ccL1vOqM.s:4104   .text.CO_TPDO_process:00000000 $t
C:\Users\Lenovo\AppData\Local\Temp\ccL1vOqM.s:4110   .text.CO_TPDO_process:00000000 CO_TPDO_process
                           .group:00000000 wm4.0.35f3e76e42575b99374c7d5ae37ca977
                           .group:00000000 wm4._newlib_version.h.4.0eb654b64686e2bd29646258853f6c22
                           .group:00000000 wm4.newlib.h.27.b904f6f8971bd921b436e5701877de32
                           .group:00000000 wm4.ieeefp.h.77.61a77db5804869b1dadd307a77cf78c9
                           .group:00000000 wm4.features.h.22.4b93ad64e0d80833c46a20ecae380bb0
                           .group:00000000 wm4.config.h.224.10ee1ad185d877c6e334e6581faab44d
                           .group:00000000 wm4._ansi.h.31.de524f58584151836e90d8620a16f8e8
                           .group:00000000 wm4.stddef.h.39.811583f327f35b0df7808fda70b062a0
                           .group:00000000 wm4._default_types.h.6.959254cf5f09734ea7516c89e8bb21bd
                           .group:00000000 wm4.cdefs.h.49.56fd742369e655e7e8a7e365e706e208
                           .group:00000000 wm4._types.h.20.dd0d04dca3800a0d2a6129b87f3adbb2
                           .group:00000000 wm4.stddef.h.173.4903093a50a8482cb062b176ea61fac3
                           .group:00000000 wm4._types.h.127.3bdfe3ff8ea2d0985b03d9cbe93480e3
                           .group:00000000 wm4.reent.h.18.25503cdc8b7e55dd0d6ea7b3e5af7a03
                           .group:00000000 wm4.lock.h.2.1461d1fff82dffe8bfddc23307f6484f
                           .group:00000000 wm4.reent.h.78.6d702f69a6d6435d2dbe915b10150b1a
                           .group:00000000 wm4.string.h.15.dab3980bf35408a4c507182805e2de3a
                           .group:00000000 wm4.stddef.h.173.1cea4f16a943c8e875db6791959c3141
                           .group:00000000 wm4.string.h.177.59a005921fa78485abc80a0267de5752
                           .group:00000000 wm4.CO_config.h.22.452d50582397b0b53966b3c1806ccf35
ARM GAS  C:\Users\Lenovo\AppData\Local\Temp\ccL1vOqM.s 			page 145


                           .group:00000000 wm4.stdbool.h.29.c08aa3eec75cf5b9b5003883f43253f0
                           .group:00000000 wm4._intsup.h.10.48bafbb683905c4daa4565a85aeeb264
                           .group:00000000 wm4._stdint.h.10.c24fa3af3bc1706662bb5593a907e841
                           .group:00000000 wm4.stdint.h.23.d53047a68f4a85177f80b422d52785ed
                           .group:00000000 wm4.CO_driver_target.h.41.ddd9ad301db6ca3aeb9eb6b4ba80bd58
                           .group:00000000 wm4.CO_driver.h.35.ff7c66b5b3baf7d65aef1dd87f3079c4
                           .group:00000000 wm4.CO_ODinterface.h.45.a35dbb7f13cf9ebdb05520f95fc946d0
                           .group:00000000 wm4.CO_Emergency.h.22.41b266f360f60ca97b32af88c96ba262
                           .group:00000000 wm4.CO_SYNC.h.22.63bd0f1ed0454b9ad5a7d2f24cc8c8f2
                           .group:00000000 wm4.CO_PDO.h.30.efa052b349a84bea934507759a7fec27

UNDEFINED SYMBOLS
memset
OD_readOriginal
OD_find
OD_getSub
OD_writeOriginal
memcpy
CO_CANrxBufferInit
OD_get_value
CO_CANtxBufferInit
CO_CANsend
CO_error
