ARM GAS  C:\Users\Lenovo\AppData\Local\Temp\ccOvLNZW.s 			page 1


   1              		.cpu cortex-m4
   2              		.arch armv7e-m
   3              		.fpu fpv4-sp-d16
   4              		.eabi_attribute 27, 1
   5              		.eabi_attribute 28, 1
   6              		.eabi_attribute 20, 1
   7              		.eabi_attribute 21, 1
   8              		.eabi_attribute 23, 3
   9              		.eabi_attribute 24, 1
  10              		.eabi_attribute 25, 1
  11              		.eabi_attribute 26, 1
  12              		.eabi_attribute 30, 1
  13              		.eabi_attribute 34, 1
  14              		.eabi_attribute 18, 4
  15              		.file	"CO_SDOserver.c"
  16              		.text
  17              	.Ltext0:
  18              		.cfi_sections	.debug_frame
  19              		.file 1 "CANopen/301/CO_SDOserver.c"
  20              		.section	.text.CO_SDO_receive,"ax",%progbits
  21              		.align	1
  22              		.syntax unified
  23              		.thumb
  24              		.thumb_func
  26              	CO_SDO_receive:
  27              	.LVL0:
  28              	.LFB32:
   1:CANopen/301/CO_SDOserver.c **** /*
   2:CANopen/301/CO_SDOserver.c ****  * CANopen Service Data Object - server.
   3:CANopen/301/CO_SDOserver.c ****  *
   4:CANopen/301/CO_SDOserver.c ****  * @file        CO_SDOserver.c
   5:CANopen/301/CO_SDOserver.c ****  * @ingroup     CO_SDOserver
   6:CANopen/301/CO_SDOserver.c ****  * @author      Janez Paternoster
   7:CANopen/301/CO_SDOserver.c ****  * @copyright   2020 Janez Paternoster
   8:CANopen/301/CO_SDOserver.c ****  *
   9:CANopen/301/CO_SDOserver.c ****  * This file is part of <https://github.com/CANopenNode/CANopenNode>, a CANopen Stack.
  10:CANopen/301/CO_SDOserver.c ****  *
  11:CANopen/301/CO_SDOserver.c ****  * Licensed under the Apache License, Version 2.0 (the "License"); you may not use this
  12:CANopen/301/CO_SDOserver.c ****  * file except in compliance with the License. You may obtain a copy of the License at
  13:CANopen/301/CO_SDOserver.c ****  *
  14:CANopen/301/CO_SDOserver.c ****  *     http://www.apache.org/licenses/LICENSE-2.0
  15:CANopen/301/CO_SDOserver.c ****  *
  16:CANopen/301/CO_SDOserver.c ****  * Unless required by applicable law or agreed to in writing, software distributed under the Licens
  17:CANopen/301/CO_SDOserver.c ****  * distributed on an "AS IS" BASIS, WITHOUT WARRANTIES OR CONDITIONS OF ANY KIND, either express or
  18:CANopen/301/CO_SDOserver.c ****  * See the License for the specific language governing permissions and limitations under the Licens
  19:CANopen/301/CO_SDOserver.c ****  */
  20:CANopen/301/CO_SDOserver.c **** 
  21:CANopen/301/CO_SDOserver.c **** #include <string.h>
  22:CANopen/301/CO_SDOserver.c **** 
  23:CANopen/301/CO_SDOserver.c **** #include "301/CO_SDOserver.h"
  24:CANopen/301/CO_SDOserver.c **** #include "301/crc16-ccitt.h"
  25:CANopen/301/CO_SDOserver.c **** 
  26:CANopen/301/CO_SDOserver.c **** /* verify configuration */
  27:CANopen/301/CO_SDOserver.c **** #if ((CO_CONFIG_SDO_SRV)&CO_CONFIG_SDO_SRV_SEGMENTED) != 0
  28:CANopen/301/CO_SDOserver.c **** #if CO_CONFIG_SDO_SRV_BUFFER_SIZE < 20
  29:CANopen/301/CO_SDOserver.c **** #error CO_CONFIG_SDO_SRV_BUFFER_SIZE must be greater or equal than 20.
  30:CANopen/301/CO_SDOserver.c **** #endif
ARM GAS  C:\Users\Lenovo\AppData\Local\Temp\ccOvLNZW.s 			page 2


  31:CANopen/301/CO_SDOserver.c **** #endif
  32:CANopen/301/CO_SDOserver.c **** #if ((CO_CONFIG_SDO_SRV)&CO_CONFIG_SDO_SRV_BLOCK) != 0
  33:CANopen/301/CO_SDOserver.c **** #if ((CO_CONFIG_SDO_SRV)&CO_CONFIG_SDO_SRV_SEGMENTED) == 0
  34:CANopen/301/CO_SDOserver.c **** #error CO_CONFIG_SDO_SRV_SEGMENTED must be enabled.
  35:CANopen/301/CO_SDOserver.c **** #endif
  36:CANopen/301/CO_SDOserver.c **** #if ((CO_CONFIG_CRC16)&CO_CONFIG_CRC16_ENABLE) == 0
  37:CANopen/301/CO_SDOserver.c **** #error CO_CONFIG_CRC16_ENABLE must be enabled.
  38:CANopen/301/CO_SDOserver.c **** #endif
  39:CANopen/301/CO_SDOserver.c **** #if CO_CONFIG_SDO_SRV_BUFFER_SIZE < 900
  40:CANopen/301/CO_SDOserver.c **** #error CO_CONFIG_SDO_SRV_BUFFER_SIZE must be greater or equal than 900.
  41:CANopen/301/CO_SDOserver.c **** #endif
  42:CANopen/301/CO_SDOserver.c **** #endif
  43:CANopen/301/CO_SDOserver.c **** 
  44:CANopen/301/CO_SDOserver.c **** /*
  45:CANopen/301/CO_SDOserver.c ****  * Read received message from CAN module.
  46:CANopen/301/CO_SDOserver.c ****  *
  47:CANopen/301/CO_SDOserver.c ****  * Function will be called (by CAN receive interrupt) every time, when CAN message with correct ide
  48:CANopen/301/CO_SDOserver.c ****  * will be received. For more information and description of parameters see file CO_driver.h.
  49:CANopen/301/CO_SDOserver.c ****  */
  50:CANopen/301/CO_SDOserver.c **** static void
  51:CANopen/301/CO_SDOserver.c **** CO_SDO_receive(void* object, void* msg) {
  29              		.loc 1 51 41 view -0
  30              		.cfi_startproc
  31              		@ args = 0, pretend = 0, frame = 0
  32              		@ frame_needed = 0, uses_anonymous_args = 0
  33              		@ link register save eliminated.
  52:CANopen/301/CO_SDOserver.c ****     CO_SDOserver_t* SDO = (CO_SDOserver_t*)object;
  34              		.loc 1 52 5 view .LVU1
  53:CANopen/301/CO_SDOserver.c ****     uint8_t DLC = CO_CANrxMsg_readDLC(msg);
  35              		.loc 1 53 5 view .LVU2
  54:CANopen/301/CO_SDOserver.c ****     const uint8_t* data = CO_CANrxMsg_readData(msg);
  36              		.loc 1 54 5 view .LVU3
  55:CANopen/301/CO_SDOserver.c **** 
  56:CANopen/301/CO_SDOserver.c ****     /* ignore messages with wrong length */
  57:CANopen/301/CO_SDOserver.c ****     if (DLC == 8U) {
  37              		.loc 1 57 5 view .LVU4
  58:CANopen/301/CO_SDOserver.c ****         if (data[0] == 0x80U) {
  59:CANopen/301/CO_SDOserver.c ****             /* abort from client, just make idle */
  60:CANopen/301/CO_SDOserver.c ****             SDO->state = CO_SDO_ST_IDLE;
  61:CANopen/301/CO_SDOserver.c ****         } else if (CO_FLAG_READ(SDO->CANrxNew)) {
  62:CANopen/301/CO_SDOserver.c ****             /* ignore message if previous message was not processed yet */
  63:CANopen/301/CO_SDOserver.c ****         }
  64:CANopen/301/CO_SDOserver.c **** #if ((CO_CONFIG_SDO_SRV)&CO_CONFIG_SDO_SRV_BLOCK) != 0
  65:CANopen/301/CO_SDOserver.c ****         else if (SDO->state == CO_SDO_ST_UPLOAD_BLK_END_CRSP && data[0] == 0xA1) {
  66:CANopen/301/CO_SDOserver.c ****             /*  SDO block download successfully transferred, just make idle */
  67:CANopen/301/CO_SDOserver.c ****             SDO->state = CO_SDO_ST_IDLE;
  68:CANopen/301/CO_SDOserver.c ****         } else if (SDO->state == CO_SDO_ST_DOWNLOAD_BLK_SUBBLOCK_REQ) {
  69:CANopen/301/CO_SDOserver.c ****             /* just in case, condition should always pass */
  70:CANopen/301/CO_SDOserver.c ****             if (SDO->bufOffsetWr <= (CO_CONFIG_SDO_SRV_BUFFER_SIZE - (7 + 2))) {
  71:CANopen/301/CO_SDOserver.c ****                 /* block download, copy data directly */
  72:CANopen/301/CO_SDOserver.c ****                 CO_SDO_state_t state = CO_SDO_ST_DOWNLOAD_BLK_SUBBLOCK_REQ;
  73:CANopen/301/CO_SDOserver.c ****                 uint8_t seqno = data[0] & 0x7F;
  74:CANopen/301/CO_SDOserver.c ****                 SDO->timeoutTimer = 0;
  75:CANopen/301/CO_SDOserver.c ****                 SDO->block_timeoutTimer = 0;
  76:CANopen/301/CO_SDOserver.c **** 
  77:CANopen/301/CO_SDOserver.c ****                 /* verify if sequence number is correct */
  78:CANopen/301/CO_SDOserver.c ****                 if (seqno <= SDO->block_blksize && seqno == (SDO->block_seqno + 1)) {
ARM GAS  C:\Users\Lenovo\AppData\Local\Temp\ccOvLNZW.s 			page 3


  79:CANopen/301/CO_SDOserver.c ****                     SDO->block_seqno = seqno;
  80:CANopen/301/CO_SDOserver.c **** 
  81:CANopen/301/CO_SDOserver.c ****                     /* Copy data. There is always enough space in buffer,
  82:CANopen/301/CO_SDOserver.c ****                      * because block_blksize was calculated before */
  83:CANopen/301/CO_SDOserver.c ****                     (void)memcpy(SDO->buf + SDO->bufOffsetWr, &data[1], 7);
  84:CANopen/301/CO_SDOserver.c ****                     SDO->bufOffsetWr += 7;
  85:CANopen/301/CO_SDOserver.c ****                     SDO->sizeTran += 7;
  86:CANopen/301/CO_SDOserver.c **** 
  87:CANopen/301/CO_SDOserver.c ****                     /* is this the last segment? */
  88:CANopen/301/CO_SDOserver.c ****                     if ((data[0] & 0x80) != 0) {
  89:CANopen/301/CO_SDOserver.c ****                         SDO->finished = true;
  90:CANopen/301/CO_SDOserver.c ****                         state = CO_SDO_ST_DOWNLOAD_BLK_SUBBLOCK_RSP;
  91:CANopen/301/CO_SDOserver.c ****                     } else if (seqno == SDO->block_blksize) {
  92:CANopen/301/CO_SDOserver.c ****                         /* all segments in sub-block has been transferred */
  93:CANopen/301/CO_SDOserver.c ****                         state = CO_SDO_ST_DOWNLOAD_BLK_SUBBLOCK_RSP;
  94:CANopen/301/CO_SDOserver.c ****                     }
  95:CANopen/301/CO_SDOserver.c ****                 }
  96:CANopen/301/CO_SDOserver.c ****                 /* If message is duplicate or sequence didn't start yet, ignore it. Otherwise seqno
  97:CANopen/301/CO_SDOserver.c ****                  * so break sub-block. Data after last good seqno will be re-transmitted. */
  98:CANopen/301/CO_SDOserver.c ****                 else if (seqno != SDO->block_seqno && SDO->block_seqno != 0U) {
  99:CANopen/301/CO_SDOserver.c ****                     state = CO_SDO_ST_DOWNLOAD_BLK_SUBBLOCK_RSP;
 100:CANopen/301/CO_SDOserver.c **** #ifdef CO_DEBUG_SDO_SERVER
 101:CANopen/301/CO_SDOserver.c ****                     char msg[80];
 102:CANopen/301/CO_SDOserver.c ****                     sprintf(msg, "sub-block, rx WRONG: sequno=%02X, previous=%02X", seqno, SDO->blo
 103:CANopen/301/CO_SDOserver.c ****                     CO_DEBUG_SDO_SERVER(msg);
 104:CANopen/301/CO_SDOserver.c **** #endif
 105:CANopen/301/CO_SDOserver.c ****                 }
 106:CANopen/301/CO_SDOserver.c **** #ifdef CO_DEBUG_SDO_SERVER
 107:CANopen/301/CO_SDOserver.c ****                 else {
 108:CANopen/301/CO_SDOserver.c ****                     char msg[80];
 109:CANopen/301/CO_SDOserver.c ****                     sprintf(msg, "sub-block, rx ignored: sequno=%02X, expected=%02X", seqno, SDO->b
 110:CANopen/301/CO_SDOserver.c ****                     CO_DEBUG_SDO_SERVER(msg);
 111:CANopen/301/CO_SDOserver.c ****                 }
 112:CANopen/301/CO_SDOserver.c **** #endif
 113:CANopen/301/CO_SDOserver.c **** 
 114:CANopen/301/CO_SDOserver.c ****                 if (state != CO_SDO_ST_DOWNLOAD_BLK_SUBBLOCK_REQ) {
 115:CANopen/301/CO_SDOserver.c ****                     /* SDO->state has changed, processing will continue in another thread.
 116:CANopen/301/CO_SDOserver.c ****                      * Make memory barrier here with CO_FLAG_CLEAR() call. */
 117:CANopen/301/CO_SDOserver.c ****                     CO_FLAG_CLEAR(SDO->CANrxNew);
 118:CANopen/301/CO_SDOserver.c ****                     SDO->state = state;
 119:CANopen/301/CO_SDOserver.c **** #if ((CO_CONFIG_SDO_SRV)&CO_CONFIG_FLAG_CALLBACK_PRE) != 0
 120:CANopen/301/CO_SDOserver.c ****                     /* Optional signal to RTOS, which can resume task, which handles SDO server pro
 121:CANopen/301/CO_SDOserver.c ****                     if (SDO->pFunctSignalPre != NULL) {
 122:CANopen/301/CO_SDOserver.c ****                         SDO->pFunctSignalPre(SDO->functSignalObjectPre);
 123:CANopen/301/CO_SDOserver.c ****                     }
 124:CANopen/301/CO_SDOserver.c **** #endif
 125:CANopen/301/CO_SDOserver.c ****                 }
 126:CANopen/301/CO_SDOserver.c ****             }
 127:CANopen/301/CO_SDOserver.c ****         } else if (SDO->state == CO_SDO_ST_DOWNLOAD_BLK_SUBBLOCK_RSP) {
 128:CANopen/301/CO_SDOserver.c ****             /* ignore subsequent server messages, if response was requested */
 129:CANopen/301/CO_SDOserver.c ****         }
 130:CANopen/301/CO_SDOserver.c **** #endif /* (CO_CONFIG_SDO_SRV) & CO_CONFIG_SDO_SRV_BLOCK */
 131:CANopen/301/CO_SDOserver.c ****         else {
 132:CANopen/301/CO_SDOserver.c ****             /* copy data and set 'new message' flag, data will be processed in CO_SDOserver_process
 133:CANopen/301/CO_SDOserver.c ****             (void)memcpy(SDO->CANrxData, data, DLC);
 134:CANopen/301/CO_SDOserver.c ****             CO_FLAG_SET(SDO->CANrxNew);
  38              		.loc 1 134 39 view .LVU5
ARM GAS  C:\Users\Lenovo\AppData\Local\Temp\ccOvLNZW.s 			page 4


 135:CANopen/301/CO_SDOserver.c **** #if ((CO_CONFIG_SDO_SRV)&CO_CONFIG_FLAG_CALLBACK_PRE) != 0
 136:CANopen/301/CO_SDOserver.c ****             /* Optional signal to RTOS, which can resume task, which handles SDO server processing.
 137:CANopen/301/CO_SDOserver.c ****             if (SDO->pFunctSignalPre != NULL) {
 138:CANopen/301/CO_SDOserver.c ****                 SDO->pFunctSignalPre(SDO->functSignalObjectPre);
 139:CANopen/301/CO_SDOserver.c ****             }
 140:CANopen/301/CO_SDOserver.c **** #endif
 141:CANopen/301/CO_SDOserver.c ****         }
 142:CANopen/301/CO_SDOserver.c ****     }
 143:CANopen/301/CO_SDOserver.c **** }
  39              		.loc 1 143 1 is_stmt 0 view .LVU6
  40 0000 7047     		bx	lr
  41              		.cfi_endproc
  42              	.LFE32:
  44              		.section	.text.CO_SDOserver_init_canRxTx,"ax",%progbits
  45              		.align	1
  46              		.syntax unified
  47              		.thumb
  48              		.thumb_func
  50              	CO_SDOserver_init_canRxTx:
  51              	.LVL1:
  52              	.LFB33:
 144:CANopen/301/CO_SDOserver.c **** 
 145:CANopen/301/CO_SDOserver.c **** /* helper for configuring CANrx and CANtx */
 146:CANopen/301/CO_SDOserver.c **** static CO_ReturnError_t
 147:CANopen/301/CO_SDOserver.c **** CO_SDOserver_init_canRxTx(CO_SDOserver_t* SDO, CO_CANmodule_t* CANdevRx, uint16_t CANdevRxIdx, uint
 148:CANopen/301/CO_SDOserver.c ****                           uint32_t COB_IDClientToServer, uint32_t COB_IDServerToClient) {
  53              		.loc 1 148 89 is_stmt 1 view -0
  54              		.cfi_startproc
  55              		@ args = 8, pretend = 0, frame = 0
  56              		@ frame_needed = 0, uses_anonymous_args = 0
  57              		.loc 1 148 89 is_stmt 0 view .LVU8
  58 0000 2DE9F041 		push	{r4, r5, r6, r7, r8, lr}
  59              	.LCFI0:
  60              		.cfi_def_cfa_offset 24
  61              		.cfi_offset 4, -24
  62              		.cfi_offset 5, -20
  63              		.cfi_offset 6, -16
  64              		.cfi_offset 7, -12
  65              		.cfi_offset 8, -8
  66              		.cfi_offset 14, -4
  67 0004 84B0     		sub	sp, sp, #16
  68              	.LCFI1:
  69              		.cfi_def_cfa_offset 40
  70 0006 0546     		mov	r5, r0
  71 0008 0846     		mov	r0, r1
  72              	.LVL2:
  73              		.loc 1 148 89 view .LVU9
  74 000a 1146     		mov	r1, r2
  75              	.LVL3:
  76              		.loc 1 148 89 view .LVU10
  77 000c 1F46     		mov	r7, r3
  78 000e 0A9A     		ldr	r2, [sp, #40]
  79              	.LVL4:
  80              		.loc 1 148 89 view .LVU11
  81 0010 0B9E     		ldr	r6, [sp, #44]
 149:CANopen/301/CO_SDOserver.c **** #if ((CO_CONFIG_SDO_SRV)&CO_CONFIG_FLAG_OD_DYNAMIC) != 0
 150:CANopen/301/CO_SDOserver.c ****     /* proceed only, if parameters change */
ARM GAS  C:\Users\Lenovo\AppData\Local\Temp\ccOvLNZW.s 			page 5


 151:CANopen/301/CO_SDOserver.c ****     if ((COB_IDClientToServer == SDO->COB_IDClientToServer) && (COB_IDServerToClient == SDO->COB_ID
  82              		.loc 1 151 5 is_stmt 1 view .LVU12
  83              		.loc 1 151 37 is_stmt 0 view .LVU13
  84 0012 2B6D     		ldr	r3, [r5, #80]
  85              	.LVL5:
  86              		.loc 1 151 8 view .LVU14
  87 0014 9342     		cmp	r3, r2
  88 0016 0CD0     		beq	.L13
  89              	.L3:
 152:CANopen/301/CO_SDOserver.c ****         return CO_ERROR_NO;
 153:CANopen/301/CO_SDOserver.c ****     }
 154:CANopen/301/CO_SDOserver.c ****     /* store variables */
 155:CANopen/301/CO_SDOserver.c ****     SDO->COB_IDClientToServer = COB_IDClientToServer;
  90              		.loc 1 155 5 is_stmt 1 view .LVU15
  91              		.loc 1 155 31 is_stmt 0 view .LVU16
  92 0018 2A65     		str	r2, [r5, #80]
 156:CANopen/301/CO_SDOserver.c ****     SDO->COB_IDServerToClient = COB_IDServerToClient;
  93              		.loc 1 156 5 is_stmt 1 view .LVU17
  94              		.loc 1 156 31 is_stmt 0 view .LVU18
  95 001a 6E65     		str	r6, [r5, #84]
 157:CANopen/301/CO_SDOserver.c **** #endif
 158:CANopen/301/CO_SDOserver.c **** 
 159:CANopen/301/CO_SDOserver.c ****     /* verify valid bit */
 160:CANopen/301/CO_SDOserver.c ****     uint16_t idC2S = ((COB_IDClientToServer & 0x80000000UL) == 0U) ? (uint16_t)COB_IDClientToServer
  96              		.loc 1 160 5 is_stmt 1 view .LVU19
  97              		.loc 1 160 14 is_stmt 0 view .LVU20
  98 001c 002A     		cmp	r2, #0
  99 001e 0DDB     		blt	.L10
 100              		.loc 1 160 14 discriminator 1 view .LVU21
 101 0020 92B2     		uxth	r2, r2
 102              	.L5:
 103              	.LVL6:
 161:CANopen/301/CO_SDOserver.c ****     uint16_t idS2C = ((COB_IDServerToClient & 0x80000000UL) == 0U) ? (uint16_t)COB_IDServerToClient
 104              		.loc 1 161 5 is_stmt 1 view .LVU22
 105              		.loc 1 161 14 is_stmt 0 view .LVU23
 106 0022 002E     		cmp	r6, #0
 107 0024 0CDB     		blt	.L11
 108              		.loc 1 161 14 discriminator 1 view .LVU24
 109 0026 B6B2     		uxth	r6, r6
 110              	.L6:
 111              	.LVL7:
 162:CANopen/301/CO_SDOserver.c ****     if ((idC2S != 0U) && (idS2C != 0U)) {
 112              		.loc 1 162 5 is_stmt 1 view .LVU25
 113              		.loc 1 162 8 is_stmt 0 view .LVU26
 114 0028 62B1     		cbz	r2, .L7
 115              		.loc 1 162 23 discriminator 1 view .LVU27
 116 002a 5EB1     		cbz	r6, .L7
 163:CANopen/301/CO_SDOserver.c ****         SDO->valid = true;
 117              		.loc 1 163 9 is_stmt 1 view .LVU28
 118              		.loc 1 163 20 is_stmt 0 view .LVU29
 119 002c 0123     		movs	r3, #1
 120 002e 2B61     		str	r3, [r5, #16]
 121 0030 0BE0     		b	.L8
 122              	.LVL8:
 123              	.L13:
 151:CANopen/301/CO_SDOserver.c ****         return CO_ERROR_NO;
 124              		.loc 1 151 92 discriminator 1 view .LVU30
ARM GAS  C:\Users\Lenovo\AppData\Local\Temp\ccOvLNZW.s 			page 6


 125 0032 6B6D     		ldr	r3, [r5, #84]
 151:CANopen/301/CO_SDOserver.c ****         return CO_ERROR_NO;
 126              		.loc 1 151 61 discriminator 1 view .LVU31
 127 0034 B342     		cmp	r3, r6
 128 0036 EFD1     		bne	.L3
 152:CANopen/301/CO_SDOserver.c ****     }
 129              		.loc 1 152 16 view .LVU32
 130 0038 0024     		movs	r4, #0
 131 003a 1EE0     		b	.L4
 132              	.L10:
 160:CANopen/301/CO_SDOserver.c ****     uint16_t idS2C = ((COB_IDServerToClient & 0x80000000UL) == 0U) ? (uint16_t)COB_IDServerToClient
 133              		.loc 1 160 14 discriminator 2 view .LVU33
 134 003c 0022     		movs	r2, #0
 135 003e F0E7     		b	.L5
 136              	.LVL9:
 137              	.L11:
 161:CANopen/301/CO_SDOserver.c ****     if ((idC2S != 0U) && (idS2C != 0U)) {
 138              		.loc 1 161 14 discriminator 2 view .LVU34
 139 0040 0026     		movs	r6, #0
 140 0042 F1E7     		b	.L6
 141              	.LVL10:
 142              	.L7:
 164:CANopen/301/CO_SDOserver.c ****     } else {
 165:CANopen/301/CO_SDOserver.c ****         idC2S = 0;
 143              		.loc 1 165 9 is_stmt 1 view .LVU35
 166:CANopen/301/CO_SDOserver.c ****         idS2C = 0;
 144              		.loc 1 166 9 view .LVU36
 167:CANopen/301/CO_SDOserver.c ****         SDO->valid = false;
 145              		.loc 1 167 9 view .LVU37
 146              		.loc 1 167 20 is_stmt 0 view .LVU38
 147 0044 0022     		movs	r2, #0
 148 0046 2A61     		str	r2, [r5, #16]
 166:CANopen/301/CO_SDOserver.c ****         idS2C = 0;
 149              		.loc 1 166 15 view .LVU39
 150 0048 1646     		mov	r6, r2
 151              	.LVL11:
 152              	.L8:
 168:CANopen/301/CO_SDOserver.c ****     }
 169:CANopen/301/CO_SDOserver.c **** 
 170:CANopen/301/CO_SDOserver.c ****     /* configure SDO server CAN reception */
 171:CANopen/301/CO_SDOserver.c ****     CO_ReturnError_t ret = CO_CANrxBufferInit(CANdevRx, CANdevRxIdx, idC2S, 0x7FF, false, (void*)SD
 153              		.loc 1 171 5 is_stmt 1 view .LVU40
 154              		.loc 1 171 28 is_stmt 0 view .LVU41
 155 004a 104B     		ldr	r3, .L15
 156 004c 0293     		str	r3, [sp, #8]
 157 004e 0195     		str	r5, [sp, #4]
 158 0050 4FF00008 		mov	r8, #0
 159 0054 CDF80080 		str	r8, [sp]
 160 0058 40F2FF73 		movw	r3, #2047
 161 005c FFF7FEFF 		bl	CO_CANrxBufferInit
 162              	.LVL12:
 163              		.loc 1 171 28 view .LVU42
 164 0060 0446     		mov	r4, r0
 165              	.LVL13:
 172:CANopen/301/CO_SDOserver.c **** 
 173:CANopen/301/CO_SDOserver.c ****     /* configure SDO server CAN transmission */
 174:CANopen/301/CO_SDOserver.c ****     SDO->CANtxBuff = CO_CANtxBufferInit(SDO->CANdevTx, CANdevTxIdx, idS2C, false, 8, false);
ARM GAS  C:\Users\Lenovo\AppData\Local\Temp\ccOvLNZW.s 			page 7


 166              		.loc 1 174 5 is_stmt 1 view .LVU43
 167              		.loc 1 174 22 is_stmt 0 view .LVU44
 168 0062 CDF80480 		str	r8, [sp, #4]
 169 0066 0823     		movs	r3, #8
 170 0068 0093     		str	r3, [sp]
 171 006a 4346     		mov	r3, r8
 172 006c 3246     		mov	r2, r6
 173 006e 3946     		mov	r1, r7
 174 0070 2868     		ldr	r0, [r5]
 175 0072 FFF7FEFF 		bl	CO_CANtxBufferInit
 176              	.LVL14:
 177              		.loc 1 174 20 discriminator 1 view .LVU45
 178 0076 6860     		str	r0, [r5, #4]
 175:CANopen/301/CO_SDOserver.c **** 
 176:CANopen/301/CO_SDOserver.c ****     if (SDO->CANtxBuff == NULL) {
 179              		.loc 1 176 5 is_stmt 1 view .LVU46
 180              		.loc 1 176 8 is_stmt 0 view .LVU47
 181 0078 18B1     		cbz	r0, .L14
 182              	.LVL15:
 183              	.L4:
 177:CANopen/301/CO_SDOserver.c ****         ret = CO_ERROR_ILLEGAL_ARGUMENT;
 178:CANopen/301/CO_SDOserver.c ****         SDO->valid = false;
 179:CANopen/301/CO_SDOserver.c ****     }
 180:CANopen/301/CO_SDOserver.c **** 
 181:CANopen/301/CO_SDOserver.c ****     return ret;
 182:CANopen/301/CO_SDOserver.c **** }
 184              		.loc 1 182 1 view .LVU48
 185 007a 2046     		mov	r0, r4
 186 007c 04B0     		add	sp, sp, #16
 187              	.LCFI2:
 188              		.cfi_remember_state
 189              		.cfi_def_cfa_offset 24
 190              		@ sp needed
 191 007e BDE8F081 		pop	{r4, r5, r6, r7, r8, pc}
 192              	.LVL16:
 193              	.L14:
 194              	.LCFI3:
 195              		.cfi_restore_state
 177:CANopen/301/CO_SDOserver.c ****         ret = CO_ERROR_ILLEGAL_ARGUMENT;
 196              		.loc 1 177 9 is_stmt 1 view .LVU49
 178:CANopen/301/CO_SDOserver.c ****     }
 197              		.loc 1 178 9 view .LVU50
 178:CANopen/301/CO_SDOserver.c ****     }
 198              		.loc 1 178 20 is_stmt 0 view .LVU51
 199 0082 C5F81080 		str	r8, [r5, #16]
 177:CANopen/301/CO_SDOserver.c ****         ret = CO_ERROR_ILLEGAL_ARGUMENT;
 200              		.loc 1 177 13 view .LVU52
 201 0086 4FF0FF34 		mov	r4, #-1
 202 008a F6E7     		b	.L4
 203              	.L16:
 204              		.align	2
 205              	.L15:
 206 008c 00000000 		.word	CO_SDO_receive
 207              		.cfi_endproc
 208              	.LFE33:
 210              		.section	.text.OD_write_1201_additional,"ax",%progbits
 211              		.align	1
ARM GAS  C:\Users\Lenovo\AppData\Local\Temp\ccOvLNZW.s 			page 8


 212              		.syntax unified
 213              		.thumb
 214              		.thumb_func
 216              	OD_write_1201_additional:
 217              	.LVL17:
 218              	.LFB34:
 183:CANopen/301/CO_SDOserver.c **** 
 184:CANopen/301/CO_SDOserver.c **** #if ((CO_CONFIG_SDO_SRV)&CO_CONFIG_FLAG_OD_DYNAMIC) != 0
 185:CANopen/301/CO_SDOserver.c **** /*
 186:CANopen/301/CO_SDOserver.c ****  * Custom function for writing OD object _SDO server parameter_, additional channels
 187:CANopen/301/CO_SDOserver.c ****  *
 188:CANopen/301/CO_SDOserver.c ****  * For more information see file CO_ODinterface.h, OD_IO_t.
 189:CANopen/301/CO_SDOserver.c ****  */
 190:CANopen/301/CO_SDOserver.c **** static ODR_t
 191:CANopen/301/CO_SDOserver.c **** OD_write_1201_additional(OD_stream_t* stream, const void* buf, OD_size_t count, OD_size_t* countWri
 219              		.loc 1 191 106 is_stmt 1 view -0
 220              		.cfi_startproc
 221              		@ args = 0, pretend = 0, frame = 0
 222              		@ frame_needed = 0, uses_anonymous_args = 0
 192:CANopen/301/CO_SDOserver.c ****     /* "count" is already verified in *_init() function */
 193:CANopen/301/CO_SDOserver.c ****     if ((stream == NULL) || (buf == NULL) || (countWritten == NULL)) {
 223              		.loc 1 193 5 view .LVU54
 224              		.loc 1 193 8 is_stmt 0 view .LVU55
 225 0000 0028     		cmp	r0, #0
 226 0002 00F0A080 		beq	.L29
 191:CANopen/301/CO_SDOserver.c ****     /* "count" is already verified in *_init() function */
 227              		.loc 1 191 106 view .LVU56
 228 0006 F0B5     		push	{r4, r5, r6, r7, lr}
 229              	.LCFI4:
 230              		.cfi_def_cfa_offset 20
 231              		.cfi_offset 4, -20
 232              		.cfi_offset 5, -16
 233              		.cfi_offset 6, -12
 234              		.cfi_offset 7, -8
 235              		.cfi_offset 14, -4
 236 0008 83B0     		sub	sp, sp, #12
 237              	.LCFI5:
 238              		.cfi_def_cfa_offset 32
 239 000a 0C46     		mov	r4, r1
 240 000c 1746     		mov	r7, r2
 241 000e 1D46     		mov	r5, r3
 242 0010 0646     		mov	r6, r0
 243              		.loc 1 193 26 discriminator 1 view .LVU57
 244 0012 0029     		cmp	r1, #0
 245 0014 00F09980 		beq	.L30
 246              		.loc 1 193 43 discriminator 2 view .LVU58
 247 0018 002B     		cmp	r3, #0
 248 001a 00F09880 		beq	.L31
 194:CANopen/301/CO_SDOserver.c ****         return ODR_DEV_INCOMPAT;
 195:CANopen/301/CO_SDOserver.c ****     }
 196:CANopen/301/CO_SDOserver.c **** 
 197:CANopen/301/CO_SDOserver.c ****     CO_SDOserver_t* SDO = (CO_SDOserver_t*)stream->object;
 249              		.loc 1 197 5 is_stmt 1 view .LVU59
 250              		.loc 1 197 21 is_stmt 0 view .LVU60
 251 001e 4068     		ldr	r0, [r0, #4]
 252              	.LVL18:
 198:CANopen/301/CO_SDOserver.c **** 
ARM GAS  C:\Users\Lenovo\AppData\Local\Temp\ccOvLNZW.s 			page 9


 199:CANopen/301/CO_SDOserver.c ****     switch (stream->subIndex) {
 253              		.loc 1 199 5 is_stmt 1 view .LVU61
 254              		.loc 1 199 19 is_stmt 0 view .LVU62
 255 0020 337D     		ldrb	r3, [r6, #20]	@ zero_extendqisi2
 256              	.LVL19:
 257              		.loc 1 199 5 view .LVU63
 258 0022 032B     		cmp	r3, #3
 259 0024 00F29580 		bhi	.L32
 260 0028 DFE803F0 		tbb	[pc, r3]
 261              	.LVL20:
 262              	.L20:
 263 002c 02       		.byte	(.L23-.L20)/2
 264 002d 04       		.byte	(.L22-.L20)/2
 265 002e 42       		.byte	(.L21-.L20)/2
 266 002f 7F       		.byte	(.L19-.L20)/2
 267              		.p2align 1
 268              	.L23:
 269              		.loc 1 199 5 view .LVU64
 270 0030 0420     		movs	r0, #4
 271              	.LVL21:
 272              		.loc 1 199 5 view .LVU65
 273 0032 86E0     		b	.L18
 274              	.LVL22:
 275              	.L22:
 200:CANopen/301/CO_SDOserver.c ****         case 0: /* Highest sub-index supported */ return ODR_READONLY; break;
 276              		.loc 1 200 72 is_stmt 1 view .LVU66
 277              	.LBB27:
 201:CANopen/301/CO_SDOserver.c **** 
 202:CANopen/301/CO_SDOserver.c ****         case 1: { /* COB-ID client -> server */
 203:CANopen/301/CO_SDOserver.c ****             uint32_t COB_ID = CO_getUint32(buf);
 278              		.loc 1 203 13 view .LVU67
 279              	.LBB28:
 280              	.LBI28:
 281              		.file 2 "CANopen/301/CO_driver.h"
   1:CANopen/301/CO_driver.h **** /**
   2:CANopen/301/CO_driver.h ****  * Interface between CAN hardware and CANopenNode.
   3:CANopen/301/CO_driver.h ****  *
   4:CANopen/301/CO_driver.h ****  * @file        CO_driver.h
   5:CANopen/301/CO_driver.h ****  * @ingroup     CO_driver
   6:CANopen/301/CO_driver.h ****  * @author      Janez Paternoster
   7:CANopen/301/CO_driver.h ****  * @copyright   2004 - 2020 Janez Paternoster
   8:CANopen/301/CO_driver.h ****  *
   9:CANopen/301/CO_driver.h ****  * This file is part of <https://github.com/CANopenNode/CANopenNode>, a CANopen Stack.
  10:CANopen/301/CO_driver.h ****  *
  11:CANopen/301/CO_driver.h ****  * Licensed under the Apache License, Version 2.0 (the "License"); you may not use this
  12:CANopen/301/CO_driver.h ****  * file except in compliance with the License. You may obtain a copy of the License at
  13:CANopen/301/CO_driver.h ****  *
  14:CANopen/301/CO_driver.h ****  *     http://www.apache.org/licenses/LICENSE-2.0
  15:CANopen/301/CO_driver.h ****  *
  16:CANopen/301/CO_driver.h ****  * Unless required by applicable law or agreed to in writing, software distributed under the Licens
  17:CANopen/301/CO_driver.h ****  * distributed on an "AS IS" BASIS, WITHOUT WARRANTIES OR CONDITIONS OF ANY KIND, either express or
  18:CANopen/301/CO_driver.h ****  * See the License for the specific language governing permissions and limitations under the Licens
  19:CANopen/301/CO_driver.h ****  */
  20:CANopen/301/CO_driver.h **** 
  21:CANopen/301/CO_driver.h **** #ifndef CO_DRIVER_H
  22:CANopen/301/CO_driver.h **** #define CO_DRIVER_H
  23:CANopen/301/CO_driver.h **** 
ARM GAS  C:\Users\Lenovo\AppData\Local\Temp\ccOvLNZW.s 			page 10


  24:CANopen/301/CO_driver.h **** #include <string.h>
  25:CANopen/301/CO_driver.h **** 
  26:CANopen/301/CO_driver.h **** #include "CO_config.h"
  27:CANopen/301/CO_driver.h **** #include "CO_driver_target.h"
  28:CANopen/301/CO_driver.h **** 
  29:CANopen/301/CO_driver.h **** #ifdef __cplusplus
  30:CANopen/301/CO_driver.h **** extern "C" {
  31:CANopen/301/CO_driver.h **** #endif
  32:CANopen/301/CO_driver.h **** 
  33:CANopen/301/CO_driver.h **** /* Stack configuration default global values. For more information see file CO_config.h. */
  34:CANopen/301/CO_driver.h **** #ifndef CO_CONFIG_GLOBAL_FLAG_CALLBACK_PRE
  35:CANopen/301/CO_driver.h **** #define CO_CONFIG_GLOBAL_FLAG_CALLBACK_PRE (0)
  36:CANopen/301/CO_driver.h **** #endif
  37:CANopen/301/CO_driver.h **** #ifndef CO_CONFIG_GLOBAL_RT_FLAG_CALLBACK_PRE
  38:CANopen/301/CO_driver.h **** #define CO_CONFIG_GLOBAL_RT_FLAG_CALLBACK_PRE (0)
  39:CANopen/301/CO_driver.h **** #endif
  40:CANopen/301/CO_driver.h **** #ifndef CO_CONFIG_GLOBAL_FLAG_TIMERNEXT
  41:CANopen/301/CO_driver.h **** #define CO_CONFIG_GLOBAL_FLAG_TIMERNEXT (0)
  42:CANopen/301/CO_driver.h **** #endif
  43:CANopen/301/CO_driver.h **** #ifndef CO_CONFIG_GLOBAL_FLAG_OD_DYNAMIC
  44:CANopen/301/CO_driver.h **** #define CO_CONFIG_GLOBAL_FLAG_OD_DYNAMIC CO_CONFIG_FLAG_OD_DYNAMIC
  45:CANopen/301/CO_driver.h **** #endif
  46:CANopen/301/CO_driver.h **** #ifdef CO_DEBUG_COMMON
  47:CANopen/301/CO_driver.h **** #if (CO_CONFIG_DEBUG) & CO_CONFIG_DEBUG_SDO_CLIENT
  48:CANopen/301/CO_driver.h **** #define CO_DEBUG_SDO_CLIENT(msg) CO_DEBUG_COMMON(msg)
  49:CANopen/301/CO_driver.h **** #endif
  50:CANopen/301/CO_driver.h **** #if (CO_CONFIG_DEBUG) & CO_CONFIG_DEBUG_SDO_SERVER
  51:CANopen/301/CO_driver.h **** #define CO_DEBUG_SDO_SERVER(msg) CO_DEBUG_COMMON(msg)
  52:CANopen/301/CO_driver.h **** #endif
  53:CANopen/301/CO_driver.h **** #endif
  54:CANopen/301/CO_driver.h **** 
  55:CANopen/301/CO_driver.h **** /**
  56:CANopen/301/CO_driver.h ****  * @defgroup CO_driver Driver
  57:CANopen/301/CO_driver.h ****  * Interface between CAN hardware and CANopenNode.
  58:CANopen/301/CO_driver.h ****  *
  59:CANopen/301/CO_driver.h ****  * @ingroup CO_CANopen_301
  60:CANopen/301/CO_driver.h ****  * @{
  61:CANopen/301/CO_driver.h ****  * CANopenNode is designed for speed and portability. It runs efficiently on devices from simple 16
  62:CANopen/301/CO_driver.h ****  * to PC computers. It can run in multiple threads. Reception of CAN messages is pre-processed with
  63:CANopen/301/CO_driver.h ****  * Time critical objects, such as PDO or SYNC are processed in real-time thread and other objects a
  64:CANopen/301/CO_driver.h ****  * normal thread. See Flowchart in [README.md](index.html) for more information.
  65:CANopen/301/CO_driver.h ****  *
  66:CANopen/301/CO_driver.h ****  * @anchor CO_obj
  67:CANopen/301/CO_driver.h ****  * #### CANopenNode Object
  68:CANopen/301/CO_driver.h ****  * CANopenNode is implemented as a collection of different objects, for example SDO, SYNC, Emergenc
  69:CANopen/301/CO_driver.h ****  * Heartbeat, etc. Code is written in C language and tries to be object oriented. So each CANopenNo
  70:CANopen/301/CO_driver.h ****  * implemented in a pair of .h/.c files. It basically contains a structure with all necessary varia
  71:CANopen/301/CO_driver.h ****  * functions which operates on it. CANopenNode Object is usually connected with one or more CAN rec
  72:CANopen/301/CO_driver.h ****  * Message Objects. (CAN message Object is a CAN message with specific 11-bit CAN identifier (usual
  73:CANopen/301/CO_driver.h ****  * range).)
  74:CANopen/301/CO_driver.h ****  *
  75:CANopen/301/CO_driver.h ****  * #### Hardware interface of CANopenNode
  76:CANopen/301/CO_driver.h ****  * It consists of minimum three files:
  77:CANopen/301/CO_driver.h ****  * - **CO_driver.h** file declares common functions. This file is part of the CANopenNode. It is in
  78:CANopen/301/CO_driver.h ****  *   file from CANopenNode.
  79:CANopen/301/CO_driver.h ****  * - **CO_driver_target.h** file declares microcontroller specific type declarations and defines so
  80:CANopen/301/CO_driver.h ****  *   necessary for CANopenNode. This file is included from CO_driver.h.
ARM GAS  C:\Users\Lenovo\AppData\Local\Temp\ccOvLNZW.s 			page 11


  81:CANopen/301/CO_driver.h ****  * - **CO_driver.c** file defines functions declared in CO_driver.h.
  82:CANopen/301/CO_driver.h ****  *
  83:CANopen/301/CO_driver.h ****  * **CO_driver_target.h** and **CO_driver.c** files are specific for each different microcontroller
  84:CANopen/301/CO_driver.h ****  * CANopenNode. There are separate projects for different microcontrollers, which usually include C
  85:CANopen/301/CO_driver.h ****  * submodule. CANopenNode only includes those two files in the `example` directory and they are bas
  86:CANopen/301/CO_driver.h ****  * should be possible to compile the `CANopenNode/example` on any system, however compiled program 
  87:CANopen/301/CO_driver.h ****  * CO_driver.h contains documentation for all necessary macros, types and functions.
  88:CANopen/301/CO_driver.h ****  *
  89:CANopen/301/CO_driver.h ****  * See [CANopenNode/Wiki](https://github.com/CANopenNode/CANopenNode/wiki) for a known list of avai
  90:CANopen/301/CO_driver.h ****  * of CANopenNode on different systems and microcontrollers. Everybody is welcome to extend the lis
  91:CANopen/301/CO_driver.h ****  * own implementation.
  92:CANopen/301/CO_driver.h ****  *
  93:CANopen/301/CO_driver.h ****  * Implementation of the hardware interface for specific microcontroller is not always an easy task
  94:CANopen/301/CO_driver.h ****  * efficient operation it is necessary to know some parts of the target microcontroller in detail (
  95:CANopen/301/CO_driver.h ****  * (or interrupts), CAN module, etc.).
  96:CANopen/301/CO_driver.h ****  */
  97:CANopen/301/CO_driver.h **** 
  98:CANopen/301/CO_driver.h **** /** Major version number of CANopenNode */
  99:CANopen/301/CO_driver.h **** #define CO_VERSION_MAJOR 4
 100:CANopen/301/CO_driver.h **** /** Minor version number of CANopenNode */
 101:CANopen/301/CO_driver.h **** #define CO_VERSION_MINOR 0
 102:CANopen/301/CO_driver.h **** 
 103:CANopen/301/CO_driver.h **** /* Macros and declarations in following part are only used for documentation. */
 104:CANopen/301/CO_driver.h **** #ifdef CO_DOXYGEN
 105:CANopen/301/CO_driver.h **** /**
 106:CANopen/301/CO_driver.h ****  * @defgroup CO_dataTypes Basic definitions
 107:CANopen/301/CO_driver.h ****  * @{
 108:CANopen/301/CO_driver.h ****  *
 109:CANopen/301/CO_driver.h ****  * Target specific basic definitions and data types.
 110:CANopen/301/CO_driver.h ****  *
 111:CANopen/301/CO_driver.h ****  * Must be defined in the **CO_driver_target.h** file.
 112:CANopen/301/CO_driver.h ****  *
 113:CANopen/301/CO_driver.h ****  * Depending on processor or compiler architecture, one of the two macros must be defined: CO_LITTL
 114:CANopen/301/CO_driver.h ****  * CO_BIG_ENDIAN. CANopen itself is little endian.
 115:CANopen/301/CO_driver.h ****  *
 116:CANopen/301/CO_driver.h ****  * Basic data types may be specified differently on different architectures. Usually `true` and `fa
 117:CANopen/301/CO_driver.h ****  * `<stdbool.h>`, `NULL` is defined in `<stddef.h>`, `int8_t` to `uint64_t` are defined in `<stdint
 118:CANopen/301/CO_driver.h ****  */
 119:CANopen/301/CO_driver.h **** #define CO_LITTLE_ENDIAN                 /**< CO_LITTLE_ENDIAN or CO_BIG_ENDIAN must be defined */
 120:CANopen/301/CO_driver.h **** #define CO_SWAP_16(x)    x               /**< Macro must swap bytes, if CO_BIG_ENDIAN is defined */
 121:CANopen/301/CO_driver.h **** #define CO_SWAP_32(x)    x               /**< Macro must swap bytes, if CO_BIG_ENDIAN is defined */
 122:CANopen/301/CO_driver.h **** #define CO_SWAP_64(x)    x               /**< Macro must swap bytes, if CO_BIG_ENDIAN is defined */
 123:CANopen/301/CO_driver.h **** #define NULL             (0)             /**< NULL, for general usage */
 124:CANopen/301/CO_driver.h **** #define true             1               /**< Logical true, for general use */
 125:CANopen/301/CO_driver.h **** #define false            0               /**< Logical false, for general use */
 126:CANopen/301/CO_driver.h **** typedef uint_fast8_t bool_t;             /**< Boolean data type for general use */
 127:CANopen/301/CO_driver.h **** typedef signed char int8_t;              /**< INTEGER8 in CANopen (0002h), 8-bit signed integer */
 128:CANopen/301/CO_driver.h **** typedef signed int int16_t;              /**< INTEGER16 in CANopen (0003h), 16-bit signed integer *
 129:CANopen/301/CO_driver.h **** typedef signed long int int32_t;         /**< INTEGER32 in CANopen (0004h), 32-bit signed integer *
 130:CANopen/301/CO_driver.h **** typedef signed long long int int64_t;    /**< INTEGER64 in CANopen (0015h), 64-bit signed integer *
 131:CANopen/301/CO_driver.h **** typedef unsigned char uint8_t;           /**< UNSIGNED8 in CANopen (0005h), 8-bit unsigned integer 
 132:CANopen/301/CO_driver.h **** typedef unsigned int uint16_t;           /**< UNSIGNED16 in CANopen (0006h), 16-bit unsigned intege
 133:CANopen/301/CO_driver.h **** typedef unsigned long int uint32_t;      /**< UNSIGNED32 in CANopen (0007h), 32-bit unsigned intege
 134:CANopen/301/CO_driver.h **** typedef unsigned long long int uint64_t; /**< UNSIGNED64 in CANopen (001Bh), 64-bit unsigned intege
 135:CANopen/301/CO_driver.h **** typedef float float32_t;  /**< REAL32 in CANopen (0008h), single precision floating point value, 32
 136:CANopen/301/CO_driver.h **** typedef double float64_t; /**< REAL64 in CANopen (0011h), double precision floating point value, 64
 137:CANopen/301/CO_driver.h **** /** @} */
ARM GAS  C:\Users\Lenovo\AppData\Local\Temp\ccOvLNZW.s 			page 12


 138:CANopen/301/CO_driver.h **** 
 139:CANopen/301/CO_driver.h **** /**
 140:CANopen/301/CO_driver.h ****  * @defgroup CO_CAN_Message_reception Reception of CAN messages
 141:CANopen/301/CO_driver.h ****  * @{
 142:CANopen/301/CO_driver.h ****  *
 143:CANopen/301/CO_driver.h ****  * Target specific definitions and description of CAN message reception
 144:CANopen/301/CO_driver.h ****  *
 145:CANopen/301/CO_driver.h ****  * CAN messages in CANopenNode are usually received by its own thread or higher priority interrupt.
 146:CANopen/301/CO_driver.h ****  * messages are first filtered by hardware or by software. Thread then examines its 11-bit CAN-id a
 147:CANopen/301/CO_driver.h ****  * determines, to which \ref CO_obj "CANopenNode Object" it belongs to. After that it calls predefi
 148:CANopen/301/CO_driver.h ****  * function, which quickly pre-processes the message and fetches the relevant data. CANrx_callback(
 149:CANopen/301/CO_driver.h ****  * by each \ref CO_obj "CANopenNode Object" separately. Pre-processed fetched data are later proces
 150:CANopen/301/CO_driver.h ****  * thread.
 151:CANopen/301/CO_driver.h ****  *
 152:CANopen/301/CO_driver.h ****  * If \ref CO_obj "CANopenNode Object" reception of specific CAN message, it must first configure i
 153:CANopen/301/CO_driver.h ****  * object with the CO_CANrxBufferInit() function.
 154:CANopen/301/CO_driver.h ****  */
 155:CANopen/301/CO_driver.h **** 
 156:CANopen/301/CO_driver.h **** /**
 157:CANopen/301/CO_driver.h ****  * CAN receive callback function which pre-processes received CAN message
 158:CANopen/301/CO_driver.h ****  *
 159:CANopen/301/CO_driver.h ****  * It is called by fast CAN receive thread. Each \ref CO_obj "CANopenNode Object" defines its own a
 160:CANopen/301/CO_driver.h ****  * CO_CANrxBufferInit(), by passing function pointer.
 161:CANopen/301/CO_driver.h ****  *
 162:CANopen/301/CO_driver.h ****  * @param object pointer to specific \ref CO_obj "CANopenNode Object", registered with CO_CANrxBuff
 163:CANopen/301/CO_driver.h ****  * @param rxMsg pointer to received CAN message
 164:CANopen/301/CO_driver.h ****  */
 165:CANopen/301/CO_driver.h **** void CANrx_callback(void* object, void* rxMsg);
 166:CANopen/301/CO_driver.h **** 
 167:CANopen/301/CO_driver.h **** /**
 168:CANopen/301/CO_driver.h ****  * CANrx_callback() can read CAN identifier from received CAN message
 169:CANopen/301/CO_driver.h ****  *
 170:CANopen/301/CO_driver.h ****  * Must be defined in the **CO_driver_target.h** file.
 171:CANopen/301/CO_driver.h ****  *
 172:CANopen/301/CO_driver.h ****  * This is target specific function and is specific for specific microcontroller. It is best to imp
 173:CANopen/301/CO_driver.h ****  * inline function or macro. `rxMsg` parameter should cast to a pointer to structure. For best effi
 174:CANopen/301/CO_driver.h ****  * have the same alignment as CAN registers inside CAN module.
 175:CANopen/301/CO_driver.h ****  *
 176:CANopen/301/CO_driver.h ****  * @param rxMsg Pointer to received message
 177:CANopen/301/CO_driver.h ****  * @return 11-bit CAN standard identifier.
 178:CANopen/301/CO_driver.h ****  */
 179:CANopen/301/CO_driver.h **** static inline uint16_t
 180:CANopen/301/CO_driver.h **** CO_CANrxMsg_readIdent(void* rxMsg) {
 181:CANopen/301/CO_driver.h ****     return 0;
 182:CANopen/301/CO_driver.h **** }
 183:CANopen/301/CO_driver.h **** 
 184:CANopen/301/CO_driver.h **** /**
 185:CANopen/301/CO_driver.h ****  * CANrx_callback() can read Data Length Code from received CAN message
 186:CANopen/301/CO_driver.h ****  *
 187:CANopen/301/CO_driver.h ****  * See also CO_CANrxMsg_readIdent():
 188:CANopen/301/CO_driver.h ****  *
 189:CANopen/301/CO_driver.h ****  * @param rxMsg Pointer to received message
 190:CANopen/301/CO_driver.h ****  * @return data length in bytes (0 to 8)
 191:CANopen/301/CO_driver.h ****  */
 192:CANopen/301/CO_driver.h **** static inline uint8_t
 193:CANopen/301/CO_driver.h **** CO_CANrxMsg_readDLC(void* rxMsg) {
 194:CANopen/301/CO_driver.h ****     return 0;
ARM GAS  C:\Users\Lenovo\AppData\Local\Temp\ccOvLNZW.s 			page 13


 195:CANopen/301/CO_driver.h **** }
 196:CANopen/301/CO_driver.h **** 
 197:CANopen/301/CO_driver.h **** /**
 198:CANopen/301/CO_driver.h ****  * CANrx_callback() can read pointer to data from received CAN message
 199:CANopen/301/CO_driver.h ****  *
 200:CANopen/301/CO_driver.h ****  * See also CO_CANrxMsg_readIdent():
 201:CANopen/301/CO_driver.h ****  *
 202:CANopen/301/CO_driver.h ****  * @param rxMsg Pointer to received message
 203:CANopen/301/CO_driver.h ****  * @return pointer to data buffer
 204:CANopen/301/CO_driver.h ****  */
 205:CANopen/301/CO_driver.h **** static inline const uint8_t*
 206:CANopen/301/CO_driver.h **** CO_CANrxMsg_readData(void* rxMsg) {
 207:CANopen/301/CO_driver.h ****     return NULL;
 208:CANopen/301/CO_driver.h **** }
 209:CANopen/301/CO_driver.h **** 
 210:CANopen/301/CO_driver.h **** /**
 211:CANopen/301/CO_driver.h ****  * Configuration object for CAN received message for specific \ref CO_obj "CANopenNode Object".
 212:CANopen/301/CO_driver.h ****  *
 213:CANopen/301/CO_driver.h ****  * Must be defined in the **CO_driver_target.h** file.
 214:CANopen/301/CO_driver.h ****  *
 215:CANopen/301/CO_driver.h ****  * Data fields of this structure are used exclusively by the driver. Usually it has the following d
 216:CANopen/301/CO_driver.h ****  * may differ for different microcontrollers. Array of multiple CO_CANrx_t objects is included insi
 217:CANopen/301/CO_driver.h ****  */
 218:CANopen/301/CO_driver.h **** typedef struct {
 219:CANopen/301/CO_driver.h ****     uint16_t ident; /**< Standard CAN Identifier (bits 0..10) + RTR (bit 11) */
 220:CANopen/301/CO_driver.h ****     uint16_t mask;  /**< Standard CAN Identifier mask with the same alignment as ident */
 221:CANopen/301/CO_driver.h ****     void* object;   /**< \ref CO_obj "CANopenNode Object" initialized in from CO_CANrxBufferInit() 
 222:CANopen/301/CO_driver.h ****     void (*pCANrx_callback)(void* object,
 223:CANopen/301/CO_driver.h ****                             void* message); /**< Pointer to CANrx_callback() initialized in CO_CANr
 224:CANopen/301/CO_driver.h **** } CO_CANrx_t;
 225:CANopen/301/CO_driver.h **** 
 226:CANopen/301/CO_driver.h **** /** @} */
 227:CANopen/301/CO_driver.h **** 
 228:CANopen/301/CO_driver.h **** /**
 229:CANopen/301/CO_driver.h ****  * @defgroup CO_CAN_Message_transmission Transmission of CAN messages
 230:CANopen/301/CO_driver.h ****  * @{
 231:CANopen/301/CO_driver.h ****  *
 232:CANopen/301/CO_driver.h ****  * Target specific definitions and description of CAN message transmission
 233:CANopen/301/CO_driver.h ****  *
 234:CANopen/301/CO_driver.h ****  * If \ref CO_obj "CANopenNode Object" needs transmitting CAN message, it must first configure its 
 235:CANopen/301/CO_driver.h ****  * with the CO_CANtxBufferInit() function. CAN message can then be sent with CO_CANsend() function.
 236:CANopen/301/CO_driver.h ****  * CAN transmit buffer inside microcontroller's CAN module is free, message is copied directly to t
 237:CANopen/301/CO_driver.h ****  * Otherwise CO_CANsend() function sets _bufferFull_ flag to true. Message will be then sent by CAN
 238:CANopen/301/CO_driver.h ****  * as CAN module is freed. Until message is not copied to CAN module, its contents must not change.
 239:CANopen/301/CO_driver.h ****  * multiple CO_CANtx_t objects with _bufferFull_ flag set to true, then CO_CANtx_t with lower index
 240:CANopen/301/CO_driver.h ****  */
 241:CANopen/301/CO_driver.h **** 
 242:CANopen/301/CO_driver.h **** /**
 243:CANopen/301/CO_driver.h ****  * Configuration object for CAN transmit message for specific \ref CO_obj "CANopenNode Object".
 244:CANopen/301/CO_driver.h ****  *
 245:CANopen/301/CO_driver.h ****  * Must be defined in the **CO_driver_target.h** file.
 246:CANopen/301/CO_driver.h ****  *
 247:CANopen/301/CO_driver.h ****  * Data fields of this structure are used exclusively by the driver. Usually it has the following d
 248:CANopen/301/CO_driver.h ****  * may differ for different microcontrollers. Array of multiple CO_CANtx_t objects is included insi
 249:CANopen/301/CO_driver.h ****  */
 250:CANopen/301/CO_driver.h **** typedef struct {
 251:CANopen/301/CO_driver.h ****     uint32_t ident;             /**< CAN identifier as aligned in CAN module */
ARM GAS  C:\Users\Lenovo\AppData\Local\Temp\ccOvLNZW.s 			page 14


 252:CANopen/301/CO_driver.h ****     uint8_t DLC;                /**< Length of CAN message */
 253:CANopen/301/CO_driver.h ****     uint8_t data[8];            /**< 8 data bytes */
 254:CANopen/301/CO_driver.h ****     volatile bool_t bufferFull; /**< True if previous message is still in the buffer */
 255:CANopen/301/CO_driver.h ****     volatile bool_t syncFlag;   /**< Synchronous PDO messages has this flag set. It prevents them t
 256:CANopen/301/CO_driver.h ****                                    synchronous window */
 257:CANopen/301/CO_driver.h **** } CO_CANtx_t;
 258:CANopen/301/CO_driver.h **** 
 259:CANopen/301/CO_driver.h **** /** @} */
 260:CANopen/301/CO_driver.h **** 
 261:CANopen/301/CO_driver.h **** /**
 262:CANopen/301/CO_driver.h ****  * Complete CAN module object.
 263:CANopen/301/CO_driver.h ****  *
 264:CANopen/301/CO_driver.h ****  * Must be defined in the **CO_driver_target.h** file.
 265:CANopen/301/CO_driver.h ****  *
 266:CANopen/301/CO_driver.h ****  * Usually it has the following data fields, but they may differ for different microcontrollers.
 267:CANopen/301/CO_driver.h ****  */
 268:CANopen/301/CO_driver.h **** typedef struct {
 269:CANopen/301/CO_driver.h ****     void* CANptr;                    /**< From CO_CANmodule_init() */
 270:CANopen/301/CO_driver.h ****     CO_CANrx_t* rxArray;             /**< From CO_CANmodule_init() */
 271:CANopen/301/CO_driver.h ****     uint16_t rxSize;                 /**< From CO_CANmodule_init() */
 272:CANopen/301/CO_driver.h ****     CO_CANtx_t* txArray;             /**< From CO_CANmodule_init() */
 273:CANopen/301/CO_driver.h ****     uint16_t txSize;                 /**< From CO_CANmodule_init() */
 274:CANopen/301/CO_driver.h ****     uint16_t CANerrorStatus;         /**< CAN error status bitfield, see @ref CO_CAN_ERR_status_t *
 275:CANopen/301/CO_driver.h ****     volatile bool_t CANnormal;       /**< CAN module is in normal mode */
 276:CANopen/301/CO_driver.h ****     volatile bool_t useCANrxFilters; /**< Value different than zero indicates, that CAN module hard
 277:CANopen/301/CO_driver.h ****                                         for CAN reception. If there is not enough hardware filters,
 278:CANopen/301/CO_driver.h ****                                         In this case will be *all* received CAN messages processed 
 279:CANopen/301/CO_driver.h ****     volatile bool_t bufferInhibitFlag; /**< If flag is true, then message in transmit buffer is syn
 280:CANopen/301/CO_driver.h ****                                           which will be aborted, if CO_clearPendingSyncPDOs() funct
 281:CANopen/301/CO_driver.h ****                                           application. This may be necessary if Synchronous window 
 282:CANopen/301/CO_driver.h ****     volatile bool_t
 283:CANopen/301/CO_driver.h ****         firstCANtxMessage; /**< Equal to 1, when the first transmitted message (bootup message) is 
 284:CANopen/301/CO_driver.h ****     volatile uint16_t
 285:CANopen/301/CO_driver.h ****         CANtxCount;  /**< Number of messages in transmit buffer, which are waiting to be copied to 
 286:CANopen/301/CO_driver.h ****     uint32_t errOld; /**< Previous state of CAN errors */
 287:CANopen/301/CO_driver.h **** } CO_CANmodule_t;
 288:CANopen/301/CO_driver.h **** 
 289:CANopen/301/CO_driver.h **** /**
 290:CANopen/301/CO_driver.h ****  * Data storage object for one entry.
 291:CANopen/301/CO_driver.h ****  *
 292:CANopen/301/CO_driver.h ****  * Must be defined in the **CO_driver_target.h** file.
 293:CANopen/301/CO_driver.h ****  *
 294:CANopen/301/CO_driver.h ****  * For more information on Data storage see @ref CO_storage or **CO_storage.h** file. Structure mem
 295:CANopen/301/CO_driver.h ****  * are always required or required with @ref CO_storage_eeprom. Target system may add own additiona
 296:CANopen/301/CO_driver.h ****  * variables.
 297:CANopen/301/CO_driver.h ****  */
 298:CANopen/301/CO_driver.h **** typedef struct {
 299:CANopen/301/CO_driver.h ****     void* addr;         /**< Address of data to store, always required. */
 300:CANopen/301/CO_driver.h ****     size_t len;         /**< Length of data to store, always required. */
 301:CANopen/301/CO_driver.h ****     uint8_t subIndexOD; /**< Sub index in OD objects 1010 and 1011, from 2 to 127. Writing 0x657661
 302:CANopen/301/CO_driver.h ****                            will store data to non-volatile memory Writing 0x64616F6C to 1011,subInd
 303:CANopen/301/CO_driver.h ****                            default data, always required. */
 304:CANopen/301/CO_driver.h ****     uint8_t attr;       /**< Attribute from @ref CO_storage_attributes_t, always required. */
 305:CANopen/301/CO_driver.h ****     void* storageModule; /**< Pointer to storage module, target system specific usage, required wit
 306:CANopen/301/CO_driver.h ****                             CO_storage_eeprom. */
 307:CANopen/301/CO_driver.h ****     uint16_t crc; /**< CRC checksum of the data stored in eeprom, set on store, required with @ref 
 308:CANopen/301/CO_driver.h ****     size_t eepromAddrSignature; /**< Address of entry signature inside eeprom, set by init, require
ARM GAS  C:\Users\Lenovo\AppData\Local\Temp\ccOvLNZW.s 			page 15


 309:CANopen/301/CO_driver.h ****                                    CO_storage_eeprom. */
 310:CANopen/301/CO_driver.h ****     size_t eepromAddr; /**< Address of data inside eeprom, set by init, required with @ref CO_stora
 311:CANopen/301/CO_driver.h ****     size_t offset; /**< Offset of next byte being updated by automatic storage, required with @ref 
 312:CANopen/301/CO_driver.h ****     void* additionalParameters; /**< Additional target specific parameters, optional. */
 313:CANopen/301/CO_driver.h **** } CO_storage_entry_t;
 314:CANopen/301/CO_driver.h **** 
 315:CANopen/301/CO_driver.h **** /**
 316:CANopen/301/CO_driver.h ****  * @defgroup CO_critical_sections Critical sections
 317:CANopen/301/CO_driver.h ****  * @{
 318:CANopen/301/CO_driver.h ****  *
 319:CANopen/301/CO_driver.h ****  * Protection of critical sections in multi-threaded operation.
 320:CANopen/301/CO_driver.h ****  *
 321:CANopen/301/CO_driver.h ****  * CANopenNode is designed to run in different threads, as described in [README.md](index.html). Th
 322:CANopen/301/CO_driver.h ****  * differently in different systems. In microcontrollers threads are interrupts with different prio
 323:CANopen/301/CO_driver.h ****  * It is necessary to protect sections, where different threads access to the same resource. In sim
 324:CANopen/301/CO_driver.h ****  * interrupts or scheduler may be temporary disabled between access to the shared resource. Otherwi
 325:CANopen/301/CO_driver.h ****  * semaphores can be used.
 326:CANopen/301/CO_driver.h ****  *
 327:CANopen/301/CO_driver.h ****  * #### Reentrant functions
 328:CANopen/301/CO_driver.h ****  * Functions CO_CANsend() from C_driver.h, and CO_error() from CO_Emergency.h may be called from di
 329:CANopen/301/CO_driver.h ****  * Critical sections must be protected. Either by disabling scheduler or interrupts or by mutexes o
 330:CANopen/301/CO_driver.h ****  * Lock/unlock macro is called with pointer to CAN module, which may be used inside.
 331:CANopen/301/CO_driver.h ****  *
 332:CANopen/301/CO_driver.h ****  * #### Object Dictionary variables
 333:CANopen/301/CO_driver.h ****  * In general, there are two threads, which accesses OD variables: mainline (initialization, storag
 334:CANopen/301/CO_driver.h ****  * timer (PDO access). CANopenNode uses locking mechanism, where SDO server (or other mainline code
 335:CANopen/301/CO_driver.h ****  * of the real-time thread at the moment it reads or writes OD variable. CO_LOCK_OD(CAN_MODULE) and
 336:CANopen/301/CO_driver.h ****  * CO_UNLOCK_OD(CAN_MODULE) macros are used to protect:
 337:CANopen/301/CO_driver.h ****  * - Whole real-time thread,
 338:CANopen/301/CO_driver.h ****  * - SDO server protects read/write access to OD variable.   Locking of long OD variables, not acce
 339:CANopen/301/CO_driver.h ****  *   thread, may   block RT thread.
 340:CANopen/301/CO_driver.h ****  * - Any mainline code, which accesses PDO-mappable OD variable, must protect   read/write with loc
 341:CANopen/301/CO_driver.h ****  *   OD_mappable() for check.
 342:CANopen/301/CO_driver.h ****  * - Other cases, where non-PDO-mappable OD variable is used inside real-time   thread by some othe
 343:CANopen/301/CO_driver.h ****  *   application must be considered with   special care. Also when there are multiple threads acces
 344:CANopen/301/CO_driver.h ****  *   (e.g. when using a RTOS), you should always lock the OD.
 345:CANopen/301/CO_driver.h ****  *
 346:CANopen/301/CO_driver.h ****  * #### Synchronization functions for CAN receive
 347:CANopen/301/CO_driver.h ****  * After CAN message is received, it is pre-processed in CANrx_callback(), which copies some data i
 348:CANopen/301/CO_driver.h ****  * object and at the end sets **new_message** flag. This flag is then pooled in another thread, whi
 349:CANopen/301/CO_driver.h ****  * the message. The problem is, that compiler optimization may shuffle memory operations, so it is 
 350:CANopen/301/CO_driver.h ****  * that **new_message** flag is surely set at the end. It is necessary to use [Memory
 351:CANopen/301/CO_driver.h ****  * barrier](https://en.wikipedia.org/wiki/Memory_barrier).
 352:CANopen/301/CO_driver.h ****  *
 353:CANopen/301/CO_driver.h ****  * If receive function runs inside IRQ, no further synchronization is needed. Otherwise, some kind 
 354:CANopen/301/CO_driver.h ****  * has to be included. The following example uses GCC builtin memory barrier `__sync_synchronize()`
 355:CANopen/301/CO_driver.h ****  * can be found [here](https://stackoverflow.com/questions/982129/what-does-sync-synchronize-do#982
 356:CANopen/301/CO_driver.h ****  */
 357:CANopen/301/CO_driver.h **** 
 358:CANopen/301/CO_driver.h **** #define CO_LOCK_CAN_SEND(CAN_MODULE)   /**< Lock critical section in CO_CANsend() */
 359:CANopen/301/CO_driver.h **** #define CO_UNLOCK_CAN_SEND(CAN_MODULE) /**< Unlock critical section in CO_CANsend() */
 360:CANopen/301/CO_driver.h **** #define CO_LOCK_EMCY(CAN_MODULE)       /**< Lock critical section in CO_errorReport() or CO_errorRe
 361:CANopen/301/CO_driver.h **** #define CO_UNLOCK_EMCY(CAN_MODULE)     /**< Unlock critical section in CO_errorReport() or CO_error
 362:CANopen/301/CO_driver.h **** #define CO_LOCK_OD(CAN_MODULE)         /**< Lock critical section when accessing Object Dictionary 
 363:CANopen/301/CO_driver.h **** #define CO_UNLOCK_OD(CAN_MODULE)       /**< Unock critical section when accessing Object Dictionary
 364:CANopen/301/CO_driver.h **** 
 365:CANopen/301/CO_driver.h **** /** Check if new message has arrived */
ARM GAS  C:\Users\Lenovo\AppData\Local\Temp\ccOvLNZW.s 			page 16


 366:CANopen/301/CO_driver.h **** #define CO_FLAG_READ(rxNew)            ((rxNew) != NULL)
 367:CANopen/301/CO_driver.h **** /** Set new message flag */
 368:CANopen/301/CO_driver.h **** #define CO_FLAG_SET(rxNew)                                                                         
 369:CANopen/301/CO_driver.h ****     {                                                                                              
 370:CANopen/301/CO_driver.h ****         __sync_synchronize();                                                                      
 371:CANopen/301/CO_driver.h ****         rxNew = (void*)1L;                                                                         
 372:CANopen/301/CO_driver.h ****     }
 373:CANopen/301/CO_driver.h **** /** Clear new message flag */
 374:CANopen/301/CO_driver.h **** #define CO_FLAG_CLEAR(rxNew)                                                                       
 375:CANopen/301/CO_driver.h ****     {                                                                                              
 376:CANopen/301/CO_driver.h ****         __sync_synchronize();                                                                      
 377:CANopen/301/CO_driver.h ****         rxNew = NULL;                                                                              
 378:CANopen/301/CO_driver.h ****     }
 379:CANopen/301/CO_driver.h **** 
 380:CANopen/301/CO_driver.h **** /** @} */
 381:CANopen/301/CO_driver.h **** #endif /* CO_DOXYGEN */
 382:CANopen/301/CO_driver.h **** 
 383:CANopen/301/CO_driver.h **** /**
 384:CANopen/301/CO_driver.h ****  * @defgroup CO_Default_CAN_ID_t Default CANopen identifiers
 385:CANopen/301/CO_driver.h ****  * @{
 386:CANopen/301/CO_driver.h ****  *
 387:CANopen/301/CO_driver.h ****  * Default CANopen identifiers for CANopen communication objects. Same as 11-bit addresses of CAN m
 388:CANopen/301/CO_driver.h ****  * default identifiers and can be changed in CANopen. Especially PDO identifiers are configured in 
 389:CANopen/301/CO_driver.h ****  * the CANopen network configuration.
 390:CANopen/301/CO_driver.h ****  */
 391:CANopen/301/CO_driver.h **** #define CO_CAN_ID_NMT_SERVICE 0x000U /**< 0x000 Network management */
 392:CANopen/301/CO_driver.h **** #define CO_CAN_ID_GFC         0x001U /**< 0x001 Global fail-safe command */
 393:CANopen/301/CO_driver.h **** #define CO_CAN_ID_SYNC        0x080U /**< 0x080 Synchronous message */
 394:CANopen/301/CO_driver.h **** #define CO_CAN_ID_EMERGENCY   0x080U /**< 0x080 Emergency messages (+nodeID) */
 395:CANopen/301/CO_driver.h **** #define CO_CAN_ID_TIME        0x100U /**< 0x100 Time message */
 396:CANopen/301/CO_driver.h **** #define CO_CAN_ID_SRDO_1      0x0FFU /**< 0x0FF Default SRDO1 (+2*nodeID) */
 397:CANopen/301/CO_driver.h **** #define CO_CAN_ID_TPDO_1      0x180U /**< 0x180 Default TPDO1 (+nodeID) */
 398:CANopen/301/CO_driver.h **** #define CO_CAN_ID_RPDO_1      0x200U /**< 0x200 Default RPDO1 (+nodeID) */
 399:CANopen/301/CO_driver.h **** #define CO_CAN_ID_TPDO_2      0x280U /**< 0x280 Default TPDO2 (+nodeID) */
 400:CANopen/301/CO_driver.h **** #define CO_CAN_ID_RPDO_2      0x300U /**< 0x300 Default RPDO2 (+nodeID) */
 401:CANopen/301/CO_driver.h **** #define CO_CAN_ID_TPDO_3      0x380U /**< 0x380 Default TPDO3 (+nodeID) */
 402:CANopen/301/CO_driver.h **** #define CO_CAN_ID_RPDO_3      0x400U /**< 0x400 Default RPDO3 (+nodeID) */
 403:CANopen/301/CO_driver.h **** #define CO_CAN_ID_TPDO_4      0x480U /**< 0x480 Default TPDO4 (+nodeID) */
 404:CANopen/301/CO_driver.h **** #define CO_CAN_ID_RPDO_4      0x500U /**< 0x500 Default RPDO5 (+nodeID) */
 405:CANopen/301/CO_driver.h **** #define CO_CAN_ID_SDO_SRV     0x580U /**< 0x580 SDO response from server (+nodeID) */
 406:CANopen/301/CO_driver.h **** #define CO_CAN_ID_SDO_CLI     0x600U /**< 0x600 SDO request from client (+nodeID) */
 407:CANopen/301/CO_driver.h **** #define CO_CAN_ID_HEARTBEAT   0x700U /**< 0x700 Heartbeat message */
 408:CANopen/301/CO_driver.h **** #define CO_CAN_ID_LSS_SLV     0x7E4U /**< 0x7E4 LSS response from slave */
 409:CANopen/301/CO_driver.h **** #define CO_CAN_ID_LSS_MST     0x7E5U /**< 0x7E5 LSS request from master */
 410:CANopen/301/CO_driver.h **** 
 411:CANopen/301/CO_driver.h **** /** @} */ /* CO_Default_CAN_ID_t */
 412:CANopen/301/CO_driver.h **** 
 413:CANopen/301/CO_driver.h **** /**
 414:CANopen/301/CO_driver.h ****  * Restricted CAN-IDs
 415:CANopen/301/CO_driver.h ****  *
 416:CANopen/301/CO_driver.h ****  * Macro for verifying 'Restricted CAN-IDs', as specified by standard CiA301. They shall not be use
 417:CANopen/301/CO_driver.h ****  * EMCY, PDO and SDO.
 418:CANopen/301/CO_driver.h ****  */
 419:CANopen/301/CO_driver.h **** #ifndef CO_IS_RESTRICTED_CAN_ID
 420:CANopen/301/CO_driver.h **** #define CO_IS_RESTRICTED_CAN_ID(CAN_ID)                                                            
 421:CANopen/301/CO_driver.h ****     (((CAN_ID) <= 0x7FU) || (((CAN_ID) >= 0x101U) && ((CAN_ID) <= 0x180U))                         
 422:CANopen/301/CO_driver.h ****      || (((CAN_ID) >= 0x581U) && ((CAN_ID) <= 0x5FFU)) || (((CAN_ID) >= 0x601U) && ((CAN_ID) <= 0x6
ARM GAS  C:\Users\Lenovo\AppData\Local\Temp\ccOvLNZW.s 			page 17


 423:CANopen/301/CO_driver.h ****      || (((CAN_ID) >= 0x6E0U) && ((CAN_ID) <= 0x6FFU)) || ((CAN_ID) >= 0x701U))
 424:CANopen/301/CO_driver.h **** #endif
 425:CANopen/301/CO_driver.h **** 
 426:CANopen/301/CO_driver.h **** /**
 427:CANopen/301/CO_driver.h ****  * @defgroup CO_CAN_ERR_status_t CAN error status bitmasks
 428:CANopen/301/CO_driver.h ****  * @{
 429:CANopen/301/CO_driver.h ****  *
 430:CANopen/301/CO_driver.h ****  * CAN warning level is reached, if CAN transmit or receive error counter is more or equal to 96. C
 431:CANopen/301/CO_driver.h ****  * reached, if counters are more or equal to 128. Transmitter goes in error state 'bus off' if tran
 432:CANopen/301/CO_driver.h ****  * more or equal to 256.
 433:CANopen/301/CO_driver.h ****  */
 434:CANopen/301/CO_driver.h **** #define CO_CAN_ERRTX_WARNING    0x0001U /**< 0x0001 CAN transmitter warning */
 435:CANopen/301/CO_driver.h **** #define CO_CAN_ERRTX_PASSIVE    0x0002U /**< 0x0002 CAN transmitter passive */
 436:CANopen/301/CO_driver.h **** #define CO_CAN_ERRTX_BUS_OFF    0x0004U /**< 0x0004 CAN transmitter bus off */
 437:CANopen/301/CO_driver.h **** #define CO_CAN_ERRTX_OVERFLOW   0x0008U /**< 0x0008 CAN transmitter overflow */
 438:CANopen/301/CO_driver.h **** #define CO_CAN_ERRTX_PDO_LATE   0x0080U /**< 0x0080 TPDO is outside sync window */
 439:CANopen/301/CO_driver.h **** #define CO_CAN_ERRRX_WARNING    0x0100U /**< 0x0100 CAN receiver warning */
 440:CANopen/301/CO_driver.h **** #define CO_CAN_ERRRX_PASSIVE    0x0200U /**< 0x0200 CAN receiver passive */
 441:CANopen/301/CO_driver.h **** #define CO_CAN_ERRRX_OVERFLOW   0x0800U /**< 0x0800 CAN receiver overflow */
 442:CANopen/301/CO_driver.h **** #define CO_CAN_ERR_WARN_PASSIVE 0x0303U /**< 0x0303 combination */
 443:CANopen/301/CO_driver.h **** 
 444:CANopen/301/CO_driver.h **** /** @} */ /* CO_CAN_ERR_status_t */
 445:CANopen/301/CO_driver.h **** 
 446:CANopen/301/CO_driver.h **** /**
 447:CANopen/301/CO_driver.h ****  * Return values of some CANopen functions. If function was executed successfully it returns 0 othe
 448:CANopen/301/CO_driver.h ****  */
 449:CANopen/301/CO_driver.h **** typedef enum {
 450:CANopen/301/CO_driver.h ****     CO_ERROR_NO = 0,                /**< Operation completed successfully */
 451:CANopen/301/CO_driver.h ****     CO_ERROR_ILLEGAL_ARGUMENT = -1, /**< Error in function arguments */
 452:CANopen/301/CO_driver.h ****     CO_ERROR_OUT_OF_MEMORY = -2,    /**< Memory allocation failed */
 453:CANopen/301/CO_driver.h ****     CO_ERROR_TIMEOUT = -3,          /**< Function timeout */
 454:CANopen/301/CO_driver.h ****     CO_ERROR_ILLEGAL_BAUDRATE = -4, /**< Illegal baudrate passed to function CO_CANmodule_init() */
 455:CANopen/301/CO_driver.h ****     CO_ERROR_RX_OVERFLOW = -5,      /**< Previous message was not processed yet */
 456:CANopen/301/CO_driver.h ****     CO_ERROR_RX_PDO_OVERFLOW = -6,  /**< previous PDO was not processed yet */
 457:CANopen/301/CO_driver.h ****     CO_ERROR_RX_MSG_LENGTH = -7,    /**< Wrong receive message length */
 458:CANopen/301/CO_driver.h ****     CO_ERROR_RX_PDO_LENGTH = -8,    /**< Wrong receive PDO length */
 459:CANopen/301/CO_driver.h ****     CO_ERROR_TX_OVERFLOW = -9,      /**< Previous message is still waiting, buffer full */
 460:CANopen/301/CO_driver.h ****     CO_ERROR_TX_PDO_WINDOW = -10,   /**< Synchronous TPDO is outside window */
 461:CANopen/301/CO_driver.h ****     CO_ERROR_TX_UNCONFIGURED = -11, /**< Transmit buffer was not configured properly */
 462:CANopen/301/CO_driver.h ****     CO_ERROR_OD_PARAMETERS = -12,   /**< Error in Object Dictionary parameters */
 463:CANopen/301/CO_driver.h ****     CO_ERROR_DATA_CORRUPT = -13,    /**< Stored data are corrupt */
 464:CANopen/301/CO_driver.h ****     CO_ERROR_CRC = -14,             /**< CRC does not match */
 465:CANopen/301/CO_driver.h ****     CO_ERROR_TX_BUSY = -15,         /**< Sending rejected because driver is busy. Try again */
 466:CANopen/301/CO_driver.h ****     CO_ERROR_WRONG_NMT_STATE = -16, /**< Command can't be processed in current state */
 467:CANopen/301/CO_driver.h ****     CO_ERROR_SYSCALL = -17,         /**< Syscall failed */
 468:CANopen/301/CO_driver.h ****     CO_ERROR_INVALID_STATE = -18,   /**< Driver not ready */
 469:CANopen/301/CO_driver.h ****     CO_ERROR_NODE_ID_UNCONFIGURED_LSS =
 470:CANopen/301/CO_driver.h ****         -19 /**< Node-id is in LSS unconfigured state. If objects are handled properly, this may no
 471:CANopen/301/CO_driver.h **** } CO_ReturnError_t;
 472:CANopen/301/CO_driver.h **** 
 473:CANopen/301/CO_driver.h **** /**
 474:CANopen/301/CO_driver.h ****  * Request CAN configuration (stopped) mode and *wait* until it is set.
 475:CANopen/301/CO_driver.h ****  *
 476:CANopen/301/CO_driver.h ****  * @param CANptr Pointer to CAN device
 477:CANopen/301/CO_driver.h ****  */
 478:CANopen/301/CO_driver.h **** void CO_CANsetConfigurationMode(void* CANptr);
 479:CANopen/301/CO_driver.h **** 
ARM GAS  C:\Users\Lenovo\AppData\Local\Temp\ccOvLNZW.s 			page 18


 480:CANopen/301/CO_driver.h **** /**
 481:CANopen/301/CO_driver.h ****  * Request CAN normal (operational) mode and *wait* until it is set.
 482:CANopen/301/CO_driver.h ****  *
 483:CANopen/301/CO_driver.h ****  * @param CANmodule CO_CANmodule_t object.
 484:CANopen/301/CO_driver.h ****  */
 485:CANopen/301/CO_driver.h **** void CO_CANsetNormalMode(CO_CANmodule_t* CANmodule);
 486:CANopen/301/CO_driver.h **** 
 487:CANopen/301/CO_driver.h **** /**
 488:CANopen/301/CO_driver.h ****  * Initialize CAN module object.
 489:CANopen/301/CO_driver.h ****  *
 490:CANopen/301/CO_driver.h ****  * Function must be called in the communication reset section. CAN module must be in Configuration 
 491:CANopen/301/CO_driver.h ****  *
 492:CANopen/301/CO_driver.h ****  * @param CANmodule This object will be initialized.
 493:CANopen/301/CO_driver.h ****  * @param CANptr Pointer to CAN device.
 494:CANopen/301/CO_driver.h ****  * @param rxArray Array for handling received CAN messages
 495:CANopen/301/CO_driver.h ****  * @param rxSize Size of the above array. Must be equal to number of receiving CAN objects.
 496:CANopen/301/CO_driver.h ****  * @param txArray Array for handling transmitting CAN messages
 497:CANopen/301/CO_driver.h ****  * @param txSize Size of the above array. Must be equal to number of transmitting CAN objects.
 498:CANopen/301/CO_driver.h ****  * @param CANbitRate Valid values are (in kbps): 10, 20, 50, 125, 250, 500, 800, 1000. If value is 
 499:CANopen/301/CO_driver.h ****  * defaults to 125.
 500:CANopen/301/CO_driver.h ****  *
 501:CANopen/301/CO_driver.h ****  * Return #CO_ReturnError_t: CO_ERROR_NO or CO_ERROR_ILLEGAL_ARGUMENT.
 502:CANopen/301/CO_driver.h ****  */
 503:CANopen/301/CO_driver.h **** CO_ReturnError_t CO_CANmodule_init(CO_CANmodule_t* CANmodule, void* CANptr, CO_CANrx_t rxArray[], u
 504:CANopen/301/CO_driver.h ****                                    CO_CANtx_t txArray[], uint16_t txSize, uint16_t CANbitRate);
 505:CANopen/301/CO_driver.h **** 
 506:CANopen/301/CO_driver.h **** /**
 507:CANopen/301/CO_driver.h ****  * Switch off CANmodule. Call at program exit.
 508:CANopen/301/CO_driver.h ****  *
 509:CANopen/301/CO_driver.h ****  * @param CANmodule CAN module object.
 510:CANopen/301/CO_driver.h ****  */
 511:CANopen/301/CO_driver.h **** void CO_CANmodule_disable(CO_CANmodule_t* CANmodule);
 512:CANopen/301/CO_driver.h **** 
 513:CANopen/301/CO_driver.h **** /**
 514:CANopen/301/CO_driver.h ****  * Configure CAN message receive buffer.
 515:CANopen/301/CO_driver.h ****  *
 516:CANopen/301/CO_driver.h ****  * Function configures specific CAN receive buffer. It sets CAN identifier and connects buffer with
 517:CANopen/301/CO_driver.h ****  * Function must be called for each member in _rxArray_ from CO_CANmodule_t.
 518:CANopen/301/CO_driver.h ****  *
 519:CANopen/301/CO_driver.h ****  * @param CANmodule This object.
 520:CANopen/301/CO_driver.h ****  * @param index Index of the specific buffer in _rxArray_.
 521:CANopen/301/CO_driver.h ****  * @param ident 11-bit standard CAN Identifier. If two or more CANrx buffers have the same _ident_,
 522:CANopen/301/CO_driver.h ****  * lowest _index_ has precedence and other CANrx buffers will be ignored.
 523:CANopen/301/CO_driver.h ****  * @param mask 11-bit mask for identifier. Most usually set to 0x7FF. Received message (rcvMsg) wil
 524:CANopen/301/CO_driver.h ****  * following condition is true: (((rcvMsgId ^ ident) & mask) == 0).
 525:CANopen/301/CO_driver.h ****  * @param rtr If true, 'Remote Transmit Request' messages will be accepted.
 526:CANopen/301/CO_driver.h ****  * @param object CANopen object, to which buffer is connected. It will be used as an argument to CA
 527:CANopen/301/CO_driver.h ****  * type is (void), CANrx_callback will change its type back to the correct object type.
 528:CANopen/301/CO_driver.h ****  * @param CANrx_callback Pointer to function, which will be called, if received CAN message matches
 529:CANopen/301/CO_driver.h ****  * must be fast function.
 530:CANopen/301/CO_driver.h ****  *
 531:CANopen/301/CO_driver.h ****  * Return #CO_ReturnError_t: CO_ERROR_NO CO_ERROR_ILLEGAL_ARGUMENT or CO_ERROR_OUT_OF_MEMORY (not e
 532:CANopen/301/CO_driver.h ****  * configuration).
 533:CANopen/301/CO_driver.h ****  */
 534:CANopen/301/CO_driver.h **** CO_ReturnError_t CO_CANrxBufferInit(CO_CANmodule_t* CANmodule, uint16_t index, uint16_t ident, uint
 535:CANopen/301/CO_driver.h ****                                     bool_t rtr, void* object, void (*CANrx_callback)(void* object, 
 536:CANopen/301/CO_driver.h **** 
ARM GAS  C:\Users\Lenovo\AppData\Local\Temp\ccOvLNZW.s 			page 19


 537:CANopen/301/CO_driver.h **** /**
 538:CANopen/301/CO_driver.h ****  * Configure CAN message transmit buffer.
 539:CANopen/301/CO_driver.h ****  *
 540:CANopen/301/CO_driver.h ****  * Function configures specific CAN transmit buffer. Function must be called for each member in _tx
 541:CANopen/301/CO_driver.h ****  * CO_CANmodule_t.
 542:CANopen/301/CO_driver.h ****  *
 543:CANopen/301/CO_driver.h ****  * @param CANmodule This object.
 544:CANopen/301/CO_driver.h ****  * @param index Index of the specific buffer in _txArray_.
 545:CANopen/301/CO_driver.h ****  * @param ident 11-bit standard CAN Identifier.
 546:CANopen/301/CO_driver.h ****  * @param rtr If true, 'Remote Transmit Request' messages will be transmitted.
 547:CANopen/301/CO_driver.h ****  * @param noOfBytes Length of CAN message in bytes (0 to 8 bytes).
 548:CANopen/301/CO_driver.h ****  * @param syncFlag This flag bit is used for synchronous TPDO messages. If it is set, message will 
 549:CANopen/301/CO_driver.h ****  * current time is outside synchronous window.
 550:CANopen/301/CO_driver.h ****  *
 551:CANopen/301/CO_driver.h ****  * @return Pointer to CAN transmit message buffer. 8 bytes data array inside buffer should be writt
 552:CANopen/301/CO_driver.h ****  * CO_CANsend() function is called. Zero is returned in case of wrong arguments.
 553:CANopen/301/CO_driver.h ****  */
 554:CANopen/301/CO_driver.h **** CO_CANtx_t* CO_CANtxBufferInit(CO_CANmodule_t* CANmodule, uint16_t index, uint16_t ident, bool_t rt
 555:CANopen/301/CO_driver.h ****                                bool_t syncFlag);
 556:CANopen/301/CO_driver.h **** 
 557:CANopen/301/CO_driver.h **** /**
 558:CANopen/301/CO_driver.h ****  * Send CAN message.
 559:CANopen/301/CO_driver.h ****  *
 560:CANopen/301/CO_driver.h ****  * @param CANmodule This object.
 561:CANopen/301/CO_driver.h ****  * @param buffer Pointer to transmit buffer, returned by CO_CANtxBufferInit(). Data bytes must be w
 562:CANopen/301/CO_driver.h ****  * before function call.
 563:CANopen/301/CO_driver.h ****  *
 564:CANopen/301/CO_driver.h ****  * @return #CO_ReturnError_t: CO_ERROR_NO, CO_ERROR_TX_OVERFLOW or CO_ERROR_TX_PDO_WINDOW (Synchron
 565:CANopen/301/CO_driver.h ****  * window).
 566:CANopen/301/CO_driver.h ****  */
 567:CANopen/301/CO_driver.h **** CO_ReturnError_t CO_CANsend(CO_CANmodule_t* CANmodule, CO_CANtx_t* buffer);
 568:CANopen/301/CO_driver.h **** 
 569:CANopen/301/CO_driver.h **** /**
 570:CANopen/301/CO_driver.h ****  * Clear all synchronous TPDOs from CAN module transmit buffers.
 571:CANopen/301/CO_driver.h ****  *
 572:CANopen/301/CO_driver.h ****  * CANopen allows synchronous PDO communication only inside time between SYNC message and SYNC Wind
 573:CANopen/301/CO_driver.h ****  * outside this window, new synchronous PDOs must not be sent and all pending sync TPDOs, which may
 574:CANopen/301/CO_driver.h ****  * buffers, may optionally be cleared.
 575:CANopen/301/CO_driver.h ****  *
 576:CANopen/301/CO_driver.h ****  * This function checks (and aborts transmission if necessary) CAN TX buffers when it is called. Fu
 577:CANopen/301/CO_driver.h ****  * called by the stack in the moment, when SYNC time was just passed out of synchronous window.
 578:CANopen/301/CO_driver.h ****  *
 579:CANopen/301/CO_driver.h ****  * @param CANmodule This object.
 580:CANopen/301/CO_driver.h ****  */
 581:CANopen/301/CO_driver.h **** void CO_CANclearPendingSyncPDOs(CO_CANmodule_t* CANmodule);
 582:CANopen/301/CO_driver.h **** 
 583:CANopen/301/CO_driver.h **** /**
 584:CANopen/301/CO_driver.h ****  * Process can module - verify CAN errors
 585:CANopen/301/CO_driver.h ****  *
 586:CANopen/301/CO_driver.h ****  * Function must be called cyclically. It should calculate CANerrorStatus bitfield for CAN errors d
 587:CANopen/301/CO_driver.h ****  * CO_CAN_ERR_status_t.
 588:CANopen/301/CO_driver.h ****  *
 589:CANopen/301/CO_driver.h ****  * @param CANmodule This object.
 590:CANopen/301/CO_driver.h ****  */
 591:CANopen/301/CO_driver.h **** void CO_CANmodule_process(CO_CANmodule_t* CANmodule);
 592:CANopen/301/CO_driver.h **** 
 593:CANopen/301/CO_driver.h **** /**
ARM GAS  C:\Users\Lenovo\AppData\Local\Temp\ccOvLNZW.s 			page 20


 594:CANopen/301/CO_driver.h ****  * Get uint8_t value from memory buffer
 595:CANopen/301/CO_driver.h ****  *
 596:CANopen/301/CO_driver.h ****  * @param buf Memory buffer to get value from.
 597:CANopen/301/CO_driver.h ****  *
 598:CANopen/301/CO_driver.h ****  * @return Value
 599:CANopen/301/CO_driver.h ****  */
 600:CANopen/301/CO_driver.h **** static inline uint8_t
 601:CANopen/301/CO_driver.h **** CO_getUint8(const void* buf) {
 602:CANopen/301/CO_driver.h ****     uint8_t value;
 603:CANopen/301/CO_driver.h ****     (void)memmove((void*)&value, buf, sizeof(value));
 604:CANopen/301/CO_driver.h ****     return value;
 605:CANopen/301/CO_driver.h **** }
 606:CANopen/301/CO_driver.h **** 
 607:CANopen/301/CO_driver.h **** /** Get uint16_t value from memory buffer, see @ref CO_getUint8 */
 608:CANopen/301/CO_driver.h **** static inline uint16_t
 609:CANopen/301/CO_driver.h **** CO_getUint16(const void* buf) {
 610:CANopen/301/CO_driver.h ****     uint16_t value;
 611:CANopen/301/CO_driver.h ****     (void)memmove((void*)&value, buf, sizeof(value));
 612:CANopen/301/CO_driver.h ****     return value;
 613:CANopen/301/CO_driver.h **** }
 614:CANopen/301/CO_driver.h **** 
 615:CANopen/301/CO_driver.h **** /** Get uint32_t value from memory buffer, see @ref CO_getUint8 */
 616:CANopen/301/CO_driver.h **** static inline uint32_t
 617:CANopen/301/CO_driver.h **** CO_getUint32(const void* buf) {
 282              		.loc 2 617 1 view .LVU68
 283              	.LBB29:
 618:CANopen/301/CO_driver.h ****     uint32_t value;
 284              		.loc 2 618 5 view .LVU69
 619:CANopen/301/CO_driver.h ****     (void)memmove((void*)&value, buf, sizeof(value));
 285              		.loc 2 619 5 view .LVU70
 286              		.loc 2 619 11 is_stmt 0 view .LVU71
 287 0034 D1F800C0 		ldr	ip, [r1]	@ unaligned
 288              	.LVL23:
 620:CANopen/301/CO_driver.h ****     return value;
 289              		.loc 2 620 5 is_stmt 1 view .LVU72
 290              		.loc 2 620 5 is_stmt 0 view .LVU73
 291              	.LBE29:
 292              	.LBE28:
 204:CANopen/301/CO_SDOserver.c ****             uint16_t CAN_ID = (uint16_t)(COB_ID & 0x7FFU);
 293              		.loc 1 204 13 is_stmt 1 view .LVU74
 294              		.loc 1 204 31 is_stmt 0 view .LVU75
 295 0038 1FFA8CFE 		uxth	lr, ip
 296              		.loc 1 204 22 view .LVU76
 297 003c CCF30A01 		ubfx	r1, ip, #0, #11
 298              	.LVL24:
 205:CANopen/301/CO_SDOserver.c ****             uint16_t CAN_ID_cur = (uint16_t)(SDO->COB_IDClientToServer & 0x7FFU);
 299              		.loc 1 205 13 is_stmt 1 view .LVU77
 300              		.loc 1 205 35 is_stmt 0 view .LVU78
 301 0040 B0F85030 		ldrh	r3, [r0, #80]
 302              		.loc 1 205 22 view .LVU79
 303 0044 C3F30A02 		ubfx	r2, r3, #0, #11
 304              	.LVL25:
 206:CANopen/301/CO_SDOserver.c ****             bool_t valid = (COB_ID & 0x80000000U) == 0U;
 305              		.loc 1 206 13 is_stmt 1 view .LVU80
 207:CANopen/301/CO_SDOserver.c **** 
 208:CANopen/301/CO_SDOserver.c ****             /* SDO client must not be valid when changing COB_ID */
 209:CANopen/301/CO_SDOserver.c ****             if (((COB_ID & 0x3FFFF800U) != 0U) || ((valid && SDO->valid) && (CAN_ID != CAN_ID_cur))
ARM GAS  C:\Users\Lenovo\AppData\Local\Temp\ccOvLNZW.s 			page 21


 306              		.loc 1 209 13 view .LVU81
 307              		.loc 1 209 26 is_stmt 0 view .LVU82
 308 0048 554B     		ldr	r3, .L55
 309 004a 0CEA0303 		and	r3, ip, r3
 310              		.loc 1 209 16 view .LVU83
 311 004e 002B     		cmp	r3, #0
 312 0050 40F08180 		bne	.L33
 313              		.loc 1 209 48 discriminator 1 view .LVU84
 314 0054 BCF1000F 		cmp	ip, #0
 315 0058 1DDB     		blt	.L24
 316              		.loc 1 209 65 discriminator 2 view .LVU85
 317 005a 0369     		ldr	r3, [r0, #16]
 318              		.loc 1 209 59 discriminator 2 view .LVU86
 319 005c 0BB1     		cbz	r3, .L25
 320              		.loc 1 209 74 discriminator 3 view .LVU87
 321 005e 9142     		cmp	r1, r2
 322 0060 7BD1     		bne	.L34
 323              	.L25:
 210:CANopen/301/CO_SDOserver.c ****                 || (valid && CO_IS_RESTRICTED_CAN_ID(CAN_ID))) {
 324              		.loc 1 210 27 discriminator 1 view .LVU88
 325 0062 1EF4F06F 		tst	lr, #1920
 326 0066 7AD0     		beq	.L35
 327              		.loc 1 210 30 discriminator 2 view .LVU89
 328 0068 A1F20113 		subw	r3, r1, #257
 329 006c 9BB2     		uxth	r3, r3
 330 006e 7F2B     		cmp	r3, #127
 331 0070 77D9     		bls	.L36
 332              		.loc 1 210 30 discriminator 3 view .LVU90
 333 0072 A1F28153 		subw	r3, r1, #1409
 334 0076 9BB2     		uxth	r3, r3
 335 0078 7E2B     		cmp	r3, #126
 336 007a 74D9     		bls	.L37
 337              		.loc 1 210 30 discriminator 4 view .LVU91
 338 007c A1F20163 		subw	r3, r1, #1537
 339 0080 9BB2     		uxth	r3, r3
 340 0082 7E2B     		cmp	r3, #126
 341 0084 71D9     		bls	.L38
 342              		.loc 1 210 30 discriminator 5 view .LVU92
 343 0086 A1F5DC63 		sub	r3, r1, #1760
 344 008a 9BB2     		uxth	r3, r3
 345 008c 1F2B     		cmp	r3, #31
 346 008e 6ED9     		bls	.L39
 347              		.loc 1 210 30 discriminator 6 view .LVU93
 348 0090 B1F5E06F 		cmp	r1, #1792
 349 0094 6DD8     		bhi	.L40
 350              	.L24:
 211:CANopen/301/CO_SDOserver.c ****                 return ODR_INVALID_VALUE;
 212:CANopen/301/CO_SDOserver.c ****             }
 213:CANopen/301/CO_SDOserver.c ****             (void)CO_SDOserver_init_canRxTx(SDO, SDO->CANdevRx, SDO->CANdevRxIdx, SDO->CANdevTxIdx,
 351              		.loc 1 213 13 is_stmt 1 view .LVU94
 352              		.loc 1 213 19 is_stmt 0 view .LVU95
 353 0096 B0F84EE0 		ldrh	lr, [r0, #78]
 354 009a B0F84C20 		ldrh	r2, [r0, #76]
 355              	.LVL26:
 356              		.loc 1 213 19 view .LVU96
 357 009e 816C     		ldr	r1, [r0, #72]
 358              	.LVL27:
ARM GAS  C:\Users\Lenovo\AppData\Local\Temp\ccOvLNZW.s 			page 22


 359              		.loc 1 213 19 view .LVU97
 360 00a0 436D     		ldr	r3, [r0, #84]
 361 00a2 0193     		str	r3, [sp, #4]
 362              	.LVL28:
 363              		.loc 1 213 19 view .LVU98
 364 00a4 CDF800C0 		str	ip, [sp]
 365 00a8 7346     		mov	r3, lr
 366 00aa FFF7FEFF 		bl	CO_SDOserver_init_canRxTx
 367              	.LVL29:
 214:CANopen/301/CO_SDOserver.c ****                                             SDO->COB_IDServerToClient);
 215:CANopen/301/CO_SDOserver.c ****             break;
 368              		.loc 1 215 13 is_stmt 1 view .LVU99
 369 00ae 42E0     		b	.L26
 370              	.LVL30:
 371              	.L21:
 372              		.loc 1 215 13 is_stmt 0 view .LVU100
 373              	.LBE27:
 374              	.LBB30:
 216:CANopen/301/CO_SDOserver.c ****         }
 217:CANopen/301/CO_SDOserver.c **** 
 218:CANopen/301/CO_SDOserver.c ****         case 2: { /* COB-ID server -> client */
 219:CANopen/301/CO_SDOserver.c ****             uint32_t COB_ID = CO_getUint32(buf);
 375              		.loc 1 219 13 is_stmt 1 view .LVU101
 376              	.LBB31:
 377              	.LBI31:
 617:CANopen/301/CO_driver.h ****     uint32_t value;
 378              		.loc 2 617 1 view .LVU102
 379              	.LBB32:
 618:CANopen/301/CO_driver.h ****     (void)memmove((void*)&value, buf, sizeof(value));
 380              		.loc 2 618 5 view .LVU103
 619:CANopen/301/CO_driver.h ****     return value;
 381              		.loc 2 619 5 view .LVU104
 619:CANopen/301/CO_driver.h ****     return value;
 382              		.loc 2 619 11 is_stmt 0 view .LVU105
 383 00b0 D1F800C0 		ldr	ip, [r1]	@ unaligned
 384              	.LVL31:
 385              		.loc 2 620 5 is_stmt 1 view .LVU106
 386              		.loc 2 620 5 is_stmt 0 view .LVU107
 387              	.LBE32:
 388              	.LBE31:
 220:CANopen/301/CO_SDOserver.c ****             uint16_t CAN_ID = (uint16_t)(COB_ID & 0x7FFU);
 389              		.loc 1 220 13 is_stmt 1 view .LVU108
 390              		.loc 1 220 31 is_stmt 0 view .LVU109
 391 00b4 1FFA8CFE 		uxth	lr, ip
 392              		.loc 1 220 22 view .LVU110
 393 00b8 CCF30A01 		ubfx	r1, ip, #0, #11
 394              	.LVL32:
 221:CANopen/301/CO_SDOserver.c ****             uint16_t CAN_ID_cur = (uint16_t)(SDO->COB_IDServerToClient & 0x7FFU);
 395              		.loc 1 221 13 is_stmt 1 view .LVU111
 396              		.loc 1 221 35 is_stmt 0 view .LVU112
 397 00bc B0F85430 		ldrh	r3, [r0, #84]
 398              		.loc 1 221 22 view .LVU113
 399 00c0 C3F30A02 		ubfx	r2, r3, #0, #11
 400              	.LVL33:
 222:CANopen/301/CO_SDOserver.c ****             bool_t valid = (COB_ID & 0x80000000U) == 0U;
 401              		.loc 1 222 13 is_stmt 1 view .LVU114
 223:CANopen/301/CO_SDOserver.c **** 
ARM GAS  C:\Users\Lenovo\AppData\Local\Temp\ccOvLNZW.s 			page 23


 224:CANopen/301/CO_SDOserver.c ****             /* SDO client must not be valid when changing COB_ID */
 225:CANopen/301/CO_SDOserver.c ****             if (((COB_ID & 0x3FFFF800U) != 0U) || (valid && (SDO->valid && (CAN_ID != CAN_ID_cur)))
 402              		.loc 1 225 13 view .LVU115
 403              		.loc 1 225 26 is_stmt 0 view .LVU116
 404 00c4 364B     		ldr	r3, .L55
 405 00c6 0CEA0303 		and	r3, ip, r3
 406              		.loc 1 225 16 view .LVU117
 407 00ca 002B     		cmp	r3, #0
 408 00cc 53D1     		bne	.L41
 409              		.loc 1 225 48 discriminator 1 view .LVU118
 410 00ce BCF1000F 		cmp	ip, #0
 411 00d2 1DDB     		blt	.L27
 412              		.loc 1 225 65 discriminator 2 view .LVU119
 413 00d4 0369     		ldr	r3, [r0, #16]
 414              		.loc 1 225 58 discriminator 2 view .LVU120
 415 00d6 0BB1     		cbz	r3, .L28
 416              		.loc 1 225 73 discriminator 3 view .LVU121
 417 00d8 9142     		cmp	r1, r2
 418 00da 4ED1     		bne	.L42
 419              	.L28:
 226:CANopen/301/CO_SDOserver.c ****                 || (valid && CO_IS_RESTRICTED_CAN_ID(CAN_ID))) {
 420              		.loc 1 226 27 discriminator 1 view .LVU122
 421 00dc 1EF4F06F 		tst	lr, #1920
 422 00e0 4DD0     		beq	.L43
 423              		.loc 1 226 30 discriminator 2 view .LVU123
 424 00e2 A1F20113 		subw	r3, r1, #257
 425 00e6 9BB2     		uxth	r3, r3
 426 00e8 7F2B     		cmp	r3, #127
 427 00ea 4AD9     		bls	.L44
 428              		.loc 1 226 30 discriminator 3 view .LVU124
 429 00ec A1F28153 		subw	r3, r1, #1409
 430 00f0 9BB2     		uxth	r3, r3
 431 00f2 7E2B     		cmp	r3, #126
 432 00f4 47D9     		bls	.L45
 433              		.loc 1 226 30 discriminator 4 view .LVU125
 434 00f6 A1F20163 		subw	r3, r1, #1537
 435 00fa 9BB2     		uxth	r3, r3
 436 00fc 7E2B     		cmp	r3, #126
 437 00fe 44D9     		bls	.L46
 438              		.loc 1 226 30 discriminator 5 view .LVU126
 439 0100 A1F5DC63 		sub	r3, r1, #1760
 440 0104 9BB2     		uxth	r3, r3
 441 0106 1F2B     		cmp	r3, #31
 442 0108 41D9     		bls	.L47
 443              		.loc 1 226 30 discriminator 6 view .LVU127
 444 010a B1F5E06F 		cmp	r1, #1792
 445 010e 40D8     		bhi	.L48
 446              	.L27:
 227:CANopen/301/CO_SDOserver.c ****                 return ODR_INVALID_VALUE;
 228:CANopen/301/CO_SDOserver.c ****             }
 229:CANopen/301/CO_SDOserver.c ****             (void)CO_SDOserver_init_canRxTx(SDO, SDO->CANdevRx, SDO->CANdevRxIdx, SDO->CANdevTxIdx,
 447              		.loc 1 229 13 is_stmt 1 view .LVU128
 448              		.loc 1 229 19 is_stmt 0 view .LVU129
 449 0110 B0F84EE0 		ldrh	lr, [r0, #78]
 450 0114 B0F84C20 		ldrh	r2, [r0, #76]
 451              	.LVL34:
 452              		.loc 1 229 19 view .LVU130
ARM GAS  C:\Users\Lenovo\AppData\Local\Temp\ccOvLNZW.s 			page 24


 453 0118 816C     		ldr	r1, [r0, #72]
 454              	.LVL35:
 455              		.loc 1 229 19 view .LVU131
 456 011a CDF804C0 		str	ip, [sp, #4]
 457              	.LVL36:
 458              		.loc 1 229 19 view .LVU132
 459 011e 036D     		ldr	r3, [r0, #80]
 460 0120 0093     		str	r3, [sp]
 461 0122 7346     		mov	r3, lr
 462 0124 FFF7FEFF 		bl	CO_SDOserver_init_canRxTx
 463              	.LVL37:
 230:CANopen/301/CO_SDOserver.c ****                                             SDO->COB_IDClientToServer, COB_ID);
 231:CANopen/301/CO_SDOserver.c ****             break;
 464              		.loc 1 231 13 is_stmt 1 view .LVU133
 465 0128 05E0     		b	.L26
 466              	.LVL38:
 467              	.L19:
 468              		.loc 1 231 13 is_stmt 0 view .LVU134
 469              	.LBE30:
 470              	.LBB33:
 232:CANopen/301/CO_SDOserver.c ****         }
 233:CANopen/301/CO_SDOserver.c **** 
 234:CANopen/301/CO_SDOserver.c ****         case 3: { /* Node-ID of the SDO server */
 235:CANopen/301/CO_SDOserver.c ****             if (count != 1U) {
 471              		.loc 1 235 13 is_stmt 1 view .LVU135
 472              		.loc 1 235 16 is_stmt 0 view .LVU136
 473 012a 012F     		cmp	r7, #1
 474 012c 33D1     		bne	.L49
 236:CANopen/301/CO_SDOserver.c ****                 return ODR_TYPE_MISMATCH;
 237:CANopen/301/CO_SDOserver.c ****             }
 238:CANopen/301/CO_SDOserver.c ****             uint8_t nodeId = CO_getUint8(buf);
 475              		.loc 1 238 13 is_stmt 1 view .LVU137
 476              	.LVL39:
 477              	.LBB34:
 478              	.LBI34:
 601:CANopen/301/CO_driver.h ****     uint8_t value;
 479              		.loc 2 601 1 view .LVU138
 480              	.LBB35:
 602:CANopen/301/CO_driver.h ****     (void)memmove((void*)&value, buf, sizeof(value));
 481              		.loc 2 602 5 view .LVU139
 603:CANopen/301/CO_driver.h ****     return value;
 482              		.loc 2 603 5 view .LVU140
 604:CANopen/301/CO_driver.h **** }
 483              		.loc 2 604 5 view .LVU141
 604:CANopen/301/CO_driver.h **** }
 484              		.loc 2 604 5 is_stmt 0 view .LVU142
 485              	.LBE35:
 486              	.LBE34:
 239:CANopen/301/CO_SDOserver.c ****             if ((nodeId < 1U) || (nodeId > 127U)) {
 487              		.loc 1 239 13 is_stmt 1 view .LVU143
 488              		.loc 1 239 31 is_stmt 0 view .LVU144
 489 012e 91F90030 		ldrsb	r3, [r1]
 490              		.loc 1 239 16 view .LVU145
 491 0132 002B     		cmp	r3, #0
 492 0134 31DD     		ble	.L50
 493              	.LVL40:
 494              	.L26:
ARM GAS  C:\Users\Lenovo\AppData\Local\Temp\ccOvLNZW.s 			page 25


 495              		.loc 1 239 16 view .LVU146
 496              	.LBE33:
 240:CANopen/301/CO_SDOserver.c ****                 return ODR_INVALID_VALUE;
 241:CANopen/301/CO_SDOserver.c ****             }
 242:CANopen/301/CO_SDOserver.c ****             break;
 243:CANopen/301/CO_SDOserver.c ****         }
 244:CANopen/301/CO_SDOserver.c **** 
 245:CANopen/301/CO_SDOserver.c ****         default: return ODR_SUB_NOT_EXIST; break;
 497              		.loc 1 245 44 is_stmt 1 view .LVU147
 246:CANopen/301/CO_SDOserver.c ****     }
 247:CANopen/301/CO_SDOserver.c **** 
 248:CANopen/301/CO_SDOserver.c ****     /* write value to the original location in the Object Dictionary */
 249:CANopen/301/CO_SDOserver.c ****     return OD_writeOriginal(stream, buf, count, countWritten);
 498              		.loc 1 249 5 view .LVU148
 499              		.loc 1 249 12 is_stmt 0 view .LVU149
 500 0136 2B46     		mov	r3, r5
 501 0138 3A46     		mov	r2, r7
 502 013a 2146     		mov	r1, r4
 503 013c 3046     		mov	r0, r6
 504 013e FFF7FEFF 		bl	OD_writeOriginal
 505              	.LVL41:
 506              	.L18:
 250:CANopen/301/CO_SDOserver.c **** }
 507              		.loc 1 250 1 view .LVU150
 508 0142 03B0     		add	sp, sp, #12
 509              	.LCFI6:
 510              		.cfi_def_cfa_offset 20
 511              		@ sp needed
 512 0144 F0BD     		pop	{r4, r5, r6, r7, pc}
 513              	.LVL42:
 514              	.L29:
 515              	.LCFI7:
 516              		.cfi_def_cfa_offset 0
 517              		.cfi_restore 4
 518              		.cfi_restore 5
 519              		.cfi_restore 6
 520              		.cfi_restore 7
 521              		.cfi_restore 14
 194:CANopen/301/CO_SDOserver.c ****     }
 522              		.loc 1 194 16 view .LVU151
 523 0146 0920     		movs	r0, #9
 524              	.LVL43:
 525              		.loc 1 250 1 view .LVU152
 526 0148 7047     		bx	lr
 527              	.LVL44:
 528              	.L30:
 529              	.LCFI8:
 530              		.cfi_def_cfa_offset 32
 531              		.cfi_offset 4, -20
 532              		.cfi_offset 5, -16
 533              		.cfi_offset 6, -12
 534              		.cfi_offset 7, -8
 535              		.cfi_offset 14, -4
 194:CANopen/301/CO_SDOserver.c ****     }
 536              		.loc 1 194 16 view .LVU153
 537 014a 0920     		movs	r0, #9
 538              	.LVL45:
ARM GAS  C:\Users\Lenovo\AppData\Local\Temp\ccOvLNZW.s 			page 26


 194:CANopen/301/CO_SDOserver.c ****     }
 539              		.loc 1 194 16 view .LVU154
 540 014c F9E7     		b	.L18
 541              	.LVL46:
 542              	.L31:
 194:CANopen/301/CO_SDOserver.c ****     }
 543              		.loc 1 194 16 view .LVU155
 544 014e 0920     		movs	r0, #9
 545              	.LVL47:
 194:CANopen/301/CO_SDOserver.c ****     }
 546              		.loc 1 194 16 view .LVU156
 547 0150 F7E7     		b	.L18
 548              	.LVL48:
 549              	.L32:
 245:CANopen/301/CO_SDOserver.c ****     }
 550              		.loc 1 245 25 view .LVU157
 551 0152 0E20     		movs	r0, #14
 552              	.LVL49:
 245:CANopen/301/CO_SDOserver.c ****     }
 553              		.loc 1 245 25 view .LVU158
 554 0154 F5E7     		b	.L18
 555              	.LVL50:
 556              	.L33:
 557              	.LBB36:
 211:CANopen/301/CO_SDOserver.c ****             }
 558              		.loc 1 211 24 view .LVU159
 559 0156 0F20     		movs	r0, #15
 560              	.LVL51:
 211:CANopen/301/CO_SDOserver.c ****             }
 561              		.loc 1 211 24 view .LVU160
 562 0158 F3E7     		b	.L18
 563              	.LVL52:
 564              	.L34:
 211:CANopen/301/CO_SDOserver.c ****             }
 565              		.loc 1 211 24 view .LVU161
 566 015a 0F20     		movs	r0, #15
 567              	.LVL53:
 211:CANopen/301/CO_SDOserver.c ****             }
 568              		.loc 1 211 24 view .LVU162
 569 015c F1E7     		b	.L18
 570              	.LVL54:
 571              	.L35:
 211:CANopen/301/CO_SDOserver.c ****             }
 572              		.loc 1 211 24 view .LVU163
 573 015e 0F20     		movs	r0, #15
 574              	.LVL55:
 211:CANopen/301/CO_SDOserver.c ****             }
 575              		.loc 1 211 24 view .LVU164
 576 0160 EFE7     		b	.L18
 577              	.LVL56:
 578              	.L36:
 211:CANopen/301/CO_SDOserver.c ****             }
 579              		.loc 1 211 24 view .LVU165
 580 0162 0F20     		movs	r0, #15
 581              	.LVL57:
 211:CANopen/301/CO_SDOserver.c ****             }
 582              		.loc 1 211 24 view .LVU166
ARM GAS  C:\Users\Lenovo\AppData\Local\Temp\ccOvLNZW.s 			page 27


 583 0164 EDE7     		b	.L18
 584              	.LVL58:
 585              	.L37:
 211:CANopen/301/CO_SDOserver.c ****             }
 586              		.loc 1 211 24 view .LVU167
 587 0166 0F20     		movs	r0, #15
 588              	.LVL59:
 211:CANopen/301/CO_SDOserver.c ****             }
 589              		.loc 1 211 24 view .LVU168
 590 0168 EBE7     		b	.L18
 591              	.LVL60:
 592              	.L38:
 211:CANopen/301/CO_SDOserver.c ****             }
 593              		.loc 1 211 24 view .LVU169
 594 016a 0F20     		movs	r0, #15
 595              	.LVL61:
 211:CANopen/301/CO_SDOserver.c ****             }
 596              		.loc 1 211 24 view .LVU170
 597 016c E9E7     		b	.L18
 598              	.LVL62:
 599              	.L39:
 211:CANopen/301/CO_SDOserver.c ****             }
 600              		.loc 1 211 24 view .LVU171
 601 016e 0F20     		movs	r0, #15
 602              	.LVL63:
 211:CANopen/301/CO_SDOserver.c ****             }
 603              		.loc 1 211 24 view .LVU172
 604 0170 E7E7     		b	.L18
 605              	.LVL64:
 606              	.L40:
 211:CANopen/301/CO_SDOserver.c ****             }
 607              		.loc 1 211 24 view .LVU173
 608 0172 0F20     		movs	r0, #15
 609              	.LVL65:
 211:CANopen/301/CO_SDOserver.c ****             }
 610              		.loc 1 211 24 view .LVU174
 611 0174 E5E7     		b	.L18
 612              	.LVL66:
 613              	.L41:
 211:CANopen/301/CO_SDOserver.c ****             }
 614              		.loc 1 211 24 view .LVU175
 615              	.LBE36:
 616              	.LBB37:
 227:CANopen/301/CO_SDOserver.c ****             }
 617              		.loc 1 227 24 view .LVU176
 618 0176 0F20     		movs	r0, #15
 619              	.LVL67:
 227:CANopen/301/CO_SDOserver.c ****             }
 620              		.loc 1 227 24 view .LVU177
 621 0178 E3E7     		b	.L18
 622              	.LVL68:
 623              	.L42:
 227:CANopen/301/CO_SDOserver.c ****             }
 624              		.loc 1 227 24 view .LVU178
 625 017a 0F20     		movs	r0, #15
 626              	.LVL69:
 227:CANopen/301/CO_SDOserver.c ****             }
ARM GAS  C:\Users\Lenovo\AppData\Local\Temp\ccOvLNZW.s 			page 28


 627              		.loc 1 227 24 view .LVU179
 628 017c E1E7     		b	.L18
 629              	.LVL70:
 630              	.L43:
 227:CANopen/301/CO_SDOserver.c ****             }
 631              		.loc 1 227 24 view .LVU180
 632 017e 0F20     		movs	r0, #15
 633              	.LVL71:
 227:CANopen/301/CO_SDOserver.c ****             }
 634              		.loc 1 227 24 view .LVU181
 635 0180 DFE7     		b	.L18
 636              	.LVL72:
 637              	.L44:
 227:CANopen/301/CO_SDOserver.c ****             }
 638              		.loc 1 227 24 view .LVU182
 639 0182 0F20     		movs	r0, #15
 640              	.LVL73:
 227:CANopen/301/CO_SDOserver.c ****             }
 641              		.loc 1 227 24 view .LVU183
 642 0184 DDE7     		b	.L18
 643              	.LVL74:
 644              	.L45:
 227:CANopen/301/CO_SDOserver.c ****             }
 645              		.loc 1 227 24 view .LVU184
 646 0186 0F20     		movs	r0, #15
 647              	.LVL75:
 227:CANopen/301/CO_SDOserver.c ****             }
 648              		.loc 1 227 24 view .LVU185
 649 0188 DBE7     		b	.L18
 650              	.LVL76:
 651              	.L46:
 227:CANopen/301/CO_SDOserver.c ****             }
 652              		.loc 1 227 24 view .LVU186
 653 018a 0F20     		movs	r0, #15
 654              	.LVL77:
 227:CANopen/301/CO_SDOserver.c ****             }
 655              		.loc 1 227 24 view .LVU187
 656 018c D9E7     		b	.L18
 657              	.LVL78:
 658              	.L47:
 227:CANopen/301/CO_SDOserver.c ****             }
 659              		.loc 1 227 24 view .LVU188
 660 018e 0F20     		movs	r0, #15
 661              	.LVL79:
 227:CANopen/301/CO_SDOserver.c ****             }
 662              		.loc 1 227 24 view .LVU189
 663 0190 D7E7     		b	.L18
 664              	.LVL80:
 665              	.L48:
 227:CANopen/301/CO_SDOserver.c ****             }
 666              		.loc 1 227 24 view .LVU190
 667 0192 0F20     		movs	r0, #15
 668              	.LVL81:
 227:CANopen/301/CO_SDOserver.c ****             }
 669              		.loc 1 227 24 view .LVU191
 670 0194 D5E7     		b	.L18
 671              	.LVL82:
ARM GAS  C:\Users\Lenovo\AppData\Local\Temp\ccOvLNZW.s 			page 29


 672              	.L49:
 227:CANopen/301/CO_SDOserver.c ****             }
 673              		.loc 1 227 24 view .LVU192
 674              	.LBE37:
 675              	.LBB38:
 236:CANopen/301/CO_SDOserver.c ****             }
 676              		.loc 1 236 24 view .LVU193
 677 0196 0B20     		movs	r0, #11
 678              	.LVL83:
 236:CANopen/301/CO_SDOserver.c ****             }
 679              		.loc 1 236 24 view .LVU194
 680 0198 D3E7     		b	.L18
 681              	.LVL84:
 682              	.L50:
 240:CANopen/301/CO_SDOserver.c ****             }
 683              		.loc 1 240 24 view .LVU195
 684 019a 0F20     		movs	r0, #15
 685              	.LVL85:
 240:CANopen/301/CO_SDOserver.c ****             }
 686              		.loc 1 240 24 view .LVU196
 687 019c D1E7     		b	.L18
 688              	.L56:
 689 019e 00BF     		.align	2
 690              	.L55:
 691 01a0 00F8FF3F 		.word	1073739776
 692              	.LBE38:
 693              		.cfi_endproc
 694              	.LFE34:
 696              		.section	.text.validateAndWriteToOD,"ax",%progbits
 697              		.align	1
 698              		.syntax unified
 699              		.thumb
 700              		.thumb_func
 702              	validateAndWriteToOD:
 703              	.LVL86:
 704              	.LFB36:
 251:CANopen/301/CO_SDOserver.c **** #endif /* (CO_CONFIG_SDO_SRV) & CO_CONFIG_FLAG_OD_DYNAMIC */
 252:CANopen/301/CO_SDOserver.c **** 
 253:CANopen/301/CO_SDOserver.c **** CO_ReturnError_t
 254:CANopen/301/CO_SDOserver.c **** CO_SDOserver_init(CO_SDOserver_t* SDO, OD_t* OD, OD_entry_t* OD_1200_SDOsrvPar, uint8_t nodeId,
 255:CANopen/301/CO_SDOserver.c ****                   uint16_t SDOtimeoutTime_ms, CO_CANmodule_t* CANdevRx, uint16_t CANdevRxIdx, CO_CA
 256:CANopen/301/CO_SDOserver.c ****                   uint16_t CANdevTxIdx, uint32_t* errInfo) {
 257:CANopen/301/CO_SDOserver.c ****     /* verify arguments */
 258:CANopen/301/CO_SDOserver.c ****     if ((SDO == NULL) || (OD == NULL) || (CANdevRx == NULL) || (CANdevTx == NULL)) {
 259:CANopen/301/CO_SDOserver.c ****         return CO_ERROR_ILLEGAL_ARGUMENT;
 260:CANopen/301/CO_SDOserver.c ****     }
 261:CANopen/301/CO_SDOserver.c **** 
 262:CANopen/301/CO_SDOserver.c ****     /* Configure object variables */
 263:CANopen/301/CO_SDOserver.c ****     SDO->OD = OD;
 264:CANopen/301/CO_SDOserver.c ****     SDO->nodeId = nodeId;
 265:CANopen/301/CO_SDOserver.c **** #if (((CO_CONFIG_SDO_SRV)&CO_CONFIG_SDO_SRV_SEGMENTED)) != 0
 266:CANopen/301/CO_SDOserver.c ****     SDO->SDOtimeoutTime_us = (uint32_t)SDOtimeoutTime_ms * 1000U;
 267:CANopen/301/CO_SDOserver.c **** #endif
 268:CANopen/301/CO_SDOserver.c **** #if ((CO_CONFIG_SDO_SRV)&CO_CONFIG_SDO_SRV_BLOCK) != 0
 269:CANopen/301/CO_SDOserver.c ****     SDO->block_SDOtimeoutTime_us = (uint32_t)SDOtimeoutTime_ms * 700;
 270:CANopen/301/CO_SDOserver.c **** #endif
 271:CANopen/301/CO_SDOserver.c ****     SDO->state = CO_SDO_ST_IDLE;
ARM GAS  C:\Users\Lenovo\AppData\Local\Temp\ccOvLNZW.s 			page 30


 272:CANopen/301/CO_SDOserver.c **** 
 273:CANopen/301/CO_SDOserver.c **** #if ((CO_CONFIG_SDO_SRV)&CO_CONFIG_FLAG_CALLBACK_PRE) != 0
 274:CANopen/301/CO_SDOserver.c ****     SDO->pFunctSignalPre = NULL;
 275:CANopen/301/CO_SDOserver.c ****     SDO->functSignalObjectPre = NULL;
 276:CANopen/301/CO_SDOserver.c **** #endif
 277:CANopen/301/CO_SDOserver.c **** 
 278:CANopen/301/CO_SDOserver.c ****     /* configure CAN identifiers and SDO server parameters if available */
 279:CANopen/301/CO_SDOserver.c ****     uint16_t CanId_ClientToServer, CanId_ServerToClient;
 280:CANopen/301/CO_SDOserver.c **** 
 281:CANopen/301/CO_SDOserver.c ****     if (OD_1200_SDOsrvPar == NULL) {
 282:CANopen/301/CO_SDOserver.c ****         /* configure default SDO channel */
 283:CANopen/301/CO_SDOserver.c ****         if ((nodeId < 1U) || (nodeId > 127U)) {
 284:CANopen/301/CO_SDOserver.c ****             return CO_ERROR_ILLEGAL_ARGUMENT;
 285:CANopen/301/CO_SDOserver.c ****         }
 286:CANopen/301/CO_SDOserver.c **** 
 287:CANopen/301/CO_SDOserver.c ****         CanId_ClientToServer = CO_CAN_ID_SDO_CLI + nodeId;
 288:CANopen/301/CO_SDOserver.c ****         CanId_ServerToClient = CO_CAN_ID_SDO_SRV + nodeId;
 289:CANopen/301/CO_SDOserver.c ****         SDO->valid = true;
 290:CANopen/301/CO_SDOserver.c ****     } else {
 291:CANopen/301/CO_SDOserver.c ****         uint16_t OD_SDOsrvParIdx = OD_getIndex(OD_1200_SDOsrvPar);
 292:CANopen/301/CO_SDOserver.c **** 
 293:CANopen/301/CO_SDOserver.c ****         if (OD_SDOsrvParIdx == (uint16_t)OD_H1200_SDO_SERVER_1_PARAM) {
 294:CANopen/301/CO_SDOserver.c ****             /* configure default SDO channel and SDO server parameters for it */
 295:CANopen/301/CO_SDOserver.c ****             if ((nodeId < 1U) || (nodeId > 127U)) {
 296:CANopen/301/CO_SDOserver.c ****                 return CO_ERROR_ILLEGAL_ARGUMENT;
 297:CANopen/301/CO_SDOserver.c ****             }
 298:CANopen/301/CO_SDOserver.c **** 
 299:CANopen/301/CO_SDOserver.c ****             CanId_ClientToServer = CO_CAN_ID_SDO_CLI + nodeId;
 300:CANopen/301/CO_SDOserver.c ****             CanId_ServerToClient = CO_CAN_ID_SDO_SRV + nodeId;
 301:CANopen/301/CO_SDOserver.c ****             SDO->valid = true;
 302:CANopen/301/CO_SDOserver.c **** 
 303:CANopen/301/CO_SDOserver.c ****             (void)OD_set_u32(OD_1200_SDOsrvPar, 1, CanId_ClientToServer, true);
 304:CANopen/301/CO_SDOserver.c ****             (void)OD_set_u32(OD_1200_SDOsrvPar, 2, CanId_ServerToClient, true);
 305:CANopen/301/CO_SDOserver.c ****         } else if ((OD_SDOsrvParIdx > (uint16_t)OD_H1200_SDO_SERVER_1_PARAM)
 306:CANopen/301/CO_SDOserver.c ****                    && (OD_SDOsrvParIdx <= ((uint16_t)OD_H1200_SDO_SERVER_1_PARAM + 0x7FU))) {
 307:CANopen/301/CO_SDOserver.c ****             /* configure additional SDO channel and SDO server parameters for it */
 308:CANopen/301/CO_SDOserver.c ****             uint8_t maxSubIndex;
 309:CANopen/301/CO_SDOserver.c ****             uint32_t COB_IDClientToServer32, COB_IDServerToClient32;
 310:CANopen/301/CO_SDOserver.c **** 
 311:CANopen/301/CO_SDOserver.c ****             /* get and verify parameters from Object Dictionary (initial values) */
 312:CANopen/301/CO_SDOserver.c ****             ODR_t odRet0 = OD_get_u8(OD_1200_SDOsrvPar, 0, &maxSubIndex, true);
 313:CANopen/301/CO_SDOserver.c ****             ODR_t odRet1 = OD_get_u32(OD_1200_SDOsrvPar, 1, &COB_IDClientToServer32, true);
 314:CANopen/301/CO_SDOserver.c ****             ODR_t odRet2 = OD_get_u32(OD_1200_SDOsrvPar, 2, &COB_IDServerToClient32, true);
 315:CANopen/301/CO_SDOserver.c **** 
 316:CANopen/301/CO_SDOserver.c ****             if ((odRet0 != ODR_OK) || ((maxSubIndex != 2U) && (maxSubIndex != 3U)) || (odRet1 != OD
 317:CANopen/301/CO_SDOserver.c ****                 || (odRet2 != ODR_OK)) {
 318:CANopen/301/CO_SDOserver.c ****                 if (errInfo != NULL) {
 319:CANopen/301/CO_SDOserver.c ****                     *errInfo = OD_SDOsrvParIdx;
 320:CANopen/301/CO_SDOserver.c ****                 }
 321:CANopen/301/CO_SDOserver.c ****                 return CO_ERROR_OD_PARAMETERS;
 322:CANopen/301/CO_SDOserver.c ****             }
 323:CANopen/301/CO_SDOserver.c **** 
 324:CANopen/301/CO_SDOserver.c ****             CanId_ClientToServer = ((COB_IDClientToServer32 & 0x80000000U) == 0U)
 325:CANopen/301/CO_SDOserver.c ****                                        ? (uint16_t)(COB_IDClientToServer32 & 0x7FFU)
 326:CANopen/301/CO_SDOserver.c ****                                        : 0U;
 327:CANopen/301/CO_SDOserver.c ****             CanId_ServerToClient = ((COB_IDServerToClient32 & 0x80000000U) == 0U)
 328:CANopen/301/CO_SDOserver.c ****                                        ? (uint16_t)(COB_IDServerToClient32 & 0x7FFU)
ARM GAS  C:\Users\Lenovo\AppData\Local\Temp\ccOvLNZW.s 			page 31


 329:CANopen/301/CO_SDOserver.c ****                                        : 0U;
 330:CANopen/301/CO_SDOserver.c **** 
 331:CANopen/301/CO_SDOserver.c **** #if ((CO_CONFIG_SDO_SRV)&CO_CONFIG_FLAG_OD_DYNAMIC) != 0
 332:CANopen/301/CO_SDOserver.c ****             SDO->OD_1200_extension.object = SDO;
 333:CANopen/301/CO_SDOserver.c ****             SDO->OD_1200_extension.read = OD_readOriginal;
 334:CANopen/301/CO_SDOserver.c ****             SDO->OD_1200_extension.write = OD_write_1201_additional;
 335:CANopen/301/CO_SDOserver.c ****             ODR_t odRetE = OD_extension_init(OD_1200_SDOsrvPar, &SDO->OD_1200_extension);
 336:CANopen/301/CO_SDOserver.c ****             if (odRetE != ODR_OK) {
 337:CANopen/301/CO_SDOserver.c ****                 if (errInfo != NULL) {
 338:CANopen/301/CO_SDOserver.c ****                     *errInfo = OD_SDOsrvParIdx;
 339:CANopen/301/CO_SDOserver.c ****                 }
 340:CANopen/301/CO_SDOserver.c ****                 return CO_ERROR_OD_PARAMETERS;
 341:CANopen/301/CO_SDOserver.c ****             }
 342:CANopen/301/CO_SDOserver.c **** #endif
 343:CANopen/301/CO_SDOserver.c ****         } else {
 344:CANopen/301/CO_SDOserver.c ****             return CO_ERROR_ILLEGAL_ARGUMENT;
 345:CANopen/301/CO_SDOserver.c ****         }
 346:CANopen/301/CO_SDOserver.c ****     }
 347:CANopen/301/CO_SDOserver.c ****     CO_FLAG_CLEAR(SDO->CANrxNew);
 348:CANopen/301/CO_SDOserver.c **** 
 349:CANopen/301/CO_SDOserver.c ****     /* store the parameters and configure CANrx and CANtx */
 350:CANopen/301/CO_SDOserver.c **** #if ((CO_CONFIG_SDO_SRV)&CO_CONFIG_FLAG_OD_DYNAMIC) != 0
 351:CANopen/301/CO_SDOserver.c ****     SDO->CANdevRx = CANdevRx;
 352:CANopen/301/CO_SDOserver.c ****     SDO->CANdevRxIdx = CANdevRxIdx;
 353:CANopen/301/CO_SDOserver.c ****     SDO->CANdevTxIdx = CANdevTxIdx;
 354:CANopen/301/CO_SDOserver.c ****     /* set to zero to make sure CO_SDOserver_init_canRxTx() will reconfig CAN */
 355:CANopen/301/CO_SDOserver.c ****     SDO->COB_IDClientToServer = 0;
 356:CANopen/301/CO_SDOserver.c ****     SDO->COB_IDServerToClient = 0;
 357:CANopen/301/CO_SDOserver.c **** #endif
 358:CANopen/301/CO_SDOserver.c ****     SDO->CANdevTx = CANdevTx;
 359:CANopen/301/CO_SDOserver.c **** 
 360:CANopen/301/CO_SDOserver.c ****     return CO_SDOserver_init_canRxTx(SDO, CANdevRx, CANdevRxIdx, CANdevTxIdx, CanId_ClientToServer,
 361:CANopen/301/CO_SDOserver.c ****                                      CanId_ServerToClient);
 362:CANopen/301/CO_SDOserver.c **** }
 363:CANopen/301/CO_SDOserver.c **** 
 364:CANopen/301/CO_SDOserver.c **** #if ((CO_CONFIG_SDO_SRV)&CO_CONFIG_FLAG_CALLBACK_PRE) != 0
 365:CANopen/301/CO_SDOserver.c **** void
 366:CANopen/301/CO_SDOserver.c **** CO_SDOserver_initCallbackPre(CO_SDOserver_t* SDO, void* object, void (*pFunctSignalPre)(void* objec
 367:CANopen/301/CO_SDOserver.c ****     if (SDO != NULL) {
 368:CANopen/301/CO_SDOserver.c ****         SDO->functSignalObjectPre = object;
 369:CANopen/301/CO_SDOserver.c ****         SDO->pFunctSignalPre = pFunctSignalPre;
 370:CANopen/301/CO_SDOserver.c ****     }
 371:CANopen/301/CO_SDOserver.c **** }
 372:CANopen/301/CO_SDOserver.c **** #endif
 373:CANopen/301/CO_SDOserver.c **** 
 374:CANopen/301/CO_SDOserver.c **** #ifdef CO_BIG_ENDIAN
 375:CANopen/301/CO_SDOserver.c **** static inline void
 376:CANopen/301/CO_SDOserver.c **** reverseBytes(void* start, OD_size_t size) {
 377:CANopen/301/CO_SDOserver.c ****     uint8_t* lo = (uint8_t*)start;
 378:CANopen/301/CO_SDOserver.c ****     uint8_t* hi = (uint8_t*)start + size - 1;
 379:CANopen/301/CO_SDOserver.c ****     while (lo < hi) {
 380:CANopen/301/CO_SDOserver.c ****         uint8_t swap = *lo;
 381:CANopen/301/CO_SDOserver.c ****         *lo++ = *hi;
 382:CANopen/301/CO_SDOserver.c ****         *hi-- = swap;
 383:CANopen/301/CO_SDOserver.c ****     }
 384:CANopen/301/CO_SDOserver.c **** }
 385:CANopen/301/CO_SDOserver.c **** #endif
ARM GAS  C:\Users\Lenovo\AppData\Local\Temp\ccOvLNZW.s 			page 32


 386:CANopen/301/CO_SDOserver.c **** 
 387:CANopen/301/CO_SDOserver.c **** #if ((CO_CONFIG_SDO_SRV)&CO_CONFIG_SDO_SRV_SEGMENTED) != 0
 388:CANopen/301/CO_SDOserver.c **** /* Helper function for writing data to Object dictionary. Function swaps data if necessary,
 389:CANopen/301/CO_SDOserver.c ****  * calcualtes (and verifies CRC) writes data to OD and verifies data lengths.
 390:CANopen/301/CO_SDOserver.c ****  *
 391:CANopen/301/CO_SDOserver.c ****  * @param SDO SDO server
 392:CANopen/301/CO_SDOserver.c ****  * @param [out] abortCode SDO abort code in case of error
 393:CANopen/301/CO_SDOserver.c ****  * @param crcOperation 0=none, 1=calculate, 2=calculate and compare
 394:CANopen/301/CO_SDOserver.c ****  * @parma crcClient crc checksum to campare with
 395:CANopen/301/CO_SDOserver.c ****  *
 396:CANopen/301/CO_SDOserver.c ****  * Returns true on success, otherwise write also abortCode and sets state to CO_SDO_ST_ABORT */
 397:CANopen/301/CO_SDOserver.c **** static bool_t
 398:CANopen/301/CO_SDOserver.c **** validateAndWriteToOD(CO_SDOserver_t* SDO, CO_SDO_abortCode_t* abortCode, uint8_t crcOperation, uint
 705              		.loc 1 398 116 is_stmt 1 view -0
 706              		.cfi_startproc
 707              		@ args = 0, pretend = 0, frame = 8
 708              		@ frame_needed = 0, uses_anonymous_args = 0
 709              		.loc 1 398 116 is_stmt 0 view .LVU198
 710 0000 F0B5     		push	{r4, r5, r6, r7, lr}
 711              	.LCFI9:
 712              		.cfi_def_cfa_offset 20
 713              		.cfi_offset 4, -20
 714              		.cfi_offset 5, -16
 715              		.cfi_offset 6, -12
 716              		.cfi_offset 7, -8
 717              		.cfi_offset 14, -4
 718 0002 83B0     		sub	sp, sp, #12
 719              	.LCFI10:
 720              		.cfi_def_cfa_offset 32
 721 0004 0446     		mov	r4, r0
 722 0006 0E46     		mov	r6, r1
 399:CANopen/301/CO_SDOserver.c ****     OD_size_t bufOffsetWrOrig = SDO->bufOffsetWr;
 723              		.loc 1 399 5 is_stmt 1 view .LVU199
 724              	.LVL87:
 400:CANopen/301/CO_SDOserver.c **** 
 401:CANopen/301/CO_SDOserver.c ****     if (SDO->finished) {
 725              		.loc 1 401 5 view .LVU200
 726              		.loc 1 401 12 is_stmt 0 view .LVU201
 727 0008 406F     		ldr	r0, [r0, #116]
 728              	.LVL88:
 729              		.loc 1 401 8 view .LVU202
 730 000a 0028     		cmp	r0, #0
 731 000c 43D0     		beq	.L58
 732              	.LBB39:
 402:CANopen/301/CO_SDOserver.c ****         /* Verify if size of data downloaded matches size indicated. */
 403:CANopen/301/CO_SDOserver.c ****         if ((SDO->sizeInd > 0U) && (SDO->sizeTran != SDO->sizeInd)) {
 733              		.loc 1 403 9 is_stmt 1 view .LVU203
 734              		.loc 1 403 17 is_stmt 0 view .LVU204
 735 000e A36E     		ldr	r3, [r4, #104]
 736              	.LVL89:
 737              		.loc 1 403 12 view .LVU205
 738 0010 5BB1     		cbz	r3, .L59
 739              		.loc 1 403 40 discriminator 1 view .LVU206
 740 0012 E26E     		ldr	r2, [r4, #108]
 741              	.LVL90:
 742              		.loc 1 403 33 discriminator 1 view .LVU207
 743 0014 9342     		cmp	r3, r2
ARM GAS  C:\Users\Lenovo\AppData\Local\Temp\ccOvLNZW.s 			page 33


 744 0016 08D0     		beq	.L59
 404:CANopen/301/CO_SDOserver.c ****             *abortCode = (SDO->sizeTran > SDO->sizeInd) ? CO_SDO_AB_DATA_LONG : CO_SDO_AB_DATA_SHOR
 745              		.loc 1 404 13 is_stmt 1 view .LVU208
 746              		.loc 1 404 79 is_stmt 0 view .LVU209
 747 0018 05D2     		bcs	.L71
 748              		.loc 1 404 79 discriminator 1 view .LVU210
 749 001a 3C4B     		ldr	r3, .L81
 750              	.L60:
 751              		.loc 1 404 24 discriminator 4 view .LVU211
 752 001c 3360     		str	r3, [r6]
 753              	.LVL91:
 405:CANopen/301/CO_SDOserver.c ****             SDO->state = CO_SDO_ST_ABORT;
 754              		.loc 1 405 13 is_stmt 1 view .LVU212
 755              		.loc 1 405 24 is_stmt 0 view .LVU213
 756 001e 0123     		movs	r3, #1
 757 0020 2375     		strb	r3, [r4, #20]
 406:CANopen/301/CO_SDOserver.c ****             return false;
 758              		.loc 1 406 13 is_stmt 1 view .LVU214
 759              		.loc 1 406 20 is_stmt 0 view .LVU215
 760 0022 0020     		movs	r0, #0
 761 0024 6FE0     		b	.L57
 762              	.LVL92:
 763              	.L71:
 404:CANopen/301/CO_SDOserver.c ****             *abortCode = (SDO->sizeTran > SDO->sizeInd) ? CO_SDO_AB_DATA_LONG : CO_SDO_AB_DATA_SHOR
 764              		.loc 1 404 79 discriminator 2 view .LVU216
 765 0026 3A4B     		ldr	r3, .L81+4
 766 0028 F8E7     		b	.L60
 767              	.L59:
 407:CANopen/301/CO_SDOserver.c ****         }
 408:CANopen/301/CO_SDOserver.c **** 
 409:CANopen/301/CO_SDOserver.c **** #ifdef CO_BIG_ENDIAN
 410:CANopen/301/CO_SDOserver.c ****         /* swap int16_t .. uint64_t data if necessary */
 411:CANopen/301/CO_SDOserver.c ****         if ((SDO->OD_IO.stream.attribute & ODA_MB) != 0) {
 412:CANopen/301/CO_SDOserver.c ****             reverseBytes(SDO->buf, SDO->bufOffsetWr);
 413:CANopen/301/CO_SDOserver.c ****         }
 414:CANopen/301/CO_SDOserver.c **** #endif
 415:CANopen/301/CO_SDOserver.c **** 
 416:CANopen/301/CO_SDOserver.c ****         OD_size_t sizeInOd = SDO->OD_IO.stream.dataLength;
 768              		.loc 1 416 9 is_stmt 1 view .LVU217
 769              		.loc 1 416 19 is_stmt 0 view .LVU218
 770 002a 236A     		ldr	r3, [r4, #32]
 771              	.LVL93:
 417:CANopen/301/CO_SDOserver.c **** 
 418:CANopen/301/CO_SDOserver.c ****         /* If dataType is string, then size of data downloaded may be shorter than size of the
 419:CANopen/301/CO_SDOserver.c ****          * OD data buffer. If so, add two zero bytes to terminate (unicode) string. Shorten
 420:CANopen/301/CO_SDOserver.c ****          * also OD data size, (temporary, send information about EOF into OD_IO.write) */
 421:CANopen/301/CO_SDOserver.c ****         if (((SDO->OD_IO.stream.attribute & (OD_attr_t)ODA_STR) != 0U)
 772              		.loc 1 421 9 is_stmt 1 view .LVU219
 773              		.loc 1 421 65 is_stmt 0 view .LVU220
 774 002c 94F92820 		ldrsb	r2, [r4, #40]
 775              		.loc 1 421 12 view .LVU221
 776 0030 002A     		cmp	r2, #0
 777 0032 03DB     		blt	.L76
 778              	.LVL94:
 779              	.L62:
 422:CANopen/301/CO_SDOserver.c ****             && ((sizeInOd == 0U) || (SDO->sizeTran < sizeInOd))
 423:CANopen/301/CO_SDOserver.c ****             && ((SDO->bufOffsetWr + 2U) <= CO_CONFIG_SDO_SRV_BUFFER_SIZE)) {
ARM GAS  C:\Users\Lenovo\AppData\Local\Temp\ccOvLNZW.s 			page 34


 424:CANopen/301/CO_SDOserver.c ****             SDO->buf[SDO->bufOffsetWr] = 0;
 425:CANopen/301/CO_SDOserver.c ****             SDO->bufOffsetWr++;
 426:CANopen/301/CO_SDOserver.c ****             SDO->sizeTran++;
 427:CANopen/301/CO_SDOserver.c ****             if ((sizeInOd == 0U) || (SDO->sizeTran < sizeInOd)) {
 428:CANopen/301/CO_SDOserver.c ****                 SDO->buf[SDO->bufOffsetWr] = 0;
 429:CANopen/301/CO_SDOserver.c ****                 SDO->bufOffsetWr++;
 430:CANopen/301/CO_SDOserver.c ****                 SDO->sizeTran++;
 431:CANopen/301/CO_SDOserver.c ****             }
 432:CANopen/301/CO_SDOserver.c ****             SDO->OD_IO.stream.dataLength = SDO->sizeTran;
 433:CANopen/301/CO_SDOserver.c ****         }
 434:CANopen/301/CO_SDOserver.c ****         /* Indicate OD data size, if not indicated. Can be used for EOF check. */
 435:CANopen/301/CO_SDOserver.c ****         else if (sizeInOd == 0U) {
 780              		.loc 1 435 14 is_stmt 1 view .LVU222
 781              		.loc 1 435 17 is_stmt 0 view .LVU223
 782 0034 1BBB     		cbnz	r3, .L67
 436:CANopen/301/CO_SDOserver.c ****             SDO->OD_IO.stream.dataLength = SDO->sizeTran;
 783              		.loc 1 436 13 is_stmt 1 view .LVU224
 784              		.loc 1 436 47 is_stmt 0 view .LVU225
 785 0036 E36E     		ldr	r3, [r4, #108]
 786              	.LVL95:
 787              		.loc 1 436 42 view .LVU226
 788 0038 2362     		str	r3, [r4, #32]
 789              	.LVL96:
 790              		.loc 1 436 42 view .LVU227
 791 003a 31E0     		b	.L66
 792              	.LVL97:
 793              	.L76:
 422:CANopen/301/CO_SDOserver.c ****             && ((sizeInOd == 0U) || (SDO->sizeTran < sizeInOd))
 794              		.loc 1 422 13 view .LVU228
 795 003c 13B1     		cbz	r3, .L63
 422:CANopen/301/CO_SDOserver.c ****             && ((sizeInOd == 0U) || (SDO->sizeTran < sizeInOd))
 796              		.loc 1 422 41 discriminator 1 view .LVU229
 797 003e E26E     		ldr	r2, [r4, #108]
 422:CANopen/301/CO_SDOserver.c ****             && ((sizeInOd == 0U) || (SDO->sizeTran < sizeInOd))
 798              		.loc 1 422 34 discriminator 1 view .LVU230
 799 0040 9A42     		cmp	r2, r3
 800 0042 F7D2     		bcs	.L62
 801              	.L63:
 423:CANopen/301/CO_SDOserver.c ****             SDO->buf[SDO->bufOffsetWr] = 0;
 802              		.loc 1 423 21 view .LVU231
 803 0044 D4F8A420 		ldr	r2, [r4, #164]
 423:CANopen/301/CO_SDOserver.c ****             SDO->buf[SDO->bufOffsetWr] = 0;
 804              		.loc 1 423 35 view .LVU232
 805 0048 911C     		adds	r1, r2, #2
 806              	.LVL98:
 423:CANopen/301/CO_SDOserver.c ****             SDO->buf[SDO->bufOffsetWr] = 0;
 807              		.loc 1 423 13 view .LVU233
 808 004a 2029     		cmp	r1, #32
 809 004c F2D8     		bhi	.L62
 424:CANopen/301/CO_SDOserver.c ****             SDO->bufOffsetWr++;
 810              		.loc 1 424 13 is_stmt 1 view .LVU234
 424:CANopen/301/CO_SDOserver.c ****             SDO->bufOffsetWr++;
 811              		.loc 1 424 40 is_stmt 0 view .LVU235
 812 004e A018     		adds	r0, r4, r2
 813 0050 0025     		movs	r5, #0
 814 0052 80F88050 		strb	r5, [r0, #128]
 815              	.LVL99:
ARM GAS  C:\Users\Lenovo\AppData\Local\Temp\ccOvLNZW.s 			page 35


 425:CANopen/301/CO_SDOserver.c ****             SDO->sizeTran++;
 816              		.loc 1 425 13 is_stmt 1 view .LVU236
 425:CANopen/301/CO_SDOserver.c ****             SDO->sizeTran++;
 817              		.loc 1 425 29 is_stmt 0 view .LVU237
 818 0056 0132     		adds	r2, r2, #1
 819 0058 C4F8A420 		str	r2, [r4, #164]
 426:CANopen/301/CO_SDOserver.c ****             if ((sizeInOd == 0U) || (SDO->sizeTran < sizeInOd)) {
 820              		.loc 1 426 13 is_stmt 1 view .LVU238
 426:CANopen/301/CO_SDOserver.c ****             if ((sizeInOd == 0U) || (SDO->sizeTran < sizeInOd)) {
 821              		.loc 1 426 16 is_stmt 0 view .LVU239
 822 005c E06E     		ldr	r0, [r4, #108]
 426:CANopen/301/CO_SDOserver.c ****             if ((sizeInOd == 0U) || (SDO->sizeTran < sizeInOd)) {
 823              		.loc 1 426 26 view .LVU240
 824 005e 451C     		adds	r5, r0, #1
 825 0060 E566     		str	r5, [r4, #108]
 427:CANopen/301/CO_SDOserver.c ****                 SDO->buf[SDO->bufOffsetWr] = 0;
 826              		.loc 1 427 13 is_stmt 1 view .LVU241
 427:CANopen/301/CO_SDOserver.c ****                 SDO->buf[SDO->bufOffsetWr] = 0;
 827              		.loc 1 427 16 is_stmt 0 view .LVU242
 828 0062 0BB1     		cbz	r3, .L64
 427:CANopen/301/CO_SDOserver.c ****                 SDO->buf[SDO->bufOffsetWr] = 0;
 829              		.loc 1 427 34 discriminator 1 view .LVU243
 830 0064 9D42     		cmp	r5, r3
 831 0066 07D2     		bcs	.L65
 832              	.L64:
 428:CANopen/301/CO_SDOserver.c ****                 SDO->bufOffsetWr++;
 833              		.loc 1 428 17 is_stmt 1 view .LVU244
 428:CANopen/301/CO_SDOserver.c ****                 SDO->bufOffsetWr++;
 834              		.loc 1 428 44 is_stmt 0 view .LVU245
 835 0068 2244     		add	r2, r2, r4
 836 006a 0023     		movs	r3, #0
 837              	.LVL100:
 428:CANopen/301/CO_SDOserver.c ****                 SDO->bufOffsetWr++;
 838              		.loc 1 428 44 view .LVU246
 839 006c 82F88030 		strb	r3, [r2, #128]
 429:CANopen/301/CO_SDOserver.c ****                 SDO->sizeTran++;
 840              		.loc 1 429 17 is_stmt 1 view .LVU247
 429:CANopen/301/CO_SDOserver.c ****                 SDO->sizeTran++;
 841              		.loc 1 429 33 is_stmt 0 view .LVU248
 842 0070 C4F8A410 		str	r1, [r4, #164]
 430:CANopen/301/CO_SDOserver.c ****             }
 843              		.loc 1 430 17 is_stmt 1 view .LVU249
 430:CANopen/301/CO_SDOserver.c ****             }
 844              		.loc 1 430 30 is_stmt 0 view .LVU250
 845 0074 0230     		adds	r0, r0, #2
 846 0076 E066     		str	r0, [r4, #108]
 847              	.L65:
 432:CANopen/301/CO_SDOserver.c ****         }
 848              		.loc 1 432 13 is_stmt 1 view .LVU251
 432:CANopen/301/CO_SDOserver.c ****         }
 849              		.loc 1 432 47 is_stmt 0 view .LVU252
 850 0078 E36E     		ldr	r3, [r4, #108]
 432:CANopen/301/CO_SDOserver.c ****         }
 851              		.loc 1 432 42 view .LVU253
 852 007a 2362     		str	r3, [r4, #32]
 853 007c 10E0     		b	.L66
 854              	.LVL101:
ARM GAS  C:\Users\Lenovo\AppData\Local\Temp\ccOvLNZW.s 			page 36


 855              	.L67:
 437:CANopen/301/CO_SDOserver.c ****         }
 438:CANopen/301/CO_SDOserver.c ****         /* Verify if size of data downloaded matches data size in OD. */
 439:CANopen/301/CO_SDOserver.c ****         else if (SDO->sizeTran != sizeInOd) {
 856              		.loc 1 439 14 is_stmt 1 view .LVU254
 857              		.loc 1 439 21 is_stmt 0 view .LVU255
 858 007e E26E     		ldr	r2, [r4, #108]
 859              		.loc 1 439 17 view .LVU256
 860 0080 9A42     		cmp	r2, r3
 861 0082 0DD0     		beq	.L66
 440:CANopen/301/CO_SDOserver.c ****             *abortCode = (SDO->sizeTran > sizeInOd) ? CO_SDO_AB_DATA_LONG : CO_SDO_AB_DATA_SHORT;
 862              		.loc 1 440 13 is_stmt 1 view .LVU257
 863              		.loc 1 440 75 is_stmt 0 view .LVU258
 864 0084 05D9     		bls	.L72
 865              		.loc 1 440 75 discriminator 1 view .LVU259
 866 0086 214B     		ldr	r3, .L81
 867              	.LVL102:
 868              	.L68:
 869              		.loc 1 440 24 discriminator 4 view .LVU260
 870 0088 3360     		str	r3, [r6]
 871              	.LVL103:
 441:CANopen/301/CO_SDOserver.c ****             SDO->state = CO_SDO_ST_ABORT;
 872              		.loc 1 441 13 is_stmt 1 view .LVU261
 873              		.loc 1 441 24 is_stmt 0 view .LVU262
 874 008a 0123     		movs	r3, #1
 875 008c 2375     		strb	r3, [r4, #20]
 442:CANopen/301/CO_SDOserver.c ****             return false;
 876              		.loc 1 442 13 is_stmt 1 view .LVU263
 877              		.loc 1 442 20 is_stmt 0 view .LVU264
 878 008e 0020     		movs	r0, #0
 879 0090 39E0     		b	.L57
 880              	.LVL104:
 881              	.L72:
 440:CANopen/301/CO_SDOserver.c ****             *abortCode = (SDO->sizeTran > sizeInOd) ? CO_SDO_AB_DATA_LONG : CO_SDO_AB_DATA_SHORT;
 882              		.loc 1 440 75 discriminator 2 view .LVU265
 883 0092 1F4B     		ldr	r3, .L81+4
 884              	.LVL105:
 440:CANopen/301/CO_SDOserver.c ****             *abortCode = (SDO->sizeTran > sizeInOd) ? CO_SDO_AB_DATA_LONG : CO_SDO_AB_DATA_SHORT;
 885              		.loc 1 440 75 discriminator 2 view .LVU266
 886 0094 F8E7     		b	.L68
 887              	.LVL106:
 888              	.L58:
 440:CANopen/301/CO_SDOserver.c ****             *abortCode = (SDO->sizeTran > sizeInOd) ? CO_SDO_AB_DATA_LONG : CO_SDO_AB_DATA_SHORT;
 889              		.loc 1 440 75 discriminator 2 view .LVU267
 890              	.LBE39:
 443:CANopen/301/CO_SDOserver.c ****         } else { /* MISRA C 2004 14.10 */
 444:CANopen/301/CO_SDOserver.c ****         }
 445:CANopen/301/CO_SDOserver.c ****     } else {
 446:CANopen/301/CO_SDOserver.c ****         /* Verify if size of data downloaded is not too large. */
 447:CANopen/301/CO_SDOserver.c ****         if ((SDO->sizeInd > 0U) && (SDO->sizeTran > SDO->sizeInd)) {
 891              		.loc 1 447 9 is_stmt 1 view .LVU268
 892              		.loc 1 447 17 is_stmt 0 view .LVU269
 893 0096 A36E     		ldr	r3, [r4, #104]
 894              	.LVL107:
 895              		.loc 1 447 12 view .LVU270
 896 0098 13B1     		cbz	r3, .L66
 897              		.loc 1 447 40 discriminator 1 view .LVU271
ARM GAS  C:\Users\Lenovo\AppData\Local\Temp\ccOvLNZW.s 			page 37


 898 009a E26E     		ldr	r2, [r4, #108]
 899              	.LVL108:
 900              		.loc 1 447 33 discriminator 1 view .LVU272
 901 009c 9342     		cmp	r3, r2
 902 009e 1AD3     		bcc	.L77
 903              	.LVL109:
 904              	.L66:
 448:CANopen/301/CO_SDOserver.c ****             *abortCode = CO_SDO_AB_DATA_LONG;
 449:CANopen/301/CO_SDOserver.c ****             SDO->state = CO_SDO_ST_ABORT;
 450:CANopen/301/CO_SDOserver.c ****             return false;
 451:CANopen/301/CO_SDOserver.c ****         }
 452:CANopen/301/CO_SDOserver.c ****     }
 453:CANopen/301/CO_SDOserver.c **** 
 454:CANopen/301/CO_SDOserver.c **** #if ((CO_CONFIG_SDO_SRV)&CO_CONFIG_SDO_SRV_BLOCK) != 0
 455:CANopen/301/CO_SDOserver.c ****     /* calculate crc on current data */
 456:CANopen/301/CO_SDOserver.c ****     if (SDO->block_crcEnabled && crcOperation > 0) {
 457:CANopen/301/CO_SDOserver.c ****         SDO->block_crc = crc16_ccitt(SDO->buf, bufOffsetWrOrig, SDO->block_crc);
 458:CANopen/301/CO_SDOserver.c ****         if (crcOperation == 2 && crcClient != SDO->block_crc) {
 459:CANopen/301/CO_SDOserver.c ****             *abortCode = CO_SDO_AB_CRC;
 460:CANopen/301/CO_SDOserver.c ****             SDO->state = CO_SDO_ST_ABORT;
 461:CANopen/301/CO_SDOserver.c ****             return false;
 462:CANopen/301/CO_SDOserver.c ****         }
 463:CANopen/301/CO_SDOserver.c ****     }
 464:CANopen/301/CO_SDOserver.c **** #endif
 465:CANopen/301/CO_SDOserver.c ****     /* may be unused */
 466:CANopen/301/CO_SDOserver.c ****     (void)crcOperation;
 905              		.loc 1 466 5 is_stmt 1 view .LVU273
 467:CANopen/301/CO_SDOserver.c ****     (void)crcClient;
 906              		.loc 1 467 5 view .LVU274
 468:CANopen/301/CO_SDOserver.c ****     (void)bufOffsetWrOrig;
 907              		.loc 1 468 5 view .LVU275
 469:CANopen/301/CO_SDOserver.c **** 
 470:CANopen/301/CO_SDOserver.c ****     /* write data */
 471:CANopen/301/CO_SDOserver.c ****     OD_size_t countWritten = 0;
 908              		.loc 1 471 5 view .LVU276
 909              		.loc 1 471 15 is_stmt 0 view .LVU277
 910 00a0 0025     		movs	r5, #0
 911 00a2 0195     		str	r5, [sp, #4]
 472:CANopen/301/CO_SDOserver.c ****     ODR_t odRet;
 912              		.loc 1 472 5 is_stmt 1 view .LVU278
 473:CANopen/301/CO_SDOserver.c **** 
 474:CANopen/301/CO_SDOserver.c ****     CO_LOCK_OD(SDO->CANdevTx);
 913              		.loc 1 474 30 view .LVU279
 475:CANopen/301/CO_SDOserver.c ****     odRet = SDO->OD_IO.write(&SDO->OD_IO.stream, SDO->buf, SDO->bufOffsetWr, &countWritten);
 914              		.loc 1 475 5 view .LVU280
 915              		.loc 1 475 13 is_stmt 0 view .LVU281
 916 00a4 01AB     		add	r3, sp, #4
 917 00a6 D4F8A420 		ldr	r2, [r4, #164]
 918 00aa 04F18001 		add	r1, r4, #128
 919 00ae 04F11800 		add	r0, r4, #24
 920 00b2 676B     		ldr	r7, [r4, #52]
 921 00b4 B847     		blx	r7
 922              	.LVL110:
 923 00b6 0346     		mov	r3, r0
 924              	.LVL111:
 476:CANopen/301/CO_SDOserver.c ****     CO_UNLOCK_OD(SDO->CANdevTx);
 925              		.loc 1 476 32 is_stmt 1 view .LVU282
ARM GAS  C:\Users\Lenovo\AppData\Local\Temp\ccOvLNZW.s 			page 38


 477:CANopen/301/CO_SDOserver.c **** 
 478:CANopen/301/CO_SDOserver.c ****     SDO->bufOffsetWr = 0;
 926              		.loc 1 478 5 view .LVU283
 927              		.loc 1 478 22 is_stmt 0 view .LVU284
 928 00b8 C4F8A450 		str	r5, [r4, #164]
 479:CANopen/301/CO_SDOserver.c **** 
 480:CANopen/301/CO_SDOserver.c ****     /* verify write error value */
 481:CANopen/301/CO_SDOserver.c ****     if ((odRet != ODR_OK) && (odRet != ODR_PARTIAL)) {
 929              		.loc 1 481 5 is_stmt 1 view .LVU285
 930              		.loc 1 481 27 is_stmt 0 view .LVU286
 931 00bc 421C     		adds	r2, r0, #1
 932 00be D2B2     		uxtb	r2, r2
 933              		.loc 1 481 8 view .LVU287
 934 00c0 012A     		cmp	r2, #1
 935 00c2 0DD8     		bhi	.L78
 482:CANopen/301/CO_SDOserver.c ****         *abortCode = (CO_SDO_abortCode_t)OD_getSDOabCode(odRet);
 483:CANopen/301/CO_SDOserver.c ****         SDO->state = CO_SDO_ST_ABORT;
 484:CANopen/301/CO_SDOserver.c ****         return false;
 485:CANopen/301/CO_SDOserver.c ****     } else if (SDO->finished && (odRet == ODR_PARTIAL)) {
 936              		.loc 1 485 12 is_stmt 1 view .LVU288
 937              		.loc 1 485 19 is_stmt 0 view .LVU289
 938 00c4 606F     		ldr	r0, [r4, #116]
 939              	.LVL112:
 940              		.loc 1 485 15 view .LVU290
 941 00c6 10B1     		cbz	r0, .L70
 942              		.loc 1 485 30 discriminator 1 view .LVU291
 943 00c8 B3F1FF3F 		cmp	r3, #-1
 944 00cc 0FD0     		beq	.L79
 945              	.L70:
 486:CANopen/301/CO_SDOserver.c ****         /* OD variable was not written completely, but SDO download finished */
 487:CANopen/301/CO_SDOserver.c ****         *abortCode = CO_SDO_AB_DATA_SHORT;
 488:CANopen/301/CO_SDOserver.c ****         SDO->state = CO_SDO_ST_ABORT;
 489:CANopen/301/CO_SDOserver.c ****         return false;
 490:CANopen/301/CO_SDOserver.c ****     } else if (!SDO->finished && (odRet == ODR_OK)) {
 946              		.loc 1 490 12 is_stmt 1 view .LVU292
 947              		.loc 1 490 15 is_stmt 0 view .LVU293
 948 00ce C8B9     		cbnz	r0, .L73
 949              		.loc 1 490 31 discriminator 1 view .LVU294
 950 00d0 9BB1     		cbz	r3, .L80
 491:CANopen/301/CO_SDOserver.c ****         /* OD variable was written completely, but SDO download still has data */
 492:CANopen/301/CO_SDOserver.c ****         *abortCode = CO_SDO_AB_DATA_LONG;
 493:CANopen/301/CO_SDOserver.c ****         SDO->state = CO_SDO_ST_ABORT;
 494:CANopen/301/CO_SDOserver.c ****         return false;
 495:CANopen/301/CO_SDOserver.c ****     } else { /* MISRA C 2004 14.10 */
 496:CANopen/301/CO_SDOserver.c ****     }
 497:CANopen/301/CO_SDOserver.c **** 
 498:CANopen/301/CO_SDOserver.c ****     return true;
 951              		.loc 1 498 12 view .LVU295
 952 00d2 0120     		movs	r0, #1
 953 00d4 17E0     		b	.L57
 954              	.LVL113:
 955              	.L77:
 448:CANopen/301/CO_SDOserver.c ****             SDO->state = CO_SDO_ST_ABORT;
 956              		.loc 1 448 13 is_stmt 1 view .LVU296
 448:CANopen/301/CO_SDOserver.c ****             SDO->state = CO_SDO_ST_ABORT;
 957              		.loc 1 448 24 is_stmt 0 view .LVU297
 958 00d6 0D4B     		ldr	r3, .L81
ARM GAS  C:\Users\Lenovo\AppData\Local\Temp\ccOvLNZW.s 			page 39


 959 00d8 0B60     		str	r3, [r1]
 960              	.LVL114:
 449:CANopen/301/CO_SDOserver.c ****             return false;
 961              		.loc 1 449 13 is_stmt 1 view .LVU298
 449:CANopen/301/CO_SDOserver.c ****             return false;
 962              		.loc 1 449 24 is_stmt 0 view .LVU299
 963 00da 0123     		movs	r3, #1
 964 00dc 2375     		strb	r3, [r4, #20]
 450:CANopen/301/CO_SDOserver.c ****         }
 965              		.loc 1 450 13 is_stmt 1 view .LVU300
 450:CANopen/301/CO_SDOserver.c ****         }
 966              		.loc 1 450 20 is_stmt 0 view .LVU301
 967 00de 12E0     		b	.L57
 968              	.LVL115:
 969              	.L78:
 482:CANopen/301/CO_SDOserver.c ****         SDO->state = CO_SDO_ST_ABORT;
 970              		.loc 1 482 9 is_stmt 1 view .LVU302
 482:CANopen/301/CO_SDOserver.c ****         SDO->state = CO_SDO_ST_ABORT;
 971              		.loc 1 482 42 is_stmt 0 view .LVU303
 972 00e0 FFF7FEFF 		bl	OD_getSDOabCode
 973              	.LVL116:
 482:CANopen/301/CO_SDOserver.c ****         SDO->state = CO_SDO_ST_ABORT;
 974              		.loc 1 482 20 discriminator 1 view .LVU304
 975 00e4 3060     		str	r0, [r6]
 483:CANopen/301/CO_SDOserver.c ****         return false;
 976              		.loc 1 483 9 is_stmt 1 view .LVU305
 483:CANopen/301/CO_SDOserver.c ****         return false;
 977              		.loc 1 483 20 is_stmt 0 view .LVU306
 978 00e6 0123     		movs	r3, #1
 979 00e8 2375     		strb	r3, [r4, #20]
 484:CANopen/301/CO_SDOserver.c ****     } else if (SDO->finished && (odRet == ODR_PARTIAL)) {
 980              		.loc 1 484 9 is_stmt 1 view .LVU307
 484:CANopen/301/CO_SDOserver.c ****     } else if (SDO->finished && (odRet == ODR_PARTIAL)) {
 981              		.loc 1 484 16 is_stmt 0 view .LVU308
 982 00ea 2846     		mov	r0, r5
 983 00ec 0BE0     		b	.L57
 984              	.L79:
 487:CANopen/301/CO_SDOserver.c ****         SDO->state = CO_SDO_ST_ABORT;
 985              		.loc 1 487 9 is_stmt 1 view .LVU309
 487:CANopen/301/CO_SDOserver.c ****         SDO->state = CO_SDO_ST_ABORT;
 986              		.loc 1 487 20 is_stmt 0 view .LVU310
 987 00ee 084B     		ldr	r3, .L81+4
 988 00f0 3360     		str	r3, [r6]
 488:CANopen/301/CO_SDOserver.c ****         return false;
 989              		.loc 1 488 9 is_stmt 1 view .LVU311
 488:CANopen/301/CO_SDOserver.c ****         return false;
 990              		.loc 1 488 20 is_stmt 0 view .LVU312
 991 00f2 0123     		movs	r3, #1
 992 00f4 2375     		strb	r3, [r4, #20]
 489:CANopen/301/CO_SDOserver.c ****     } else if (!SDO->finished && (odRet == ODR_OK)) {
 993              		.loc 1 489 9 is_stmt 1 view .LVU313
 489:CANopen/301/CO_SDOserver.c ****     } else if (!SDO->finished && (odRet == ODR_OK)) {
 994              		.loc 1 489 16 is_stmt 0 view .LVU314
 995 00f6 0020     		movs	r0, #0
 996 00f8 05E0     		b	.L57
 997              	.L80:
 492:CANopen/301/CO_SDOserver.c ****         SDO->state = CO_SDO_ST_ABORT;
ARM GAS  C:\Users\Lenovo\AppData\Local\Temp\ccOvLNZW.s 			page 40


 998              		.loc 1 492 9 is_stmt 1 view .LVU315
 492:CANopen/301/CO_SDOserver.c ****         SDO->state = CO_SDO_ST_ABORT;
 999              		.loc 1 492 20 is_stmt 0 view .LVU316
 1000 00fa 044B     		ldr	r3, .L81
 1001 00fc 3360     		str	r3, [r6]
 493:CANopen/301/CO_SDOserver.c ****         return false;
 1002              		.loc 1 493 9 is_stmt 1 view .LVU317
 493:CANopen/301/CO_SDOserver.c ****         return false;
 1003              		.loc 1 493 20 is_stmt 0 view .LVU318
 1004 00fe 0123     		movs	r3, #1
 1005 0100 2375     		strb	r3, [r4, #20]
 494:CANopen/301/CO_SDOserver.c ****     } else { /* MISRA C 2004 14.10 */
 1006              		.loc 1 494 9 is_stmt 1 view .LVU319
 494:CANopen/301/CO_SDOserver.c ****     } else { /* MISRA C 2004 14.10 */
 1007              		.loc 1 494 16 is_stmt 0 view .LVU320
 1008 0102 00E0     		b	.L57
 1009              	.L73:
 1010              		.loc 1 498 12 view .LVU321
 1011 0104 0120     		movs	r0, #1
 1012              	.LVL117:
 1013              	.L57:
 499:CANopen/301/CO_SDOserver.c **** }
 1014              		.loc 1 499 1 view .LVU322
 1015 0106 03B0     		add	sp, sp, #12
 1016              	.LCFI11:
 1017              		.cfi_def_cfa_offset 20
 1018              		@ sp needed
 1019 0108 F0BD     		pop	{r4, r5, r6, r7, pc}
 1020              	.LVL118:
 1021              	.L82:
 1022              		.loc 1 499 1 view .LVU323
 1023 010a 00BF     		.align	2
 1024              	.L81:
 1025 010c 12000706 		.word	101122066
 1026 0110 13000706 		.word	101122067
 1027              		.cfi_endproc
 1028              	.LFE36:
 1030              		.section	.text.readFromOd,"ax",%progbits
 1031              		.align	1
 1032              		.syntax unified
 1033              		.thumb
 1034              		.thumb_func
 1036              	readFromOd:
 1037              	.LVL119:
 1038              	.LFB37:
 500:CANopen/301/CO_SDOserver.c **** 
 501:CANopen/301/CO_SDOserver.c **** /* Helper function for reading data from Object dictionary. Function also swaps data if necessary a
 502:CANopen/301/CO_SDOserver.c ****  *
 503:CANopen/301/CO_SDOserver.c ****  * @param SDO SDO server
 504:CANopen/301/CO_SDOserver.c ****  * @param [out] abortCode SDO abort code in case of error
 505:CANopen/301/CO_SDOserver.c ****  * @parma countMinimum if data size in buffer is less than countMinimum, then buffer is refilled fr
 506:CANopen/301/CO_SDOserver.c ****  * @param calculateCrc if true, crc is calculated
 507:CANopen/301/CO_SDOserver.c ****  *
 508:CANopen/301/CO_SDOserver.c ****  * Returns true on success, otherwise write also abortCode and sets state to CO_SDO_ST_ABORT */
 509:CANopen/301/CO_SDOserver.c **** static bool_t
 510:CANopen/301/CO_SDOserver.c **** readFromOd(CO_SDOserver_t* SDO, CO_SDO_abortCode_t* abortCode, OD_size_t countMinimum, bool_t calcu
 1039              		.loc 1 510 109 is_stmt 1 view -0
ARM GAS  C:\Users\Lenovo\AppData\Local\Temp\ccOvLNZW.s 			page 41


 1040              		.cfi_startproc
 1041              		@ args = 0, pretend = 0, frame = 16
 1042              		@ frame_needed = 0, uses_anonymous_args = 0
 1043              		.loc 1 510 109 is_stmt 0 view .LVU325
 1044 0000 2DE9F04F 		push	{r4, r5, r6, r7, r8, r9, r10, fp, lr}
 1045              	.LCFI12:
 1046              		.cfi_def_cfa_offset 36
 1047              		.cfi_offset 4, -36
 1048              		.cfi_offset 5, -32
 1049              		.cfi_offset 6, -28
 1050              		.cfi_offset 7, -24
 1051              		.cfi_offset 8, -20
 1052              		.cfi_offset 9, -16
 1053              		.cfi_offset 10, -12
 1054              		.cfi_offset 11, -8
 1055              		.cfi_offset 14, -4
 1056 0004 85B0     		sub	sp, sp, #20
 1057              	.LCFI13:
 1058              		.cfi_def_cfa_offset 56
 1059 0006 0191     		str	r1, [sp, #4]
 511:CANopen/301/CO_SDOserver.c **** #if ((CO_CONFIG_SDO_SRV)&CO_CONFIG_SDO_SRV_BLOCK) == 0
 512:CANopen/301/CO_SDOserver.c ****     (void)calculateCrc; /* may be unused */
 1060              		.loc 1 512 5 is_stmt 1 view .LVU326
 513:CANopen/301/CO_SDOserver.c **** #endif
 514:CANopen/301/CO_SDOserver.c ****     OD_size_t countRemain = SDO->bufOffsetWr - SDO->bufOffsetRd;
 1061              		.loc 1 514 5 view .LVU327
 1062              		.loc 1 514 32 is_stmt 0 view .LVU328
 1063 0008 D0F8A470 		ldr	r7, [r0, #164]
 1064              		.loc 1 514 51 view .LVU329
 1065 000c D0F8A890 		ldr	r9, [r0, #168]
 1066              		.loc 1 514 15 view .LVU330
 1067 0010 A7EB0908 		sub	r8, r7, r9
 1068              	.LVL120:
 515:CANopen/301/CO_SDOserver.c **** 
 516:CANopen/301/CO_SDOserver.c ****     if (!SDO->finished && (countRemain < countMinimum)) {
 1069              		.loc 1 516 5 is_stmt 1 view .LVU331
 1070              		.loc 1 516 13 is_stmt 0 view .LVU332
 1071 0014 456F     		ldr	r5, [r0, #116]
 1072              		.loc 1 516 8 view .LVU333
 1073 0016 002D     		cmp	r5, #0
 1074 0018 5ED1     		bne	.L92
 1075 001a 0446     		mov	r4, r0
 1076 001c 1646     		mov	r6, r2
 1077              		.loc 1 516 24 discriminator 1 view .LVU334
 1078 001e 9045     		cmp	r8, r2
 1079 0020 01D3     		bcc	.L96
 517:CANopen/301/CO_SDOserver.c ****         /* first move remaining data to the start of the buffer */
 518:CANopen/301/CO_SDOserver.c ****         (void)memmove(SDO->buf, SDO->buf + SDO->bufOffsetRd, countRemain);
 519:CANopen/301/CO_SDOserver.c ****         SDO->bufOffsetRd = 0;
 520:CANopen/301/CO_SDOserver.c ****         SDO->bufOffsetWr = countRemain;
 521:CANopen/301/CO_SDOserver.c **** 
 522:CANopen/301/CO_SDOserver.c ****         /* Get size of free data buffer */
 523:CANopen/301/CO_SDOserver.c ****         OD_size_t countRdRequest = CO_CONFIG_SDO_SRV_BUFFER_SIZE - countRemain;
 524:CANopen/301/CO_SDOserver.c **** 
 525:CANopen/301/CO_SDOserver.c ****         /* load data from OD variable into the buffer */
 526:CANopen/301/CO_SDOserver.c ****         OD_size_t countRd = 0;
 527:CANopen/301/CO_SDOserver.c ****         ODR_t odRet;
ARM GAS  C:\Users\Lenovo\AppData\Local\Temp\ccOvLNZW.s 			page 42


 528:CANopen/301/CO_SDOserver.c **** 
 529:CANopen/301/CO_SDOserver.c ****         CO_LOCK_OD(SDO->CANdevTx);
 530:CANopen/301/CO_SDOserver.c ****         odRet = SDO->OD_IO.read(&SDO->OD_IO.stream, &SDO->buf[countRemain], countRdRequest, &countR
 531:CANopen/301/CO_SDOserver.c ****         CO_UNLOCK_OD(SDO->CANdevTx);
 532:CANopen/301/CO_SDOserver.c **** 
 533:CANopen/301/CO_SDOserver.c ****         if ((odRet != ODR_OK) && (odRet != ODR_PARTIAL)) {
 534:CANopen/301/CO_SDOserver.c ****             *abortCode = (CO_SDO_abortCode_t)OD_getSDOabCode(odRet);
 535:CANopen/301/CO_SDOserver.c ****             SDO->state = CO_SDO_ST_ABORT;
 536:CANopen/301/CO_SDOserver.c ****             return false;
 537:CANopen/301/CO_SDOserver.c ****         }
 538:CANopen/301/CO_SDOserver.c **** 
 539:CANopen/301/CO_SDOserver.c ****         /* if data is string, send only data up to null termination */
 540:CANopen/301/CO_SDOserver.c ****         OD_size_t lastRd = countRd + countRemain;
 541:CANopen/301/CO_SDOserver.c ****         if ((countRd > 0U) && ((SDO->OD_IO.stream.attribute & (OD_attr_t)ODA_STR) != 0U)) {
 542:CANopen/301/CO_SDOserver.c ****             SDO->buf[lastRd] = 0; /* (SDO->buf is one byte larger) */
 543:CANopen/301/CO_SDOserver.c ****             OD_size_t countStr = (OD_size_t)strlen((char*)&SDO->buf[countRemain]);
 544:CANopen/301/CO_SDOserver.c ****             if (countStr == 0U) {
 545:CANopen/301/CO_SDOserver.c ****                 countStr = 1;
 546:CANopen/301/CO_SDOserver.c ****             } /* zero length is not allowed */
 547:CANopen/301/CO_SDOserver.c ****             if (countStr < countRd) {
 548:CANopen/301/CO_SDOserver.c ****                 /* string terminator found, read is finished, shorten data */
 549:CANopen/301/CO_SDOserver.c ****                 countRd = countStr;
 550:CANopen/301/CO_SDOserver.c ****                 odRet = ODR_OK;
 551:CANopen/301/CO_SDOserver.c ****                 SDO->OD_IO.stream.dataLength = SDO->sizeTran + countRd;
 552:CANopen/301/CO_SDOserver.c ****             }
 553:CANopen/301/CO_SDOserver.c ****         }
 554:CANopen/301/CO_SDOserver.c **** 
 555:CANopen/301/CO_SDOserver.c ****         /* partial or finished read */
 556:CANopen/301/CO_SDOserver.c ****         SDO->bufOffsetWr = countRemain + countRd;
 557:CANopen/301/CO_SDOserver.c ****         if ((SDO->bufOffsetWr == 0U) || (odRet == ODR_PARTIAL)) {
 558:CANopen/301/CO_SDOserver.c ****             SDO->finished = false;
 559:CANopen/301/CO_SDOserver.c ****             if (SDO->bufOffsetWr < countMinimum) {
 560:CANopen/301/CO_SDOserver.c ****                 *abortCode = CO_SDO_AB_DEVICE_INCOMPAT;
 561:CANopen/301/CO_SDOserver.c ****                 SDO->state = CO_SDO_ST_ABORT;
 562:CANopen/301/CO_SDOserver.c ****                 return false;
 563:CANopen/301/CO_SDOserver.c ****             }
 564:CANopen/301/CO_SDOserver.c ****         } else {
 565:CANopen/301/CO_SDOserver.c ****             SDO->finished = true;
 566:CANopen/301/CO_SDOserver.c ****         }
 567:CANopen/301/CO_SDOserver.c **** 
 568:CANopen/301/CO_SDOserver.c **** #ifdef CO_BIG_ENDIAN
 569:CANopen/301/CO_SDOserver.c ****         /* swap data if necessary */
 570:CANopen/301/CO_SDOserver.c ****         if ((SDO->OD_IO.stream.attribute & ODA_MB) != 0) {
 571:CANopen/301/CO_SDOserver.c ****             if (SDO->finished) {
 572:CANopen/301/CO_SDOserver.c ****                 /* int16_t .. uint64_t */
 573:CANopen/301/CO_SDOserver.c ****                 reverseBytes(&SDO->buf[countRemain], countRd);
 574:CANopen/301/CO_SDOserver.c ****             } else {
 575:CANopen/301/CO_SDOserver.c ****                 *abortCode = CO_SDO_AB_PRAM_INCOMPAT;
 576:CANopen/301/CO_SDOserver.c ****                 SDO->state = CO_SDO_ST_ABORT;
 577:CANopen/301/CO_SDOserver.c ****                 return false;
 578:CANopen/301/CO_SDOserver.c ****             }
 579:CANopen/301/CO_SDOserver.c ****         }
 580:CANopen/301/CO_SDOserver.c **** #endif
 581:CANopen/301/CO_SDOserver.c **** 
 582:CANopen/301/CO_SDOserver.c **** #if ((CO_CONFIG_SDO_SRV)&CO_CONFIG_SDO_SRV_BLOCK) != 0
 583:CANopen/301/CO_SDOserver.c ****         /* update the crc */
 584:CANopen/301/CO_SDOserver.c ****         if (calculateCrc && SDO->block_crcEnabled) {
ARM GAS  C:\Users\Lenovo\AppData\Local\Temp\ccOvLNZW.s 			page 43


 585:CANopen/301/CO_SDOserver.c ****             SDO->block_crc = crc16_ccitt(&SDO->buf[countRemain], countRd, SDO->block_crc);
 586:CANopen/301/CO_SDOserver.c ****         }
 587:CANopen/301/CO_SDOserver.c **** #endif
 588:CANopen/301/CO_SDOserver.c ****     }
 589:CANopen/301/CO_SDOserver.c ****     return true;
 1080              		.loc 1 589 12 view .LVU335
 1081 0022 0125     		movs	r5, #1
 1082 0024 59E0     		b	.L83
 1083              	.L96:
 1084              	.LBB40:
 518:CANopen/301/CO_SDOserver.c ****         SDO->bufOffsetRd = 0;
 1085              		.loc 1 518 9 is_stmt 1 view .LVU336
 518:CANopen/301/CO_SDOserver.c ****         SDO->bufOffsetRd = 0;
 1086              		.loc 1 518 26 is_stmt 0 view .LVU337
 1087 0026 8030     		adds	r0, r0, #128
 1088              	.LVL121:
 518:CANopen/301/CO_SDOserver.c ****         SDO->bufOffsetRd = 0;
 1089              		.loc 1 518 15 view .LVU338
 1090 0028 4246     		mov	r2, r8
 1091              	.LVL122:
 518:CANopen/301/CO_SDOserver.c ****         SDO->bufOffsetRd = 0;
 1092              		.loc 1 518 15 view .LVU339
 1093 002a 00EB0901 		add	r1, r0, r9
 1094              	.LVL123:
 518:CANopen/301/CO_SDOserver.c ****         SDO->bufOffsetRd = 0;
 1095              		.loc 1 518 15 view .LVU340
 1096 002e FFF7FEFF 		bl	memmove
 1097              	.LVL124:
 519:CANopen/301/CO_SDOserver.c ****         SDO->bufOffsetWr = countRemain;
 1098              		.loc 1 519 9 is_stmt 1 view .LVU341
 519:CANopen/301/CO_SDOserver.c ****         SDO->bufOffsetWr = countRemain;
 1099              		.loc 1 519 26 is_stmt 0 view .LVU342
 1100 0032 0023     		movs	r3, #0
 1101 0034 C4F8A830 		str	r3, [r4, #168]
 520:CANopen/301/CO_SDOserver.c **** 
 1102              		.loc 1 520 9 is_stmt 1 view .LVU343
 520:CANopen/301/CO_SDOserver.c **** 
 1103              		.loc 1 520 26 is_stmt 0 view .LVU344
 1104 0038 C4F8A480 		str	r8, [r4, #164]
 523:CANopen/301/CO_SDOserver.c **** 
 1105              		.loc 1 523 9 is_stmt 1 view .LVU345
 523:CANopen/301/CO_SDOserver.c **** 
 1106              		.loc 1 523 19 is_stmt 0 view .LVU346
 1107 003c A9EB0702 		sub	r2, r9, r7
 1108              	.LVL125:
 526:CANopen/301/CO_SDOserver.c ****         ODR_t odRet;
 1109              		.loc 1 526 9 is_stmt 1 view .LVU347
 526:CANopen/301/CO_SDOserver.c ****         ODR_t odRet;
 1110              		.loc 1 526 19 is_stmt 0 view .LVU348
 1111 0040 0393     		str	r3, [sp, #12]
 527:CANopen/301/CO_SDOserver.c **** 
 1112              		.loc 1 527 9 is_stmt 1 view .LVU349
 529:CANopen/301/CO_SDOserver.c ****         odRet = SDO->OD_IO.read(&SDO->OD_IO.stream, &SDO->buf[countRemain], countRdRequest, &countR
 1113              		.loc 1 529 34 view .LVU350
 530:CANopen/301/CO_SDOserver.c ****         CO_UNLOCK_OD(SDO->CANdevTx);
 1114              		.loc 1 530 9 view .LVU351
 530:CANopen/301/CO_SDOserver.c ****         CO_UNLOCK_OD(SDO->CANdevTx);
ARM GAS  C:\Users\Lenovo\AppData\Local\Temp\ccOvLNZW.s 			page 44


 1115              		.loc 1 530 53 is_stmt 0 view .LVU352
 1116 0042 08F18009 		add	r9, r8, #128
 1117 0046 A144     		add	r9, r9, r4
 530:CANopen/301/CO_SDOserver.c ****         CO_UNLOCK_OD(SDO->CANdevTx);
 1118              		.loc 1 530 17 view .LVU353
 1119 0048 03AB     		add	r3, sp, #12
 1120 004a 2032     		adds	r2, r2, #32
 1121              	.LVL126:
 530:CANopen/301/CO_SDOserver.c ****         CO_UNLOCK_OD(SDO->CANdevTx);
 1122              		.loc 1 530 17 view .LVU354
 1123 004c 4946     		mov	r1, r9
 1124 004e 04F11800 		add	r0, r4, #24
 1125 0052 276B     		ldr	r7, [r4, #48]
 1126 0054 B847     		blx	r7
 1127              	.LVL127:
 530:CANopen/301/CO_SDOserver.c ****         CO_UNLOCK_OD(SDO->CANdevTx);
 1128              		.loc 1 530 17 view .LVU355
 1129 0056 8246     		mov	r10, r0
 1130              	.LVL128:
 531:CANopen/301/CO_SDOserver.c **** 
 1131              		.loc 1 531 36 is_stmt 1 view .LVU356
 533:CANopen/301/CO_SDOserver.c ****             *abortCode = (CO_SDO_abortCode_t)OD_getSDOabCode(odRet);
 1132              		.loc 1 533 9 view .LVU357
 533:CANopen/301/CO_SDOserver.c ****             *abortCode = (CO_SDO_abortCode_t)OD_getSDOabCode(odRet);
 1133              		.loc 1 533 31 is_stmt 0 view .LVU358
 1134 0058 431C     		adds	r3, r0, #1
 1135 005a DBB2     		uxtb	r3, r3
 533:CANopen/301/CO_SDOserver.c ****             *abortCode = (CO_SDO_abortCode_t)OD_getSDOabCode(odRet);
 1136              		.loc 1 533 12 view .LVU359
 1137 005c 012B     		cmp	r3, #1
 1138 005e 15D8     		bhi	.L97
 540:CANopen/301/CO_SDOserver.c ****         if ((countRd > 0U) && ((SDO->OD_IO.stream.attribute & (OD_attr_t)ODA_STR) != 0U)) {
 1139              		.loc 1 540 9 is_stmt 1 view .LVU360
 540:CANopen/301/CO_SDOserver.c ****         if ((countRd > 0U) && ((SDO->OD_IO.stream.attribute & (OD_attr_t)ODA_STR) != 0U)) {
 1140              		.loc 1 540 36 is_stmt 0 view .LVU361
 1141 0060 DDF80CB0 		ldr	fp, [sp, #12]
 540:CANopen/301/CO_SDOserver.c ****         if ((countRd > 0U) && ((SDO->OD_IO.stream.attribute & (OD_attr_t)ODA_STR) != 0U)) {
 1142              		.loc 1 540 19 view .LVU362
 1143 0064 0BEB0803 		add	r3, fp, r8
 1144              	.LVL129:
 541:CANopen/301/CO_SDOserver.c ****             SDO->buf[lastRd] = 0; /* (SDO->buf is one byte larger) */
 1145              		.loc 1 541 9 is_stmt 1 view .LVU363
 541:CANopen/301/CO_SDOserver.c ****             SDO->buf[lastRd] = 0; /* (SDO->buf is one byte larger) */
 1146              		.loc 1 541 12 is_stmt 0 view .LVU364
 1147 0068 BBF1000F 		cmp	fp, #0
 1148 006c 03D0     		beq	.L87
 541:CANopen/301/CO_SDOserver.c ****             SDO->buf[lastRd] = 0; /* (SDO->buf is one byte larger) */
 1149              		.loc 1 541 83 discriminator 1 view .LVU365
 1150 006e 94F92820 		ldrsb	r2, [r4, #40]
 541:CANopen/301/CO_SDOserver.c ****             SDO->buf[lastRd] = 0; /* (SDO->buf is one byte larger) */
 1151              		.loc 1 541 28 discriminator 1 view .LVU366
 1152 0072 002A     		cmp	r2, #0
 1153 0074 11DB     		blt	.L98
 1154              	.LVL130:
 1155              	.L87:
 556:CANopen/301/CO_SDOserver.c ****         if ((SDO->bufOffsetWr == 0U) || (odRet == ODR_PARTIAL)) {
 1156              		.loc 1 556 9 is_stmt 1 view .LVU367
ARM GAS  C:\Users\Lenovo\AppData\Local\Temp\ccOvLNZW.s 			page 45


 556:CANopen/301/CO_SDOserver.c ****         if ((SDO->bufOffsetWr == 0U) || (odRet == ODR_PARTIAL)) {
 1157              		.loc 1 556 40 is_stmt 0 view .LVU368
 1158 0076 039B     		ldr	r3, [sp, #12]
 1159 0078 4344     		add	r3, r3, r8
 556:CANopen/301/CO_SDOserver.c ****         if ((SDO->bufOffsetWr == 0U) || (odRet == ODR_PARTIAL)) {
 1160              		.loc 1 556 26 view .LVU369
 1161 007a C4F8A430 		str	r3, [r4, #164]
 557:CANopen/301/CO_SDOserver.c ****             SDO->finished = false;
 1162              		.loc 1 557 9 is_stmt 1 view .LVU370
 557:CANopen/301/CO_SDOserver.c ****             SDO->finished = false;
 1163              		.loc 1 557 12 is_stmt 0 view .LVU371
 1164 007e FBB1     		cbz	r3, .L89
 557:CANopen/301/CO_SDOserver.c ****             SDO->finished = false;
 1165              		.loc 1 557 38 discriminator 1 view .LVU372
 1166 0080 BAF1FF3F 		cmp	r10, #-1
 1167 0084 1CD0     		beq	.L89
 565:CANopen/301/CO_SDOserver.c ****         }
 1168              		.loc 1 565 13 is_stmt 1 view .LVU373
 565:CANopen/301/CO_SDOserver.c ****         }
 1169              		.loc 1 565 27 is_stmt 0 view .LVU374
 1170 0086 0123     		movs	r3, #1
 1171 0088 6367     		str	r3, [r4, #116]
 1172 008a 1DE0     		b	.L91
 1173              	.LVL131:
 1174              	.L97:
 534:CANopen/301/CO_SDOserver.c ****             SDO->state = CO_SDO_ST_ABORT;
 1175              		.loc 1 534 13 is_stmt 1 view .LVU375
 534:CANopen/301/CO_SDOserver.c ****             SDO->state = CO_SDO_ST_ABORT;
 1176              		.loc 1 534 46 is_stmt 0 view .LVU376
 1177 008c FFF7FEFF 		bl	OD_getSDOabCode
 1178              	.LVL132:
 534:CANopen/301/CO_SDOserver.c ****             SDO->state = CO_SDO_ST_ABORT;
 1179              		.loc 1 534 24 discriminator 1 view .LVU377
 1180 0090 019B     		ldr	r3, [sp, #4]
 1181 0092 1860     		str	r0, [r3]
 535:CANopen/301/CO_SDOserver.c ****             return false;
 1182              		.loc 1 535 13 is_stmt 1 view .LVU378
 535:CANopen/301/CO_SDOserver.c ****             return false;
 1183              		.loc 1 535 24 is_stmt 0 view .LVU379
 1184 0094 0123     		movs	r3, #1
 1185 0096 2375     		strb	r3, [r4, #20]
 536:CANopen/301/CO_SDOserver.c ****         }
 1186              		.loc 1 536 13 is_stmt 1 view .LVU380
 536:CANopen/301/CO_SDOserver.c ****         }
 1187              		.loc 1 536 20 is_stmt 0 view .LVU381
 1188 0098 1FE0     		b	.L83
 1189              	.LVL133:
 1190              	.L98:
 1191              	.LBB41:
 542:CANopen/301/CO_SDOserver.c ****             OD_size_t countStr = (OD_size_t)strlen((char*)&SDO->buf[countRemain]);
 1192              		.loc 1 542 13 is_stmt 1 view .LVU382
 542:CANopen/301/CO_SDOserver.c ****             OD_size_t countStr = (OD_size_t)strlen((char*)&SDO->buf[countRemain]);
 1193              		.loc 1 542 30 is_stmt 0 view .LVU383
 1194 009a 2344     		add	r3, r3, r4
 1195              	.LVL134:
 542:CANopen/301/CO_SDOserver.c ****             OD_size_t countStr = (OD_size_t)strlen((char*)&SDO->buf[countRemain]);
 1196              		.loc 1 542 30 view .LVU384
ARM GAS  C:\Users\Lenovo\AppData\Local\Temp\ccOvLNZW.s 			page 46


 1197 009c 0022     		movs	r2, #0
 1198 009e 83F88020 		strb	r2, [r3, #128]
 543:CANopen/301/CO_SDOserver.c ****             if (countStr == 0U) {
 1199              		.loc 1 543 13 is_stmt 1 view .LVU385
 543:CANopen/301/CO_SDOserver.c ****             if (countStr == 0U) {
 1200              		.loc 1 543 45 is_stmt 0 view .LVU386
 1201 00a2 4846     		mov	r0, r9
 1202              	.LVL135:
 543:CANopen/301/CO_SDOserver.c ****             if (countStr == 0U) {
 1203              		.loc 1 543 45 view .LVU387
 1204 00a4 FFF7FEFF 		bl	strlen
 1205              	.LVL136:
 544:CANopen/301/CO_SDOserver.c ****                 countStr = 1;
 1206              		.loc 1 544 13 is_stmt 1 view .LVU388
 544:CANopen/301/CO_SDOserver.c ****                 countStr = 1;
 1207              		.loc 1 544 16 is_stmt 0 view .LVU389
 1208 00a8 0346     		mov	r3, r0
 1209 00aa 00B9     		cbnz	r0, .L88
 545:CANopen/301/CO_SDOserver.c ****             } /* zero length is not allowed */
 1210              		.loc 1 545 26 view .LVU390
 1211 00ac 0123     		movs	r3, #1
 1212              	.L88:
 1213              	.LVL137:
 547:CANopen/301/CO_SDOserver.c ****                 /* string terminator found, read is finished, shorten data */
 1214              		.loc 1 547 13 is_stmt 1 view .LVU391
 547:CANopen/301/CO_SDOserver.c ****                 /* string terminator found, read is finished, shorten data */
 1215              		.loc 1 547 16 is_stmt 0 view .LVU392
 1216 00ae 9B45     		cmp	fp, r3
 1217 00b0 E1D9     		bls	.L87
 549:CANopen/301/CO_SDOserver.c ****                 odRet = ODR_OK;
 1218              		.loc 1 549 17 is_stmt 1 view .LVU393
 549:CANopen/301/CO_SDOserver.c ****                 odRet = ODR_OK;
 1219              		.loc 1 549 25 is_stmt 0 view .LVU394
 1220 00b2 0393     		str	r3, [sp, #12]
 550:CANopen/301/CO_SDOserver.c ****                 SDO->OD_IO.stream.dataLength = SDO->sizeTran + countRd;
 1221              		.loc 1 550 17 is_stmt 1 view .LVU395
 1222              	.LVL138:
 551:CANopen/301/CO_SDOserver.c ****             }
 1223              		.loc 1 551 17 view .LVU396
 551:CANopen/301/CO_SDOserver.c ****             }
 1224              		.loc 1 551 51 is_stmt 0 view .LVU397
 1225 00b4 E26E     		ldr	r2, [r4, #108]
 551:CANopen/301/CO_SDOserver.c ****             }
 1226              		.loc 1 551 62 view .LVU398
 1227 00b6 1A44     		add	r2, r2, r3
 551:CANopen/301/CO_SDOserver.c ****             }
 1228              		.loc 1 551 46 view .LVU399
 1229 00b8 2262     		str	r2, [r4, #32]
 550:CANopen/301/CO_SDOserver.c ****                 SDO->OD_IO.stream.dataLength = SDO->sizeTran + countRd;
 1230              		.loc 1 550 23 view .LVU400
 1231 00ba 4FF0000A 		mov	r10, #0
 1232 00be DAE7     		b	.L87
 1233              	.LVL139:
 1234              	.L89:
 550:CANopen/301/CO_SDOserver.c ****                 SDO->OD_IO.stream.dataLength = SDO->sizeTran + countRd;
 1235              		.loc 1 550 23 view .LVU401
 1236              	.LBE41:
ARM GAS  C:\Users\Lenovo\AppData\Local\Temp\ccOvLNZW.s 			page 47


 558:CANopen/301/CO_SDOserver.c ****             if (SDO->bufOffsetWr < countMinimum) {
 1237              		.loc 1 558 13 is_stmt 1 view .LVU402
 558:CANopen/301/CO_SDOserver.c ****             if (SDO->bufOffsetWr < countMinimum) {
 1238              		.loc 1 558 27 is_stmt 0 view .LVU403
 1239 00c0 0022     		movs	r2, #0
 1240 00c2 6267     		str	r2, [r4, #116]
 559:CANopen/301/CO_SDOserver.c ****                 *abortCode = CO_SDO_AB_DEVICE_INCOMPAT;
 1241              		.loc 1 559 13 is_stmt 1 view .LVU404
 559:CANopen/301/CO_SDOserver.c ****                 *abortCode = CO_SDO_AB_DEVICE_INCOMPAT;
 1242              		.loc 1 559 16 is_stmt 0 view .LVU405
 1243 00c4 B342     		cmp	r3, r6
 1244 00c6 01D3     		bcc	.L99
 1245              	.L91:
 559:CANopen/301/CO_SDOserver.c ****                 *abortCode = CO_SDO_AB_DEVICE_INCOMPAT;
 1246              		.loc 1 559 16 view .LVU406
 1247              	.LBE40:
 1248              		.loc 1 589 12 view .LVU407
 1249 00c8 0125     		movs	r5, #1
 1250              	.LBB42:
 1251 00ca 06E0     		b	.L83
 1252              	.L99:
 560:CANopen/301/CO_SDOserver.c ****                 SDO->state = CO_SDO_ST_ABORT;
 1253              		.loc 1 560 17 is_stmt 1 view .LVU408
 560:CANopen/301/CO_SDOserver.c ****                 SDO->state = CO_SDO_ST_ABORT;
 1254              		.loc 1 560 28 is_stmt 0 view .LVU409
 1255 00cc 054B     		ldr	r3, .L100
 1256 00ce 019A     		ldr	r2, [sp, #4]
 1257 00d0 1360     		str	r3, [r2]
 561:CANopen/301/CO_SDOserver.c ****                 return false;
 1258              		.loc 1 561 17 is_stmt 1 view .LVU410
 561:CANopen/301/CO_SDOserver.c ****                 return false;
 1259              		.loc 1 561 28 is_stmt 0 view .LVU411
 1260 00d2 0123     		movs	r3, #1
 1261 00d4 2375     		strb	r3, [r4, #20]
 562:CANopen/301/CO_SDOserver.c ****             }
 1262              		.loc 1 562 17 is_stmt 1 view .LVU412
 562:CANopen/301/CO_SDOserver.c ****             }
 1263              		.loc 1 562 24 is_stmt 0 view .LVU413
 1264 00d6 00E0     		b	.L83
 1265              	.LVL140:
 1266              	.L92:
 562:CANopen/301/CO_SDOserver.c ****             }
 1267              		.loc 1 562 24 view .LVU414
 1268              	.LBE42:
 1269              		.loc 1 589 12 view .LVU415
 1270 00d8 0125     		movs	r5, #1
 1271              	.LVL141:
 1272              	.L83:
 590:CANopen/301/CO_SDOserver.c **** }
 1273              		.loc 1 590 1 view .LVU416
 1274 00da 2846     		mov	r0, r5
 1275 00dc 05B0     		add	sp, sp, #20
 1276              	.LCFI14:
 1277              		.cfi_def_cfa_offset 36
 1278              		@ sp needed
 1279 00de BDE8F08F 		pop	{r4, r5, r6, r7, r8, r9, r10, fp, pc}
 1280              	.LVL142:
ARM GAS  C:\Users\Lenovo\AppData\Local\Temp\ccOvLNZW.s 			page 48


 1281              	.L101:
 1282              		.loc 1 590 1 view .LVU417
 1283 00e2 00BF     		.align	2
 1284              	.L100:
 1285 00e4 47000406 		.word	100925511
 1286              		.cfi_endproc
 1287              	.LFE37:
 1289              		.section	.text.CO_SDOserver_init,"ax",%progbits
 1290              		.align	1
 1291              		.global	CO_SDOserver_init
 1292              		.syntax unified
 1293              		.thumb
 1294              		.thumb_func
 1296              	CO_SDOserver_init:
 1297              	.LVL143:
 1298              	.LFB35:
 256:CANopen/301/CO_SDOserver.c ****     /* verify arguments */
 1299              		.loc 1 256 60 is_stmt 1 view -0
 1300              		.cfi_startproc
 1301              		@ args = 24, pretend = 0, frame = 24
 1302              		@ frame_needed = 0, uses_anonymous_args = 0
 256:CANopen/301/CO_SDOserver.c ****     /* verify arguments */
 1303              		.loc 1 256 60 is_stmt 0 view .LVU419
 1304 0000 2DE9F04F 		push	{r4, r5, r6, r7, r8, r9, r10, fp, lr}
 1305              	.LCFI15:
 1306              		.cfi_def_cfa_offset 36
 1307              		.cfi_offset 4, -36
 1308              		.cfi_offset 5, -32
 1309              		.cfi_offset 6, -28
 1310              		.cfi_offset 7, -24
 1311              		.cfi_offset 8, -20
 1312              		.cfi_offset 9, -16
 1313              		.cfi_offset 10, -12
 1314              		.cfi_offset 11, -8
 1315              		.cfi_offset 14, -4
 1316 0004 89B0     		sub	sp, sp, #36
 1317              	.LCFI16:
 1318              		.cfi_def_cfa_offset 72
 1319 0006 139F     		ldr	r7, [sp, #76]
 1320 0008 BDF85090 		ldrh	r9, [sp, #80]
 1321 000c BDF858A0 		ldrh	r10, [sp, #88]
 258:CANopen/301/CO_SDOserver.c ****         return CO_ERROR_ILLEGAL_ARGUMENT;
 1322              		.loc 1 258 5 is_stmt 1 view .LVU420
 258:CANopen/301/CO_SDOserver.c ****         return CO_ERROR_ILLEGAL_ARGUMENT;
 1323              		.loc 1 258 8 is_stmt 0 view .LVU421
 1324 0010 0028     		cmp	r0, #0
 1325 0012 00F0AA80 		beq	.L112
 1326 0016 1646     		mov	r6, r2
 1327 0018 0446     		mov	r4, r0
 258:CANopen/301/CO_SDOserver.c ****         return CO_ERROR_ILLEGAL_ARGUMENT;
 1328              		.loc 1 258 23 discriminator 1 view .LVU422
 1329 001a 0029     		cmp	r1, #0
 1330 001c 00F0A880 		beq	.L113
 258:CANopen/301/CO_SDOserver.c ****         return CO_ERROR_ILLEGAL_ARGUMENT;
 1331              		.loc 1 258 39 discriminator 2 view .LVU423
 1332 0020 002F     		cmp	r7, #0
 1333 0022 00F0A880 		beq	.L114
ARM GAS  C:\Users\Lenovo\AppData\Local\Temp\ccOvLNZW.s 			page 49


 258:CANopen/301/CO_SDOserver.c ****         return CO_ERROR_ILLEGAL_ARGUMENT;
 1334              		.loc 1 258 61 discriminator 3 view .LVU424
 1335 0026 159A     		ldr	r2, [sp, #84]
 1336              	.LVL144:
 258:CANopen/301/CO_SDOserver.c ****         return CO_ERROR_ILLEGAL_ARGUMENT;
 1337              		.loc 1 258 61 discriminator 3 view .LVU425
 1338 0028 002A     		cmp	r2, #0
 1339 002a 00F0A780 		beq	.L115
 263:CANopen/301/CO_SDOserver.c ****     SDO->nodeId = nodeId;
 1340              		.loc 1 263 5 is_stmt 1 view .LVU426
 263:CANopen/301/CO_SDOserver.c ****     SDO->nodeId = nodeId;
 1341              		.loc 1 263 13 is_stmt 0 view .LVU427
 1342 002e 8160     		str	r1, [r0, #8]
 264:CANopen/301/CO_SDOserver.c **** #if (((CO_CONFIG_SDO_SRV)&CO_CONFIG_SDO_SRV_SEGMENTED)) != 0
 1343              		.loc 1 264 5 is_stmt 1 view .LVU428
 264:CANopen/301/CO_SDOserver.c **** #if (((CO_CONFIG_SDO_SRV)&CO_CONFIG_SDO_SRV_SEGMENTED)) != 0
 1344              		.loc 1 264 17 is_stmt 0 view .LVU429
 1345 0030 0373     		strb	r3, [r0, #12]
 266:CANopen/301/CO_SDOserver.c **** #endif
 1346              		.loc 1 266 5 is_stmt 1 view .LVU430
 266:CANopen/301/CO_SDOserver.c **** #endif
 1347              		.loc 1 266 58 is_stmt 0 view .LVU431
 1348 0032 BDF84820 		ldrh	r2, [sp, #72]
 1349 0036 4FF47A71 		mov	r1, #1000
 1350              	.LVL145:
 266:CANopen/301/CO_SDOserver.c **** #endif
 1351              		.loc 1 266 58 view .LVU432
 1352 003a 01FB02F2 		mul	r2, r1, r2
 266:CANopen/301/CO_SDOserver.c **** #endif
 1353              		.loc 1 266 28 view .LVU433
 1354 003e 8267     		str	r2, [r0, #120]
 271:CANopen/301/CO_SDOserver.c **** 
 1355              		.loc 1 271 5 is_stmt 1 view .LVU434
 271:CANopen/301/CO_SDOserver.c **** 
 1356              		.loc 1 271 16 is_stmt 0 view .LVU435
 1357 0040 0022     		movs	r2, #0
 1358 0042 0275     		strb	r2, [r0, #20]
 279:CANopen/301/CO_SDOserver.c **** 
 1359              		.loc 1 279 5 is_stmt 1 view .LVU436
 281:CANopen/301/CO_SDOserver.c ****         /* configure default SDO channel */
 1360              		.loc 1 281 5 view .LVU437
 281:CANopen/301/CO_SDOserver.c ****         /* configure default SDO channel */
 1361              		.loc 1 281 8 is_stmt 0 view .LVU438
 1362 0044 002E     		cmp	r6, #0
 1363 0046 5BD0     		beq	.L122
 1364              	.LBB43:
 291:CANopen/301/CO_SDOserver.c **** 
 1365              		.loc 1 291 9 is_stmt 1 view .LVU439
 1366              	.LVL146:
 1367              	.LBB44:
 1368              	.LBI44:
 1369              		.file 3 "CANopen/301/CO_ODinterface.h"
   1:CANopen/301/CO_ODinterface.h **** /**
   2:CANopen/301/CO_ODinterface.h ****  * CANopen Object Dictionary interface
   3:CANopen/301/CO_ODinterface.h ****  *
   4:CANopen/301/CO_ODinterface.h ****  * @file        CO_ODinterface.h
   5:CANopen/301/CO_ODinterface.h ****  * @ingroup     CO_ODinterface
ARM GAS  C:\Users\Lenovo\AppData\Local\Temp\ccOvLNZW.s 			page 50


   6:CANopen/301/CO_ODinterface.h ****  * @author      Janez Paternoster
   7:CANopen/301/CO_ODinterface.h ****  * @copyright   2020 Janez Paternoster
   8:CANopen/301/CO_ODinterface.h ****  *
   9:CANopen/301/CO_ODinterface.h ****  * This file is part of <https://github.com/CANopenNode/CANopenNode>, a CANopen Stack.
  10:CANopen/301/CO_ODinterface.h ****  *
  11:CANopen/301/CO_ODinterface.h ****  * Licensed under the Apache License, Version 2.0 (the "License"); you may not use this
  12:CANopen/301/CO_ODinterface.h ****  * file except in compliance with the License. You may obtain a copy of the License at
  13:CANopen/301/CO_ODinterface.h ****  *
  14:CANopen/301/CO_ODinterface.h ****  *     http://www.apache.org/licenses/LICENSE-2.0
  15:CANopen/301/CO_ODinterface.h ****  *
  16:CANopen/301/CO_ODinterface.h ****  * Unless required by applicable law or agreed to in writing, software distributed under the Licens
  17:CANopen/301/CO_ODinterface.h ****  * distributed on an "AS IS" BASIS, WITHOUT WARRANTIES OR CONDITIONS OF ANY KIND, either express or
  18:CANopen/301/CO_ODinterface.h ****  * See the License for the specific language governing permissions and limitations under the Licens
  19:CANopen/301/CO_ODinterface.h ****  */
  20:CANopen/301/CO_ODinterface.h **** 
  21:CANopen/301/CO_ODinterface.h **** #ifndef CO_OD_INTERFACE_H
  22:CANopen/301/CO_ODinterface.h **** #define CO_OD_INTERFACE_H
  23:CANopen/301/CO_ODinterface.h **** 
  24:CANopen/301/CO_ODinterface.h **** #include "301/CO_driver.h"
  25:CANopen/301/CO_ODinterface.h **** 
  26:CANopen/301/CO_ODinterface.h **** #ifdef __cplusplus
  27:CANopen/301/CO_ODinterface.h **** extern "C" {
  28:CANopen/301/CO_ODinterface.h **** #endif
  29:CANopen/301/CO_ODinterface.h **** 
  30:CANopen/301/CO_ODinterface.h **** /**
  31:CANopen/301/CO_ODinterface.h ****  * @defgroup CO_ODinterface OD interface
  32:CANopen/301/CO_ODinterface.h ****  * CANopen Object Dictionary interface.
  33:CANopen/301/CO_ODinterface.h ****  *
  34:CANopen/301/CO_ODinterface.h ****  * @ingroup CO_CANopen_301
  35:CANopen/301/CO_ODinterface.h ****  * @{
  36:CANopen/301/CO_ODinterface.h ****  * See @ref md_doc_2objectDictionary
  37:CANopen/301/CO_ODinterface.h ****  */
  38:CANopen/301/CO_ODinterface.h **** 
  39:CANopen/301/CO_ODinterface.h **** #ifndef CO_OD_OWN_TYPES
  40:CANopen/301/CO_ODinterface.h **** typedef uint32_t OD_size_t; /**< Variable of type OD_size_t contains data length in bytes of OD var
  41:CANopen/301/CO_ODinterface.h **** typedef uint8_t OD_attr_t;  /**< Type (and size) of Object Dictionary attribute */
  42:CANopen/301/CO_ODinterface.h **** #endif
  43:CANopen/301/CO_ODinterface.h **** 
  44:CANopen/301/CO_ODinterface.h **** #ifndef OD_FLAGS_PDO_SIZE
  45:CANopen/301/CO_ODinterface.h **** #define OD_FLAGS_PDO_SIZE 4U /**< Size of of flagsPDO variable inside @ref OD_extension_t, from 0 t
  46:CANopen/301/CO_ODinterface.h **** #endif
  47:CANopen/301/CO_ODinterface.h **** 
  48:CANopen/301/CO_ODinterface.h **** #ifndef CO_PROGMEM
  49:CANopen/301/CO_ODinterface.h **** /** Modifier for OD objects. This is large amount of data and is specified in Object Dictionary (OD
  50:CANopen/301/CO_ODinterface.h **** #define CO_PROGMEM const
  51:CANopen/301/CO_ODinterface.h **** #endif
  52:CANopen/301/CO_ODinterface.h **** 
  53:CANopen/301/CO_ODinterface.h **** /**
  54:CANopen/301/CO_ODinterface.h ****  * Common DS301 object dictionary entries.
  55:CANopen/301/CO_ODinterface.h ****  */
  56:CANopen/301/CO_ODinterface.h **** typedef enum {
  57:CANopen/301/CO_ODinterface.h ****     OD_H1000_DEV_TYPE = 0x1000U,           /**< Device type */
  58:CANopen/301/CO_ODinterface.h ****     OD_H1001_ERR_REG = 0x1001U,            /**< Error register */
  59:CANopen/301/CO_ODinterface.h ****     OD_H1002_MANUF_STATUS_REG = 0x1002U,   /**< Manufacturer status register */
  60:CANopen/301/CO_ODinterface.h ****     OD_H1003_PREDEF_ERR_FIELD = 0x1003U,   /**< Predefined error field */
  61:CANopen/301/CO_ODinterface.h ****     OD_H1004_RSV = 0x1004U,                /**< Reserved */
  62:CANopen/301/CO_ODinterface.h ****     OD_H1005_COBID_SYNC = 0x1005U,         /**< Sync message cob-id */
ARM GAS  C:\Users\Lenovo\AppData\Local\Temp\ccOvLNZW.s 			page 51


  63:CANopen/301/CO_ODinterface.h ****     OD_H1006_COMM_CYCL_PERIOD = 0x1006U,   /**< Communication cycle period */
  64:CANopen/301/CO_ODinterface.h ****     OD_H1007_SYNC_WINDOW_LEN = 0x1007U,    /**< Sync windows length */
  65:CANopen/301/CO_ODinterface.h ****     OD_H1008_MANUF_DEV_NAME = 0x1008U,     /**< Manufacturer device name */
  66:CANopen/301/CO_ODinterface.h ****     OD_H1009_MANUF_HW_VERSION = 0x1009U,   /**< Manufacturer hardware version */
  67:CANopen/301/CO_ODinterface.h ****     OD_H100A_MANUF_SW_VERSION = 0x100AU,   /**< Manufacturer software version */
  68:CANopen/301/CO_ODinterface.h ****     OD_H100B_RSV = 0x100BU,                /**< Reserved */
  69:CANopen/301/CO_ODinterface.h ****     OD_H100C_GUARD_TIME = 0x100CU,         /**< Guard time */
  70:CANopen/301/CO_ODinterface.h ****     OD_H100D_LIFETIME_FACTOR = 0x100DU,    /**< Life time factor */
  71:CANopen/301/CO_ODinterface.h ****     OD_H100E_RSV = 0x100EU,                /**< Reserved */
  72:CANopen/301/CO_ODinterface.h ****     OD_H100F_RSV = 0x100FU,                /**< Reserved */
  73:CANopen/301/CO_ODinterface.h ****     OD_H1010_STORE_PARAMETERS = 0x1010U,   /**< Store params in persistent mem. */
  74:CANopen/301/CO_ODinterface.h ****     OD_H1011_RESTORE_DEFAULT = 0x1011U,    /**< Restore default parameters */
  75:CANopen/301/CO_ODinterface.h ****     OD_H1012_COBID_TIME = 0x1012U,         /**< Timestamp message cob-id */
  76:CANopen/301/CO_ODinterface.h ****     OD_H1013_HIGH_RES_TIMESTAMP = 0x1013U, /**< High resolution timestamp */
  77:CANopen/301/CO_ODinterface.h ****     OD_H1014_COBID_EMERGENCY = 0x1014U,    /**< Emergency message cob-id */
  78:CANopen/301/CO_ODinterface.h ****     OD_H1015_INHIBIT_TIME_EMCY = 0x1015U,  /**< Inhibit time emergency message */
  79:CANopen/301/CO_ODinterface.h ****     OD_H1016_CONSUMER_HB_TIME = 0x1016U,   /**< Consumer heartbeat time */
  80:CANopen/301/CO_ODinterface.h ****     OD_H1017_PRODUCER_HB_TIME = 0x1017U,   /**< Producer heartbeat time */
  81:CANopen/301/CO_ODinterface.h ****     OD_H1018_IDENTITY_OBJECT = 0x1018U,    /**< Identity object */
  82:CANopen/301/CO_ODinterface.h ****     OD_H1019_SYNC_CNT_OVERFLOW = 0x1019U,  /**< Sync counter overflow value */
  83:CANopen/301/CO_ODinterface.h ****     OD_H1020_VERIFY_CONFIG = 0x1020U,      /**< Verify configuration */
  84:CANopen/301/CO_ODinterface.h ****     OD_H1021_STORE_EDS = 0x1021U,          /**< Store EDS */
  85:CANopen/301/CO_ODinterface.h ****     OD_H1022_STORE_FORMAT = 0x1022U,       /**< Store format */
  86:CANopen/301/CO_ODinterface.h ****     OD_H1023_OS_CMD = 0x1023U,             /**< OS command */
  87:CANopen/301/CO_ODinterface.h ****     OD_H1024_OS_CMD_MODE = 0x1024U,        /**< OS command mode */
  88:CANopen/301/CO_ODinterface.h ****     OD_H1025_OS_DBG_INTERFACE = 0x1025U,   /**< OS debug interface */
  89:CANopen/301/CO_ODinterface.h ****     OD_H1026_OS_PROMPT = 0x1026U,          /**< OS prompt */
  90:CANopen/301/CO_ODinterface.h ****     OD_H1027_MODULE_LIST = 0x1027U,        /**< Module list */
  91:CANopen/301/CO_ODinterface.h ****     OD_H1028_EMCY_CONSUMER = 0x1028U,      /**< Emergency consumer object */
  92:CANopen/301/CO_ODinterface.h ****     OD_H1029_ERR_BEHAVIOR = 0x1029U,       /**< Error behaviour */
  93:CANopen/301/CO_ODinterface.h ****     OD_H1200_SDO_SERVER_1_PARAM = 0x1200U, /**< SDO server parameter */
  94:CANopen/301/CO_ODinterface.h ****     OD_H1280_SDO_CLIENT_1_PARAM = 0x1280U, /**< SDO client parameter */
  95:CANopen/301/CO_ODinterface.h ****     OD_H1300_GFC_PARAM = 0x1300U,          /**< Global fail-safe command param */
  96:CANopen/301/CO_ODinterface.h ****     OD_H1301_SRDO_1_PARAM = 0x1301U,       /**< SRDO communication parameter */
  97:CANopen/301/CO_ODinterface.h ****     OD_H1381_SRDO_1_MAPPING = 0x1381U,     /**< SRDO mapping parameter */
  98:CANopen/301/CO_ODinterface.h ****     OD_H13FE_SRDO_VALID = 0x13FEU,         /**< SRDO Configuration valid */
  99:CANopen/301/CO_ODinterface.h ****     OD_H13FF_SRDO_CHECKSUM = 0x13FFU,      /**< SRDO configuration checksum */
 100:CANopen/301/CO_ODinterface.h ****     OD_H1400_RXPDO_1_PARAM = 0x1400U,      /**< RXPDO communication parameter */
 101:CANopen/301/CO_ODinterface.h ****     OD_H1600_RXPDO_1_MAPPING = 0x1600U,    /**< RXPDO mapping parameters */
 102:CANopen/301/CO_ODinterface.h ****     OD_H1800_TXPDO_1_PARAM = 0x1800U,      /**< TXPDO communication parameter */
 103:CANopen/301/CO_ODinterface.h ****     OD_H1A00_TXPDO_1_MAPPING = 0x1A00U,    /**< TXPDO mapping parameters */
 104:CANopen/301/CO_ODinterface.h **** } OD_ObjDicId_30x_t;
 105:CANopen/301/CO_ODinterface.h **** 
 106:CANopen/301/CO_ODinterface.h **** /**
 107:CANopen/301/CO_ODinterface.h ****  * Attributes (bit masks) for OD sub-object.
 108:CANopen/301/CO_ODinterface.h ****  */
 109:CANopen/301/CO_ODinterface.h **** typedef enum {
 110:CANopen/301/CO_ODinterface.h ****     ODA_SDO_R = 0x01U,  /**< SDO server may read from the variable */
 111:CANopen/301/CO_ODinterface.h ****     ODA_SDO_W = 0x02U,  /**< SDO server may write to the variable */
 112:CANopen/301/CO_ODinterface.h ****     ODA_SDO_RW = 0x03U, /**< SDO server may read from or write to the variable */
 113:CANopen/301/CO_ODinterface.h ****     ODA_TPDO = 0x04U,   /**< Variable is mappable into TPDO (can be read) */
 114:CANopen/301/CO_ODinterface.h ****     ODA_RPDO = 0x08U,   /**< Variable is mappable into RPDO (can be written) */
 115:CANopen/301/CO_ODinterface.h ****     ODA_TRPDO = 0x0CU,  /**< Variable is mappable into TPDO or RPDO */
 116:CANopen/301/CO_ODinterface.h ****     ODA_TSRDO = 0x10U,  /**< Variable is mappable into transmitting SRDO */
 117:CANopen/301/CO_ODinterface.h ****     ODA_RSRDO = 0x20U,  /**< Variable is mappable into receiving SRDO */
 118:CANopen/301/CO_ODinterface.h ****     ODA_TRSRDO = 0x30U, /**< Variable is mappable into tx or rx SRDO */
 119:CANopen/301/CO_ODinterface.h ****     ODA_MB = 0x40U,     /**< Variable is multi-byte ((u)int16_t to (u)int64_t) */
ARM GAS  C:\Users\Lenovo\AppData\Local\Temp\ccOvLNZW.s 			page 52


 120:CANopen/301/CO_ODinterface.h ****     ODA_STR = 0x80U     /**< Shorter value, than specified variable size, may be written to the var
 121:CANopen/301/CO_ODinterface.h ****                            fill remaining memory with zeroes. Attribute is used for VISIBLE_STRING 
 122:CANopen/301/CO_ODinterface.h **** } OD_attributes_t;
 123:CANopen/301/CO_ODinterface.h **** 
 124:CANopen/301/CO_ODinterface.h **** /**
 125:CANopen/301/CO_ODinterface.h ****  * Return codes from OD access functions.
 126:CANopen/301/CO_ODinterface.h ****  *
 127:CANopen/301/CO_ODinterface.h ****  * @ref OD_getSDOabCode() can be used to retrieve corresponding SDO abort code.
 128:CANopen/301/CO_ODinterface.h ****  */
 129:CANopen/301/CO_ODinterface.h **** typedef enum {
 130:CANopen/301/CO_ODinterface.h ****     /* !!!! WARNING !!!! If changing these values, change also OD_getSDOabCode() function! */
 131:CANopen/301/CO_ODinterface.h ****     ODR_PARTIAL = -1,        /**< Read/write is only partial, make more calls */
 132:CANopen/301/CO_ODinterface.h ****     ODR_OK = 0,              /**< SDO abort 0x00000000 - Read/write successfully finished */
 133:CANopen/301/CO_ODinterface.h ****     ODR_OUT_OF_MEM = 1,      /**< SDO abort 0x05040005 - Out of memory */
 134:CANopen/301/CO_ODinterface.h ****     ODR_UNSUPP_ACCESS = 2,   /**< SDO abort 0x06010000 - Unsupported access to an object */
 135:CANopen/301/CO_ODinterface.h ****     ODR_WRITEONLY = 3,       /**< SDO abort 0x06010001 - Attempt to read a write only object */
 136:CANopen/301/CO_ODinterface.h ****     ODR_READONLY = 4,        /**< SDO abort 0x06010002 - Attempt to write a read only object */
 137:CANopen/301/CO_ODinterface.h ****     ODR_IDX_NOT_EXIST = 5,   /**< SDO abort 0x06020000 - Object does not exist in the object dict. 
 138:CANopen/301/CO_ODinterface.h ****     ODR_NO_MAP = 6,          /**< SDO abort 0x06040041 - Object cannot be mapped to the PDO */
 139:CANopen/301/CO_ODinterface.h ****     ODR_MAP_LEN = 7,         /**< SDO abort 0x06040042 - PDO length exceeded */
 140:CANopen/301/CO_ODinterface.h ****     ODR_PAR_INCOMPAT = 8,    /**< SDO abort 0x06040043 - General parameter incompatibility reasons 
 141:CANopen/301/CO_ODinterface.h ****     ODR_DEV_INCOMPAT = 9,    /**< SDO abort 0x06040047 - General internal incompatibility in device
 142:CANopen/301/CO_ODinterface.h ****     ODR_HW = 10,             /**< SDO abort 0x06060000 - Access failed due to hardware error */
 143:CANopen/301/CO_ODinterface.h ****     ODR_TYPE_MISMATCH = 11,  /**< SDO abort 0x06070010 - Data type does not match */
 144:CANopen/301/CO_ODinterface.h ****     ODR_DATA_LONG = 12,      /**< SDO abort 0x06070012 - Data type does not match, length too high 
 145:CANopen/301/CO_ODinterface.h ****     ODR_DATA_SHORT = 13,     /**< SDO abort 0x06070013 - Data type does not match, length too short
 146:CANopen/301/CO_ODinterface.h ****     ODR_SUB_NOT_EXIST = 14,  /**< SDO abort 0x06090011 - Sub index does not exist */
 147:CANopen/301/CO_ODinterface.h ****     ODR_INVALID_VALUE = 15,  /**< SDO abort 0x06090030 - Invalid value for parameter (download only
 148:CANopen/301/CO_ODinterface.h ****     ODR_VALUE_HIGH = 16,     /**< SDO abort 0x06090031 - Value range of parameter written too high 
 149:CANopen/301/CO_ODinterface.h ****     ODR_VALUE_LOW = 17,      /**< SDO abort 0x06090032 - Value range of parameter written too low *
 150:CANopen/301/CO_ODinterface.h ****     ODR_MAX_LESS_MIN = 18,   /**< SDO abort 0x06090036 - Maximum value is less than minimum value *
 151:CANopen/301/CO_ODinterface.h ****     ODR_NO_RESOURCE = 19,    /**< SDO abort 0x060A0023 - Resource not available: SDO connection */
 152:CANopen/301/CO_ODinterface.h ****     ODR_GENERAL = 20,        /**< SDO abort 0x08000000 - General error */
 153:CANopen/301/CO_ODinterface.h ****     ODR_DATA_TRANSF = 21,    /**< SDO abort 0x08000020 - Data cannot be transferred or stored to ap
 154:CANopen/301/CO_ODinterface.h ****     ODR_DATA_LOC_CTRL = 22,  /**< SDO abort 0x08000021 - Data can't be transferred (local control) 
 155:CANopen/301/CO_ODinterface.h ****     ODR_DATA_DEV_STATE = 23, /**< SDO abort 0x08000022 - Data can't be transf. (present device stat
 156:CANopen/301/CO_ODinterface.h ****     ODR_OD_MISSING = 24,     /**< SDO abort 0x08000023 - Object dictionary not present */
 157:CANopen/301/CO_ODinterface.h ****     ODR_NO_DATA = 25,        /**< SDO abort 0x08000024 - No data available */
 158:CANopen/301/CO_ODinterface.h ****     ODR_COUNT = 26           /**< Last element, number of responses */
 159:CANopen/301/CO_ODinterface.h **** } ODR_t;
 160:CANopen/301/CO_ODinterface.h **** 
 161:CANopen/301/CO_ODinterface.h **** /**
 162:CANopen/301/CO_ODinterface.h ****  * IO stream structure, used for read/write access to OD variable, part of @ref OD_IO_t.
 163:CANopen/301/CO_ODinterface.h ****  */
 164:CANopen/301/CO_ODinterface.h **** typedef struct {
 165:CANopen/301/CO_ODinterface.h ****     void* dataOrig; /**< Pointer to original data object, defined by Object Dictionary. Default rea
 166:CANopen/301/CO_ODinterface.h ****                      * operate on it. If memory for data object is not specified by Object Dictiona
 167:CANopen/301/CO_ODinterface.h ****                      * NULL. */
 168:CANopen/301/CO_ODinterface.h ****     void* object; /**< Pointer to object, passed by @ref OD_extension_init(). Can be used inside re
 169:CANopen/301/CO_ODinterface.h ****                    * from IO   extension. */
 170:CANopen/301/CO_ODinterface.h ****     OD_size_t dataLength; /**< Data length in bytes or 0, if length is not specified */
 171:CANopen/301/CO_ODinterface.h ****     OD_size_t dataOffset; /**< In case of large data, dataOffset indicates position of already tran
 172:CANopen/301/CO_ODinterface.h ****     OD_attr_t attribute;  /**< Attribute bit-field of the OD sub-object, see @ref OD_attributes_t *
 173:CANopen/301/CO_ODinterface.h ****     uint16_t index;       /**< Index of the OD object, informative */
 174:CANopen/301/CO_ODinterface.h ****     uint8_t subIndex;     /**< Sub index of the OD sub-object, informative */
 175:CANopen/301/CO_ODinterface.h **** } OD_stream_t;
 176:CANopen/301/CO_ODinterface.h **** 
ARM GAS  C:\Users\Lenovo\AppData\Local\Temp\ccOvLNZW.s 			page 53


 177:CANopen/301/CO_ODinterface.h **** /**
 178:CANopen/301/CO_ODinterface.h ****  * Structure for input / output on the OD variable. It is initialized with @ref OD_getSub() functio
 179:CANopen/301/CO_ODinterface.h ****  * to OD variable is via read/write functions operating on stream, similar as standard read/write.
 180:CANopen/301/CO_ODinterface.h ****  */
 181:CANopen/301/CO_ODinterface.h **** typedef struct {
 182:CANopen/301/CO_ODinterface.h ****     /** Object Dictionary stream object, passed to read or write */
 183:CANopen/301/CO_ODinterface.h ****     OD_stream_t stream;
 184:CANopen/301/CO_ODinterface.h ****     /**
 185:CANopen/301/CO_ODinterface.h ****      * Function pointer for reading value from specified variable from Object Dictionary. If OD var
 186:CANopen/301/CO_ODinterface.h ****      * buf, then this function must be called several times. After completed successful read functi
 187:CANopen/301/CO_ODinterface.h ****      * If read is partial, it returns 'ODR_PARTIAL'. In case of errors function returns code simila
 188:CANopen/301/CO_ODinterface.h ****      *
 189:CANopen/301/CO_ODinterface.h ****      * Read can be restarted with @ref OD_rwRestart() function.
 190:CANopen/301/CO_ODinterface.h ****      *
 191:CANopen/301/CO_ODinterface.h ****      * At the moment, when Object Dictionary is initialized, every variable has assigned the same "
 192:CANopen/301/CO_ODinterface.h ****      * default function simply copies data from Object Dictionary variable. Application can bind it
 193:CANopen/301/CO_ODinterface.h ****      * for specific object. In that case application is able to calculate data for reading from own
 194:CANopen/301/CO_ODinterface.h ****      * the moment of "read" function call. Own "read" function on OD object can be initialized with
 195:CANopen/301/CO_ODinterface.h ****      * OD_extension_init() function.
 196:CANopen/301/CO_ODinterface.h ****      *
 197:CANopen/301/CO_ODinterface.h ****      * "read" function must always copy all own data to buf, except if "buf" is not large enough. (
 198:CANopen/301/CO_ODinterface.h ****      * not return 'ODR_PARTIAL', if there is still space in "buf".)
 199:CANopen/301/CO_ODinterface.h ****      *
 200:CANopen/301/CO_ODinterface.h ****      * @warning Do not use @ref CO_LOCK_OD() and @ref CO_UNLOCK_OD() macros inside the read() funct
 201:CANopen/301/CO_ODinterface.h ****      * CO_critical_sections.
 202:CANopen/301/CO_ODinterface.h ****      *
 203:CANopen/301/CO_ODinterface.h ****      * @param stream Object Dictionary stream object.
 204:CANopen/301/CO_ODinterface.h ****      * @param buf Pointer to external buffer, where to data will be copied.
 205:CANopen/301/CO_ODinterface.h ****      * @param count Size of the external buffer in bytes.
 206:CANopen/301/CO_ODinterface.h ****      * @param [out] countRead If return value is "ODR_OK" or "ODR_PARTIAL", then number of bytes su
 207:CANopen/301/CO_ODinterface.h ****      * be returned here.
 208:CANopen/301/CO_ODinterface.h ****      *
 209:CANopen/301/CO_ODinterface.h ****      * @return Value from @ref ODR_t, "ODR_OK" in case of success.
 210:CANopen/301/CO_ODinterface.h ****      */
 211:CANopen/301/CO_ODinterface.h ****     ODR_t (*read)(OD_stream_t* stream, void* buf, OD_size_t count, OD_size_t* countRead);
 212:CANopen/301/CO_ODinterface.h ****     /**
 213:CANopen/301/CO_ODinterface.h ****      * Function pointer for writing value into specified variable inside Object Dictionary. If OD v
 214:CANopen/301/CO_ODinterface.h ****      * than buf, then this function must be called several times. After completed successful write 
 215:CANopen/301/CO_ODinterface.h ****      * 'ODR_OK'. If write is partial, it returns 'ODR_PARTIAL'. In case of errors function returns 
 216:CANopen/301/CO_ODinterface.h ****      * abort code.
 217:CANopen/301/CO_ODinterface.h ****      *
 218:CANopen/301/CO_ODinterface.h ****      * Write can be restarted with @ref OD_rwRestart() function.
 219:CANopen/301/CO_ODinterface.h ****      *
 220:CANopen/301/CO_ODinterface.h ****      * At the moment, when Object Dictionary is initialized, every variable has assigned the same "
 221:CANopen/301/CO_ODinterface.h ****      * which simply copies data to Object Dictionary variable. Application can bind its own "write"
 222:CANopen/301/CO_ODinterface.h ****      * it can bind "read" function.
 223:CANopen/301/CO_ODinterface.h ****      *
 224:CANopen/301/CO_ODinterface.h ****      * "write" function must always copy all available data from buf. If OD variable expect more da
 225:CANopen/301/CO_ODinterface.h ****      * "*returnCode" must return 'ODR_PARTIAL'.
 226:CANopen/301/CO_ODinterface.h ****      *
 227:CANopen/301/CO_ODinterface.h ****      * @warning Do not use @ref CO_LOCK_OD() and @ref CO_UNLOCK_OD() macros inside the write() func
 228:CANopen/301/CO_ODinterface.h ****      * CO_critical_sections.
 229:CANopen/301/CO_ODinterface.h ****      *
 230:CANopen/301/CO_ODinterface.h ****      * @param stream Object Dictionary stream object.
 231:CANopen/301/CO_ODinterface.h ****      * @param buf Pointer to external buffer, from where data will be copied.
 232:CANopen/301/CO_ODinterface.h ****      * @param count Size of the external buffer in bytes.
 233:CANopen/301/CO_ODinterface.h ****      * @param [out] countWritten If return value is "ODR_OK" or "ODR_PARTIAL", then number of bytes
ARM GAS  C:\Users\Lenovo\AppData\Local\Temp\ccOvLNZW.s 			page 54


 234:CANopen/301/CO_ODinterface.h ****      * must be returned here.
 235:CANopen/301/CO_ODinterface.h ****      *
 236:CANopen/301/CO_ODinterface.h ****      * @return Value from @ref ODR_t, "ODR_OK" in case of success.
 237:CANopen/301/CO_ODinterface.h ****      */
 238:CANopen/301/CO_ODinterface.h ****     ODR_t (*write)(OD_stream_t* stream, const void* buf, OD_size_t count, OD_size_t* countWritten);
 239:CANopen/301/CO_ODinterface.h **** } OD_IO_t;
 240:CANopen/301/CO_ODinterface.h **** 
 241:CANopen/301/CO_ODinterface.h **** /**
 242:CANopen/301/CO_ODinterface.h ****  * Extension of OD object, which can optionally be specified by application in initialization phase
 243:CANopen/301/CO_ODinterface.h ****  * OD_extension_init() function.
 244:CANopen/301/CO_ODinterface.h ****  */
 245:CANopen/301/CO_ODinterface.h **** typedef struct {
 246:CANopen/301/CO_ODinterface.h ****     /** Object on which read and write will operate, part of @ref OD_stream_t */
 247:CANopen/301/CO_ODinterface.h ****     void* object;
 248:CANopen/301/CO_ODinterface.h ****     /** Application specified read function pointer. If NULL, then read will be disabled. @ref OD_r
 249:CANopen/301/CO_ODinterface.h ****      * used here to keep the original read function. For function description see @ref OD_IO_t. */
 250:CANopen/301/CO_ODinterface.h ****     ODR_t (*read)(OD_stream_t* stream, void* buf, OD_size_t count, OD_size_t* countRead);
 251:CANopen/301/CO_ODinterface.h ****     /** Application specified write function pointer. If NULL, then write will be disabled. @ref OD
 252:CANopen/301/CO_ODinterface.h ****      * used here to keep the original write function. For function description see @ref OD_IO_t. */
 253:CANopen/301/CO_ODinterface.h ****     ODR_t (*write)(OD_stream_t* stream, const void* buf, OD_size_t count, OD_size_t* countWritten);
 254:CANopen/301/CO_ODinterface.h **** #if OD_FLAGS_PDO_SIZE > 0
 255:CANopen/301/CO_ODinterface.h ****     /** PDO flags bit-field provides one bit for each OD variable, which exist inside OD object at 
 256:CANopen/301/CO_ODinterface.h ****      * If application clears that bit, and OD variable is mapped to an event driven TPDO, then TPDO
 257:CANopen/301/CO_ODinterface.h ****      *
 258:CANopen/301/CO_ODinterface.h ****      * @ref OD_FLAGS_PDO_SIZE can have a value from 0 to 32 bytes, which corresponds to 0 to 256 av
 259:CANopen/301/CO_ODinterface.h ****      * example, @ref OD_FLAGS_PDO_SIZE has value 4, then OD variables with sub index up to 31 will 
 260:CANopen/301/CO_ODinterface.h ****      * requesting functionality. See also @ref OD_requestTPDO and @ref OD_TPDOtransmitted. */
 261:CANopen/301/CO_ODinterface.h ****     uint8_t flagsPDO[OD_FLAGS_PDO_SIZE];
 262:CANopen/301/CO_ODinterface.h **** #endif
 263:CANopen/301/CO_ODinterface.h **** } OD_extension_t;
 264:CANopen/301/CO_ODinterface.h **** 
 265:CANopen/301/CO_ODinterface.h **** /**
 266:CANopen/301/CO_ODinterface.h ****  * Object Dictionary entry for one OD object.
 267:CANopen/301/CO_ODinterface.h ****  *
 268:CANopen/301/CO_ODinterface.h ****  * OD entries are collected inside OD_t as array (list). Each OD entry contains basic information a
 269:CANopen/301/CO_ODinterface.h ****  * and subEntriesCount), pointer to odObject with additional information about var, array or record
 270:CANopen/301/CO_ODinterface.h ****  * extension, configurable by application.
 271:CANopen/301/CO_ODinterface.h ****  */
 272:CANopen/301/CO_ODinterface.h **** typedef struct {
 273:CANopen/301/CO_ODinterface.h ****     uint16_t index;            /**< Object Dictionary index */
 274:CANopen/301/CO_ODinterface.h ****     uint8_t subEntriesCount;   /**< Number of all sub-entries, including sub-entry at sub-index 0 *
 275:CANopen/301/CO_ODinterface.h ****     uint8_t odObjectType;      /**< Type of the odObject, indicated by @ref OD_objectTypes_t enumer
 276:CANopen/301/CO_ODinterface.h ****     CO_PROGMEM void* odObject; /**< OD object of type indicated by odObjectType, from which @ref OD
 277:CANopen/301/CO_ODinterface.h ****                                   information */
 278:CANopen/301/CO_ODinterface.h ****     OD_extension_t* extension; /**< Extension to OD, specified by application */
 279:CANopen/301/CO_ODinterface.h **** } OD_entry_t;
 280:CANopen/301/CO_ODinterface.h **** 
 281:CANopen/301/CO_ODinterface.h **** /**
 282:CANopen/301/CO_ODinterface.h ****  * Object Dictionary
 283:CANopen/301/CO_ODinterface.h ****  */
 284:CANopen/301/CO_ODinterface.h **** typedef struct {
 285:CANopen/301/CO_ODinterface.h ****     uint16_t size;    /**< Number of elements in the list, without last element, which is blank */
 286:CANopen/301/CO_ODinterface.h ****     OD_entry_t* list; /**< List OD entries (table of contents), ordered by index */
 287:CANopen/301/CO_ODinterface.h **** } OD_t;
 288:CANopen/301/CO_ODinterface.h **** 
 289:CANopen/301/CO_ODinterface.h **** /**
 290:CANopen/301/CO_ODinterface.h ****  * Read value from original OD location
ARM GAS  C:\Users\Lenovo\AppData\Local\Temp\ccOvLNZW.s 			page 55


 291:CANopen/301/CO_ODinterface.h ****  *
 292:CANopen/301/CO_ODinterface.h ****  * This function can be used inside read / write functions, specified by @ref OD_extension_init(). 
 293:CANopen/301/CO_ODinterface.h ****  * directly from memory location specified by Object dictionary. If no IO extension is used on OD e
 294:CANopen/301/CO_ODinterface.h ****  * returned by @ref OD_getSub() equals to this function. See also @ref OD_IO_t.
 295:CANopen/301/CO_ODinterface.h ****  */
 296:CANopen/301/CO_ODinterface.h **** ODR_t OD_readOriginal(OD_stream_t* stream, void* buf, OD_size_t count, OD_size_t* countRead);
 297:CANopen/301/CO_ODinterface.h **** 
 298:CANopen/301/CO_ODinterface.h **** /**
 299:CANopen/301/CO_ODinterface.h ****  * Write value to original OD location
 300:CANopen/301/CO_ODinterface.h ****  *
 301:CANopen/301/CO_ODinterface.h ****  * This function can be used inside read / write functions, specified by @ref OD_extension_init(). 
 302:CANopen/301/CO_ODinterface.h ****  * directly to memory location specified by Object dictionary. If no IO extension is used on OD ent
 303:CANopen/301/CO_ODinterface.h ****  * returned by @ref OD_getSub() equals to this function. See also @ref OD_IO_t.
 304:CANopen/301/CO_ODinterface.h ****  */
 305:CANopen/301/CO_ODinterface.h **** ODR_t OD_writeOriginal(OD_stream_t* stream, const void* buf, OD_size_t count, OD_size_t* countWritt
 306:CANopen/301/CO_ODinterface.h **** 
 307:CANopen/301/CO_ODinterface.h **** /**
 308:CANopen/301/CO_ODinterface.h ****  * Find OD entry in Object Dictionary
 309:CANopen/301/CO_ODinterface.h ****  *
 310:CANopen/301/CO_ODinterface.h ****  * @param od Object Dictionary
 311:CANopen/301/CO_ODinterface.h ****  * @param index CANopen Object Dictionary index of object in Object Dictionary
 312:CANopen/301/CO_ODinterface.h ****  *
 313:CANopen/301/CO_ODinterface.h ****  * @return Pointer to OD entry or NULL if not found
 314:CANopen/301/CO_ODinterface.h ****  */
 315:CANopen/301/CO_ODinterface.h **** OD_entry_t* OD_find(OD_t* od, uint16_t index);
 316:CANopen/301/CO_ODinterface.h **** 
 317:CANopen/301/CO_ODinterface.h **** /**
 318:CANopen/301/CO_ODinterface.h ****  * Find sub-object with specified sub-index on OD entry returned by OD_find. Function populates io 
 319:CANopen/301/CO_ODinterface.h ****  * sub-object data.
 320:CANopen/301/CO_ODinterface.h ****  *
 321:CANopen/301/CO_ODinterface.h ****  * @warning
 322:CANopen/301/CO_ODinterface.h ****  * Read and write functions may be called from different threads, so critical sections in custom fu
 323:CANopen/301/CO_ODinterface.h ****  * observed, see @ref CO_critical_sections.
 324:CANopen/301/CO_ODinterface.h ****  *
 325:CANopen/301/CO_ODinterface.h ****  * @param entry Object Dictionary entry.
 326:CANopen/301/CO_ODinterface.h ****  * @param subIndex Sub-index of the variable from the OD object.
 327:CANopen/301/CO_ODinterface.h ****  * @param [out] io Structure will be populated on success.
 328:CANopen/301/CO_ODinterface.h ****  * @param odOrig If true, then potential IO extension on entry will be ignored and access to data e
 329:CANopen/301/CO_ODinterface.h ****  * OD location will be returned
 330:CANopen/301/CO_ODinterface.h ****  *
 331:CANopen/301/CO_ODinterface.h ****  * @return Value from @ref ODR_t, "ODR_OK" in case of success.
 332:CANopen/301/CO_ODinterface.h ****  */
 333:CANopen/301/CO_ODinterface.h **** ODR_t OD_getSub(const OD_entry_t* entry, uint8_t subIndex, OD_IO_t* io, bool_t odOrig);
 334:CANopen/301/CO_ODinterface.h **** 
 335:CANopen/301/CO_ODinterface.h **** /**
 336:CANopen/301/CO_ODinterface.h ****  * Return index from OD entry
 337:CANopen/301/CO_ODinterface.h ****  *
 338:CANopen/301/CO_ODinterface.h ****  * @param entry Object Dictionary entry.
 339:CANopen/301/CO_ODinterface.h ****  *
 340:CANopen/301/CO_ODinterface.h ****  * @return OD index
 341:CANopen/301/CO_ODinterface.h ****  */
 342:CANopen/301/CO_ODinterface.h **** static inline uint16_t
 343:CANopen/301/CO_ODinterface.h **** OD_getIndex(const OD_entry_t* entry) {
 1370              		.loc 3 343 1 view .LVU440
 1371              	.LBB45:
 344:CANopen/301/CO_ODinterface.h ****     return (entry != NULL) ? entry->index : 0U;
 1372              		.loc 3 344 5 view .LVU441
ARM GAS  C:\Users\Lenovo\AppData\Local\Temp\ccOvLNZW.s 			page 56


 1373              		.loc 3 344 43 is_stmt 0 discriminator 1 view .LVU442
 1374 0048 B6F80080 		ldrh	r8, [r6]
 1375              	.LVL147:
 1376              		.loc 3 344 43 discriminator 1 view .LVU443
 1377              	.LBE45:
 1378              	.LBE44:
 293:CANopen/301/CO_SDOserver.c ****             /* configure default SDO channel and SDO server parameters for it */
 1379              		.loc 1 293 9 is_stmt 1 view .LVU444
 293:CANopen/301/CO_SDOserver.c ****             /* configure default SDO channel and SDO server parameters for it */
 1380              		.loc 1 293 12 is_stmt 0 view .LVU445
 1381 004c B8F5905F 		cmp	r8, #4608
 1382 0050 60D0     		beq	.L123
 305:CANopen/301/CO_SDOserver.c ****                    && (OD_SDOsrvParIdx <= ((uint16_t)OD_H1200_SDO_SERVER_1_PARAM + 0x7FU))) {
 1383              		.loc 1 305 16 is_stmt 1 view .LVU446
 306:CANopen/301/CO_SDOserver.c ****             /* configure additional SDO channel and SDO server parameters for it */
 1384              		.loc 1 306 20 is_stmt 0 view .LVU447
 1385 0052 08F56D43 		add	r3, r8, #60672
 1386              	.LVL148:
 306:CANopen/301/CO_SDOserver.c ****             /* configure additional SDO channel and SDO server parameters for it */
 1387              		.loc 1 306 20 view .LVU448
 1388 0056 FF33     		adds	r3, r3, #255
 1389 0058 9BB2     		uxth	r3, r3
 305:CANopen/301/CO_SDOserver.c ****                    && (OD_SDOsrvParIdx <= ((uint16_t)OD_H1200_SDO_SERVER_1_PARAM + 0x7FU))) {
 1390              		.loc 1 305 19 view .LVU449
 1391 005a 7E2B     		cmp	r3, #126
 1392 005c 00F29780 		bhi	.L118
 1393              	.LBB46:
 308:CANopen/301/CO_SDOserver.c ****             uint32_t COB_IDClientToServer32, COB_IDServerToClient32;
 1394              		.loc 1 308 13 is_stmt 1 view .LVU450
 309:CANopen/301/CO_SDOserver.c **** 
 1395              		.loc 1 309 13 view .LVU451
 312:CANopen/301/CO_SDOserver.c ****             ODR_t odRet1 = OD_get_u32(OD_1200_SDOsrvPar, 1, &COB_IDClientToServer32, true);
 1396              		.loc 1 312 13 view .LVU452
 1397              	.LVL149:
 1398              	.LBB47:
 1399              	.LBI47:
 345:CANopen/301/CO_ODinterface.h **** }
 346:CANopen/301/CO_ODinterface.h **** 
 347:CANopen/301/CO_ODinterface.h **** /**
 348:CANopen/301/CO_ODinterface.h ****  * Check, if OD variable is mappable to PDO or SRDO.
 349:CANopen/301/CO_ODinterface.h ****  *
 350:CANopen/301/CO_ODinterface.h ****  * If OD variable is mappable, then it may be necessary to protect read/write access from mainline 
 351:CANopen/301/CO_ODinterface.h ****  * CO_critical_sections.
 352:CANopen/301/CO_ODinterface.h ****  *
 353:CANopen/301/CO_ODinterface.h ****  * @param stream Object Dictionary stream object.
 354:CANopen/301/CO_ODinterface.h ****  *
 355:CANopen/301/CO_ODinterface.h ****  * @return true, if OD variable is mappable.
 356:CANopen/301/CO_ODinterface.h ****  */
 357:CANopen/301/CO_ODinterface.h **** static inline bool_t
 358:CANopen/301/CO_ODinterface.h **** OD_mappable(OD_stream_t* stream) {
 359:CANopen/301/CO_ODinterface.h ****     return (stream != NULL) ? ((stream->attribute & ((OD_attr_t)ODA_TRPDO | (OD_attr_t)ODA_TRSRDO))
 360:CANopen/301/CO_ODinterface.h **** }
 361:CANopen/301/CO_ODinterface.h **** 
 362:CANopen/301/CO_ODinterface.h **** /**
 363:CANopen/301/CO_ODinterface.h ****  * Restart read or write operation on OD variable
 364:CANopen/301/CO_ODinterface.h ****  *
 365:CANopen/301/CO_ODinterface.h ****  * It is not necessary to call this function, if stream was initialized by @ref OD_getSub(). It is 
ARM GAS  C:\Users\Lenovo\AppData\Local\Temp\ccOvLNZW.s 			page 57


 366:CANopen/301/CO_ODinterface.h ****  * call this function, if previous read or write was successfully finished.
 367:CANopen/301/CO_ODinterface.h ****  *
 368:CANopen/301/CO_ODinterface.h ****  * @param stream Object Dictionary stream object.
 369:CANopen/301/CO_ODinterface.h ****  */
 370:CANopen/301/CO_ODinterface.h **** static inline void
 371:CANopen/301/CO_ODinterface.h **** OD_rwRestart(OD_stream_t* stream) {
 372:CANopen/301/CO_ODinterface.h ****     if (stream != NULL) {
 373:CANopen/301/CO_ODinterface.h ****         stream->dataOffset = 0U;
 374:CANopen/301/CO_ODinterface.h ****     }
 375:CANopen/301/CO_ODinterface.h **** }
 376:CANopen/301/CO_ODinterface.h **** 
 377:CANopen/301/CO_ODinterface.h **** /**
 378:CANopen/301/CO_ODinterface.h ****  * Request TPDO, to which OD variable is mapped
 379:CANopen/301/CO_ODinterface.h ****  *
 380:CANopen/301/CO_ODinterface.h ****  * Function clears the flagPDO bit, which corresponds to OD variable at specific OD index and subin
 381:CANopen/301/CO_ODinterface.h ****  * functionality to work, @ref OD_extension_t must be enabled on OD variable. If OD variable is map
 382:CANopen/301/CO_ODinterface.h ****  * event driven transmission, then TPDO will be transmitted after this function call. If OD variabl
 383:CANopen/301/CO_ODinterface.h ****  * than one TPDO with event driven transmission, only the first matched TPDO will be transmitted.
 384:CANopen/301/CO_ODinterface.h ****  *
 385:CANopen/301/CO_ODinterface.h ****  * TPDO event driven transmission is enabled, if TPDO communication parameter, transmission type is
 386:CANopen/301/CO_ODinterface.h ****  * or 255. For other transmission types (synchronous) flagPDO bit is ignored.
 387:CANopen/301/CO_ODinterface.h ****  *
 388:CANopen/301/CO_ODinterface.h ****  * @param entry Object Dictionary entry.
 389:CANopen/301/CO_ODinterface.h ****  * @param subIndex subIndex of the OD variable.
 390:CANopen/301/CO_ODinterface.h ****  */
 391:CANopen/301/CO_ODinterface.h **** static inline void
 392:CANopen/301/CO_ODinterface.h **** OD_requestTPDO(OD_entry_t* entry, uint8_t subIndex) {
 393:CANopen/301/CO_ODinterface.h **** #if OD_FLAGS_PDO_SIZE > 0
 394:CANopen/301/CO_ODinterface.h ****     if ((entry != NULL) && (entry->extension != NULL) && (subIndex < (OD_FLAGS_PDO_SIZE * 8U))) {
 395:CANopen/301/CO_ODinterface.h ****         /* clear subIndex-th bit */
 396:CANopen/301/CO_ODinterface.h ****         uint8_t mask = ~(1U << (subIndex & 0x07U));
 397:CANopen/301/CO_ODinterface.h ****         entry->extension->flagsPDO[subIndex >> 3] &= mask;
 398:CANopen/301/CO_ODinterface.h ****     }
 399:CANopen/301/CO_ODinterface.h **** #endif
 400:CANopen/301/CO_ODinterface.h **** }
 401:CANopen/301/CO_ODinterface.h **** 
 402:CANopen/301/CO_ODinterface.h **** /**
 403:CANopen/301/CO_ODinterface.h ****  * Check if requested TPDO was transmitted
 404:CANopen/301/CO_ODinterface.h ****  *
 405:CANopen/301/CO_ODinterface.h ****  * @param entry Object Dictionary entry.
 406:CANopen/301/CO_ODinterface.h ****  * @param subIndex subIndex of the OD variable.
 407:CANopen/301/CO_ODinterface.h ****  *
 408:CANopen/301/CO_ODinterface.h ****  * @return Return true if event driven TPDO with mapping to OD variable, indicated by entry and sub
 409:CANopen/301/CO_ODinterface.h ****  * transmitted since last @ref OD_requestTPDO call. If there was no @ref OD_requestTPDO call yet an
 410:CANopen/301/CO_ODinterface.h ****  * transmitted by other event, function also returns true.
 411:CANopen/301/CO_ODinterface.h ****  */
 412:CANopen/301/CO_ODinterface.h **** static inline bool_t
 413:CANopen/301/CO_ODinterface.h **** OD_TPDOtransmitted(OD_entry_t* entry, uint8_t subIndex) {
 414:CANopen/301/CO_ODinterface.h **** #if OD_FLAGS_PDO_SIZE > 0
 415:CANopen/301/CO_ODinterface.h ****     if ((entry != NULL) && (entry->extension != NULL) && (subIndex < (OD_FLAGS_PDO_SIZE * 8U))) {
 416:CANopen/301/CO_ODinterface.h ****         /* return true, if subIndex-th bit is set */
 417:CANopen/301/CO_ODinterface.h ****         uint8_t mask = 1U << (subIndex & 0x07U);
 418:CANopen/301/CO_ODinterface.h ****         if ((entry->extension->flagsPDO[subIndex >> 3] & mask) != 0U) {
 419:CANopen/301/CO_ODinterface.h ****             return true;
 420:CANopen/301/CO_ODinterface.h ****         }
 421:CANopen/301/CO_ODinterface.h ****     }
 422:CANopen/301/CO_ODinterface.h **** #endif
ARM GAS  C:\Users\Lenovo\AppData\Local\Temp\ccOvLNZW.s 			page 58


 423:CANopen/301/CO_ODinterface.h ****     return false;
 424:CANopen/301/CO_ODinterface.h **** }
 425:CANopen/301/CO_ODinterface.h **** 
 426:CANopen/301/CO_ODinterface.h **** /**
 427:CANopen/301/CO_ODinterface.h ****  * Get SDO abort code from returnCode
 428:CANopen/301/CO_ODinterface.h ****  *
 429:CANopen/301/CO_ODinterface.h ****  * @param returnCode Returned from some OD access functions
 430:CANopen/301/CO_ODinterface.h ****  *
 431:CANopen/301/CO_ODinterface.h ****  * @return Corresponding @ref CO_SDO_abortCode_t
 432:CANopen/301/CO_ODinterface.h ****  */
 433:CANopen/301/CO_ODinterface.h **** uint32_t OD_getSDOabCode(ODR_t returnCode);
 434:CANopen/301/CO_ODinterface.h **** 
 435:CANopen/301/CO_ODinterface.h **** /**
 436:CANopen/301/CO_ODinterface.h ****  * Extend OD object with own read/write functions and/or flagsPDO
 437:CANopen/301/CO_ODinterface.h ****  *
 438:CANopen/301/CO_ODinterface.h ****  * This function gives application very powerful tool: definition of own IO access on OD object. St
 439:CANopen/301/CO_ODinterface.h ****  * attributes are the same as defined in original OD object, but data are read directly from (or wr
 440:CANopen/301/CO_ODinterface.h ****  * application specified object via custom function calls.
 441:CANopen/301/CO_ODinterface.h ****  *
 442:CANopen/301/CO_ODinterface.h ****  * Before this function specifies extension, OD variables are accessed from original OD location. A
 443:CANopen/301/CO_ODinterface.h ****  * specifies extension OD variables are accessed from read/write functions specified by extension. 
 444:CANopen/301/CO_ODinterface.h ****  * argument to @ref OD_getSub() is set to true.)
 445:CANopen/301/CO_ODinterface.h ****  *
 446:CANopen/301/CO_ODinterface.h ****  * This function must also be used, when flagsPDO needs to be enabled for specific entry.
 447:CANopen/301/CO_ODinterface.h ****  *
 448:CANopen/301/CO_ODinterface.h ****  * @warning
 449:CANopen/301/CO_ODinterface.h ****  * Object dictionary storage works only directly on OD variables. It does not access read function 
 450:CANopen/301/CO_ODinterface.h ****  * if extended OD objects needs to be preserved, then @ref OD_writeOriginal can be used inside cust
 451:CANopen/301/CO_ODinterface.h ****  *
 452:CANopen/301/CO_ODinterface.h ****  * @warning
 453:CANopen/301/CO_ODinterface.h ****  * Read and write functions may be called from different threads, so critical sections in custom fu
 454:CANopen/301/CO_ODinterface.h ****  * observed, see @ref CO_critical_sections.
 455:CANopen/301/CO_ODinterface.h ****  *
 456:CANopen/301/CO_ODinterface.h ****  * @param entry Object Dictionary entry.
 457:CANopen/301/CO_ODinterface.h ****  * @param extension Extension object, which must be initialized externally. Extension object must e
 458:CANopen/301/CO_ODinterface.h ****  * NULL, extension will be removed.
 459:CANopen/301/CO_ODinterface.h ****  *
 460:CANopen/301/CO_ODinterface.h ****  * @return "ODR_OK" on success, "ODR_IDX_NOT_EXIST" if OD object doesn't exist.
 461:CANopen/301/CO_ODinterface.h ****  */
 462:CANopen/301/CO_ODinterface.h **** static inline ODR_t
 463:CANopen/301/CO_ODinterface.h **** OD_extension_init(OD_entry_t* entry, OD_extension_t* extension) {
 464:CANopen/301/CO_ODinterface.h ****     if (entry == NULL) {
 465:CANopen/301/CO_ODinterface.h ****         return ODR_IDX_NOT_EXIST;
 466:CANopen/301/CO_ODinterface.h ****     }
 467:CANopen/301/CO_ODinterface.h ****     entry->extension = extension;
 468:CANopen/301/CO_ODinterface.h ****     return ODR_OK;
 469:CANopen/301/CO_ODinterface.h **** }
 470:CANopen/301/CO_ODinterface.h **** 
 471:CANopen/301/CO_ODinterface.h **** /**
 472:CANopen/301/CO_ODinterface.h ****  * @defgroup CO_ODgetSetters Getters and setters
 473:CANopen/301/CO_ODinterface.h ****  * @{
 474:CANopen/301/CO_ODinterface.h ****  *
 475:CANopen/301/CO_ODinterface.h ****  * Getter and setter helper functions for accessing different types of Object Dictionary variables.
 476:CANopen/301/CO_ODinterface.h ****  */
 477:CANopen/301/CO_ODinterface.h **** /**
 478:CANopen/301/CO_ODinterface.h ****  * Get variable from Object Dictionary
 479:CANopen/301/CO_ODinterface.h ****  *
ARM GAS  C:\Users\Lenovo\AppData\Local\Temp\ccOvLNZW.s 			page 59


 480:CANopen/301/CO_ODinterface.h ****  * @param entry Object Dictionary entry.
 481:CANopen/301/CO_ODinterface.h ****  * @param subIndex Sub-index of the variable from the OD object.
 482:CANopen/301/CO_ODinterface.h ****  * @param [out] val Value will be written here.
 483:CANopen/301/CO_ODinterface.h ****  * @param len Size of value to retrieve from OD.
 484:CANopen/301/CO_ODinterface.h ****  * @param odOrig If true, then potential IO extension on entry will be ignored and data in the orig
 485:CANopen/301/CO_ODinterface.h ****  * be returned.
 486:CANopen/301/CO_ODinterface.h ****  *
 487:CANopen/301/CO_ODinterface.h ****  * @return Value from @ref ODR_t, "ODR_OK" in case of success. Error, if variable does not exist in
 488:CANopen/301/CO_ODinterface.h ****  * it does not have the correct length or other reason.
 489:CANopen/301/CO_ODinterface.h ****  */
 490:CANopen/301/CO_ODinterface.h **** ODR_t OD_get_value(const OD_entry_t* entry, uint8_t subIndex, void* val, OD_size_t len, bool_t odOr
 491:CANopen/301/CO_ODinterface.h **** 
 492:CANopen/301/CO_ODinterface.h **** /** Get int8_t variable from Object Dictionary, see @ref OD_get_value */
 493:CANopen/301/CO_ODinterface.h **** static inline ODR_t
 494:CANopen/301/CO_ODinterface.h **** OD_get_i8(const OD_entry_t* entry, uint8_t subIndex, int8_t* val, bool_t odOrig) {
 495:CANopen/301/CO_ODinterface.h ****     return OD_get_value(entry, subIndex, val, sizeof(*val), odOrig);
 496:CANopen/301/CO_ODinterface.h **** }
 497:CANopen/301/CO_ODinterface.h **** 
 498:CANopen/301/CO_ODinterface.h **** /** Get int16_t variable from Object Dictionary, see @ref OD_get_value */
 499:CANopen/301/CO_ODinterface.h **** static inline ODR_t
 500:CANopen/301/CO_ODinterface.h **** OD_get_i16(const OD_entry_t* entry, uint8_t subIndex, int16_t* val, bool_t odOrig) {
 501:CANopen/301/CO_ODinterface.h ****     return OD_get_value(entry, subIndex, val, sizeof(*val), odOrig);
 502:CANopen/301/CO_ODinterface.h **** }
 503:CANopen/301/CO_ODinterface.h **** 
 504:CANopen/301/CO_ODinterface.h **** /** Get int32_t variable from Object Dictionary, see @ref OD_get_value */
 505:CANopen/301/CO_ODinterface.h **** static inline ODR_t
 506:CANopen/301/CO_ODinterface.h **** OD_get_i32(const OD_entry_t* entry, uint8_t subIndex, int32_t* val, bool_t odOrig) {
 507:CANopen/301/CO_ODinterface.h ****     return OD_get_value(entry, subIndex, val, sizeof(*val), odOrig);
 508:CANopen/301/CO_ODinterface.h **** }
 509:CANopen/301/CO_ODinterface.h **** 
 510:CANopen/301/CO_ODinterface.h **** /** Get int64_t variable from Object Dictionary, see @ref OD_get_value */
 511:CANopen/301/CO_ODinterface.h **** static inline ODR_t
 512:CANopen/301/CO_ODinterface.h **** OD_get_i64(const OD_entry_t* entry, uint8_t subIndex, int64_t* val, bool_t odOrig) {
 513:CANopen/301/CO_ODinterface.h ****     return OD_get_value(entry, subIndex, val, sizeof(*val), odOrig);
 514:CANopen/301/CO_ODinterface.h **** }
 515:CANopen/301/CO_ODinterface.h **** 
 516:CANopen/301/CO_ODinterface.h **** /** Get uint8_t variable from Object Dictionary, see @ref OD_get_value */
 517:CANopen/301/CO_ODinterface.h **** static inline ODR_t
 518:CANopen/301/CO_ODinterface.h **** OD_get_u8(const OD_entry_t* entry, uint8_t subIndex, uint8_t* val, bool_t odOrig) {
 1400              		.loc 3 518 1 view .LVU453
 1401              	.LBB48:
 519:CANopen/301/CO_ODinterface.h ****     return OD_get_value(entry, subIndex, val, sizeof(*val), odOrig);
 1402              		.loc 3 519 5 view .LVU454
 1403              		.loc 3 519 12 is_stmt 0 view .LVU455
 1404 0060 0125     		movs	r5, #1
 1405 0062 0095     		str	r5, [sp]
 1406              	.LVL150:
 1407              		.loc 3 519 12 view .LVU456
 1408 0064 2B46     		mov	r3, r5
 1409 0066 0DF11702 		add	r2, sp, #23
 1410              	.LVL151:
 1411              		.loc 3 519 12 view .LVU457
 1412 006a 0021     		movs	r1, #0
 1413 006c 3046     		mov	r0, r6
 1414              	.LVL152:
 1415              		.loc 3 519 12 view .LVU458
 1416 006e FFF7FEFF 		bl	OD_get_value
ARM GAS  C:\Users\Lenovo\AppData\Local\Temp\ccOvLNZW.s 			page 60


 1417              	.LVL153:
 1418              		.loc 3 519 12 view .LVU459
 1419 0072 8346     		mov	fp, r0
 1420              	.LVL154:
 1421              		.loc 3 519 12 view .LVU460
 1422              	.LBE48:
 1423              	.LBE47:
 313:CANopen/301/CO_SDOserver.c ****             ODR_t odRet2 = OD_get_u32(OD_1200_SDOsrvPar, 2, &COB_IDServerToClient32, true);
 1424              		.loc 1 313 13 is_stmt 1 view .LVU461
 1425              	.LBB49:
 1426              	.LBI49:
 520:CANopen/301/CO_ODinterface.h **** }
 521:CANopen/301/CO_ODinterface.h **** 
 522:CANopen/301/CO_ODinterface.h **** /** Get uint16_t variable from Object Dictionary, see @ref OD_get_value */
 523:CANopen/301/CO_ODinterface.h **** static inline ODR_t
 524:CANopen/301/CO_ODinterface.h **** OD_get_u16(const OD_entry_t* entry, uint8_t subIndex, uint16_t* val, bool_t odOrig) {
 525:CANopen/301/CO_ODinterface.h ****     return OD_get_value(entry, subIndex, val, sizeof(*val), odOrig);
 526:CANopen/301/CO_ODinterface.h **** }
 527:CANopen/301/CO_ODinterface.h **** 
 528:CANopen/301/CO_ODinterface.h **** /** Get uint32_t variable from Object Dictionary, see @ref OD_get_value */
 529:CANopen/301/CO_ODinterface.h **** static inline ODR_t
 530:CANopen/301/CO_ODinterface.h **** OD_get_u32(const OD_entry_t* entry, uint8_t subIndex, uint32_t* val, bool_t odOrig) {
 1427              		.loc 3 530 1 view .LVU462
 1428              	.LBB50:
 531:CANopen/301/CO_ODinterface.h ****     return OD_get_value(entry, subIndex, val, sizeof(*val), odOrig);
 1429              		.loc 3 531 5 view .LVU463
 1430              		.loc 3 531 12 is_stmt 0 view .LVU464
 1431 0074 0095     		str	r5, [sp]
 1432 0076 0423     		movs	r3, #4
 1433 0078 06AA     		add	r2, sp, #24
 1434              	.LVL155:
 1435              		.loc 3 531 12 view .LVU465
 1436 007a 2946     		mov	r1, r5
 1437 007c 3046     		mov	r0, r6
 1438 007e FFF7FEFF 		bl	OD_get_value
 1439              	.LVL156:
 1440              		.loc 3 531 12 view .LVU466
 1441 0082 0390     		str	r0, [sp, #12]
 1442              	.LVL157:
 1443              		.loc 3 531 12 view .LVU467
 1444              	.LBE50:
 1445              	.LBE49:
 314:CANopen/301/CO_SDOserver.c **** 
 1446              		.loc 1 314 13 is_stmt 1 view .LVU468
 1447              	.LBB51:
 1448              	.LBI51:
 530:CANopen/301/CO_ODinterface.h ****     return OD_get_value(entry, subIndex, val, sizeof(*val), odOrig);
 1449              		.loc 3 530 1 view .LVU469
 1450              	.LBB52:
 1451              		.loc 3 531 5 view .LVU470
 1452              		.loc 3 531 12 is_stmt 0 view .LVU471
 1453 0084 0095     		str	r5, [sp]
 1454 0086 0423     		movs	r3, #4
 1455 0088 07AA     		add	r2, sp, #28
 1456              	.LVL158:
 1457              		.loc 3 531 12 view .LVU472
 1458 008a 0221     		movs	r1, #2
ARM GAS  C:\Users\Lenovo\AppData\Local\Temp\ccOvLNZW.s 			page 61


 1459 008c 3046     		mov	r0, r6
 1460 008e FFF7FEFF 		bl	OD_get_value
 1461              	.LVL159:
 1462              		.loc 3 531 12 view .LVU473
 1463              	.LBE52:
 1464              	.LBE51:
 316:CANopen/301/CO_SDOserver.c ****                 || (odRet2 != ODR_OK)) {
 1465              		.loc 1 316 13 is_stmt 1 view .LVU474
 316:CANopen/301/CO_SDOserver.c ****                 || (odRet2 != ODR_OK)) {
 1466              		.loc 1 316 16 is_stmt 0 view .LVU475
 1467 0092 BBF1000F 		cmp	fp, #0
 1468 0096 5CD1     		bne	.L107
 316:CANopen/301/CO_SDOserver.c ****                 || (odRet2 != ODR_OK)) {
 1469              		.loc 1 316 60 discriminator 1 view .LVU476
 1470 0098 9DF81730 		ldrb	r3, [sp, #23]	@ zero_extendqisi2
 1471 009c 023B     		subs	r3, r3, #2
 1472 009e DBB2     		uxtb	r3, r3
 316:CANopen/301/CO_SDOserver.c ****                 || (odRet2 != ODR_OK)) {
 1473              		.loc 1 316 36 discriminator 1 view .LVU477
 1474 00a0 AB42     		cmp	r3, r5
 1475 00a2 56D8     		bhi	.L107
 316:CANopen/301/CO_SDOserver.c ****                 || (odRet2 != ODR_OK)) {
 1476              		.loc 1 316 84 discriminator 2 view .LVU478
 1477 00a4 039B     		ldr	r3, [sp, #12]
 1478 00a6 002B     		cmp	r3, #0
 1479 00a8 53D1     		bne	.L107
 317:CANopen/301/CO_SDOserver.c ****                 if (errInfo != NULL) {
 1480              		.loc 1 317 17 view .LVU479
 1481 00aa 0028     		cmp	r0, #0
 1482 00ac 51D1     		bne	.L107
 324:CANopen/301/CO_SDOserver.c ****                                        ? (uint16_t)(COB_IDClientToServer32 & 0x7FFU)
 1483              		.loc 1 324 13 is_stmt 1 view .LVU480
 324:CANopen/301/CO_SDOserver.c ****                                        ? (uint16_t)(COB_IDClientToServer32 & 0x7FFU)
 1484              		.loc 1 324 76 is_stmt 0 view .LVU481
 1485 00ae 069B     		ldr	r3, [sp, #24]
 324:CANopen/301/CO_SDOserver.c ****                                        ? (uint16_t)(COB_IDClientToServer32 & 0x7FFU)
 1486              		.loc 1 324 34 view .LVU482
 1487 00b0 002B     		cmp	r3, #0
 1488 00b2 55DB     		blt	.L119
 324:CANopen/301/CO_SDOserver.c ****                                        ? (uint16_t)(COB_IDClientToServer32 & 0x7FFU)
 1489              		.loc 1 324 34 discriminator 1 view .LVU483
 1490 00b4 C3F30A08 		ubfx	r8, r3, #0, #11
 1491              	.LVL160:
 1492              	.L110:
 327:CANopen/301/CO_SDOserver.c ****                                        ? (uint16_t)(COB_IDServerToClient32 & 0x7FFU)
 1493              		.loc 1 327 13 is_stmt 1 view .LVU484
 327:CANopen/301/CO_SDOserver.c ****                                        ? (uint16_t)(COB_IDServerToClient32 & 0x7FFU)
 1494              		.loc 1 327 76 is_stmt 0 view .LVU485
 1495 00b8 079D     		ldr	r5, [sp, #28]
 327:CANopen/301/CO_SDOserver.c ****                                        ? (uint16_t)(COB_IDServerToClient32 & 0x7FFU)
 1496              		.loc 1 327 34 view .LVU486
 1497 00ba 002D     		cmp	r5, #0
 1498 00bc 53DB     		blt	.L120
 327:CANopen/301/CO_SDOserver.c ****                                        ? (uint16_t)(COB_IDServerToClient32 & 0x7FFU)
 1499              		.loc 1 327 34 discriminator 1 view .LVU487
 1500 00be C5F30A05 		ubfx	r5, r5, #0, #11
 1501              	.L111:
ARM GAS  C:\Users\Lenovo\AppData\Local\Temp\ccOvLNZW.s 			page 62


 1502              	.LVL161:
 332:CANopen/301/CO_SDOserver.c ****             SDO->OD_1200_extension.read = OD_readOriginal;
 1503              		.loc 1 332 13 is_stmt 1 view .LVU488
 332:CANopen/301/CO_SDOserver.c ****             SDO->OD_1200_extension.read = OD_readOriginal;
 1504              		.loc 1 332 43 is_stmt 0 view .LVU489
 1505 00c2 A465     		str	r4, [r4, #88]
 333:CANopen/301/CO_SDOserver.c ****             SDO->OD_1200_extension.write = OD_write_1201_additional;
 1506              		.loc 1 333 13 is_stmt 1 view .LVU490
 333:CANopen/301/CO_SDOserver.c ****             SDO->OD_1200_extension.write = OD_write_1201_additional;
 1507              		.loc 1 333 41 is_stmt 0 view .LVU491
 1508 00c4 334B     		ldr	r3, .L124
 1509 00c6 E365     		str	r3, [r4, #92]
 334:CANopen/301/CO_SDOserver.c ****             ODR_t odRetE = OD_extension_init(OD_1200_SDOsrvPar, &SDO->OD_1200_extension);
 1510              		.loc 1 334 13 is_stmt 1 view .LVU492
 334:CANopen/301/CO_SDOserver.c ****             ODR_t odRetE = OD_extension_init(OD_1200_SDOsrvPar, &SDO->OD_1200_extension);
 1511              		.loc 1 334 42 is_stmt 0 view .LVU493
 1512 00c8 334B     		ldr	r3, .L124+4
 1513 00ca 2366     		str	r3, [r4, #96]
 335:CANopen/301/CO_SDOserver.c ****             if (odRetE != ODR_OK) {
 1514              		.loc 1 335 13 is_stmt 1 view .LVU494
 335:CANopen/301/CO_SDOserver.c ****             if (odRetE != ODR_OK) {
 1515              		.loc 1 335 28 is_stmt 0 view .LVU495
 1516 00cc 04F15803 		add	r3, r4, #88
 1517              	.LVL162:
 1518              	.LBB53:
 1519              	.LBI53:
 463:CANopen/301/CO_ODinterface.h ****     if (entry == NULL) {
 1520              		.loc 3 463 1 is_stmt 1 view .LVU496
 1521              	.LBB54:
 464:CANopen/301/CO_ODinterface.h ****         return ODR_IDX_NOT_EXIST;
 1522              		.loc 3 464 5 view .LVU497
 467:CANopen/301/CO_ODinterface.h ****     return ODR_OK;
 1523              		.loc 3 467 5 view .LVU498
 467:CANopen/301/CO_ODinterface.h ****     return ODR_OK;
 1524              		.loc 3 467 22 is_stmt 0 view .LVU499
 1525 00d0 B360     		str	r3, [r6, #8]
 468:CANopen/301/CO_ODinterface.h **** }
 1526              		.loc 3 468 5 is_stmt 1 view .LVU500
 1527              	.LVL163:
 468:CANopen/301/CO_ODinterface.h **** }
 1528              		.loc 3 468 5 is_stmt 0 view .LVU501
 1529              	.LBE54:
 1530              	.LBE53:
 336:CANopen/301/CO_SDOserver.c ****                 if (errInfo != NULL) {
 1531              		.loc 1 336 13 is_stmt 1 view .LVU502
 1532              	.L105:
 336:CANopen/301/CO_SDOserver.c ****                 if (errInfo != NULL) {
 1533              		.loc 1 336 13 is_stmt 0 view .LVU503
 1534              	.LBE46:
 1535              	.LBE43:
 347:CANopen/301/CO_SDOserver.c **** 
 1536              		.loc 1 347 5 is_stmt 1 view .LVU504
 347:CANopen/301/CO_SDOserver.c **** 
 1537              		.loc 1 347 5 view .LVU505
 1538 00d2 0023     		movs	r3, #0
 1539 00d4 E363     		str	r3, [r4, #60]
 347:CANopen/301/CO_SDOserver.c **** 
ARM GAS  C:\Users\Lenovo\AppData\Local\Temp\ccOvLNZW.s 			page 63


 1540              		.loc 1 347 33 view .LVU506
 351:CANopen/301/CO_SDOserver.c ****     SDO->CANdevRxIdx = CANdevRxIdx;
 1541              		.loc 1 351 5 view .LVU507
 351:CANopen/301/CO_SDOserver.c ****     SDO->CANdevRxIdx = CANdevRxIdx;
 1542              		.loc 1 351 19 is_stmt 0 view .LVU508
 1543 00d6 A764     		str	r7, [r4, #72]
 352:CANopen/301/CO_SDOserver.c ****     SDO->CANdevTxIdx = CANdevTxIdx;
 1544              		.loc 1 352 5 is_stmt 1 view .LVU509
 352:CANopen/301/CO_SDOserver.c ****     SDO->CANdevTxIdx = CANdevTxIdx;
 1545              		.loc 1 352 22 is_stmt 0 view .LVU510
 1546 00d8 A4F84C90 		strh	r9, [r4, #76]	@ movhi
 353:CANopen/301/CO_SDOserver.c ****     /* set to zero to make sure CO_SDOserver_init_canRxTx() will reconfig CAN */
 1547              		.loc 1 353 5 is_stmt 1 view .LVU511
 353:CANopen/301/CO_SDOserver.c ****     /* set to zero to make sure CO_SDOserver_init_canRxTx() will reconfig CAN */
 1548              		.loc 1 353 22 is_stmt 0 view .LVU512
 1549 00dc A4F84EA0 		strh	r10, [r4, #78]	@ movhi
 355:CANopen/301/CO_SDOserver.c ****     SDO->COB_IDServerToClient = 0;
 1550              		.loc 1 355 5 is_stmt 1 view .LVU513
 355:CANopen/301/CO_SDOserver.c ****     SDO->COB_IDServerToClient = 0;
 1551              		.loc 1 355 31 is_stmt 0 view .LVU514
 1552 00e0 2365     		str	r3, [r4, #80]
 356:CANopen/301/CO_SDOserver.c **** #endif
 1553              		.loc 1 356 5 is_stmt 1 view .LVU515
 356:CANopen/301/CO_SDOserver.c **** #endif
 1554              		.loc 1 356 31 is_stmt 0 view .LVU516
 1555 00e2 6365     		str	r3, [r4, #84]
 358:CANopen/301/CO_SDOserver.c **** 
 1556              		.loc 1 358 5 is_stmt 1 view .LVU517
 358:CANopen/301/CO_SDOserver.c **** 
 1557              		.loc 1 358 19 is_stmt 0 view .LVU518
 1558 00e4 159B     		ldr	r3, [sp, #84]
 1559 00e6 2360     		str	r3, [r4]
 360:CANopen/301/CO_SDOserver.c ****                                      CanId_ServerToClient);
 1560              		.loc 1 360 5 is_stmt 1 view .LVU519
 360:CANopen/301/CO_SDOserver.c ****                                      CanId_ServerToClient);
 1561              		.loc 1 360 12 is_stmt 0 view .LVU520
 1562 00e8 0195     		str	r5, [sp, #4]
 1563 00ea CDF80080 		str	r8, [sp]
 1564 00ee 5346     		mov	r3, r10
 1565 00f0 4A46     		mov	r2, r9
 1566 00f2 3946     		mov	r1, r7
 1567 00f4 2046     		mov	r0, r4
 1568 00f6 FFF7FEFF 		bl	CO_SDOserver_init_canRxTx
 1569              	.LVL164:
 1570              	.L103:
 362:CANopen/301/CO_SDOserver.c **** 
 1571              		.loc 1 362 1 view .LVU521
 1572 00fa 09B0     		add	sp, sp, #36
 1573              	.LCFI17:
 1574              		.cfi_remember_state
 1575              		.cfi_def_cfa_offset 36
 1576              		@ sp needed
 1577 00fc BDE8F08F 		pop	{r4, r5, r6, r7, r8, r9, r10, fp, pc}
 1578              	.LVL165:
 1579              	.L122:
 1580              	.LCFI18:
 1581              		.cfi_restore_state
ARM GAS  C:\Users\Lenovo\AppData\Local\Temp\ccOvLNZW.s 			page 64


 283:CANopen/301/CO_SDOserver.c ****             return CO_ERROR_ILLEGAL_ARGUMENT;
 1582              		.loc 1 283 9 is_stmt 1 view .LVU522
 283:CANopen/301/CO_SDOserver.c ****             return CO_ERROR_ILLEGAL_ARGUMENT;
 1583              		.loc 1 283 27 is_stmt 0 view .LVU523
 1584 0100 5AB2     		sxtb	r2, r3
 283:CANopen/301/CO_SDOserver.c ****             return CO_ERROR_ILLEGAL_ARGUMENT;
 1585              		.loc 1 283 12 view .LVU524
 1586 0102 002A     		cmp	r2, #0
 1587 0104 3DDD     		ble	.L116
 287:CANopen/301/CO_SDOserver.c ****         CanId_ServerToClient = CO_CAN_ID_SDO_SRV + nodeId;
 1588              		.loc 1 287 9 is_stmt 1 view .LVU525
 287:CANopen/301/CO_SDOserver.c ****         CanId_ServerToClient = CO_CAN_ID_SDO_SRV + nodeId;
 1589              		.loc 1 287 30 is_stmt 0 view .LVU526
 1590 0106 03F5C068 		add	r8, r3, #1536
 1591              	.LVL166:
 288:CANopen/301/CO_SDOserver.c ****         SDO->valid = true;
 1592              		.loc 1 288 9 is_stmt 1 view .LVU527
 288:CANopen/301/CO_SDOserver.c ****         SDO->valid = true;
 1593              		.loc 1 288 30 is_stmt 0 view .LVU528
 1594 010a 03F5B065 		add	r5, r3, #1408
 1595              	.LVL167:
 289:CANopen/301/CO_SDOserver.c ****     } else {
 1596              		.loc 1 289 9 is_stmt 1 view .LVU529
 289:CANopen/301/CO_SDOserver.c ****     } else {
 1597              		.loc 1 289 20 is_stmt 0 view .LVU530
 1598 010e 0123     		movs	r3, #1
 1599              	.LVL168:
 289:CANopen/301/CO_SDOserver.c ****     } else {
 1600              		.loc 1 289 20 view .LVU531
 1601 0110 0361     		str	r3, [r0, #16]
 1602 0112 DEE7     		b	.L105
 1603              	.LVL169:
 1604              	.L123:
 1605              	.LBB60:
 295:CANopen/301/CO_SDOserver.c ****                 return CO_ERROR_ILLEGAL_ARGUMENT;
 1606              		.loc 1 295 13 is_stmt 1 view .LVU532
 295:CANopen/301/CO_SDOserver.c ****                 return CO_ERROR_ILLEGAL_ARGUMENT;
 1607              		.loc 1 295 31 is_stmt 0 view .LVU533
 1608 0114 5AB2     		sxtb	r2, r3
 295:CANopen/301/CO_SDOserver.c ****                 return CO_ERROR_ILLEGAL_ARGUMENT;
 1609              		.loc 1 295 16 view .LVU534
 1610 0116 002A     		cmp	r2, #0
 1611 0118 36DD     		ble	.L117
 299:CANopen/301/CO_SDOserver.c ****             CanId_ServerToClient = CO_CAN_ID_SDO_SRV + nodeId;
 1612              		.loc 1 299 13 is_stmt 1 view .LVU535
 299:CANopen/301/CO_SDOserver.c ****             CanId_ServerToClient = CO_CAN_ID_SDO_SRV + nodeId;
 1613              		.loc 1 299 34 is_stmt 0 view .LVU536
 1614 011a 03F5C068 		add	r8, r3, #1536
 1615              	.LVL170:
 300:CANopen/301/CO_SDOserver.c ****             SDO->valid = true;
 1616              		.loc 1 300 13 is_stmt 1 view .LVU537
 300:CANopen/301/CO_SDOserver.c ****             SDO->valid = true;
 1617              		.loc 1 300 34 is_stmt 0 view .LVU538
 1618 011e 03F5B065 		add	r5, r3, #1408
 1619              	.LVL171:
 301:CANopen/301/CO_SDOserver.c **** 
 1620              		.loc 1 301 13 is_stmt 1 view .LVU539
ARM GAS  C:\Users\Lenovo\AppData\Local\Temp\ccOvLNZW.s 			page 65


 301:CANopen/301/CO_SDOserver.c **** 
 1621              		.loc 1 301 24 is_stmt 0 view .LVU540
 1622 0122 4FF0010B 		mov	fp, #1
 1623 0126 C0F810B0 		str	fp, [r0, #16]
 1624              	.LVL172:
 303:CANopen/301/CO_SDOserver.c ****             (void)OD_set_u32(OD_1200_SDOsrvPar, 2, CanId_ServerToClient, true);
 1625              		.loc 1 303 13 is_stmt 1 view .LVU541
 303:CANopen/301/CO_SDOserver.c ****             (void)OD_set_u32(OD_1200_SDOsrvPar, 2, CanId_ServerToClient, true);
 1626              		.loc 1 303 13 is_stmt 0 view .LVU542
 1627 012a CDF81C80 		str	r8, [sp, #28]
 1628              	.LVL173:
 1629              	.LBB55:
 1630              	.LBI55:
 532:CANopen/301/CO_ODinterface.h **** }
 533:CANopen/301/CO_ODinterface.h **** 
 534:CANopen/301/CO_ODinterface.h **** /** Get uint64_t variable from Object Dictionary, see @ref OD_get_value */
 535:CANopen/301/CO_ODinterface.h **** static inline ODR_t
 536:CANopen/301/CO_ODinterface.h **** OD_get_u64(const OD_entry_t* entry, uint8_t subIndex, uint64_t* val, bool_t odOrig) {
 537:CANopen/301/CO_ODinterface.h ****     return OD_get_value(entry, subIndex, val, sizeof(*val), odOrig);
 538:CANopen/301/CO_ODinterface.h **** }
 539:CANopen/301/CO_ODinterface.h **** 
 540:CANopen/301/CO_ODinterface.h **** /** Get float32_t variable from Object Dictionary, see @ref OD_get_value */
 541:CANopen/301/CO_ODinterface.h **** static inline ODR_t
 542:CANopen/301/CO_ODinterface.h **** OD_get_f32(const OD_entry_t* entry, uint8_t subIndex, float32_t* val, bool_t odOrig) {
 543:CANopen/301/CO_ODinterface.h ****     return OD_get_value(entry, subIndex, val, sizeof(*val), odOrig);
 544:CANopen/301/CO_ODinterface.h **** }
 545:CANopen/301/CO_ODinterface.h **** 
 546:CANopen/301/CO_ODinterface.h **** /** Get float64_t variable from Object Dictionary, see @ref OD_get_value */
 547:CANopen/301/CO_ODinterface.h **** static inline ODR_t
 548:CANopen/301/CO_ODinterface.h **** OD_get_f64(const OD_entry_t* entry, uint8_t subIndex, float64_t* val, bool_t odOrig) {
 549:CANopen/301/CO_ODinterface.h ****     return OD_get_value(entry, subIndex, val, sizeof(*val), odOrig);
 550:CANopen/301/CO_ODinterface.h **** }
 551:CANopen/301/CO_ODinterface.h **** 
 552:CANopen/301/CO_ODinterface.h **** /**
 553:CANopen/301/CO_ODinterface.h ****  * Set variable in Object Dictionary
 554:CANopen/301/CO_ODinterface.h ****  *
 555:CANopen/301/CO_ODinterface.h ****  * @param entry Object Dictionary entry.
 556:CANopen/301/CO_ODinterface.h ****  * @param subIndex Sub-index of the variable from the OD object.
 557:CANopen/301/CO_ODinterface.h ****  * @param val Pointer to value to write.
 558:CANopen/301/CO_ODinterface.h ****  * @param len Size of value to write.
 559:CANopen/301/CO_ODinterface.h ****  * @param odOrig If true, then potential IO extension on entry will be ignored and data in the orig
 560:CANopen/301/CO_ODinterface.h ****  * be written.
 561:CANopen/301/CO_ODinterface.h ****  *
 562:CANopen/301/CO_ODinterface.h ****  * @return Value from @ref ODR_t, "ODR_OK" in case of success. Error, if variable does not exist in
 563:CANopen/301/CO_ODinterface.h ****  * it does not have the correct length or other reason.
 564:CANopen/301/CO_ODinterface.h ****  */
 565:CANopen/301/CO_ODinterface.h **** ODR_t OD_set_value(const OD_entry_t* entry, uint8_t subIndex, void* val, OD_size_t len, bool_t odOr
 566:CANopen/301/CO_ODinterface.h **** 
 567:CANopen/301/CO_ODinterface.h **** /** Set int8_t variable in Object Dictionary, see @ref OD_set_value */
 568:CANopen/301/CO_ODinterface.h **** static inline ODR_t
 569:CANopen/301/CO_ODinterface.h **** OD_set_i8(const OD_entry_t* entry, uint8_t subIndex, int8_t val, bool_t odOrig) {
 570:CANopen/301/CO_ODinterface.h ****     return OD_set_value(entry, subIndex, &val, sizeof(val), odOrig);
 571:CANopen/301/CO_ODinterface.h **** }
 572:CANopen/301/CO_ODinterface.h **** 
 573:CANopen/301/CO_ODinterface.h **** /** Set int16_t variable in Object Dictionary, see @ref OD_set_value */
 574:CANopen/301/CO_ODinterface.h **** static inline ODR_t
 575:CANopen/301/CO_ODinterface.h **** OD_set_i16(const OD_entry_t* entry, uint8_t subIndex, int16_t val, bool_t odOrig) {
ARM GAS  C:\Users\Lenovo\AppData\Local\Temp\ccOvLNZW.s 			page 66


 576:CANopen/301/CO_ODinterface.h ****     return OD_set_value(entry, subIndex, &val, sizeof(val), odOrig);
 577:CANopen/301/CO_ODinterface.h **** }
 578:CANopen/301/CO_ODinterface.h **** 
 579:CANopen/301/CO_ODinterface.h **** /** Set int32_t variable in Object Dictionary, see @ref OD_set_value */
 580:CANopen/301/CO_ODinterface.h **** static inline ODR_t
 581:CANopen/301/CO_ODinterface.h **** OD_set_i32(const OD_entry_t* entry, uint8_t subIndex, int32_t val, bool_t odOrig) {
 582:CANopen/301/CO_ODinterface.h ****     return OD_set_value(entry, subIndex, &val, sizeof(val), odOrig);
 583:CANopen/301/CO_ODinterface.h **** }
 584:CANopen/301/CO_ODinterface.h **** 
 585:CANopen/301/CO_ODinterface.h **** /** Set int32_t variable in Object Dictionary, see @ref OD_set_value */
 586:CANopen/301/CO_ODinterface.h **** static inline ODR_t
 587:CANopen/301/CO_ODinterface.h **** OD_set_i64(const OD_entry_t* entry, uint8_t subIndex, int64_t val, bool_t odOrig) {
 588:CANopen/301/CO_ODinterface.h ****     return OD_set_value(entry, subIndex, &val, sizeof(val), odOrig);
 589:CANopen/301/CO_ODinterface.h **** }
 590:CANopen/301/CO_ODinterface.h **** 
 591:CANopen/301/CO_ODinterface.h **** /** Set uint8_t variable in Object Dictionary, see @ref OD_set_value */
 592:CANopen/301/CO_ODinterface.h **** static inline ODR_t
 593:CANopen/301/CO_ODinterface.h **** OD_set_u8(const OD_entry_t* entry, uint8_t subIndex, uint8_t val, bool_t odOrig) {
 594:CANopen/301/CO_ODinterface.h ****     return OD_set_value(entry, subIndex, &val, sizeof(val), odOrig);
 595:CANopen/301/CO_ODinterface.h **** }
 596:CANopen/301/CO_ODinterface.h **** 
 597:CANopen/301/CO_ODinterface.h **** /** Set uint16_t variable in Object Dictionary, see @ref OD_set_value */
 598:CANopen/301/CO_ODinterface.h **** static inline ODR_t
 599:CANopen/301/CO_ODinterface.h **** OD_set_u16(const OD_entry_t* entry, uint8_t subIndex, uint16_t val, bool_t odOrig) {
 600:CANopen/301/CO_ODinterface.h ****     return OD_set_value(entry, subIndex, &val, sizeof(val), odOrig);
 601:CANopen/301/CO_ODinterface.h **** }
 602:CANopen/301/CO_ODinterface.h **** 
 603:CANopen/301/CO_ODinterface.h **** /** Set uint32_t variable in Object Dictionary, see @ref OD_set_value */
 604:CANopen/301/CO_ODinterface.h **** static inline ODR_t
 605:CANopen/301/CO_ODinterface.h **** OD_set_u32(const OD_entry_t* entry, uint8_t subIndex, uint32_t val, bool_t odOrig) {
 1631              		.loc 3 605 1 is_stmt 1 view .LVU543
 1632              	.LBB56:
 606:CANopen/301/CO_ODinterface.h ****     return OD_set_value(entry, subIndex, &val, sizeof(val), odOrig);
 1633              		.loc 3 606 5 view .LVU544
 1634              		.loc 3 606 12 is_stmt 0 view .LVU545
 1635 012e CDF800B0 		str	fp, [sp]
 1636 0132 0423     		movs	r3, #4
 1637              	.LVL174:
 1638              		.loc 3 606 12 view .LVU546
 1639 0134 07AA     		add	r2, sp, #28
 1640 0136 5946     		mov	r1, fp
 1641 0138 3046     		mov	r0, r6
 1642              	.LVL175:
 1643              		.loc 3 606 12 view .LVU547
 1644 013a FFF7FEFF 		bl	OD_set_value
 1645              	.LVL176:
 1646              		.loc 3 606 12 view .LVU548
 1647              	.LBE56:
 1648              	.LBE55:
 304:CANopen/301/CO_SDOserver.c ****         } else if ((OD_SDOsrvParIdx > (uint16_t)OD_H1200_SDO_SERVER_1_PARAM)
 1649              		.loc 1 304 13 is_stmt 1 view .LVU549
 304:CANopen/301/CO_SDOserver.c ****         } else if ((OD_SDOsrvParIdx > (uint16_t)OD_H1200_SDO_SERVER_1_PARAM)
 1650              		.loc 1 304 13 is_stmt 0 view .LVU550
 1651 013e 0795     		str	r5, [sp, #28]
 1652              	.LVL177:
 1653              	.LBB57:
 1654              	.LBI57:
ARM GAS  C:\Users\Lenovo\AppData\Local\Temp\ccOvLNZW.s 			page 67


 605:CANopen/301/CO_ODinterface.h ****     return OD_set_value(entry, subIndex, &val, sizeof(val), odOrig);
 1655              		.loc 3 605 1 is_stmt 1 view .LVU551
 1656              	.LBB58:
 1657              		.loc 3 606 5 view .LVU552
 1658              		.loc 3 606 12 is_stmt 0 view .LVU553
 1659 0140 CDF800B0 		str	fp, [sp]
 1660 0144 0423     		movs	r3, #4
 1661 0146 07AA     		add	r2, sp, #28
 1662 0148 0221     		movs	r1, #2
 1663 014a 3046     		mov	r0, r6
 1664 014c FFF7FEFF 		bl	OD_set_value
 1665              	.LVL178:
 1666              		.loc 3 606 12 view .LVU554
 1667              	.LBE58:
 1668              	.LBE57:
 1669 0150 BFE7     		b	.L105
 1670              	.LVL179:
 1671              	.L107:
 1672              	.LBB59:
 318:CANopen/301/CO_SDOserver.c ****                     *errInfo = OD_SDOsrvParIdx;
 1673              		.loc 1 318 17 is_stmt 1 view .LVU555
 318:CANopen/301/CO_SDOserver.c ****                     *errInfo = OD_SDOsrvParIdx;
 1674              		.loc 1 318 20 is_stmt 0 view .LVU556
 1675 0152 179B     		ldr	r3, [sp, #92]
 1676 0154 0BB1     		cbz	r3, .L109
 319:CANopen/301/CO_SDOserver.c ****                 }
 1677              		.loc 1 319 21 is_stmt 1 view .LVU557
 319:CANopen/301/CO_SDOserver.c ****                 }
 1678              		.loc 1 319 30 is_stmt 0 view .LVU558
 1679 0156 C3F80080 		str	r8, [r3]
 1680              	.L109:
 321:CANopen/301/CO_SDOserver.c ****             }
 1681              		.loc 1 321 17 is_stmt 1 view .LVU559
 321:CANopen/301/CO_SDOserver.c ****             }
 1682              		.loc 1 321 24 is_stmt 0 discriminator 1 view .LVU560
 1683 015a 6FF00B00 		mvn	r0, #11
 1684              	.LVL180:
 321:CANopen/301/CO_SDOserver.c ****             }
 1685              		.loc 1 321 24 discriminator 1 view .LVU561
 1686 015e CCE7     		b	.L103
 1687              	.LVL181:
 1688              	.L119:
 324:CANopen/301/CO_SDOserver.c ****                                        ? (uint16_t)(COB_IDClientToServer32 & 0x7FFU)
 1689              		.loc 1 324 34 discriminator 2 view .LVU562
 1690 0160 4FF00008 		mov	r8, #0
 1691              	.LVL182:
 324:CANopen/301/CO_SDOserver.c ****                                        ? (uint16_t)(COB_IDClientToServer32 & 0x7FFU)
 1692              		.loc 1 324 34 discriminator 2 view .LVU563
 1693 0164 A8E7     		b	.L110
 1694              	.LVL183:
 1695              	.L120:
 327:CANopen/301/CO_SDOserver.c ****                                        ? (uint16_t)(COB_IDServerToClient32 & 0x7FFU)
 1696              		.loc 1 327 34 discriminator 2 view .LVU564
 1697 0166 0025     		movs	r5, #0
 1698 0168 ABE7     		b	.L111
 1699              	.LVL184:
 1700              	.L112:
ARM GAS  C:\Users\Lenovo\AppData\Local\Temp\ccOvLNZW.s 			page 68


 327:CANopen/301/CO_SDOserver.c ****                                        ? (uint16_t)(COB_IDServerToClient32 & 0x7FFU)
 1701              		.loc 1 327 34 discriminator 2 view .LVU565
 1702              	.LBE59:
 1703              	.LBE60:
 259:CANopen/301/CO_SDOserver.c ****     }
 1704              		.loc 1 259 16 view .LVU566
 1705 016a 4FF0FF30 		mov	r0, #-1
 1706              	.LVL185:
 259:CANopen/301/CO_SDOserver.c ****     }
 1707              		.loc 1 259 16 view .LVU567
 1708 016e C4E7     		b	.L103
 1709              	.LVL186:
 1710              	.L113:
 259:CANopen/301/CO_SDOserver.c ****     }
 1711              		.loc 1 259 16 view .LVU568
 1712 0170 4FF0FF30 		mov	r0, #-1
 1713              	.LVL187:
 259:CANopen/301/CO_SDOserver.c ****     }
 1714              		.loc 1 259 16 view .LVU569
 1715 0174 C1E7     		b	.L103
 1716              	.LVL188:
 1717              	.L114:
 259:CANopen/301/CO_SDOserver.c ****     }
 1718              		.loc 1 259 16 view .LVU570
 1719 0176 4FF0FF30 		mov	r0, #-1
 1720              	.LVL189:
 259:CANopen/301/CO_SDOserver.c ****     }
 1721              		.loc 1 259 16 view .LVU571
 1722 017a BEE7     		b	.L103
 1723              	.LVL190:
 1724              	.L115:
 259:CANopen/301/CO_SDOserver.c ****     }
 1725              		.loc 1 259 16 view .LVU572
 1726 017c 4FF0FF30 		mov	r0, #-1
 1727              	.LVL191:
 259:CANopen/301/CO_SDOserver.c ****     }
 1728              		.loc 1 259 16 view .LVU573
 1729 0180 BBE7     		b	.L103
 1730              	.LVL192:
 1731              	.L116:
 284:CANopen/301/CO_SDOserver.c ****         }
 1732              		.loc 1 284 20 view .LVU574
 1733 0182 4FF0FF30 		mov	r0, #-1
 1734              	.LVL193:
 284:CANopen/301/CO_SDOserver.c ****         }
 1735              		.loc 1 284 20 view .LVU575
 1736 0186 B8E7     		b	.L103
 1737              	.LVL194:
 1738              	.L117:
 1739              	.LBB61:
 296:CANopen/301/CO_SDOserver.c ****             }
 1740              		.loc 1 296 24 view .LVU576
 1741 0188 4FF0FF30 		mov	r0, #-1
 1742              	.LVL195:
 296:CANopen/301/CO_SDOserver.c ****             }
 1743              		.loc 1 296 24 view .LVU577
 1744 018c B5E7     		b	.L103
ARM GAS  C:\Users\Lenovo\AppData\Local\Temp\ccOvLNZW.s 			page 69


 1745              	.LVL196:
 1746              	.L118:
 344:CANopen/301/CO_SDOserver.c ****         }
 1747              		.loc 1 344 20 view .LVU578
 1748 018e 4FF0FF30 		mov	r0, #-1
 1749              	.LVL197:
 344:CANopen/301/CO_SDOserver.c ****         }
 1750              		.loc 1 344 20 view .LVU579
 1751 0192 B2E7     		b	.L103
 1752              	.L125:
 1753              		.align	2
 1754              	.L124:
 1755 0194 00000000 		.word	OD_readOriginal
 1756 0198 00000000 		.word	OD_write_1201_additional
 1757              	.LBE61:
 1758              		.cfi_endproc
 1759              	.LFE35:
 1761              		.section	.text.CO_SDOserver_process,"ax",%progbits
 1762              		.align	1
 1763              		.global	CO_SDOserver_process
 1764              		.syntax unified
 1765              		.thumb
 1766              		.thumb_func
 1768              	CO_SDOserver_process:
 1769              	.LVL198:
 1770              	.LFB38:
 591:CANopen/301/CO_SDOserver.c **** #endif
 592:CANopen/301/CO_SDOserver.c **** 
 593:CANopen/301/CO_SDOserver.c **** CO_SDO_return_t
 594:CANopen/301/CO_SDOserver.c **** CO_SDOserver_process(CO_SDOserver_t* SDO, bool_t NMTisPreOrOperational, uint32_t timeDifference_us,
 595:CANopen/301/CO_SDOserver.c ****                      uint32_t* timerNext_us) {
 1771              		.loc 1 595 46 is_stmt 1 view -0
 1772              		.cfi_startproc
 1773              		@ args = 0, pretend = 0, frame = 16
 1774              		@ frame_needed = 0, uses_anonymous_args = 0
 1775              		.loc 1 595 46 is_stmt 0 view .LVU581
 1776 0000 70B5     		push	{r4, r5, r6, lr}
 1777              	.LCFI19:
 1778              		.cfi_def_cfa_offset 16
 1779              		.cfi_offset 4, -16
 1780              		.cfi_offset 5, -12
 1781              		.cfi_offset 6, -8
 1782              		.cfi_offset 14, -4
 1783 0002 84B0     		sub	sp, sp, #16
 1784              	.LCFI20:
 1785              		.cfi_def_cfa_offset 32
 596:CANopen/301/CO_SDOserver.c ****     if (SDO == NULL) {
 1786              		.loc 1 596 5 is_stmt 1 view .LVU582
 1787              		.loc 1 596 8 is_stmt 0 view .LVU583
 1788 0004 0028     		cmp	r0, #0
 1789 0006 00F0D582 		beq	.L194
 1790 000a 0446     		mov	r4, r0
 597:CANopen/301/CO_SDOserver.c ****         return CO_SDO_RT_wrongArguments;
 598:CANopen/301/CO_SDOserver.c ****     }
 599:CANopen/301/CO_SDOserver.c **** 
 600:CANopen/301/CO_SDOserver.c ****     (void)timerNext_us; /* may be unused */
 1791              		.loc 1 600 5 is_stmt 1 view .LVU584
ARM GAS  C:\Users\Lenovo\AppData\Local\Temp\ccOvLNZW.s 			page 70


 601:CANopen/301/CO_SDOserver.c **** 
 602:CANopen/301/CO_SDOserver.c ****     CO_SDO_return_t ret = CO_SDO_RT_waitingResponse;
 1792              		.loc 1 602 5 view .LVU585
 1793              	.LVL199:
 603:CANopen/301/CO_SDOserver.c ****     CO_SDO_abortCode_t abortCode = CO_SDO_AB_NONE;
 1794              		.loc 1 603 5 view .LVU586
 1795              		.loc 1 603 24 is_stmt 0 view .LVU587
 1796 000c 0023     		movs	r3, #0
 1797              	.LVL200:
 1798              		.loc 1 603 24 view .LVU588
 1799 000e 0393     		str	r3, [sp, #12]
 604:CANopen/301/CO_SDOserver.c ****     bool_t isNew = CO_FLAG_READ(SDO->CANrxNew);
 1800              		.loc 1 604 5 is_stmt 1 view .LVU589
 1801              		.loc 1 604 20 is_stmt 0 view .LVU590
 1802 0010 C06B     		ldr	r0, [r0, #60]
 1803              	.LVL201:
 605:CANopen/301/CO_SDOserver.c **** 
 606:CANopen/301/CO_SDOserver.c ****     if ((SDO->state == CO_SDO_ST_IDLE) && SDO->valid && !isNew) {
 1804              		.loc 1 606 5 is_stmt 1 view .LVU591
 1805              		.loc 1 606 13 is_stmt 0 view .LVU592
 1806 0012 237D     		ldrb	r3, [r4, #20]	@ zero_extendqisi2
 1807              		.loc 1 606 8 view .LVU593
 1808 0014 23B9     		cbnz	r3, .L128
 1809              		.loc 1 606 46 discriminator 1 view .LVU594
 1810 0016 2369     		ldr	r3, [r4, #16]
 1811              		.loc 1 606 40 discriminator 1 view .LVU595
 1812 0018 13B1     		cbz	r3, .L128
 1813              		.loc 1 606 54 discriminator 2 view .LVU596
 1814 001a 0028     		cmp	r0, #0
 1815 001c 00F0CD82 		beq	.L195
 1816              	.L128:
 607:CANopen/301/CO_SDOserver.c ****         /* Idle and nothing new */
 608:CANopen/301/CO_SDOserver.c ****         ret = CO_SDO_RT_ok_communicationEnd;
 609:CANopen/301/CO_SDOserver.c ****     } else if (!NMTisPreOrOperational || !SDO->valid) {
 1817              		.loc 1 609 12 is_stmt 1 view .LVU597
 1818              		.loc 1 609 15 is_stmt 0 view .LVU598
 1819 0020 09B1     		cbz	r1, .L129
 1820              		.loc 1 609 46 discriminator 1 view .LVU599
 1821 0022 2369     		ldr	r3, [r4, #16]
 1822              		.loc 1 609 39 discriminator 1 view .LVU600
 1823 0024 2BB9     		cbnz	r3, .L130
 1824              	.L129:
 610:CANopen/301/CO_SDOserver.c ****         /* SDO is allowed only in operational or pre-operational NMT state and must be valid */
 611:CANopen/301/CO_SDOserver.c ****         SDO->state = CO_SDO_ST_IDLE;
 1825              		.loc 1 611 9 is_stmt 1 view .LVU601
 1826              		.loc 1 611 20 is_stmt 0 view .LVU602
 1827 0026 0025     		movs	r5, #0
 1828 0028 2575     		strb	r5, [r4, #20]
 612:CANopen/301/CO_SDOserver.c ****         CO_FLAG_CLEAR(SDO->CANrxNew);
 1829              		.loc 1 612 9 is_stmt 1 view .LVU603
 1830              		.loc 1 612 9 view .LVU604
 1831 002a E563     		str	r5, [r4, #60]
 1832              		.loc 1 612 37 view .LVU605
 613:CANopen/301/CO_SDOserver.c ****         ret = CO_SDO_RT_ok_communicationEnd;
 1833              		.loc 1 613 9 view .LVU606
 1834              	.LVL202:
 614:CANopen/301/CO_SDOserver.c ****     }
ARM GAS  C:\Users\Lenovo\AppData\Local\Temp\ccOvLNZW.s 			page 71


 615:CANopen/301/CO_SDOserver.c ****     /* CAN data received ******************************************************/
 616:CANopen/301/CO_SDOserver.c ****     else if (isNew) {
 617:CANopen/301/CO_SDOserver.c ****         if (SDO->state == CO_SDO_ST_IDLE) { /* new SDO communication? */
 618:CANopen/301/CO_SDOserver.c ****             bool_t upload = false;
 619:CANopen/301/CO_SDOserver.c **** 
 620:CANopen/301/CO_SDOserver.c ****             if ((SDO->CANrxData[0] & 0xF0U) == 0x20U) {
 621:CANopen/301/CO_SDOserver.c ****                 SDO->state = CO_SDO_ST_DOWNLOAD_INITIATE_REQ;
 622:CANopen/301/CO_SDOserver.c ****             } else if (SDO->CANrxData[0] == 0x40U) {
 623:CANopen/301/CO_SDOserver.c ****                 upload = true;
 624:CANopen/301/CO_SDOserver.c ****                 SDO->state = CO_SDO_ST_UPLOAD_INITIATE_REQ;
 625:CANopen/301/CO_SDOserver.c ****             }
 626:CANopen/301/CO_SDOserver.c **** #if ((CO_CONFIG_SDO_SRV)&CO_CONFIG_SDO_SRV_BLOCK) != 0
 627:CANopen/301/CO_SDOserver.c ****             else if ((SDO->CANrxData[0] & 0xF9) == 0xC0) {
 628:CANopen/301/CO_SDOserver.c ****                 SDO->state = CO_SDO_ST_DOWNLOAD_BLK_INITIATE_REQ;
 629:CANopen/301/CO_SDOserver.c ****             } else if ((SDO->CANrxData[0] & 0xFB) == 0xA0) {
 630:CANopen/301/CO_SDOserver.c ****                 upload = true;
 631:CANopen/301/CO_SDOserver.c ****                 SDO->state = CO_SDO_ST_UPLOAD_BLK_INITIATE_REQ;
 632:CANopen/301/CO_SDOserver.c ****             }
 633:CANopen/301/CO_SDOserver.c **** #endif
 634:CANopen/301/CO_SDOserver.c ****             else {
 635:CANopen/301/CO_SDOserver.c ****                 abortCode = CO_SDO_AB_CMD;
 636:CANopen/301/CO_SDOserver.c ****                 SDO->state = CO_SDO_ST_ABORT;
 637:CANopen/301/CO_SDOserver.c ****             }
 638:CANopen/301/CO_SDOserver.c **** 
 639:CANopen/301/CO_SDOserver.c ****             /* if no error search object dictionary for new SDO request */
 640:CANopen/301/CO_SDOserver.c ****             if (abortCode == CO_SDO_AB_NONE) {
 641:CANopen/301/CO_SDOserver.c ****                 ODR_t odRet;
 642:CANopen/301/CO_SDOserver.c ****                 SDO->index = (uint16_t)((((uint16_t)SDO->CANrxData[2]) << 8) | SDO->CANrxData[1]);
 643:CANopen/301/CO_SDOserver.c ****                 SDO->subIndex = SDO->CANrxData[3];
 644:CANopen/301/CO_SDOserver.c ****                 odRet = OD_getSub(OD_find(SDO->OD, SDO->index), SDO->subIndex, &SDO->OD_IO, false);
 645:CANopen/301/CO_SDOserver.c ****                 if (odRet != ODR_OK) {
 646:CANopen/301/CO_SDOserver.c ****                     abortCode = (CO_SDO_abortCode_t)OD_getSDOabCode(odRet);
 647:CANopen/301/CO_SDOserver.c ****                     SDO->state = CO_SDO_ST_ABORT;
 648:CANopen/301/CO_SDOserver.c ****                 } else {
 649:CANopen/301/CO_SDOserver.c ****                     /* verify read/write attributes */
 650:CANopen/301/CO_SDOserver.c ****                     if ((SDO->OD_IO.stream.attribute & (OD_attr_t)ODA_SDO_RW) == 0U) {
 651:CANopen/301/CO_SDOserver.c ****                         abortCode = CO_SDO_AB_UNSUPPORTED_ACCESS;
 652:CANopen/301/CO_SDOserver.c ****                         SDO->state = CO_SDO_ST_ABORT;
 653:CANopen/301/CO_SDOserver.c ****                     } else if (upload && ((SDO->OD_IO.stream.attribute & (OD_attr_t)ODA_SDO_R) == 0
 654:CANopen/301/CO_SDOserver.c ****                         abortCode = CO_SDO_AB_WRITEONLY;
 655:CANopen/301/CO_SDOserver.c ****                         SDO->state = CO_SDO_ST_ABORT;
 656:CANopen/301/CO_SDOserver.c ****                     } else if (!upload && ((SDO->OD_IO.stream.attribute & (OD_attr_t)ODA_SDO_W) == 
 657:CANopen/301/CO_SDOserver.c ****                         abortCode = CO_SDO_AB_READONLY;
 658:CANopen/301/CO_SDOserver.c ****                         SDO->state = CO_SDO_ST_ABORT;
 659:CANopen/301/CO_SDOserver.c ****                     } else { /* MISRA C 2004 14.10 */
 660:CANopen/301/CO_SDOserver.c ****                     }
 661:CANopen/301/CO_SDOserver.c ****                 }
 662:CANopen/301/CO_SDOserver.c ****             }
 663:CANopen/301/CO_SDOserver.c **** 
 664:CANopen/301/CO_SDOserver.c **** #if ((CO_CONFIG_SDO_SRV)&CO_CONFIG_SDO_SRV_SEGMENTED) != 0
 665:CANopen/301/CO_SDOserver.c ****             /* load data from object dictionary, if upload and no error */
 666:CANopen/301/CO_SDOserver.c ****             if (upload && (abortCode == CO_SDO_AB_NONE)) {
 667:CANopen/301/CO_SDOserver.c ****                 SDO->bufOffsetRd = 0;
 668:CANopen/301/CO_SDOserver.c ****                 SDO->bufOffsetWr = 0;
 669:CANopen/301/CO_SDOserver.c ****                 SDO->sizeTran = 0;
 670:CANopen/301/CO_SDOserver.c ****                 SDO->finished = false;
 671:CANopen/301/CO_SDOserver.c **** 
ARM GAS  C:\Users\Lenovo\AppData\Local\Temp\ccOvLNZW.s 			page 72


 672:CANopen/301/CO_SDOserver.c ****                 if (readFromOd(SDO, &abortCode, 7, false)) {
 673:CANopen/301/CO_SDOserver.c ****                     /* Size of variable in OD (may not be known yet) */
 674:CANopen/301/CO_SDOserver.c ****                     if (SDO->finished) {
 675:CANopen/301/CO_SDOserver.c ****                         /* OD variable was completely read, its size is known */
 676:CANopen/301/CO_SDOserver.c **** 
 677:CANopen/301/CO_SDOserver.c ****                         SDO->sizeInd = SDO->OD_IO.stream.dataLength;
 678:CANopen/301/CO_SDOserver.c **** 
 679:CANopen/301/CO_SDOserver.c ****                         if (SDO->sizeInd == 0U) {
 680:CANopen/301/CO_SDOserver.c ****                             SDO->sizeInd = SDO->bufOffsetWr;
 681:CANopen/301/CO_SDOserver.c ****                         } else if (SDO->sizeInd != SDO->bufOffsetWr) {
 682:CANopen/301/CO_SDOserver.c ****                             abortCode = CO_SDO_AB_DEVICE_INCOMPAT;
 683:CANopen/301/CO_SDOserver.c ****                             SDO->state = CO_SDO_ST_ABORT;
 684:CANopen/301/CO_SDOserver.c ****                         } else { /* MISRA C 2004 14.10 */
 685:CANopen/301/CO_SDOserver.c ****                         }
 686:CANopen/301/CO_SDOserver.c ****                     } else {
 687:CANopen/301/CO_SDOserver.c ****                         /* If data type is string, size is not known */
 688:CANopen/301/CO_SDOserver.c ****                         SDO->sizeInd = ((SDO->OD_IO.stream.attribute & (OD_attr_t)ODA_STR) == 0U)
 689:CANopen/301/CO_SDOserver.c ****                                            ? SDO->OD_IO.stream.dataLength
 690:CANopen/301/CO_SDOserver.c ****                                            : 0U;
 691:CANopen/301/CO_SDOserver.c ****                     }
 692:CANopen/301/CO_SDOserver.c ****                 }
 693:CANopen/301/CO_SDOserver.c ****             }
 694:CANopen/301/CO_SDOserver.c **** #endif    /* (CO_CONFIG_SDO_SRV) & CO_CONFIG_SDO_SRV_SEGMENTED */
 695:CANopen/301/CO_SDOserver.c ****         } /* (SDO->state == CO_SDO_ST_IDLE) */
 696:CANopen/301/CO_SDOserver.c **** 
 697:CANopen/301/CO_SDOserver.c ****         bool isOKstate = (SDO->state != CO_SDO_ST_IDLE);
 698:CANopen/301/CO_SDOserver.c ****         isOKstate = (SDO->state != CO_SDO_ST_ABORT) && isOKstate;
 699:CANopen/301/CO_SDOserver.c ****         if (isOKstate) {
 700:CANopen/301/CO_SDOserver.c ****             switch (SDO->state) {
 701:CANopen/301/CO_SDOserver.c ****                 case CO_SDO_ST_DOWNLOAD_INITIATE_REQ: {
 702:CANopen/301/CO_SDOserver.c ****                     if ((SDO->CANrxData[0] & 0x02U) != 0U) {
 703:CANopen/301/CO_SDOserver.c ****                         /* Expedited transfer, max 4 bytes of data */
 704:CANopen/301/CO_SDOserver.c **** 
 705:CANopen/301/CO_SDOserver.c ****                         /* Size of OD variable (>0 if indicated) */
 706:CANopen/301/CO_SDOserver.c ****                         OD_size_t sizeInOd = SDO->OD_IO.stream.dataLength;
 707:CANopen/301/CO_SDOserver.c **** 
 708:CANopen/301/CO_SDOserver.c ****                         /* Get SDO data size (indicated by SDO client or get from OD) */
 709:CANopen/301/CO_SDOserver.c ****                         OD_size_t dataSizeToWrite = 4;
 710:CANopen/301/CO_SDOserver.c ****                         if ((SDO->CANrxData[0] & 0x01U) != 0U) {
 711:CANopen/301/CO_SDOserver.c ****                             dataSizeToWrite -= ((OD_size_t)(SDO->CANrxData[0]) >> 2) & 0x03U;
 712:CANopen/301/CO_SDOserver.c ****                         } else if ((sizeInOd > 0U) && (sizeInOd < 4U)) {
 713:CANopen/301/CO_SDOserver.c ****                             dataSizeToWrite = sizeInOd;
 714:CANopen/301/CO_SDOserver.c ****                         } else { /* MISRA C 2004 14.10 */
 715:CANopen/301/CO_SDOserver.c ****                         }
 716:CANopen/301/CO_SDOserver.c **** 
 717:CANopen/301/CO_SDOserver.c ****                         /* copy data to the temp buffer, swap data if necessary */
 718:CANopen/301/CO_SDOserver.c ****                         uint8_t buf[6] = {0};
 719:CANopen/301/CO_SDOserver.c ****                         (void)memcpy(buf, &SDO->CANrxData[4], dataSizeToWrite);
 720:CANopen/301/CO_SDOserver.c **** #ifdef CO_BIG_ENDIAN
 721:CANopen/301/CO_SDOserver.c ****                         if ((SDO->OD_IO.stream.attribute & ODA_MB) != 0) {
 722:CANopen/301/CO_SDOserver.c ****                             reverseBytes(buf, dataSizeToWrite);
 723:CANopen/301/CO_SDOserver.c ****                         }
 724:CANopen/301/CO_SDOserver.c **** #endif
 725:CANopen/301/CO_SDOserver.c **** 
 726:CANopen/301/CO_SDOserver.c ****                         /* If dataType is string, then size of data downloaded may be shorter as si
 727:CANopen/301/CO_SDOserver.c ****                          * the OD data buffer. If so, add two zero bytes to terminate (unicode) str
 728:CANopen/301/CO_SDOserver.c ****                          * Shorten also OD data size, (temporary, send information about EOF into O
ARM GAS  C:\Users\Lenovo\AppData\Local\Temp\ccOvLNZW.s 			page 73


 729:CANopen/301/CO_SDOserver.c ****                         if (((SDO->OD_IO.stream.attribute & (OD_attr_t)ODA_STR) != 0U)
 730:CANopen/301/CO_SDOserver.c ****                             && ((sizeInOd == 0U) || (dataSizeToWrite < sizeInOd))) {
 731:CANopen/301/CO_SDOserver.c ****                             OD_size_t delta = sizeInOd - dataSizeToWrite;
 732:CANopen/301/CO_SDOserver.c ****                             dataSizeToWrite += (delta == 1U) ? 1U : 2U;
 733:CANopen/301/CO_SDOserver.c ****                             SDO->OD_IO.stream.dataLength = dataSizeToWrite;
 734:CANopen/301/CO_SDOserver.c ****                         } else if (sizeInOd == 0U) {
 735:CANopen/301/CO_SDOserver.c ****                             SDO->OD_IO.stream.dataLength = dataSizeToWrite;
 736:CANopen/301/CO_SDOserver.c ****                         }
 737:CANopen/301/CO_SDOserver.c ****                         /* Verify if size of data downloaded matches data size in OD. */
 738:CANopen/301/CO_SDOserver.c ****                         else if (dataSizeToWrite != sizeInOd) {
 739:CANopen/301/CO_SDOserver.c ****                             abortCode = (dataSizeToWrite > sizeInOd) ? CO_SDO_AB_DATA_LONG : CO_SDO
 740:CANopen/301/CO_SDOserver.c ****                             SDO->state = CO_SDO_ST_ABORT;
 741:CANopen/301/CO_SDOserver.c ****                             break;
 742:CANopen/301/CO_SDOserver.c ****                         } else { /* MISRA C 2004 14.10 */
 743:CANopen/301/CO_SDOserver.c ****                         }
 744:CANopen/301/CO_SDOserver.c **** 
 745:CANopen/301/CO_SDOserver.c ****                         /* Copy data */
 746:CANopen/301/CO_SDOserver.c ****                         OD_size_t countWritten = 0;
 747:CANopen/301/CO_SDOserver.c ****                         ODR_t odRet;
 748:CANopen/301/CO_SDOserver.c **** 
 749:CANopen/301/CO_SDOserver.c ****                         CO_LOCK_OD(SDO->CANdevTx);
 750:CANopen/301/CO_SDOserver.c ****                         odRet = SDO->OD_IO.write(&SDO->OD_IO.stream, buf, dataSizeToWrite, &countWr
 751:CANopen/301/CO_SDOserver.c ****                         CO_UNLOCK_OD(SDO->CANdevTx);
 752:CANopen/301/CO_SDOserver.c **** 
 753:CANopen/301/CO_SDOserver.c ****                         if (odRet != ODR_OK) {
 754:CANopen/301/CO_SDOserver.c ****                             abortCode = (CO_SDO_abortCode_t)OD_getSDOabCode(odRet);
 755:CANopen/301/CO_SDOserver.c ****                             SDO->state = CO_SDO_ST_ABORT;
 756:CANopen/301/CO_SDOserver.c ****                             break;
 757:CANopen/301/CO_SDOserver.c ****                         } else {
 758:CANopen/301/CO_SDOserver.c ****                             SDO->state = CO_SDO_ST_DOWNLOAD_INITIATE_RSP;
 759:CANopen/301/CO_SDOserver.c **** #if ((CO_CONFIG_SDO_SRV)&CO_CONFIG_SDO_SRV_SEGMENTED) != 0
 760:CANopen/301/CO_SDOserver.c ****                             SDO->finished = true;
 761:CANopen/301/CO_SDOserver.c **** #endif
 762:CANopen/301/CO_SDOserver.c ****                         }
 763:CANopen/301/CO_SDOserver.c ****                     } else {
 764:CANopen/301/CO_SDOserver.c **** #if ((CO_CONFIG_SDO_SRV)&CO_CONFIG_SDO_SRV_SEGMENTED) != 0
 765:CANopen/301/CO_SDOserver.c ****                         /* segmented transfer, is size indicated? */
 766:CANopen/301/CO_SDOserver.c ****                         if ((SDO->CANrxData[0] & 0x01U) != 0U) {
 767:CANopen/301/CO_SDOserver.c ****                             uint32_t size;
 768:CANopen/301/CO_SDOserver.c ****                             OD_size_t sizeInOd = SDO->OD_IO.stream.dataLength;
 769:CANopen/301/CO_SDOserver.c **** 
 770:CANopen/301/CO_SDOserver.c ****                             (void)memcpy((void*)(&size), (const void*)(&SDO->CANrxData[4]), sizeof(
 771:CANopen/301/CO_SDOserver.c ****                             SDO->sizeInd = CO_SWAP_32(size);
 772:CANopen/301/CO_SDOserver.c **** 
 773:CANopen/301/CO_SDOserver.c ****                             /* Indicated size of SDO matches sizeof OD variable? */
 774:CANopen/301/CO_SDOserver.c ****                             if (sizeInOd > 0U) {
 775:CANopen/301/CO_SDOserver.c ****                                 if (SDO->sizeInd > sizeInOd) {
 776:CANopen/301/CO_SDOserver.c ****                                     abortCode = CO_SDO_AB_DATA_LONG;
 777:CANopen/301/CO_SDOserver.c ****                                     SDO->state = CO_SDO_ST_ABORT;
 778:CANopen/301/CO_SDOserver.c ****                                     break;
 779:CANopen/301/CO_SDOserver.c ****                                 }
 780:CANopen/301/CO_SDOserver.c ****                                 /* strings are allowed to be shorter */
 781:CANopen/301/CO_SDOserver.c ****                                 else if ((SDO->sizeInd < sizeInOd)
 782:CANopen/301/CO_SDOserver.c ****                                          && ((SDO->OD_IO.stream.attribute & (OD_attr_t)ODA_STR) == 
 783:CANopen/301/CO_SDOserver.c ****                                     abortCode = CO_SDO_AB_DATA_SHORT;
 784:CANopen/301/CO_SDOserver.c ****                                     SDO->state = CO_SDO_ST_ABORT;
 785:CANopen/301/CO_SDOserver.c ****                                     break;
ARM GAS  C:\Users\Lenovo\AppData\Local\Temp\ccOvLNZW.s 			page 74


 786:CANopen/301/CO_SDOserver.c ****                                 } else { /* MISRA C 2004 14.10 */
 787:CANopen/301/CO_SDOserver.c ****                                 }
 788:CANopen/301/CO_SDOserver.c ****                             }
 789:CANopen/301/CO_SDOserver.c ****                         } else {
 790:CANopen/301/CO_SDOserver.c ****                             SDO->sizeInd = 0;
 791:CANopen/301/CO_SDOserver.c ****                         }
 792:CANopen/301/CO_SDOserver.c ****                         SDO->state = CO_SDO_ST_DOWNLOAD_INITIATE_RSP;
 793:CANopen/301/CO_SDOserver.c ****                         SDO->finished = false;
 794:CANopen/301/CO_SDOserver.c **** #else
 795:CANopen/301/CO_SDOserver.c ****                         abortCode = CO_SDO_AB_UNSUPPORTED_ACCESS;
 796:CANopen/301/CO_SDOserver.c ****                         SDO->state = CO_SDO_ST_ABORT;
 797:CANopen/301/CO_SDOserver.c **** #endif
 798:CANopen/301/CO_SDOserver.c ****                     }
 799:CANopen/301/CO_SDOserver.c ****                     break;
 800:CANopen/301/CO_SDOserver.c ****                 }
 801:CANopen/301/CO_SDOserver.c **** 
 802:CANopen/301/CO_SDOserver.c **** #if ((CO_CONFIG_SDO_SRV)&CO_CONFIG_SDO_SRV_SEGMENTED) != 0
 803:CANopen/301/CO_SDOserver.c ****                 case CO_SDO_ST_DOWNLOAD_SEGMENT_REQ: {
 804:CANopen/301/CO_SDOserver.c ****                     if ((SDO->CANrxData[0] & 0xE0U) == 0x00U) {
 805:CANopen/301/CO_SDOserver.c ****                         SDO->finished = (SDO->CANrxData[0] & 0x01U) != 0U;
 806:CANopen/301/CO_SDOserver.c **** 
 807:CANopen/301/CO_SDOserver.c ****                         /* verify and alternate toggle bit */
 808:CANopen/301/CO_SDOserver.c ****                         uint8_t toggle = SDO->CANrxData[0] & 0x10U;
 809:CANopen/301/CO_SDOserver.c ****                         if (toggle != SDO->toggle) {
 810:CANopen/301/CO_SDOserver.c ****                             abortCode = CO_SDO_AB_TOGGLE_BIT;
 811:CANopen/301/CO_SDOserver.c ****                             SDO->state = CO_SDO_ST_ABORT;
 812:CANopen/301/CO_SDOserver.c ****                             break;
 813:CANopen/301/CO_SDOserver.c ****                         }
 814:CANopen/301/CO_SDOserver.c **** 
 815:CANopen/301/CO_SDOserver.c ****                         /* get data size and write data to the buffer */
 816:CANopen/301/CO_SDOserver.c ****                         OD_size_t count = (OD_size_t)(7U - (((OD_size_t)(SDO->CANrxData[0]) >> 1) &
 817:CANopen/301/CO_SDOserver.c ****                         (void)memcpy(SDO->buf + SDO->bufOffsetWr, &SDO->CANrxData[1], count);
 818:CANopen/301/CO_SDOserver.c ****                         SDO->bufOffsetWr += count;
 819:CANopen/301/CO_SDOserver.c ****                         SDO->sizeTran += count;
 820:CANopen/301/CO_SDOserver.c **** 
 821:CANopen/301/CO_SDOserver.c ****                         /* if data size exceeds variable size, abort */
 822:CANopen/301/CO_SDOserver.c ****                         if ((SDO->OD_IO.stream.dataLength > 0U) && (SDO->sizeTran > SDO->OD_IO.stre
 823:CANopen/301/CO_SDOserver.c ****                             abortCode = CO_SDO_AB_DATA_LONG;
 824:CANopen/301/CO_SDOserver.c ****                             SDO->state = CO_SDO_ST_ABORT;
 825:CANopen/301/CO_SDOserver.c ****                             break;
 826:CANopen/301/CO_SDOserver.c ****                         }
 827:CANopen/301/CO_SDOserver.c **** 
 828:CANopen/301/CO_SDOserver.c ****                         /* if necessary, empty the buffer */
 829:CANopen/301/CO_SDOserver.c ****                         if (SDO->finished || ((CO_CONFIG_SDO_SRV_BUFFER_SIZE - SDO->bufOffsetWr) < 
 830:CANopen/301/CO_SDOserver.c ****                             if (!validateAndWriteToOD(SDO, &abortCode, 0, 0)) {
 831:CANopen/301/CO_SDOserver.c ****                                 break;
 832:CANopen/301/CO_SDOserver.c ****                             }
 833:CANopen/301/CO_SDOserver.c ****                         }
 834:CANopen/301/CO_SDOserver.c **** 
 835:CANopen/301/CO_SDOserver.c ****                         SDO->state = CO_SDO_ST_DOWNLOAD_SEGMENT_RSP;
 836:CANopen/301/CO_SDOserver.c ****                     } else {
 837:CANopen/301/CO_SDOserver.c ****                         abortCode = CO_SDO_AB_CMD;
 838:CANopen/301/CO_SDOserver.c ****                         SDO->state = CO_SDO_ST_ABORT;
 839:CANopen/301/CO_SDOserver.c ****                     }
 840:CANopen/301/CO_SDOserver.c ****                     break;
 841:CANopen/301/CO_SDOserver.c ****                 }
 842:CANopen/301/CO_SDOserver.c **** #endif /* (CO_CONFIG_SDO_SRV) & CO_CONFIG_SDO_SRV_SEGMENTED */
ARM GAS  C:\Users\Lenovo\AppData\Local\Temp\ccOvLNZW.s 			page 75


 843:CANopen/301/CO_SDOserver.c **** 
 844:CANopen/301/CO_SDOserver.c ****                 case CO_SDO_ST_UPLOAD_INITIATE_REQ: {
 845:CANopen/301/CO_SDOserver.c ****                     SDO->state = CO_SDO_ST_UPLOAD_INITIATE_RSP;
 846:CANopen/301/CO_SDOserver.c ****                     break;
 847:CANopen/301/CO_SDOserver.c ****                 }
 848:CANopen/301/CO_SDOserver.c **** 
 849:CANopen/301/CO_SDOserver.c **** #if ((CO_CONFIG_SDO_SRV)&CO_CONFIG_SDO_SRV_SEGMENTED) != 0
 850:CANopen/301/CO_SDOserver.c ****                 case CO_SDO_ST_UPLOAD_SEGMENT_REQ: {
 851:CANopen/301/CO_SDOserver.c ****                     if ((SDO->CANrxData[0] & 0xEFU) == 0x60U) {
 852:CANopen/301/CO_SDOserver.c ****                         /* verify and alternate toggle bit */
 853:CANopen/301/CO_SDOserver.c ****                         uint8_t toggle = SDO->CANrxData[0] & 0x10U;
 854:CANopen/301/CO_SDOserver.c ****                         if (toggle != SDO->toggle) {
 855:CANopen/301/CO_SDOserver.c ****                             abortCode = CO_SDO_AB_TOGGLE_BIT;
 856:CANopen/301/CO_SDOserver.c ****                             SDO->state = CO_SDO_ST_ABORT;
 857:CANopen/301/CO_SDOserver.c ****                             break;
 858:CANopen/301/CO_SDOserver.c ****                         }
 859:CANopen/301/CO_SDOserver.c ****                         SDO->state = CO_SDO_ST_UPLOAD_SEGMENT_RSP;
 860:CANopen/301/CO_SDOserver.c ****                     } else {
 861:CANopen/301/CO_SDOserver.c ****                         abortCode = CO_SDO_AB_CMD;
 862:CANopen/301/CO_SDOserver.c ****                         SDO->state = CO_SDO_ST_ABORT;
 863:CANopen/301/CO_SDOserver.c ****                     }
 864:CANopen/301/CO_SDOserver.c ****                     break;
 865:CANopen/301/CO_SDOserver.c ****                 }
 866:CANopen/301/CO_SDOserver.c **** #endif /* (CO_CONFIG_SDO_SRV) & CO_CONFIG_SDO_SRV_SEGMENTED */
 867:CANopen/301/CO_SDOserver.c **** 
 868:CANopen/301/CO_SDOserver.c **** #if ((CO_CONFIG_SDO_SRV)&CO_CONFIG_SDO_SRV_BLOCK) != 0
 869:CANopen/301/CO_SDOserver.c ****                 case CO_SDO_ST_DOWNLOAD_BLK_INITIATE_REQ: {
 870:CANopen/301/CO_SDOserver.c ****                     SDO->block_crcEnabled = (SDO->CANrxData[0] & 0x04) != 0;
 871:CANopen/301/CO_SDOserver.c **** 
 872:CANopen/301/CO_SDOserver.c ****                     /* is size indicated? */
 873:CANopen/301/CO_SDOserver.c ****                     if ((SDO->CANrxData[0] & 0x02) != 0) {
 874:CANopen/301/CO_SDOserver.c ****                         uint32_t size;
 875:CANopen/301/CO_SDOserver.c ****                         OD_size_t sizeInOd = SDO->OD_IO.stream.dataLength;
 876:CANopen/301/CO_SDOserver.c **** 
 877:CANopen/301/CO_SDOserver.c ****                         (void)memcpy(&size, &SDO->CANrxData[4], sizeof(size));
 878:CANopen/301/CO_SDOserver.c ****                         SDO->sizeInd = CO_SWAP_32(size);
 879:CANopen/301/CO_SDOserver.c **** 
 880:CANopen/301/CO_SDOserver.c ****                         /* Indicated size of SDO matches sizeof OD variable? */
 881:CANopen/301/CO_SDOserver.c ****                         if (sizeInOd > 0) {
 882:CANopen/301/CO_SDOserver.c ****                             if (SDO->sizeInd > sizeInOd) {
 883:CANopen/301/CO_SDOserver.c ****                                 abortCode = CO_SDO_AB_DATA_LONG;
 884:CANopen/301/CO_SDOserver.c ****                                 SDO->state = CO_SDO_ST_ABORT;
 885:CANopen/301/CO_SDOserver.c ****                                 break;
 886:CANopen/301/CO_SDOserver.c ****                             }
 887:CANopen/301/CO_SDOserver.c ****                             /* strings are allowed to be shorter */
 888:CANopen/301/CO_SDOserver.c ****                             else if (SDO->sizeInd < sizeInOd && (SDO->OD_IO.stream.attribute & ODA_
 889:CANopen/301/CO_SDOserver.c ****                                 abortCode = CO_SDO_AB_DATA_SHORT;
 890:CANopen/301/CO_SDOserver.c ****                                 SDO->state = CO_SDO_ST_ABORT;
 891:CANopen/301/CO_SDOserver.c ****                                 break;
 892:CANopen/301/CO_SDOserver.c ****                             }
 893:CANopen/301/CO_SDOserver.c ****                         }
 894:CANopen/301/CO_SDOserver.c ****                     } else {
 895:CANopen/301/CO_SDOserver.c ****                         SDO->sizeInd = 0;
 896:CANopen/301/CO_SDOserver.c ****                     }
 897:CANopen/301/CO_SDOserver.c ****                     SDO->state = CO_SDO_ST_DOWNLOAD_BLK_INITIATE_RSP;
 898:CANopen/301/CO_SDOserver.c ****                     SDO->finished = false;
 899:CANopen/301/CO_SDOserver.c ****                     break;
ARM GAS  C:\Users\Lenovo\AppData\Local\Temp\ccOvLNZW.s 			page 76


 900:CANopen/301/CO_SDOserver.c ****                 }
 901:CANopen/301/CO_SDOserver.c **** 
 902:CANopen/301/CO_SDOserver.c ****                 case CO_SDO_ST_DOWNLOAD_BLK_SUBBLOCK_REQ: {
 903:CANopen/301/CO_SDOserver.c ****                     /* data are copied directly in the receive function */
 904:CANopen/301/CO_SDOserver.c ****                     break;
 905:CANopen/301/CO_SDOserver.c ****                 }
 906:CANopen/301/CO_SDOserver.c **** 
 907:CANopen/301/CO_SDOserver.c ****                 case CO_SDO_ST_DOWNLOAD_BLK_END_REQ: {
 908:CANopen/301/CO_SDOserver.c ****                     if ((SDO->CANrxData[0] & 0xE3) == 0xC1) {
 909:CANopen/301/CO_SDOserver.c ****                         /* Get number of data bytes in last segment, that do not contain data. Then
 910:CANopen/301/CO_SDOserver.c ****                         uint8_t noData = ((SDO->CANrxData[0] >> 2) & 0x07);
 911:CANopen/301/CO_SDOserver.c ****                         if (SDO->bufOffsetWr <= noData) {
 912:CANopen/301/CO_SDOserver.c ****                             /* just in case, should never happen */
 913:CANopen/301/CO_SDOserver.c ****                             abortCode = CO_SDO_AB_DEVICE_INCOMPAT;
 914:CANopen/301/CO_SDOserver.c ****                             SDO->state = CO_SDO_ST_ABORT;
 915:CANopen/301/CO_SDOserver.c ****                             break;
 916:CANopen/301/CO_SDOserver.c ****                         }
 917:CANopen/301/CO_SDOserver.c ****                         SDO->sizeTran -= noData;
 918:CANopen/301/CO_SDOserver.c ****                         SDO->bufOffsetWr -= noData;
 919:CANopen/301/CO_SDOserver.c **** 
 920:CANopen/301/CO_SDOserver.c ****                         uint16_t crcClient = 0;
 921:CANopen/301/CO_SDOserver.c ****                         if (SDO->block_crcEnabled) {
 922:CANopen/301/CO_SDOserver.c ****                             crcClient = ((uint16_t)SDO->CANrxData[2]) << 8;
 923:CANopen/301/CO_SDOserver.c ****                             crcClient |= SDO->CANrxData[1];
 924:CANopen/301/CO_SDOserver.c ****                         }
 925:CANopen/301/CO_SDOserver.c **** 
 926:CANopen/301/CO_SDOserver.c ****                         if (!validateAndWriteToOD(SDO, &abortCode, 2, crcClient)) {
 927:CANopen/301/CO_SDOserver.c ****                             break;
 928:CANopen/301/CO_SDOserver.c ****                         }
 929:CANopen/301/CO_SDOserver.c **** 
 930:CANopen/301/CO_SDOserver.c ****                         SDO->state = CO_SDO_ST_DOWNLOAD_BLK_END_RSP;
 931:CANopen/301/CO_SDOserver.c ****                     } else {
 932:CANopen/301/CO_SDOserver.c ****                         abortCode = CO_SDO_AB_CMD;
 933:CANopen/301/CO_SDOserver.c ****                         SDO->state = CO_SDO_ST_ABORT;
 934:CANopen/301/CO_SDOserver.c ****                     }
 935:CANopen/301/CO_SDOserver.c ****                     break;
 936:CANopen/301/CO_SDOserver.c ****                 }
 937:CANopen/301/CO_SDOserver.c **** 
 938:CANopen/301/CO_SDOserver.c ****                 case CO_SDO_ST_UPLOAD_BLK_INITIATE_REQ: {
 939:CANopen/301/CO_SDOserver.c ****                     /* if pst (protocol switch threshold, byte5) is larger than data
 940:CANopen/301/CO_SDOserver.c ****                      * size of OD variable, then switch to segmented transfer */
 941:CANopen/301/CO_SDOserver.c ****                     if (SDO->sizeInd > 0 && SDO->CANrxData[5] > 0 && SDO->CANrxData[5] >= SDO->size
 942:CANopen/301/CO_SDOserver.c ****                         SDO->state = CO_SDO_ST_UPLOAD_INITIATE_RSP;
 943:CANopen/301/CO_SDOserver.c ****                     } else {
 944:CANopen/301/CO_SDOserver.c ****                         /* data were already loaded from OD variable, verify crc */
 945:CANopen/301/CO_SDOserver.c ****                         if ((SDO->CANrxData[0] & 0x04) != 0) {
 946:CANopen/301/CO_SDOserver.c ****                             SDO->block_crcEnabled = true;
 947:CANopen/301/CO_SDOserver.c ****                             SDO->block_crc = crc16_ccitt(SDO->buf, SDO->bufOffsetWr, 0);
 948:CANopen/301/CO_SDOserver.c ****                         } else {
 949:CANopen/301/CO_SDOserver.c ****                             SDO->block_crcEnabled = false;
 950:CANopen/301/CO_SDOserver.c ****                         }
 951:CANopen/301/CO_SDOserver.c **** 
 952:CANopen/301/CO_SDOserver.c ****                         /* get blksize and verify it */
 953:CANopen/301/CO_SDOserver.c ****                         SDO->block_blksize = SDO->CANrxData[4];
 954:CANopen/301/CO_SDOserver.c ****                         if (SDO->block_blksize < 1 || SDO->block_blksize > 127) {
 955:CANopen/301/CO_SDOserver.c ****                             abortCode = CO_SDO_AB_BLOCK_SIZE;
 956:CANopen/301/CO_SDOserver.c ****                             SDO->state = CO_SDO_ST_ABORT;
ARM GAS  C:\Users\Lenovo\AppData\Local\Temp\ccOvLNZW.s 			page 77


 957:CANopen/301/CO_SDOserver.c ****                             break;
 958:CANopen/301/CO_SDOserver.c ****                         }
 959:CANopen/301/CO_SDOserver.c **** 
 960:CANopen/301/CO_SDOserver.c ****                         /* verify, if there is enough data */
 961:CANopen/301/CO_SDOserver.c ****                         if (!SDO->finished && SDO->bufOffsetWr < SDO->block_blksize * 7U) {
 962:CANopen/301/CO_SDOserver.c ****                             abortCode = CO_SDO_AB_DEVICE_INCOMPAT;
 963:CANopen/301/CO_SDOserver.c ****                             SDO->state = CO_SDO_ST_ABORT;
 964:CANopen/301/CO_SDOserver.c ****                             break;
 965:CANopen/301/CO_SDOserver.c ****                         }
 966:CANopen/301/CO_SDOserver.c ****                         SDO->state = CO_SDO_ST_UPLOAD_BLK_INITIATE_RSP;
 967:CANopen/301/CO_SDOserver.c ****                     }
 968:CANopen/301/CO_SDOserver.c ****                     break;
 969:CANopen/301/CO_SDOserver.c ****                 }
 970:CANopen/301/CO_SDOserver.c **** 
 971:CANopen/301/CO_SDOserver.c ****                 case CO_SDO_ST_UPLOAD_BLK_INITIATE_REQ2: {
 972:CANopen/301/CO_SDOserver.c ****                     if (SDO->CANrxData[0] == 0xA3) {
 973:CANopen/301/CO_SDOserver.c ****                         SDO->block_seqno = 0;
 974:CANopen/301/CO_SDOserver.c ****                         SDO->state = CO_SDO_ST_UPLOAD_BLK_SUBBLOCK_SREQ;
 975:CANopen/301/CO_SDOserver.c ****                     } else {
 976:CANopen/301/CO_SDOserver.c ****                         abortCode = CO_SDO_AB_CMD;
 977:CANopen/301/CO_SDOserver.c ****                         SDO->state = CO_SDO_ST_ABORT;
 978:CANopen/301/CO_SDOserver.c ****                     }
 979:CANopen/301/CO_SDOserver.c ****                     break;
 980:CANopen/301/CO_SDOserver.c ****                 }
 981:CANopen/301/CO_SDOserver.c **** 
 982:CANopen/301/CO_SDOserver.c ****                 case CO_SDO_ST_UPLOAD_BLK_SUBBLOCK_SREQ:
 983:CANopen/301/CO_SDOserver.c ****                 case CO_SDO_ST_UPLOAD_BLK_SUBBLOCK_CRSP: {
 984:CANopen/301/CO_SDOserver.c ****                     if (SDO->CANrxData[0] == 0xA2) {
 985:CANopen/301/CO_SDOserver.c ****                         SDO->block_blksize = SDO->CANrxData[2];
 986:CANopen/301/CO_SDOserver.c ****                         if (SDO->block_blksize < 1 || SDO->block_blksize > 127) {
 987:CANopen/301/CO_SDOserver.c ****                             abortCode = CO_SDO_AB_BLOCK_SIZE;
 988:CANopen/301/CO_SDOserver.c ****                             SDO->state = CO_SDO_ST_ABORT;
 989:CANopen/301/CO_SDOserver.c ****                             break;
 990:CANopen/301/CO_SDOserver.c ****                         }
 991:CANopen/301/CO_SDOserver.c **** 
 992:CANopen/301/CO_SDOserver.c ****                         /* check number of segments */
 993:CANopen/301/CO_SDOserver.c ****                         if (SDO->CANrxData[1] < SDO->block_seqno) {
 994:CANopen/301/CO_SDOserver.c ****                             /* NOT all segments transferred successfully. Re-transmit data after er
 995:CANopen/301/CO_SDOserver.c ****                             OD_size_t cntFailed = SDO->block_seqno - SDO->CANrxData[1];
 996:CANopen/301/CO_SDOserver.c ****                             cntFailed = cntFailed * 7 - SDO->block_noData;
 997:CANopen/301/CO_SDOserver.c ****                             SDO->bufOffsetRd -= cntFailed;
 998:CANopen/301/CO_SDOserver.c ****                             SDO->sizeTran -= cntFailed;
 999:CANopen/301/CO_SDOserver.c ****                         } else if (SDO->CANrxData[1] > SDO->block_seqno) {
1000:CANopen/301/CO_SDOserver.c ****                             /* something strange from server, break transmission */
1001:CANopen/301/CO_SDOserver.c ****                             abortCode = CO_SDO_AB_CMD;
1002:CANopen/301/CO_SDOserver.c ****                             SDO->state = CO_SDO_ST_ABORT;
1003:CANopen/301/CO_SDOserver.c ****                             break;
1004:CANopen/301/CO_SDOserver.c ****                         }
1005:CANopen/301/CO_SDOserver.c **** 
1006:CANopen/301/CO_SDOserver.c ****                         /* refill data buffer if necessary */
1007:CANopen/301/CO_SDOserver.c ****                         if (!readFromOd(SDO, &abortCode, SDO->block_blksize * 7, true)) {
1008:CANopen/301/CO_SDOserver.c ****                             break;
1009:CANopen/301/CO_SDOserver.c ****                         }
1010:CANopen/301/CO_SDOserver.c **** 
1011:CANopen/301/CO_SDOserver.c ****                         if (SDO->bufOffsetWr == SDO->bufOffsetRd) {
1012:CANopen/301/CO_SDOserver.c ****                             SDO->state = CO_SDO_ST_UPLOAD_BLK_END_SREQ;
1013:CANopen/301/CO_SDOserver.c ****                         } else {
ARM GAS  C:\Users\Lenovo\AppData\Local\Temp\ccOvLNZW.s 			page 78


1014:CANopen/301/CO_SDOserver.c ****                             SDO->block_seqno = 0;
1015:CANopen/301/CO_SDOserver.c ****                             SDO->state = CO_SDO_ST_UPLOAD_BLK_SUBBLOCK_SREQ;
1016:CANopen/301/CO_SDOserver.c ****                         }
1017:CANopen/301/CO_SDOserver.c ****                     } else {
1018:CANopen/301/CO_SDOserver.c ****                         abortCode = CO_SDO_AB_CMD;
1019:CANopen/301/CO_SDOserver.c ****                         SDO->state = CO_SDO_ST_ABORT;
1020:CANopen/301/CO_SDOserver.c ****                     }
1021:CANopen/301/CO_SDOserver.c ****                     break;
1022:CANopen/301/CO_SDOserver.c ****                 }
1023:CANopen/301/CO_SDOserver.c **** #endif /* (CO_CONFIG_SDO_SRV) & CO_CONFIG_SDO_SRV_BLOCK */
1024:CANopen/301/CO_SDOserver.c **** 
1025:CANopen/301/CO_SDOserver.c ****                 case CO_SDO_ST_IDLE:
1026:CANopen/301/CO_SDOserver.c ****                 case CO_SDO_ST_ABORT:
1027:CANopen/301/CO_SDOserver.c ****                 case CO_SDO_ST_DOWNLOAD_LOCAL_TRANSFER:
1028:CANopen/301/CO_SDOserver.c ****                 case CO_SDO_ST_DOWNLOAD_INITIATE_RSP:
1029:CANopen/301/CO_SDOserver.c ****                 case CO_SDO_ST_DOWNLOAD_SEGMENT_RSP:
1030:CANopen/301/CO_SDOserver.c ****                 case CO_SDO_ST_UPLOAD_LOCAL_TRANSFER:
1031:CANopen/301/CO_SDOserver.c ****                 case CO_SDO_ST_UPLOAD_INITIATE_RSP:
1032:CANopen/301/CO_SDOserver.c ****                 case CO_SDO_ST_UPLOAD_SEGMENT_RSP:
1033:CANopen/301/CO_SDOserver.c ****                 case CO_SDO_ST_DOWNLOAD_BLK_INITIATE_RSP:
1034:CANopen/301/CO_SDOserver.c ****                 case CO_SDO_ST_DOWNLOAD_BLK_SUBBLOCK_RSP:
1035:CANopen/301/CO_SDOserver.c ****                 case CO_SDO_ST_DOWNLOAD_BLK_END_RSP:
1036:CANopen/301/CO_SDOserver.c ****                 case CO_SDO_ST_UPLOAD_BLK_INITIATE_RSP:
1037:CANopen/301/CO_SDOserver.c ****                 case CO_SDO_ST_UPLOAD_BLK_END_SREQ:
1038:CANopen/301/CO_SDOserver.c ****                 case CO_SDO_ST_UPLOAD_BLK_END_CRSP:
1039:CANopen/301/CO_SDOserver.c **** 
1040:CANopen/301/CO_SDOserver.c **** #if ((CO_CONFIG_SDO_SRV)&CO_CONFIG_SDO_SRV_SEGMENTED) == 0
1041:CANopen/301/CO_SDOserver.c ****                 case CO_SDO_ST_DOWNLOAD_SEGMENT_REQ:
1042:CANopen/301/CO_SDOserver.c ****                 case CO_SDO_ST_UPLOAD_SEGMENT_REQ:
1043:CANopen/301/CO_SDOserver.c **** #endif /* (CO_CONFIG_SDO_SRV) & CO_CONFIG_SDO_SRV_SEGMENTED */
1044:CANopen/301/CO_SDOserver.c **** #if ((CO_CONFIG_SDO_SRV)&CO_CONFIG_SDO_SRV_BLOCK) == 0
1045:CANopen/301/CO_SDOserver.c ****                 case CO_SDO_ST_DOWNLOAD_BLK_INITIATE_REQ:
1046:CANopen/301/CO_SDOserver.c ****                 case CO_SDO_ST_DOWNLOAD_BLK_SUBBLOCK_REQ:
1047:CANopen/301/CO_SDOserver.c ****                 case CO_SDO_ST_DOWNLOAD_BLK_END_REQ:
1048:CANopen/301/CO_SDOserver.c ****                 case CO_SDO_ST_UPLOAD_BLK_INITIATE_REQ:
1049:CANopen/301/CO_SDOserver.c ****                 case CO_SDO_ST_UPLOAD_BLK_INITIATE_REQ2:
1050:CANopen/301/CO_SDOserver.c ****                 case CO_SDO_ST_UPLOAD_BLK_SUBBLOCK_SREQ:
1051:CANopen/301/CO_SDOserver.c ****                 case CO_SDO_ST_UPLOAD_BLK_SUBBLOCK_CRSP:
1052:CANopen/301/CO_SDOserver.c **** #endif /* (CO_CONFIG_SDO_SRV) & CO_CONFIG_SDO_SRV_BLOCK */
1053:CANopen/301/CO_SDOserver.c ****                 default: {
1054:CANopen/301/CO_SDOserver.c ****                     /* unknown message received */
1055:CANopen/301/CO_SDOserver.c ****                     abortCode = CO_SDO_AB_CMD;
1056:CANopen/301/CO_SDOserver.c ****                     SDO->state = CO_SDO_ST_ABORT;
1057:CANopen/301/CO_SDOserver.c ****                     break;
1058:CANopen/301/CO_SDOserver.c ****                 }
1059:CANopen/301/CO_SDOserver.c ****             } /* switch (SDO->state) */
1060:CANopen/301/CO_SDOserver.c ****         }     /* if (SDO->state != CO_SDO_ST_IDLE && SDO->state != CO_SDO_ST_ABORT) */
1061:CANopen/301/CO_SDOserver.c **** #if ((CO_CONFIG_SDO_SRV)&CO_CONFIG_SDO_SRV_SEGMENTED) != 0
1062:CANopen/301/CO_SDOserver.c ****         SDO->timeoutTimer = 0;
1063:CANopen/301/CO_SDOserver.c **** #endif
1064:CANopen/301/CO_SDOserver.c ****         timeDifference_us = 0;
1065:CANopen/301/CO_SDOserver.c ****         CO_FLAG_CLEAR(SDO->CANrxNew);
1066:CANopen/301/CO_SDOserver.c ****     }      /* else if (isNew) */
1067:CANopen/301/CO_SDOserver.c ****     else { /* MISRA C 2004 14.10 */
1068:CANopen/301/CO_SDOserver.c ****     }
 1835              		.loc 1 1068 5 view .LVU607
1069:CANopen/301/CO_SDOserver.c **** 
ARM GAS  C:\Users\Lenovo\AppData\Local\Temp\ccOvLNZW.s 			page 79


1070:CANopen/301/CO_SDOserver.c ****     /* Timeout timers and transmit bufferFull flag ****************************/
1071:CANopen/301/CO_SDOserver.c **** #if ((CO_CONFIG_SDO_SRV)&CO_CONFIG_SDO_SRV_SEGMENTED) != 0
1072:CANopen/301/CO_SDOserver.c ****     if (ret == CO_SDO_RT_waitingResponse) {
 1836              		.loc 1 1072 5 view .LVU608
 1837              	.L127:
1073:CANopen/301/CO_SDOserver.c ****         if (SDO->timeoutTimer < SDO->SDOtimeoutTime_us) {
1074:CANopen/301/CO_SDOserver.c ****             SDO->timeoutTimer += timeDifference_us;
1075:CANopen/301/CO_SDOserver.c ****         }
1076:CANopen/301/CO_SDOserver.c ****         if (SDO->timeoutTimer >= SDO->SDOtimeoutTime_us) {
1077:CANopen/301/CO_SDOserver.c ****             abortCode = CO_SDO_AB_TIMEOUT;
1078:CANopen/301/CO_SDOserver.c ****             SDO->state = CO_SDO_ST_ABORT;
1079:CANopen/301/CO_SDOserver.c ****         }
1080:CANopen/301/CO_SDOserver.c **** #if ((CO_CONFIG_SDO_SRV)&CO_CONFIG_FLAG_TIMERNEXT) != 0
1081:CANopen/301/CO_SDOserver.c ****         else if (timerNext_us != NULL) {
1082:CANopen/301/CO_SDOserver.c ****             /* check again after timeout time elapsed */
1083:CANopen/301/CO_SDOserver.c ****             uint32_t diff = SDO->SDOtimeoutTime_us - SDO->timeoutTimer;
1084:CANopen/301/CO_SDOserver.c ****             if (*timerNext_us > diff) {
1085:CANopen/301/CO_SDOserver.c ****                 *timerNext_us = diff;
1086:CANopen/301/CO_SDOserver.c ****             }
1087:CANopen/301/CO_SDOserver.c ****         }
1088:CANopen/301/CO_SDOserver.c **** #endif
1089:CANopen/301/CO_SDOserver.c **** 
1090:CANopen/301/CO_SDOserver.c **** #if ((CO_CONFIG_SDO_SRV)&CO_CONFIG_SDO_SRV_BLOCK) != 0
1091:CANopen/301/CO_SDOserver.c ****         /* Timeout for sub-block transmission */
1092:CANopen/301/CO_SDOserver.c ****         if (SDO->state == CO_SDO_ST_DOWNLOAD_BLK_SUBBLOCK_REQ) {
1093:CANopen/301/CO_SDOserver.c ****             if (SDO->block_timeoutTimer < SDO->block_SDOtimeoutTime_us) {
1094:CANopen/301/CO_SDOserver.c ****                 SDO->block_timeoutTimer += timeDifference_us;
1095:CANopen/301/CO_SDOserver.c ****             }
1096:CANopen/301/CO_SDOserver.c ****             if (SDO->block_timeoutTimer >= SDO->block_SDOtimeoutTime_us) {
1097:CANopen/301/CO_SDOserver.c ****                 /* SDO->state will change, processing will continue in this
1098:CANopen/301/CO_SDOserver.c ****                  * thread. Make memory barrier here with CO_FLAG_CLEAR() call. */
1099:CANopen/301/CO_SDOserver.c ****                 SDO->state = CO_SDO_ST_DOWNLOAD_BLK_SUBBLOCK_RSP;
1100:CANopen/301/CO_SDOserver.c ****                 CO_FLAG_CLEAR(SDO->CANrxNew);
1101:CANopen/301/CO_SDOserver.c ****             }
1102:CANopen/301/CO_SDOserver.c **** #if ((CO_CONFIG_SDO_SRV)&CO_CONFIG_FLAG_TIMERNEXT) != 0
1103:CANopen/301/CO_SDOserver.c ****             else if (timerNext_us != NULL) {
1104:CANopen/301/CO_SDOserver.c ****                 /* check again after timeout time elapsed */
1105:CANopen/301/CO_SDOserver.c ****                 uint32_t diff = SDO->block_SDOtimeoutTime_us - SDO->block_timeoutTimer;
1106:CANopen/301/CO_SDOserver.c ****                 if (*timerNext_us > diff) {
1107:CANopen/301/CO_SDOserver.c ****                     *timerNext_us = diff;
1108:CANopen/301/CO_SDOserver.c ****                 }
1109:CANopen/301/CO_SDOserver.c ****             }
1110:CANopen/301/CO_SDOserver.c **** #endif
1111:CANopen/301/CO_SDOserver.c ****         }
1112:CANopen/301/CO_SDOserver.c **** #endif /* (CO_CONFIG_SDO_SRV) & CO_CONFIG_SDO_SRV_BLOCK */
1113:CANopen/301/CO_SDOserver.c **** 
1114:CANopen/301/CO_SDOserver.c ****         if (SDO->CANtxBuff->bufferFull) {
1115:CANopen/301/CO_SDOserver.c ****             ret = CO_SDO_RT_transmittBufferFull;
1116:CANopen/301/CO_SDOserver.c ****         }
1117:CANopen/301/CO_SDOserver.c ****     }
1118:CANopen/301/CO_SDOserver.c **** #endif /* (CO_CONFIG_SDO_SRV) & CO_CONFIG_SDO_SRV_SEGMENTED */
1119:CANopen/301/CO_SDOserver.c **** 
1120:CANopen/301/CO_SDOserver.c ****     /* Transmit CAN data ******************************************************/
1121:CANopen/301/CO_SDOserver.c ****     if (ret == CO_SDO_RT_waitingResponse) {
1122:CANopen/301/CO_SDOserver.c ****         /* clear response buffer */
1123:CANopen/301/CO_SDOserver.c ****         (void)memset(SDO->CANtxBuff->data, 0, sizeof(SDO->CANtxBuff->data));
1124:CANopen/301/CO_SDOserver.c **** 
ARM GAS  C:\Users\Lenovo\AppData\Local\Temp\ccOvLNZW.s 			page 80


1125:CANopen/301/CO_SDOserver.c ****         switch (SDO->state) {
1126:CANopen/301/CO_SDOserver.c ****             case CO_SDO_ST_DOWNLOAD_INITIATE_RSP: {
1127:CANopen/301/CO_SDOserver.c ****                 SDO->CANtxBuff->data[0] = 0x60;
1128:CANopen/301/CO_SDOserver.c ****                 SDO->CANtxBuff->data[1] = (uint8_t)SDO->index;
1129:CANopen/301/CO_SDOserver.c ****                 SDO->CANtxBuff->data[2] = (uint8_t)(SDO->index >> 8);
1130:CANopen/301/CO_SDOserver.c ****                 SDO->CANtxBuff->data[3] = SDO->subIndex;
1131:CANopen/301/CO_SDOserver.c **** 
1132:CANopen/301/CO_SDOserver.c ****                 /* reset timeout timer and send message */
1133:CANopen/301/CO_SDOserver.c **** #if ((CO_CONFIG_SDO_SRV)&CO_CONFIG_SDO_SRV_SEGMENTED) != 0
1134:CANopen/301/CO_SDOserver.c ****                 SDO->timeoutTimer = 0;
1135:CANopen/301/CO_SDOserver.c **** #endif
1136:CANopen/301/CO_SDOserver.c ****                 (void)CO_CANsend(SDO->CANdevTx, SDO->CANtxBuff);
1137:CANopen/301/CO_SDOserver.c **** #if ((CO_CONFIG_SDO_SRV)&CO_CONFIG_SDO_SRV_SEGMENTED) != 0
1138:CANopen/301/CO_SDOserver.c ****                 if (SDO->finished) {
1139:CANopen/301/CO_SDOserver.c ****                     SDO->state = CO_SDO_ST_IDLE;
1140:CANopen/301/CO_SDOserver.c ****                     ret = CO_SDO_RT_ok_communicationEnd;
1141:CANopen/301/CO_SDOserver.c ****                 } else {
1142:CANopen/301/CO_SDOserver.c ****                     SDO->toggle = 0x00;
1143:CANopen/301/CO_SDOserver.c ****                     SDO->sizeTran = 0;
1144:CANopen/301/CO_SDOserver.c ****                     SDO->bufOffsetWr = 0;
1145:CANopen/301/CO_SDOserver.c ****                     SDO->bufOffsetRd = 0;
1146:CANopen/301/CO_SDOserver.c ****                     SDO->state = CO_SDO_ST_DOWNLOAD_SEGMENT_REQ;
1147:CANopen/301/CO_SDOserver.c ****                 }
1148:CANopen/301/CO_SDOserver.c **** #else
1149:CANopen/301/CO_SDOserver.c ****                 SDO->state = CO_SDO_ST_IDLE;
1150:CANopen/301/CO_SDOserver.c ****                 ret = CO_SDO_RT_ok_communicationEnd;
1151:CANopen/301/CO_SDOserver.c **** #endif
1152:CANopen/301/CO_SDOserver.c ****                 break;
1153:CANopen/301/CO_SDOserver.c ****             }
1154:CANopen/301/CO_SDOserver.c **** 
1155:CANopen/301/CO_SDOserver.c **** #if ((CO_CONFIG_SDO_SRV)&CO_CONFIG_SDO_SRV_SEGMENTED) != 0
1156:CANopen/301/CO_SDOserver.c ****             case CO_SDO_ST_DOWNLOAD_SEGMENT_RSP: {
1157:CANopen/301/CO_SDOserver.c ****                 SDO->CANtxBuff->data[0] = 0x20U | SDO->toggle;
1158:CANopen/301/CO_SDOserver.c ****                 SDO->toggle = (SDO->toggle == 0x00U) ? 0x10U : 0x00U;
1159:CANopen/301/CO_SDOserver.c **** 
1160:CANopen/301/CO_SDOserver.c ****                 /* reset timeout timer and send message */
1161:CANopen/301/CO_SDOserver.c ****                 SDO->timeoutTimer = 0;
1162:CANopen/301/CO_SDOserver.c ****                 (void)CO_CANsend(SDO->CANdevTx, SDO->CANtxBuff);
1163:CANopen/301/CO_SDOserver.c ****                 if (SDO->finished) {
1164:CANopen/301/CO_SDOserver.c ****                     SDO->state = CO_SDO_ST_IDLE;
1165:CANopen/301/CO_SDOserver.c ****                     ret = CO_SDO_RT_ok_communicationEnd;
1166:CANopen/301/CO_SDOserver.c ****                 } else {
1167:CANopen/301/CO_SDOserver.c ****                     SDO->state = CO_SDO_ST_DOWNLOAD_SEGMENT_REQ;
1168:CANopen/301/CO_SDOserver.c ****                 }
1169:CANopen/301/CO_SDOserver.c ****                 break;
1170:CANopen/301/CO_SDOserver.c ****             }
1171:CANopen/301/CO_SDOserver.c **** #endif
1172:CANopen/301/CO_SDOserver.c **** 
1173:CANopen/301/CO_SDOserver.c ****             case CO_SDO_ST_UPLOAD_INITIATE_RSP: {
1174:CANopen/301/CO_SDOserver.c **** #if ((CO_CONFIG_SDO_SRV)&CO_CONFIG_SDO_SRV_SEGMENTED) != 0
1175:CANopen/301/CO_SDOserver.c ****                 /* data were already loaded from OD variable */
1176:CANopen/301/CO_SDOserver.c ****                 if ((SDO->sizeInd > 0U) && (SDO->sizeInd <= 4U)) {
1177:CANopen/301/CO_SDOserver.c ****                     /* expedited transfer */
1178:CANopen/301/CO_SDOserver.c ****                     SDO->CANtxBuff->data[0] = (uint8_t)(0x43U | ((4U - SDO->sizeInd) << 2U));
1179:CANopen/301/CO_SDOserver.c ****                     (void)memcpy((void*)(&SDO->CANtxBuff->data[4]), (const void*)(&SDO->buf[0]), SD
1180:CANopen/301/CO_SDOserver.c ****                     SDO->state = CO_SDO_ST_IDLE;
1181:CANopen/301/CO_SDOserver.c ****                     ret = CO_SDO_RT_ok_communicationEnd;
ARM GAS  C:\Users\Lenovo\AppData\Local\Temp\ccOvLNZW.s 			page 81


1182:CANopen/301/CO_SDOserver.c ****                 } else {
1183:CANopen/301/CO_SDOserver.c ****                     /* data will be transferred with segmented transfer */
1184:CANopen/301/CO_SDOserver.c ****                     if (SDO->sizeInd > 0U) {
1185:CANopen/301/CO_SDOserver.c ****                         /* indicate data size, if known */
1186:CANopen/301/CO_SDOserver.c ****                         uint32_t sizeInd = SDO->sizeInd;
1187:CANopen/301/CO_SDOserver.c ****                         uint32_t sizeIndSw = CO_SWAP_32(sizeInd);
1188:CANopen/301/CO_SDOserver.c ****                         SDO->CANtxBuff->data[0] = 0x41;
1189:CANopen/301/CO_SDOserver.c ****                         (void)memcpy((void*)(&SDO->CANtxBuff->data[4]), (const void*)(&sizeIndSw), 
1190:CANopen/301/CO_SDOserver.c ****                     } else {
1191:CANopen/301/CO_SDOserver.c ****                         SDO->CANtxBuff->data[0] = 0x40;
1192:CANopen/301/CO_SDOserver.c ****                     }
1193:CANopen/301/CO_SDOserver.c ****                     SDO->toggle = 0x00;
1194:CANopen/301/CO_SDOserver.c ****                     SDO->timeoutTimer = 0;
1195:CANopen/301/CO_SDOserver.c ****                     SDO->state = CO_SDO_ST_UPLOAD_SEGMENT_REQ;
1196:CANopen/301/CO_SDOserver.c ****                 }
1197:CANopen/301/CO_SDOserver.c **** #else /* Expedited transfer only */
1198:CANopen/301/CO_SDOserver.c ****                 /* load data from OD variable */
1199:CANopen/301/CO_SDOserver.c ****                 OD_size_t count = 0;
1200:CANopen/301/CO_SDOserver.c ****                 ODR_t odRet;
1201:CANopen/301/CO_SDOserver.c **** 
1202:CANopen/301/CO_SDOserver.c ****                 CO_LOCK_OD(SDO->CANdevTx);
1203:CANopen/301/CO_SDOserver.c ****                 odRet = SDO->OD_IO.read(&SDO->OD_IO.stream, &SDO->CANtxBuff->data[4], 4, &count);
1204:CANopen/301/CO_SDOserver.c ****                 CO_UNLOCK_OD(SDO->CANdevTx);
1205:CANopen/301/CO_SDOserver.c **** 
1206:CANopen/301/CO_SDOserver.c ****                 /* strings are allowed to be shorter */
1207:CANopen/301/CO_SDOserver.c ****                 if (odRet == ODR_PARTIAL && (SDO->OD_IO.stream.attribute & ODA_STR) != 0) {
1208:CANopen/301/CO_SDOserver.c ****                     odRet = ODR_OK;
1209:CANopen/301/CO_SDOserver.c ****                 }
1210:CANopen/301/CO_SDOserver.c **** 
1211:CANopen/301/CO_SDOserver.c ****                 if (odRet != ODR_OK || count == 0) {
1212:CANopen/301/CO_SDOserver.c ****                     abortCode = (odRet == ODR_OK) ? CO_SDO_AB_DEVICE_INCOMPAT
1213:CANopen/301/CO_SDOserver.c ****                                                   : (CO_SDO_abortCode_t)OD_getSDOabCode(odRet);
1214:CANopen/301/CO_SDOserver.c ****                     SDO->state = CO_SDO_ST_ABORT;
1215:CANopen/301/CO_SDOserver.c ****                     break;
1216:CANopen/301/CO_SDOserver.c ****                 }
1217:CANopen/301/CO_SDOserver.c **** 
1218:CANopen/301/CO_SDOserver.c **** #ifdef CO_BIG_ENDIAN
1219:CANopen/301/CO_SDOserver.c ****                 /* swap data if necessary */
1220:CANopen/301/CO_SDOserver.c ****                 if ((SDO->OD_IO.stream.attribute & ODA_MB) != 0) {
1221:CANopen/301/CO_SDOserver.c ****                     reverseBytes(buf, dataSizeToWrite);
1222:CANopen/301/CO_SDOserver.c ****                 }
1223:CANopen/301/CO_SDOserver.c **** #endif
1224:CANopen/301/CO_SDOserver.c ****                 SDO->CANtxBuff->data[0] = 0x43 | ((4 - count) << 2);
1225:CANopen/301/CO_SDOserver.c ****                 SDO->state = CO_SDO_ST_IDLE;
1226:CANopen/301/CO_SDOserver.c ****                 ret = CO_SDO_RT_ok_communicationEnd;
1227:CANopen/301/CO_SDOserver.c **** #endif /* (CO_CONFIG_SDO_SRV) & CO_CONFIG_SDO_SRV_SEGMENTED */
1228:CANopen/301/CO_SDOserver.c **** 
1229:CANopen/301/CO_SDOserver.c ****                 /* send message */
1230:CANopen/301/CO_SDOserver.c ****                 SDO->CANtxBuff->data[1] = (uint8_t)SDO->index;
1231:CANopen/301/CO_SDOserver.c ****                 SDO->CANtxBuff->data[2] = (uint8_t)(SDO->index >> 8);
1232:CANopen/301/CO_SDOserver.c ****                 SDO->CANtxBuff->data[3] = SDO->subIndex;
1233:CANopen/301/CO_SDOserver.c ****                 (void)CO_CANsend(SDO->CANdevTx, SDO->CANtxBuff);
1234:CANopen/301/CO_SDOserver.c ****                 break;
1235:CANopen/301/CO_SDOserver.c ****             }
1236:CANopen/301/CO_SDOserver.c **** 
1237:CANopen/301/CO_SDOserver.c **** #if ((CO_CONFIG_SDO_SRV)&CO_CONFIG_SDO_SRV_SEGMENTED) != 0
1238:CANopen/301/CO_SDOserver.c ****             case CO_SDO_ST_UPLOAD_SEGMENT_RSP: {
ARM GAS  C:\Users\Lenovo\AppData\Local\Temp\ccOvLNZW.s 			page 82


1239:CANopen/301/CO_SDOserver.c ****                 /* refill the data buffer if necessary */
1240:CANopen/301/CO_SDOserver.c ****                 if (!readFromOd(SDO, &abortCode, 7, false)) {
1241:CANopen/301/CO_SDOserver.c ****                     break;
1242:CANopen/301/CO_SDOserver.c ****                 }
1243:CANopen/301/CO_SDOserver.c **** 
1244:CANopen/301/CO_SDOserver.c ****                 /* SDO command specifier with toggle bit */
1245:CANopen/301/CO_SDOserver.c ****                 SDO->CANtxBuff->data[0] = SDO->toggle;
1246:CANopen/301/CO_SDOserver.c ****                 SDO->toggle = (SDO->toggle == 0x00U) ? 0x10U : 0x00U;
1247:CANopen/301/CO_SDOserver.c **** 
1248:CANopen/301/CO_SDOserver.c ****                 OD_size_t count = SDO->bufOffsetWr - SDO->bufOffsetRd;
1249:CANopen/301/CO_SDOserver.c ****                 /* verify, if this is the last segment */
1250:CANopen/301/CO_SDOserver.c ****                 if ((count < 7U) || (SDO->finished && (count == 7U))) {
1251:CANopen/301/CO_SDOserver.c ****                     /* indicate last segment and nnn */
1252:CANopen/301/CO_SDOserver.c ****                     SDO->CANtxBuff->data[0] |= (uint8_t)(((7U - count) << 1U) | 0x01U);
1253:CANopen/301/CO_SDOserver.c ****                     SDO->state = CO_SDO_ST_IDLE;
1254:CANopen/301/CO_SDOserver.c ****                     ret = CO_SDO_RT_ok_communicationEnd;
1255:CANopen/301/CO_SDOserver.c ****                 } else {
1256:CANopen/301/CO_SDOserver.c ****                     SDO->timeoutTimer = 0;
1257:CANopen/301/CO_SDOserver.c ****                     SDO->state = CO_SDO_ST_UPLOAD_SEGMENT_REQ;
1258:CANopen/301/CO_SDOserver.c ****                     count = 7;
1259:CANopen/301/CO_SDOserver.c ****                 }
1260:CANopen/301/CO_SDOserver.c **** 
1261:CANopen/301/CO_SDOserver.c ****                 /* copy data segment to CAN message */
1262:CANopen/301/CO_SDOserver.c ****                 (void)memcpy(&SDO->CANtxBuff->data[1], SDO->buf + SDO->bufOffsetRd, count);
1263:CANopen/301/CO_SDOserver.c ****                 SDO->bufOffsetRd += count;
1264:CANopen/301/CO_SDOserver.c ****                 SDO->sizeTran += count;
1265:CANopen/301/CO_SDOserver.c **** 
1266:CANopen/301/CO_SDOserver.c ****                 /* verify if sizeTran is too large or too short if last segment */
1267:CANopen/301/CO_SDOserver.c ****                 if (SDO->sizeInd > 0U) {
1268:CANopen/301/CO_SDOserver.c ****                     if (SDO->sizeTran > SDO->sizeInd) {
1269:CANopen/301/CO_SDOserver.c ****                         abortCode = CO_SDO_AB_DATA_LONG;
1270:CANopen/301/CO_SDOserver.c ****                         SDO->state = CO_SDO_ST_ABORT;
1271:CANopen/301/CO_SDOserver.c ****                         break;
1272:CANopen/301/CO_SDOserver.c ****                     } else if ((ret == CO_SDO_RT_ok_communicationEnd) && (SDO->sizeTran < SDO->size
1273:CANopen/301/CO_SDOserver.c ****                         abortCode = CO_SDO_AB_DATA_SHORT;
1274:CANopen/301/CO_SDOserver.c ****                         ret = CO_SDO_RT_waitingResponse;
1275:CANopen/301/CO_SDOserver.c ****                         SDO->state = CO_SDO_ST_ABORT;
1276:CANopen/301/CO_SDOserver.c ****                         break;
1277:CANopen/301/CO_SDOserver.c ****                     } else { /* MISRA C 2004 14.10 */
1278:CANopen/301/CO_SDOserver.c ****                     }
1279:CANopen/301/CO_SDOserver.c ****                 }
1280:CANopen/301/CO_SDOserver.c **** 
1281:CANopen/301/CO_SDOserver.c ****                 /* send message */
1282:CANopen/301/CO_SDOserver.c ****                 (void)CO_CANsend(SDO->CANdevTx, SDO->CANtxBuff);
1283:CANopen/301/CO_SDOserver.c ****                 break;
1284:CANopen/301/CO_SDOserver.c ****             }
1285:CANopen/301/CO_SDOserver.c **** #endif /* (CO_CONFIG_SDO_SRV) & CO_CONFIG_SDO_SRV_SEGMENTED */
1286:CANopen/301/CO_SDOserver.c **** 
1287:CANopen/301/CO_SDOserver.c **** #if ((CO_CONFIG_SDO_SRV)&CO_CONFIG_SDO_SRV_BLOCK) != 0
1288:CANopen/301/CO_SDOserver.c ****             case CO_SDO_ST_DOWNLOAD_BLK_INITIATE_RSP: {
1289:CANopen/301/CO_SDOserver.c ****                 SDO->CANtxBuff->data[0] = 0xA4;
1290:CANopen/301/CO_SDOserver.c ****                 SDO->CANtxBuff->data[1] = (uint8_t)SDO->index;
1291:CANopen/301/CO_SDOserver.c ****                 SDO->CANtxBuff->data[2] = (uint8_t)(SDO->index >> 8);
1292:CANopen/301/CO_SDOserver.c ****                 SDO->CANtxBuff->data[3] = SDO->subIndex;
1293:CANopen/301/CO_SDOserver.c **** 
1294:CANopen/301/CO_SDOserver.c ****                 /* calculate number of block segments from free buffer space */
1295:CANopen/301/CO_SDOserver.c ****                 OD_size_t count = (CO_CONFIG_SDO_SRV_BUFFER_SIZE - 2) / 7;
ARM GAS  C:\Users\Lenovo\AppData\Local\Temp\ccOvLNZW.s 			page 83


1296:CANopen/301/CO_SDOserver.c ****                 if (count > 127) {
1297:CANopen/301/CO_SDOserver.c ****                     count = 127;
1298:CANopen/301/CO_SDOserver.c ****                 }
1299:CANopen/301/CO_SDOserver.c ****                 SDO->block_blksize = (uint8_t)count;
1300:CANopen/301/CO_SDOserver.c ****                 SDO->CANtxBuff->data[4] = SDO->block_blksize;
1301:CANopen/301/CO_SDOserver.c **** 
1302:CANopen/301/CO_SDOserver.c ****                 /* reset variables */
1303:CANopen/301/CO_SDOserver.c ****                 SDO->sizeTran = 0;
1304:CANopen/301/CO_SDOserver.c ****                 SDO->finished = false;
1305:CANopen/301/CO_SDOserver.c ****                 SDO->bufOffsetWr = 0;
1306:CANopen/301/CO_SDOserver.c ****                 SDO->bufOffsetRd = 0;
1307:CANopen/301/CO_SDOserver.c ****                 SDO->block_seqno = 0;
1308:CANopen/301/CO_SDOserver.c ****                 SDO->block_crc = 0;
1309:CANopen/301/CO_SDOserver.c ****                 SDO->timeoutTimer = 0;
1310:CANopen/301/CO_SDOserver.c ****                 SDO->block_timeoutTimer = 0;
1311:CANopen/301/CO_SDOserver.c **** 
1312:CANopen/301/CO_SDOserver.c ****                 /* Block segments will be received in different thread. Make memory
1313:CANopen/301/CO_SDOserver.c ****                  * barrier here with CO_FLAG_CLEAR() call. */
1314:CANopen/301/CO_SDOserver.c ****                 SDO->state = CO_SDO_ST_DOWNLOAD_BLK_SUBBLOCK_REQ;
1315:CANopen/301/CO_SDOserver.c ****                 CO_FLAG_CLEAR(SDO->CANrxNew);
1316:CANopen/301/CO_SDOserver.c ****                 (void)CO_CANsend(SDO->CANdevTx, SDO->CANtxBuff);
1317:CANopen/301/CO_SDOserver.c ****                 break;
1318:CANopen/301/CO_SDOserver.c ****             }
1319:CANopen/301/CO_SDOserver.c **** 
1320:CANopen/301/CO_SDOserver.c ****             case CO_SDO_ST_DOWNLOAD_BLK_SUBBLOCK_RSP: {
1321:CANopen/301/CO_SDOserver.c ****                 SDO->CANtxBuff->data[0] = 0xA2;
1322:CANopen/301/CO_SDOserver.c ****                 SDO->CANtxBuff->data[1] = SDO->block_seqno;
1323:CANopen/301/CO_SDOserver.c **** #ifdef CO_DEBUG_SDO_SERVER
1324:CANopen/301/CO_SDOserver.c ****                 bool_t transferShort = SDO->block_seqno != SDO->block_blksize;
1325:CANopen/301/CO_SDOserver.c ****                 uint8_t seqnoStart = SDO->block_seqno;
1326:CANopen/301/CO_SDOserver.c **** #endif
1327:CANopen/301/CO_SDOserver.c **** 
1328:CANopen/301/CO_SDOserver.c ****                 /* Is last segment? */
1329:CANopen/301/CO_SDOserver.c ****                 if (SDO->finished) {
1330:CANopen/301/CO_SDOserver.c ****                     SDO->state = CO_SDO_ST_DOWNLOAD_BLK_END_REQ;
1331:CANopen/301/CO_SDOserver.c ****                 } else {
1332:CANopen/301/CO_SDOserver.c ****                     /* calculate number of block segments from free buffer space */
1333:CANopen/301/CO_SDOserver.c ****                     OD_size_t count;
1334:CANopen/301/CO_SDOserver.c ****                     count = (CO_CONFIG_SDO_SRV_BUFFER_SIZE - 2 - SDO->bufOffsetWr) / 7;
1335:CANopen/301/CO_SDOserver.c ****                     if (count >= 127) {
1336:CANopen/301/CO_SDOserver.c ****                         count = 127;
1337:CANopen/301/CO_SDOserver.c ****                     } else if (SDO->bufOffsetWr > 0) {
1338:CANopen/301/CO_SDOserver.c ****                         /* it is necessary to empty the buffer */
1339:CANopen/301/CO_SDOserver.c ****                         if (!validateAndWriteToOD(SDO, &abortCode, 1, 0)) {
1340:CANopen/301/CO_SDOserver.c ****                             break;
1341:CANopen/301/CO_SDOserver.c ****                         }
1342:CANopen/301/CO_SDOserver.c **** 
1343:CANopen/301/CO_SDOserver.c ****                         count = (CO_CONFIG_SDO_SRV_BUFFER_SIZE - 2 - SDO->bufOffsetWr) / 7;
1344:CANopen/301/CO_SDOserver.c ****                         if (count >= 127) {
1345:CANopen/301/CO_SDOserver.c ****                             count = 127;
1346:CANopen/301/CO_SDOserver.c ****                         }
1347:CANopen/301/CO_SDOserver.c ****                     }
1348:CANopen/301/CO_SDOserver.c **** 
1349:CANopen/301/CO_SDOserver.c ****                     SDO->block_blksize = (uint8_t)count;
1350:CANopen/301/CO_SDOserver.c ****                     SDO->block_seqno = 0;
1351:CANopen/301/CO_SDOserver.c ****                     /* Block segments will be received in different thread. Make
1352:CANopen/301/CO_SDOserver.c ****                      * memory barrier here with CO_FLAG_CLEAR() call. */
ARM GAS  C:\Users\Lenovo\AppData\Local\Temp\ccOvLNZW.s 			page 84


1353:CANopen/301/CO_SDOserver.c ****                     SDO->state = CO_SDO_ST_DOWNLOAD_BLK_SUBBLOCK_REQ;
1354:CANopen/301/CO_SDOserver.c ****                     CO_FLAG_CLEAR(SDO->CANrxNew);
1355:CANopen/301/CO_SDOserver.c ****                 }
1356:CANopen/301/CO_SDOserver.c **** 
1357:CANopen/301/CO_SDOserver.c ****                 SDO->CANtxBuff->data[2] = SDO->block_blksize;
1358:CANopen/301/CO_SDOserver.c **** 
1359:CANopen/301/CO_SDOserver.c ****                 /* reset block_timeoutTimer, but not SDO->timeoutTimer */
1360:CANopen/301/CO_SDOserver.c ****                 SDO->block_timeoutTimer = 0;
1361:CANopen/301/CO_SDOserver.c ****                 (void)CO_CANsend(SDO->CANdevTx, SDO->CANtxBuff);
1362:CANopen/301/CO_SDOserver.c **** #ifdef CO_DEBUG_SDO_SERVER
1363:CANopen/301/CO_SDOserver.c ****                 if (transferShort && !SDO->finished) {
1364:CANopen/301/CO_SDOserver.c ****                     char msg[80];
1365:CANopen/301/CO_SDOserver.c ****                     sprintf(msg, "sub-block restarted: sequnoPrev=%02X, blksize=%02X", seqnoStart, 
1366:CANopen/301/CO_SDOserver.c ****                     CO_DEBUG_SDO_SERVER(msg);
1367:CANopen/301/CO_SDOserver.c ****                 }
1368:CANopen/301/CO_SDOserver.c **** #endif
1369:CANopen/301/CO_SDOserver.c ****                 break;
1370:CANopen/301/CO_SDOserver.c ****             }
1371:CANopen/301/CO_SDOserver.c **** 
1372:CANopen/301/CO_SDOserver.c ****             case CO_SDO_ST_DOWNLOAD_BLK_END_RSP: {
1373:CANopen/301/CO_SDOserver.c ****                 SDO->CANtxBuff->data[0] = 0xA1;
1374:CANopen/301/CO_SDOserver.c **** 
1375:CANopen/301/CO_SDOserver.c ****                 (void)CO_CANsend(SDO->CANdevTx, SDO->CANtxBuff);
1376:CANopen/301/CO_SDOserver.c ****                 SDO->state = CO_SDO_ST_IDLE;
1377:CANopen/301/CO_SDOserver.c ****                 ret = CO_SDO_RT_ok_communicationEnd;
1378:CANopen/301/CO_SDOserver.c ****                 break;
1379:CANopen/301/CO_SDOserver.c ****             }
1380:CANopen/301/CO_SDOserver.c **** 
1381:CANopen/301/CO_SDOserver.c ****             case CO_SDO_ST_UPLOAD_BLK_INITIATE_RSP: {
1382:CANopen/301/CO_SDOserver.c ****                 SDO->CANtxBuff->data[0] = 0xC4;
1383:CANopen/301/CO_SDOserver.c ****                 SDO->CANtxBuff->data[1] = (uint8_t)SDO->index;
1384:CANopen/301/CO_SDOserver.c ****                 SDO->CANtxBuff->data[2] = (uint8_t)(SDO->index >> 8);
1385:CANopen/301/CO_SDOserver.c ****                 SDO->CANtxBuff->data[3] = SDO->subIndex;
1386:CANopen/301/CO_SDOserver.c **** 
1387:CANopen/301/CO_SDOserver.c ****                 /* indicate data size */
1388:CANopen/301/CO_SDOserver.c ****                 if (SDO->sizeInd > 0) {
1389:CANopen/301/CO_SDOserver.c ****                     uint32_t size = CO_SWAP_32(SDO->sizeInd);
1390:CANopen/301/CO_SDOserver.c ****                     SDO->CANtxBuff->data[0] |= 0x02;
1391:CANopen/301/CO_SDOserver.c ****                     (void)memcpy(&SDO->CANtxBuff->data[4], &size, sizeof(size));
1392:CANopen/301/CO_SDOserver.c ****                 }
1393:CANopen/301/CO_SDOserver.c **** 
1394:CANopen/301/CO_SDOserver.c ****                 /* reset timeout timer and send message */
1395:CANopen/301/CO_SDOserver.c ****                 SDO->timeoutTimer = 0;
1396:CANopen/301/CO_SDOserver.c ****                 (void)CO_CANsend(SDO->CANdevTx, SDO->CANtxBuff);
1397:CANopen/301/CO_SDOserver.c ****                 SDO->state = CO_SDO_ST_UPLOAD_BLK_INITIATE_REQ2;
1398:CANopen/301/CO_SDOserver.c ****                 break;
1399:CANopen/301/CO_SDOserver.c ****             }
1400:CANopen/301/CO_SDOserver.c **** 
1401:CANopen/301/CO_SDOserver.c ****             case CO_SDO_ST_UPLOAD_BLK_SUBBLOCK_SREQ: {
1402:CANopen/301/CO_SDOserver.c ****                 /* write header and get current count */
1403:CANopen/301/CO_SDOserver.c ****                 SDO->CANtxBuff->data[0] = ++SDO->block_seqno;
1404:CANopen/301/CO_SDOserver.c ****                 OD_size_t count = SDO->bufOffsetWr - SDO->bufOffsetRd;
1405:CANopen/301/CO_SDOserver.c ****                 /* verify, if this is the last segment */
1406:CANopen/301/CO_SDOserver.c ****                 if (count < 7 || (SDO->finished && count == 7)) {
1407:CANopen/301/CO_SDOserver.c ****                     SDO->CANtxBuff->data[0] |= 0x80;
1408:CANopen/301/CO_SDOserver.c ****                 } else {
1409:CANopen/301/CO_SDOserver.c ****                     count = 7;
ARM GAS  C:\Users\Lenovo\AppData\Local\Temp\ccOvLNZW.s 			page 85


1410:CANopen/301/CO_SDOserver.c ****                 }
1411:CANopen/301/CO_SDOserver.c **** 
1412:CANopen/301/CO_SDOserver.c ****                 /* copy data segment to CAN message */
1413:CANopen/301/CO_SDOserver.c ****                 (void)memcpy(&SDO->CANtxBuff->data[1], SDO->buf + SDO->bufOffsetRd, count);
1414:CANopen/301/CO_SDOserver.c ****                 SDO->bufOffsetRd += count;
1415:CANopen/301/CO_SDOserver.c ****                 SDO->block_noData = (uint8_t)(7 - count);
1416:CANopen/301/CO_SDOserver.c ****                 SDO->sizeTran += count;
1417:CANopen/301/CO_SDOserver.c **** 
1418:CANopen/301/CO_SDOserver.c ****                 /* verify if sizeTran is too large or too short if last segment */
1419:CANopen/301/CO_SDOserver.c ****                 if (SDO->sizeInd > 0) {
1420:CANopen/301/CO_SDOserver.c ****                     if (SDO->sizeTran > SDO->sizeInd) {
1421:CANopen/301/CO_SDOserver.c ****                         abortCode = CO_SDO_AB_DATA_LONG;
1422:CANopen/301/CO_SDOserver.c ****                         SDO->state = CO_SDO_ST_ABORT;
1423:CANopen/301/CO_SDOserver.c ****                         break;
1424:CANopen/301/CO_SDOserver.c ****                     } else if (SDO->bufOffsetWr == SDO->bufOffsetRd && SDO->sizeTran < SDO->sizeInd
1425:CANopen/301/CO_SDOserver.c ****                         abortCode = CO_SDO_AB_DATA_SHORT;
1426:CANopen/301/CO_SDOserver.c ****                         SDO->state = CO_SDO_ST_ABORT;
1427:CANopen/301/CO_SDOserver.c ****                         break;
1428:CANopen/301/CO_SDOserver.c ****                     }
1429:CANopen/301/CO_SDOserver.c ****                 }
1430:CANopen/301/CO_SDOserver.c **** 
1431:CANopen/301/CO_SDOserver.c ****                 /* is last segment or all segments in current block transferred? */
1432:CANopen/301/CO_SDOserver.c ****                 if (SDO->bufOffsetWr == SDO->bufOffsetRd || SDO->block_seqno >= SDO->block_blksize)
1433:CANopen/301/CO_SDOserver.c ****                     SDO->state = CO_SDO_ST_UPLOAD_BLK_SUBBLOCK_CRSP;
1434:CANopen/301/CO_SDOserver.c ****                 }
1435:CANopen/301/CO_SDOserver.c **** #if ((CO_CONFIG_SDO_SRV)&CO_CONFIG_FLAG_TIMERNEXT) != 0
1436:CANopen/301/CO_SDOserver.c ****                 else {
1437:CANopen/301/CO_SDOserver.c ****                     /* Inform OS to call this function again without delay. */
1438:CANopen/301/CO_SDOserver.c ****                     if (timerNext_us != NULL) {
1439:CANopen/301/CO_SDOserver.c ****                         *timerNext_us = 0;
1440:CANopen/301/CO_SDOserver.c ****                     }
1441:CANopen/301/CO_SDOserver.c ****                 }
1442:CANopen/301/CO_SDOserver.c **** #endif
1443:CANopen/301/CO_SDOserver.c ****                 /* reset timeout timer and send message */
1444:CANopen/301/CO_SDOserver.c ****                 SDO->timeoutTimer = 0;
1445:CANopen/301/CO_SDOserver.c ****                 (void)CO_CANsend(SDO->CANdevTx, SDO->CANtxBuff);
1446:CANopen/301/CO_SDOserver.c ****                 break;
1447:CANopen/301/CO_SDOserver.c ****             }
1448:CANopen/301/CO_SDOserver.c **** 
1449:CANopen/301/CO_SDOserver.c ****             case CO_SDO_ST_UPLOAD_BLK_END_SREQ: {
1450:CANopen/301/CO_SDOserver.c ****                 SDO->CANtxBuff->data[0] = 0xC1 | (SDO->block_noData << 2);
1451:CANopen/301/CO_SDOserver.c ****                 SDO->CANtxBuff->data[1] = (uint8_t)SDO->block_crc;
1452:CANopen/301/CO_SDOserver.c ****                 SDO->CANtxBuff->data[2] = (uint8_t)(SDO->block_crc >> 8);
1453:CANopen/301/CO_SDOserver.c **** 
1454:CANopen/301/CO_SDOserver.c ****                 /* reset timeout timer and send message */
1455:CANopen/301/CO_SDOserver.c ****                 SDO->timeoutTimer = 0;
1456:CANopen/301/CO_SDOserver.c ****                 (void)CO_CANsend(SDO->CANdevTx, SDO->CANtxBuff);
1457:CANopen/301/CO_SDOserver.c ****                 SDO->state = CO_SDO_ST_UPLOAD_BLK_END_CRSP;
1458:CANopen/301/CO_SDOserver.c ****                 break;
1459:CANopen/301/CO_SDOserver.c ****             }
1460:CANopen/301/CO_SDOserver.c **** #endif /* (CO_CONFIG_SDO_SRV) & CO_CONFIG_SDO_SRV_BLOCK */
1461:CANopen/301/CO_SDOserver.c **** 
1462:CANopen/301/CO_SDOserver.c **** #if ((CO_CONFIG_SDO_SRV)&CO_CONFIG_SDO_SRV_SEGMENTED) == 0
1463:CANopen/301/CO_SDOserver.c ****             case CO_SDO_ST_DOWNLOAD_SEGMENT_RSP:
1464:CANopen/301/CO_SDOserver.c ****             case CO_SDO_ST_UPLOAD_SEGMENT_RSP:
1465:CANopen/301/CO_SDOserver.c **** #endif
1466:CANopen/301/CO_SDOserver.c **** #if ((CO_CONFIG_SDO_SRV)&CO_CONFIG_SDO_SRV_BLOCK) == 0
ARM GAS  C:\Users\Lenovo\AppData\Local\Temp\ccOvLNZW.s 			page 86


1467:CANopen/301/CO_SDOserver.c ****             case CO_SDO_ST_DOWNLOAD_BLK_INITIATE_RSP:
1468:CANopen/301/CO_SDOserver.c ****             case CO_SDO_ST_DOWNLOAD_BLK_SUBBLOCK_RSP:
1469:CANopen/301/CO_SDOserver.c ****             case CO_SDO_ST_DOWNLOAD_BLK_END_RSP:
1470:CANopen/301/CO_SDOserver.c ****             case CO_SDO_ST_UPLOAD_BLK_INITIATE_RSP:
1471:CANopen/301/CO_SDOserver.c ****             case CO_SDO_ST_UPLOAD_BLK_SUBBLOCK_SREQ:
1472:CANopen/301/CO_SDOserver.c ****             case CO_SDO_ST_UPLOAD_BLK_END_SREQ:
1473:CANopen/301/CO_SDOserver.c **** #endif
1474:CANopen/301/CO_SDOserver.c ****             case CO_SDO_ST_IDLE:
1475:CANopen/301/CO_SDOserver.c ****             case CO_SDO_ST_ABORT:
1476:CANopen/301/CO_SDOserver.c ****             case CO_SDO_ST_DOWNLOAD_LOCAL_TRANSFER:
1477:CANopen/301/CO_SDOserver.c ****             case CO_SDO_ST_DOWNLOAD_INITIATE_REQ:
1478:CANopen/301/CO_SDOserver.c ****             case CO_SDO_ST_DOWNLOAD_SEGMENT_REQ:
1479:CANopen/301/CO_SDOserver.c ****             case CO_SDO_ST_UPLOAD_LOCAL_TRANSFER:
1480:CANopen/301/CO_SDOserver.c ****             case CO_SDO_ST_UPLOAD_INITIATE_REQ:
1481:CANopen/301/CO_SDOserver.c ****             case CO_SDO_ST_UPLOAD_SEGMENT_REQ:
1482:CANopen/301/CO_SDOserver.c ****             case CO_SDO_ST_DOWNLOAD_BLK_INITIATE_REQ:
1483:CANopen/301/CO_SDOserver.c ****             case CO_SDO_ST_DOWNLOAD_BLK_SUBBLOCK_REQ:
1484:CANopen/301/CO_SDOserver.c ****             case CO_SDO_ST_DOWNLOAD_BLK_END_REQ:
1485:CANopen/301/CO_SDOserver.c ****             case CO_SDO_ST_UPLOAD_BLK_INITIATE_REQ:
1486:CANopen/301/CO_SDOserver.c ****             case CO_SDO_ST_UPLOAD_BLK_INITIATE_REQ2:
1487:CANopen/301/CO_SDOserver.c ****             case CO_SDO_ST_UPLOAD_BLK_SUBBLOCK_CRSP:
1488:CANopen/301/CO_SDOserver.c ****             case CO_SDO_ST_UPLOAD_BLK_END_CRSP:
1489:CANopen/301/CO_SDOserver.c ****             default: {
1490:CANopen/301/CO_SDOserver.c ****                 /* none */
1491:CANopen/301/CO_SDOserver.c ****                 break;
1492:CANopen/301/CO_SDOserver.c ****             }
1493:CANopen/301/CO_SDOserver.c ****         } /* switch (SDO->state) */
1494:CANopen/301/CO_SDOserver.c ****     }
1495:CANopen/301/CO_SDOserver.c **** 
1496:CANopen/301/CO_SDOserver.c ****     if (ret == CO_SDO_RT_waitingResponse) {
1497:CANopen/301/CO_SDOserver.c ****         if (SDO->state == CO_SDO_ST_ABORT) {
1498:CANopen/301/CO_SDOserver.c ****             uint32_t code = CO_SWAP_32((uint32_t)abortCode);
1499:CANopen/301/CO_SDOserver.c ****             /* Send SDO abort message */
1500:CANopen/301/CO_SDOserver.c ****             SDO->CANtxBuff->data[0] = 0x80;
1501:CANopen/301/CO_SDOserver.c ****             SDO->CANtxBuff->data[1] = (uint8_t)SDO->index;
1502:CANopen/301/CO_SDOserver.c ****             SDO->CANtxBuff->data[2] = (uint8_t)(SDO->index >> 8);
1503:CANopen/301/CO_SDOserver.c ****             SDO->CANtxBuff->data[3] = SDO->subIndex;
1504:CANopen/301/CO_SDOserver.c **** 
1505:CANopen/301/CO_SDOserver.c ****             (void)memcpy((void*)(&SDO->CANtxBuff->data[4]), (const void*)(&code), sizeof(code));
1506:CANopen/301/CO_SDOserver.c ****             (void)CO_CANsend(SDO->CANdevTx, SDO->CANtxBuff);
1507:CANopen/301/CO_SDOserver.c ****             SDO->state = CO_SDO_ST_IDLE;
1508:CANopen/301/CO_SDOserver.c ****             ret = CO_SDO_RT_endedWithServerAbort;
1509:CANopen/301/CO_SDOserver.c ****         }
1510:CANopen/301/CO_SDOserver.c **** #if ((CO_CONFIG_SDO_SRV)&CO_CONFIG_SDO_SRV_BLOCK) != 0
1511:CANopen/301/CO_SDOserver.c ****         else if (SDO->state == CO_SDO_ST_DOWNLOAD_BLK_SUBBLOCK_REQ) {
1512:CANopen/301/CO_SDOserver.c ****             ret = CO_SDO_RT_blockDownldInProgress;
1513:CANopen/301/CO_SDOserver.c ****         } else if (SDO->state == CO_SDO_ST_UPLOAD_BLK_SUBBLOCK_SREQ) {
1514:CANopen/301/CO_SDOserver.c ****             ret = CO_SDO_RT_blockUploadInProgress;
1515:CANopen/301/CO_SDOserver.c ****         }
1516:CANopen/301/CO_SDOserver.c **** #endif
1517:CANopen/301/CO_SDOserver.c ****     }
1518:CANopen/301/CO_SDOserver.c **** 
1519:CANopen/301/CO_SDOserver.c ****     return ret;
1520:CANopen/301/CO_SDOserver.c **** }
 1838              		.loc 1 1520 1 is_stmt 0 view .LVU609
 1839 002c 2846     		mov	r0, r5
 1840 002e 04B0     		add	sp, sp, #16
ARM GAS  C:\Users\Lenovo\AppData\Local\Temp\ccOvLNZW.s 			page 87


 1841              	.LCFI21:
 1842              		.cfi_remember_state
 1843              		.cfi_def_cfa_offset 16
 1844              		@ sp needed
 1845 0030 70BD     		pop	{r4, r5, r6, pc}
 1846              	.LVL203:
 1847              	.L130:
 1848              	.LCFI22:
 1849              		.cfi_restore_state
 616:CANopen/301/CO_SDOserver.c ****         if (SDO->state == CO_SDO_ST_IDLE) { /* new SDO communication? */
 1850              		.loc 1 616 10 is_stmt 1 view .LVU610
 616:CANopen/301/CO_SDOserver.c ****         if (SDO->state == CO_SDO_ST_IDLE) { /* new SDO communication? */
 1851              		.loc 1 616 13 is_stmt 0 view .LVU611
 1852 0032 0028     		cmp	r0, #0
 1853 0034 00F08281 		beq	.L131
 1854              	.LBB62:
 617:CANopen/301/CO_SDOserver.c ****             bool_t upload = false;
 1855              		.loc 1 617 9 is_stmt 1 view .LVU612
 617:CANopen/301/CO_SDOserver.c ****             bool_t upload = false;
 1856              		.loc 1 617 16 is_stmt 0 view .LVU613
 1857 0038 237D     		ldrb	r3, [r4, #20]	@ zero_extendqisi2
 617:CANopen/301/CO_SDOserver.c ****             bool_t upload = false;
 1858              		.loc 1 617 12 view .LVU614
 1859 003a 93B9     		cbnz	r3, .L132
 1860              	.LBB63:
 618:CANopen/301/CO_SDOserver.c **** 
 1861              		.loc 1 618 13 is_stmt 1 view .LVU615
 1862              	.LVL204:
 620:CANopen/301/CO_SDOserver.c ****                 SDO->state = CO_SDO_ST_DOWNLOAD_INITIATE_REQ;
 1863              		.loc 1 620 13 view .LVU616
 620:CANopen/301/CO_SDOserver.c ****                 SDO->state = CO_SDO_ST_DOWNLOAD_INITIATE_REQ;
 1864              		.loc 1 620 32 is_stmt 0 view .LVU617
 1865 003c 94F84030 		ldrb	r3, [r4, #64]	@ zero_extendqisi2
 620:CANopen/301/CO_SDOserver.c ****                 SDO->state = CO_SDO_ST_DOWNLOAD_INITIATE_REQ;
 1866              		.loc 1 620 16 view .LVU618
 1867 0040 03F0F002 		and	r2, r3, #240
 1868              	.LVL205:
 620:CANopen/301/CO_SDOserver.c ****                 SDO->state = CO_SDO_ST_DOWNLOAD_INITIATE_REQ;
 1869              		.loc 1 620 16 view .LVU619
 1870 0044 202A     		cmp	r2, #32
 1871 0046 2FD0     		beq	.L205
 622:CANopen/301/CO_SDOserver.c ****                 upload = true;
 1872              		.loc 1 622 20 is_stmt 1 view .LVU620
 622:CANopen/301/CO_SDOserver.c ****                 upload = true;
 1873              		.loc 1 622 23 is_stmt 0 view .LVU621
 1874 0048 402B     		cmp	r3, #64
 1875 004a 31D0     		beq	.L206
 635:CANopen/301/CO_SDOserver.c ****                 SDO->state = CO_SDO_ST_ABORT;
 1876              		.loc 1 635 17 is_stmt 1 view .LVU622
 635:CANopen/301/CO_SDOserver.c ****                 SDO->state = CO_SDO_ST_ABORT;
 1877              		.loc 1 635 27 is_stmt 0 view .LVU623
 1878 004c 974B     		ldr	r3, .L215
 1879 004e 0393     		str	r3, [sp, #12]
 636:CANopen/301/CO_SDOserver.c ****             }
 1880              		.loc 1 636 17 is_stmt 1 view .LVU624
 636:CANopen/301/CO_SDOserver.c ****             }
 1881              		.loc 1 636 28 is_stmt 0 view .LVU625
ARM GAS  C:\Users\Lenovo\AppData\Local\Temp\ccOvLNZW.s 			page 88


 1882 0050 0123     		movs	r3, #1
 1883 0052 2375     		strb	r3, [r4, #20]
 618:CANopen/301/CO_SDOserver.c **** 
 1884              		.loc 1 618 20 view .LVU626
 1885 0054 0025     		movs	r5, #0
 1886              	.LVL206:
 1887              	.L134:
 640:CANopen/301/CO_SDOserver.c ****                 ODR_t odRet;
 1888              		.loc 1 640 13 is_stmt 1 view .LVU627
 640:CANopen/301/CO_SDOserver.c ****                 ODR_t odRet;
 1889              		.loc 1 640 27 is_stmt 0 view .LVU628
 1890 0056 039B     		ldr	r3, [sp, #12]
 640:CANopen/301/CO_SDOserver.c ****                 ODR_t odRet;
 1891              		.loc 1 640 16 view .LVU629
 1892 0058 73B3     		cbz	r3, .L207
 1893              	.LVL207:
 1894              	.L136:
 1895              	.LBB64:
 660:CANopen/301/CO_SDOserver.c ****                 }
 1896              		.loc 1 660 21 is_stmt 1 view .LVU630
 1897              	.LBE64:
 666:CANopen/301/CO_SDOserver.c ****                 SDO->bufOffsetRd = 0;
 1898              		.loc 1 666 13 view .LVU631
 666:CANopen/301/CO_SDOserver.c ****                 SDO->bufOffsetRd = 0;
 1899              		.loc 1 666 16 is_stmt 0 view .LVU632
 1900 005a 15B1     		cbz	r5, .L132
 1901              	.L140:
 666:CANopen/301/CO_SDOserver.c ****                 SDO->bufOffsetRd = 0;
 1902              		.loc 1 666 38 discriminator 1 view .LVU633
 1903 005c 039B     		ldr	r3, [sp, #12]
 666:CANopen/301/CO_SDOserver.c ****                 SDO->bufOffsetRd = 0;
 1904              		.loc 1 666 24 discriminator 1 view .LVU634
 1905 005e 002B     		cmp	r3, #0
 1906 0060 61D0     		beq	.L208
 1907              	.LVL208:
 1908              	.L132:
 666:CANopen/301/CO_SDOserver.c ****                 SDO->bufOffsetRd = 0;
 1909              		.loc 1 666 24 discriminator 1 view .LVU635
 1910              	.LBE63:
 697:CANopen/301/CO_SDOserver.c ****         isOKstate = (SDO->state != CO_SDO_ST_ABORT) && isOKstate;
 1911              		.loc 1 697 9 is_stmt 1 view .LVU636
 697:CANopen/301/CO_SDOserver.c ****         isOKstate = (SDO->state != CO_SDO_ST_ABORT) && isOKstate;
 1912              		.loc 1 697 30 is_stmt 0 view .LVU637
 1913 0062 237D     		ldrb	r3, [r4, #20]	@ zero_extendqisi2
 1914 0064 DBB2     		uxtb	r3, r3
 1915              	.LVL209:
 698:CANopen/301/CO_SDOserver.c ****         if (isOKstate) {
 1916              		.loc 1 698 9 is_stmt 1 view .LVU638
 698:CANopen/301/CO_SDOserver.c ****         if (isOKstate) {
 1917              		.loc 1 698 25 is_stmt 0 view .LVU639
 1918 0066 227D     		ldrb	r2, [r4, #20]	@ zero_extendqisi2
 698:CANopen/301/CO_SDOserver.c ****         if (isOKstate) {
 1919              		.loc 1 698 53 view .LVU640
 1920 0068 012A     		cmp	r2, #1
 1921 006a 00F06481 		beq	.L144
 698:CANopen/301/CO_SDOserver.c ****         if (isOKstate) {
 1922              		.loc 1 698 53 discriminator 1 view .LVU641
ARM GAS  C:\Users\Lenovo\AppData\Local\Temp\ccOvLNZW.s 			page 89


 1923 006e 002B     		cmp	r3, #0
 1924 0070 00F06181 		beq	.L144
 1925              	.LVL210:
 699:CANopen/301/CO_SDOserver.c ****             switch (SDO->state) {
 1926              		.loc 1 699 9 is_stmt 1 view .LVU642
 700:CANopen/301/CO_SDOserver.c ****                 case CO_SDO_ST_DOWNLOAD_INITIATE_REQ: {
 1927              		.loc 1 700 13 view .LVU643
 700:CANopen/301/CO_SDOserver.c ****                 case CO_SDO_ST_DOWNLOAD_INITIATE_REQ: {
 1928              		.loc 1 700 24 is_stmt 0 view .LVU644
 1929 0074 237D     		ldrb	r3, [r4, #20]	@ zero_extendqisi2
 700:CANopen/301/CO_SDOserver.c ****                 case CO_SDO_ST_DOWNLOAD_INITIATE_REQ: {
 1930              		.loc 1 700 13 view .LVU645
 1931 0076 113B     		subs	r3, r3, #17
 1932 0078 122B     		cmp	r3, #18
 1933 007a 00F25881 		bhi	.L145
 1934 007e DFE813F0 		tbh	[pc, r3, lsl #1]
 1935              	.L147:
 1936 0082 7800     		.2byte	(.L150-.L147)/2
 1937 0084 5601     		.2byte	(.L145-.L147)/2
 1938 0086 E400     		.2byte	(.L149-.L147)/2
 1939 0088 5601     		.2byte	(.L145-.L147)/2
 1940 008a 5601     		.2byte	(.L145-.L147)/2
 1941 008c 5601     		.2byte	(.L145-.L147)/2
 1942 008e 5601     		.2byte	(.L145-.L147)/2
 1943 0090 5601     		.2byte	(.L145-.L147)/2
 1944 0092 5601     		.2byte	(.L145-.L147)/2
 1945 0094 5601     		.2byte	(.L145-.L147)/2
 1946 0096 5601     		.2byte	(.L145-.L147)/2
 1947 0098 5601     		.2byte	(.L145-.L147)/2
 1948 009a 5601     		.2byte	(.L145-.L147)/2
 1949 009c 5601     		.2byte	(.L145-.L147)/2
 1950 009e 5601     		.2byte	(.L145-.L147)/2
 1951 00a0 5601     		.2byte	(.L145-.L147)/2
 1952 00a2 3A01     		.2byte	(.L148-.L147)/2
 1953 00a4 5601     		.2byte	(.L145-.L147)/2
 1954 00a6 3D01     		.2byte	(.L146-.L147)/2
 1955              	.LVL211:
 1956              		.p2align 1
 1957              	.L205:
 1958              	.LBB66:
 621:CANopen/301/CO_SDOserver.c ****             } else if (SDO->CANrxData[0] == 0x40U) {
 1959              		.loc 1 621 17 is_stmt 1 view .LVU646
 621:CANopen/301/CO_SDOserver.c ****             } else if (SDO->CANrxData[0] == 0x40U) {
 1960              		.loc 1 621 28 is_stmt 0 view .LVU647
 1961 00a8 1123     		movs	r3, #17
 1962 00aa 2375     		strb	r3, [r4, #20]
 618:CANopen/301/CO_SDOserver.c **** 
 1963              		.loc 1 618 20 view .LVU648
 1964 00ac 0025     		movs	r5, #0
 1965 00ae D2E7     		b	.L134
 1966              	.L206:
 623:CANopen/301/CO_SDOserver.c ****                 SDO->state = CO_SDO_ST_UPLOAD_INITIATE_REQ;
 1967              		.loc 1 623 17 is_stmt 1 view .LVU649
 1968              	.LVL212:
 624:CANopen/301/CO_SDOserver.c ****             }
 1969              		.loc 1 624 17 view .LVU650
 624:CANopen/301/CO_SDOserver.c ****             }
ARM GAS  C:\Users\Lenovo\AppData\Local\Temp\ccOvLNZW.s 			page 90


 1970              		.loc 1 624 28 is_stmt 0 view .LVU651
 1971 00b0 2123     		movs	r3, #33
 1972 00b2 2375     		strb	r3, [r4, #20]
 623:CANopen/301/CO_SDOserver.c ****                 SDO->state = CO_SDO_ST_UPLOAD_INITIATE_REQ;
 1973              		.loc 1 623 24 view .LVU652
 1974 00b4 0125     		movs	r5, #1
 1975 00b6 CEE7     		b	.L134
 1976              	.LVL213:
 1977              	.L207:
 1978              	.LBB65:
 641:CANopen/301/CO_SDOserver.c ****                 SDO->index = (uint16_t)((((uint16_t)SDO->CANrxData[2]) << 8) | SDO->CANrxData[1]);
 1979              		.loc 1 641 17 is_stmt 1 view .LVU653
 642:CANopen/301/CO_SDOserver.c ****                 SDO->subIndex = SDO->CANrxData[3];
 1980              		.loc 1 642 17 view .LVU654
 642:CANopen/301/CO_SDOserver.c ****                 SDO->subIndex = SDO->CANrxData[3];
 1981              		.loc 1 642 67 is_stmt 0 view .LVU655
 1982 00b8 94F84230 		ldrb	r3, [r4, #66]	@ zero_extendqisi2
 642:CANopen/301/CO_SDOserver.c ****                 SDO->subIndex = SDO->CANrxData[3];
 1983              		.loc 1 642 94 view .LVU656
 1984 00bc 94F84110 		ldrb	r1, [r4, #65]	@ zero_extendqisi2
 1985              	.LVL214:
 642:CANopen/301/CO_SDOserver.c ****                 SDO->subIndex = SDO->CANrxData[3];
 1986              		.loc 1 642 30 view .LVU657
 1987 00c0 41EA0321 		orr	r1, r1, r3, lsl #8
 642:CANopen/301/CO_SDOserver.c ****                 SDO->subIndex = SDO->CANrxData[3];
 1988              		.loc 1 642 28 view .LVU658
 1989 00c4 2187     		strh	r1, [r4, #56]	@ movhi
 643:CANopen/301/CO_SDOserver.c ****                 odRet = OD_getSub(OD_find(SDO->OD, SDO->index), SDO->subIndex, &SDO->OD_IO, false);
 1990              		.loc 1 643 17 is_stmt 1 view .LVU659
 643:CANopen/301/CO_SDOserver.c ****                 odRet = OD_getSub(OD_find(SDO->OD, SDO->index), SDO->subIndex, &SDO->OD_IO, false);
 1991              		.loc 1 643 47 is_stmt 0 view .LVU660
 1992 00c6 94F84330 		ldrb	r3, [r4, #67]	@ zero_extendqisi2
 643:CANopen/301/CO_SDOserver.c ****                 odRet = OD_getSub(OD_find(SDO->OD, SDO->index), SDO->subIndex, &SDO->OD_IO, false);
 1993              		.loc 1 643 31 view .LVU661
 1994 00ca 84F83A30 		strb	r3, [r4, #58]
 644:CANopen/301/CO_SDOserver.c ****                 if (odRet != ODR_OK) {
 1995              		.loc 1 644 17 is_stmt 1 view .LVU662
 644:CANopen/301/CO_SDOserver.c ****                 if (odRet != ODR_OK) {
 1996              		.loc 1 644 35 is_stmt 0 view .LVU663
 1997 00ce A068     		ldr	r0, [r4, #8]
 1998              	.LVL215:
 644:CANopen/301/CO_SDOserver.c ****                 if (odRet != ODR_OK) {
 1999              		.loc 1 644 35 view .LVU664
 2000 00d0 FFF7FEFF 		bl	OD_find
 2001              	.LVL216:
 644:CANopen/301/CO_SDOserver.c ****                 if (odRet != ODR_OK) {
 2002              		.loc 1 644 25 discriminator 1 view .LVU665
 2003 00d4 0023     		movs	r3, #0
 2004 00d6 04F11802 		add	r2, r4, #24
 2005 00da 94F83A10 		ldrb	r1, [r4, #58]	@ zero_extendqisi2
 2006 00de FFF7FEFF 		bl	OD_getSub
 2007              	.LVL217:
 645:CANopen/301/CO_SDOserver.c ****                     abortCode = (CO_SDO_abortCode_t)OD_getSDOabCode(odRet);
 2008              		.loc 1 645 17 is_stmt 1 view .LVU666
 645:CANopen/301/CO_SDOserver.c ****                     abortCode = (CO_SDO_abortCode_t)OD_getSDOabCode(odRet);
 2009              		.loc 1 645 20 is_stmt 0 view .LVU667
 2010 00e2 48B9     		cbnz	r0, .L209
ARM GAS  C:\Users\Lenovo\AppData\Local\Temp\ccOvLNZW.s 			page 91


 650:CANopen/301/CO_SDOserver.c ****                         abortCode = CO_SDO_AB_UNSUPPORTED_ACCESS;
 2011              		.loc 1 650 21 is_stmt 1 view .LVU668
 650:CANopen/301/CO_SDOserver.c ****                         abortCode = CO_SDO_AB_UNSUPPORTED_ACCESS;
 2012              		.loc 1 650 43 is_stmt 0 view .LVU669
 2013 00e4 94F82830 		ldrb	r3, [r4, #40]	@ zero_extendqisi2
 650:CANopen/301/CO_SDOserver.c ****                         abortCode = CO_SDO_AB_UNSUPPORTED_ACCESS;
 2014              		.loc 1 650 24 view .LVU670
 2015 00e8 13F0030F 		tst	r3, #3
 2016 00ec 0AD1     		bne	.L138
 651:CANopen/301/CO_SDOserver.c ****                         SDO->state = CO_SDO_ST_ABORT;
 2017              		.loc 1 651 25 is_stmt 1 view .LVU671
 651:CANopen/301/CO_SDOserver.c ****                         SDO->state = CO_SDO_ST_ABORT;
 2018              		.loc 1 651 35 is_stmt 0 view .LVU672
 2019 00ee 704B     		ldr	r3, .L215+4
 2020 00f0 0393     		str	r3, [sp, #12]
 652:CANopen/301/CO_SDOserver.c ****                     } else if (upload && ((SDO->OD_IO.stream.attribute & (OD_attr_t)ODA_SDO_R) == 0
 2021              		.loc 1 652 25 is_stmt 1 view .LVU673
 652:CANopen/301/CO_SDOserver.c ****                     } else if (upload && ((SDO->OD_IO.stream.attribute & (OD_attr_t)ODA_SDO_R) == 0
 2022              		.loc 1 652 36 is_stmt 0 view .LVU674
 2023 00f2 0123     		movs	r3, #1
 2024 00f4 2375     		strb	r3, [r4, #20]
 2025 00f6 B0E7     		b	.L136
 2026              	.L209:
 646:CANopen/301/CO_SDOserver.c ****                     SDO->state = CO_SDO_ST_ABORT;
 2027              		.loc 1 646 21 is_stmt 1 view .LVU675
 646:CANopen/301/CO_SDOserver.c ****                     SDO->state = CO_SDO_ST_ABORT;
 2028              		.loc 1 646 53 is_stmt 0 view .LVU676
 2029 00f8 FFF7FEFF 		bl	OD_getSDOabCode
 2030              	.LVL218:
 646:CANopen/301/CO_SDOserver.c ****                     SDO->state = CO_SDO_ST_ABORT;
 2031              		.loc 1 646 31 discriminator 1 view .LVU677
 2032 00fc 0390     		str	r0, [sp, #12]
 647:CANopen/301/CO_SDOserver.c ****                 } else {
 2033              		.loc 1 647 21 is_stmt 1 view .LVU678
 647:CANopen/301/CO_SDOserver.c ****                 } else {
 2034              		.loc 1 647 32 is_stmt 0 view .LVU679
 2035 00fe 0123     		movs	r3, #1
 2036 0100 2375     		strb	r3, [r4, #20]
 2037 0102 AAE7     		b	.L136
 2038              	.LVL219:
 2039              	.L138:
 653:CANopen/301/CO_SDOserver.c ****                         abortCode = CO_SDO_AB_WRITEONLY;
 2040              		.loc 1 653 28 is_stmt 1 view .LVU680
 653:CANopen/301/CO_SDOserver.c ****                         abortCode = CO_SDO_AB_WRITEONLY;
 2041              		.loc 1 653 31 is_stmt 0 view .LVU681
 2042 0104 3DB1     		cbz	r5, .L139
 653:CANopen/301/CO_SDOserver.c ****                         abortCode = CO_SDO_AB_WRITEONLY;
 2043              		.loc 1 653 39 discriminator 1 view .LVU682
 2044 0106 13F0010F 		tst	r3, #1
 2045 010a A7D1     		bne	.L140
 654:CANopen/301/CO_SDOserver.c ****                         SDO->state = CO_SDO_ST_ABORT;
 2046              		.loc 1 654 25 is_stmt 1 view .LVU683
 654:CANopen/301/CO_SDOserver.c ****                         SDO->state = CO_SDO_ST_ABORT;
 2047              		.loc 1 654 35 is_stmt 0 view .LVU684
 2048 010c 694B     		ldr	r3, .L215+8
 2049 010e 0393     		str	r3, [sp, #12]
 655:CANopen/301/CO_SDOserver.c ****                     } else if (!upload && ((SDO->OD_IO.stream.attribute & (OD_attr_t)ODA_SDO_W) == 
ARM GAS  C:\Users\Lenovo\AppData\Local\Temp\ccOvLNZW.s 			page 92


 2050              		.loc 1 655 25 is_stmt 1 view .LVU685
 655:CANopen/301/CO_SDOserver.c ****                     } else if (!upload && ((SDO->OD_IO.stream.attribute & (OD_attr_t)ODA_SDO_W) == 
 2051              		.loc 1 655 36 is_stmt 0 view .LVU686
 2052 0110 0123     		movs	r3, #1
 2053 0112 2375     		strb	r3, [r4, #20]
 2054 0114 A1E7     		b	.L136
 2055              	.L139:
 656:CANopen/301/CO_SDOserver.c ****                         abortCode = CO_SDO_AB_READONLY;
 2056              		.loc 1 656 40 discriminator 1 view .LVU687
 2057 0116 13F0020F 		tst	r3, #2
 2058 011a 9ED1     		bne	.L136
 657:CANopen/301/CO_SDOserver.c ****                         SDO->state = CO_SDO_ST_ABORT;
 2059              		.loc 1 657 25 is_stmt 1 view .LVU688
 657:CANopen/301/CO_SDOserver.c ****                         SDO->state = CO_SDO_ST_ABORT;
 2060              		.loc 1 657 35 is_stmt 0 view .LVU689
 2061 011c 664B     		ldr	r3, .L215+12
 2062 011e 0393     		str	r3, [sp, #12]
 658:CANopen/301/CO_SDOserver.c ****                     } else { /* MISRA C 2004 14.10 */
 2063              		.loc 1 658 25 is_stmt 1 view .LVU690
 658:CANopen/301/CO_SDOserver.c ****                     } else { /* MISRA C 2004 14.10 */
 2064              		.loc 1 658 36 is_stmt 0 view .LVU691
 2065 0120 0123     		movs	r3, #1
 2066 0122 2375     		strb	r3, [r4, #20]
 2067 0124 99E7     		b	.L136
 2068              	.LVL220:
 2069              	.L208:
 658:CANopen/301/CO_SDOserver.c ****                     } else { /* MISRA C 2004 14.10 */
 2070              		.loc 1 658 36 view .LVU692
 2071              	.LBE65:
 667:CANopen/301/CO_SDOserver.c ****                 SDO->bufOffsetWr = 0;
 2072              		.loc 1 667 17 is_stmt 1 view .LVU693
 667:CANopen/301/CO_SDOserver.c ****                 SDO->bufOffsetWr = 0;
 2073              		.loc 1 667 34 is_stmt 0 view .LVU694
 2074 0126 C4F8A830 		str	r3, [r4, #168]
 668:CANopen/301/CO_SDOserver.c ****                 SDO->sizeTran = 0;
 2075              		.loc 1 668 17 is_stmt 1 view .LVU695
 668:CANopen/301/CO_SDOserver.c ****                 SDO->sizeTran = 0;
 2076              		.loc 1 668 34 is_stmt 0 view .LVU696
 2077 012a C4F8A430 		str	r3, [r4, #164]
 669:CANopen/301/CO_SDOserver.c ****                 SDO->finished = false;
 2078              		.loc 1 669 17 is_stmt 1 view .LVU697
 669:CANopen/301/CO_SDOserver.c ****                 SDO->finished = false;
 2079              		.loc 1 669 31 is_stmt 0 view .LVU698
 2080 012e E366     		str	r3, [r4, #108]
 670:CANopen/301/CO_SDOserver.c **** 
 2081              		.loc 1 670 17 is_stmt 1 view .LVU699
 670:CANopen/301/CO_SDOserver.c **** 
 2082              		.loc 1 670 31 is_stmt 0 view .LVU700
 2083 0130 6367     		str	r3, [r4, #116]
 672:CANopen/301/CO_SDOserver.c ****                     /* Size of variable in OD (may not be known yet) */
 2084              		.loc 1 672 17 is_stmt 1 view .LVU701
 672:CANopen/301/CO_SDOserver.c ****                     /* Size of variable in OD (may not be known yet) */
 2085              		.loc 1 672 21 is_stmt 0 view .LVU702
 2086 0132 0722     		movs	r2, #7
 2087 0134 03A9     		add	r1, sp, #12
 2088 0136 2046     		mov	r0, r4
 2089 0138 FFF7FEFF 		bl	readFromOd
ARM GAS  C:\Users\Lenovo\AppData\Local\Temp\ccOvLNZW.s 			page 93


 2090              	.LVL221:
 672:CANopen/301/CO_SDOserver.c ****                     /* Size of variable in OD (may not be known yet) */
 2091              		.loc 1 672 20 discriminator 1 view .LVU703
 2092 013c 0028     		cmp	r0, #0
 2093 013e 90D0     		beq	.L132
 674:CANopen/301/CO_SDOserver.c ****                         /* OD variable was completely read, its size is known */
 2094              		.loc 1 674 21 is_stmt 1 view .LVU704
 674:CANopen/301/CO_SDOserver.c ****                         /* OD variable was completely read, its size is known */
 2095              		.loc 1 674 28 is_stmt 0 view .LVU705
 2096 0140 636F     		ldr	r3, [r4, #116]
 674:CANopen/301/CO_SDOserver.c ****                         /* OD variable was completely read, its size is known */
 2097              		.loc 1 674 24 view .LVU706
 2098 0142 7BB1     		cbz	r3, .L141
 677:CANopen/301/CO_SDOserver.c **** 
 2099              		.loc 1 677 25 is_stmt 1 view .LVU707
 677:CANopen/301/CO_SDOserver.c **** 
 2100              		.loc 1 677 57 is_stmt 0 view .LVU708
 2101 0144 236A     		ldr	r3, [r4, #32]
 677:CANopen/301/CO_SDOserver.c **** 
 2102              		.loc 1 677 38 view .LVU709
 2103 0146 A366     		str	r3, [r4, #104]
 679:CANopen/301/CO_SDOserver.c ****                             SDO->sizeInd = SDO->bufOffsetWr;
 2104              		.loc 1 679 25 is_stmt 1 view .LVU710
 679:CANopen/301/CO_SDOserver.c ****                             SDO->sizeInd = SDO->bufOffsetWr;
 2105              		.loc 1 679 28 is_stmt 0 view .LVU711
 2106 0148 1BB9     		cbnz	r3, .L142
 680:CANopen/301/CO_SDOserver.c ****                         } else if (SDO->sizeInd != SDO->bufOffsetWr) {
 2107              		.loc 1 680 29 is_stmt 1 view .LVU712
 680:CANopen/301/CO_SDOserver.c ****                         } else if (SDO->sizeInd != SDO->bufOffsetWr) {
 2108              		.loc 1 680 47 is_stmt 0 view .LVU713
 2109 014a D4F8A430 		ldr	r3, [r4, #164]
 680:CANopen/301/CO_SDOserver.c ****                         } else if (SDO->sizeInd != SDO->bufOffsetWr) {
 2110              		.loc 1 680 42 view .LVU714
 2111 014e A366     		str	r3, [r4, #104]
 2112 0150 87E7     		b	.L132
 2113              	.L142:
 681:CANopen/301/CO_SDOserver.c ****                             abortCode = CO_SDO_AB_DEVICE_INCOMPAT;
 2114              		.loc 1 681 32 is_stmt 1 view .LVU715
 681:CANopen/301/CO_SDOserver.c ****                             abortCode = CO_SDO_AB_DEVICE_INCOMPAT;
 2115              		.loc 1 681 55 is_stmt 0 view .LVU716
 2116 0152 D4F8A420 		ldr	r2, [r4, #164]
 681:CANopen/301/CO_SDOserver.c ****                             abortCode = CO_SDO_AB_DEVICE_INCOMPAT;
 2117              		.loc 1 681 35 view .LVU717
 2118 0156 9342     		cmp	r3, r2
 2119 0158 83D0     		beq	.L132
 682:CANopen/301/CO_SDOserver.c ****                             SDO->state = CO_SDO_ST_ABORT;
 2120              		.loc 1 682 29 is_stmt 1 view .LVU718
 682:CANopen/301/CO_SDOserver.c ****                             SDO->state = CO_SDO_ST_ABORT;
 2121              		.loc 1 682 39 is_stmt 0 view .LVU719
 2122 015a 584B     		ldr	r3, .L215+16
 2123 015c 0393     		str	r3, [sp, #12]
 683:CANopen/301/CO_SDOserver.c ****                         } else { /* MISRA C 2004 14.10 */
 2124              		.loc 1 683 29 is_stmt 1 view .LVU720
 683:CANopen/301/CO_SDOserver.c ****                         } else { /* MISRA C 2004 14.10 */
 2125              		.loc 1 683 40 is_stmt 0 view .LVU721
 2126 015e 0123     		movs	r3, #1
 2127 0160 2375     		strb	r3, [r4, #20]
ARM GAS  C:\Users\Lenovo\AppData\Local\Temp\ccOvLNZW.s 			page 94


 2128 0162 7EE7     		b	.L132
 2129              	.L141:
 688:CANopen/301/CO_SDOserver.c ****                                            ? SDO->OD_IO.stream.dataLength
 2130              		.loc 1 688 25 is_stmt 1 view .LVU722
 688:CANopen/301/CO_SDOserver.c ****                                            ? SDO->OD_IO.stream.dataLength
 2131              		.loc 1 688 92 is_stmt 0 view .LVU723
 2132 0164 94F92820 		ldrsb	r2, [r4, #40]
 690:CANopen/301/CO_SDOserver.c ****                     }
 2133              		.loc 1 690 44 view .LVU724
 2134 0168 002A     		cmp	r2, #0
 2135 016a 00DB     		blt	.L143
 690:CANopen/301/CO_SDOserver.c ****                     }
 2136              		.loc 1 690 44 discriminator 1 view .LVU725
 2137 016c 236A     		ldr	r3, [r4, #32]
 2138              	.L143:
 688:CANopen/301/CO_SDOserver.c ****                                            ? SDO->OD_IO.stream.dataLength
 2139              		.loc 1 688 38 view .LVU726
 2140 016e A366     		str	r3, [r4, #104]
 2141 0170 77E7     		b	.L132
 2142              	.LVL222:
 2143              	.L150:
 688:CANopen/301/CO_SDOserver.c ****                                            ? SDO->OD_IO.stream.dataLength
 2144              		.loc 1 688 38 view .LVU727
 2145              	.LBE66:
 702:CANopen/301/CO_SDOserver.c ****                         /* Expedited transfer, max 4 bytes of data */
 2146              		.loc 1 702 21 is_stmt 1 view .LVU728
 702:CANopen/301/CO_SDOserver.c ****                         /* Expedited transfer, max 4 bytes of data */
 2147              		.loc 1 702 40 is_stmt 0 view .LVU729
 2148 0172 94F84030 		ldrb	r3, [r4, #64]	@ zero_extendqisi2
 702:CANopen/301/CO_SDOserver.c ****                         /* Expedited transfer, max 4 bytes of data */
 2149              		.loc 1 702 24 view .LVU730
 2150 0176 13F0020F 		tst	r3, #2
 2151 017a 46D0     		beq	.L151
 2152              	.LBB67:
 706:CANopen/301/CO_SDOserver.c **** 
 2153              		.loc 1 706 25 is_stmt 1 view .LVU731
 706:CANopen/301/CO_SDOserver.c **** 
 2154              		.loc 1 706 35 is_stmt 0 view .LVU732
 2155 017c 266A     		ldr	r6, [r4, #32]
 2156              	.LVL223:
 709:CANopen/301/CO_SDOserver.c ****                         if ((SDO->CANrxData[0] & 0x01U) != 0U) {
 2157              		.loc 1 709 25 is_stmt 1 view .LVU733
 710:CANopen/301/CO_SDOserver.c ****                             dataSizeToWrite -= ((OD_size_t)(SDO->CANrxData[0]) >> 2) & 0x03U;
 2158              		.loc 1 710 25 view .LVU734
 710:CANopen/301/CO_SDOserver.c ****                             dataSizeToWrite -= ((OD_size_t)(SDO->CANrxData[0]) >> 2) & 0x03U;
 2159              		.loc 1 710 28 is_stmt 0 view .LVU735
 2160 017e 13F0010F 		tst	r3, #1
 2161 0182 21D0     		beq	.L152
 711:CANopen/301/CO_SDOserver.c ****                         } else if ((sizeInOd > 0U) && (sizeInOd < 4U)) {
 2162              		.loc 1 711 29 is_stmt 1 view .LVU736
 711:CANopen/301/CO_SDOserver.c ****                         } else if ((sizeInOd > 0U) && (sizeInOd < 4U)) {
 2163              		.loc 1 711 86 is_stmt 0 view .LVU737
 2164 0184 C3F38103 		ubfx	r3, r3, #2, #2
 711:CANopen/301/CO_SDOserver.c ****                         } else if ((sizeInOd > 0U) && (sizeInOd < 4U)) {
 2165              		.loc 1 711 45 view .LVU738
 2166 0188 C3F10405 		rsb	r5, r3, #4
 2167              	.LVL224:
ARM GAS  C:\Users\Lenovo\AppData\Local\Temp\ccOvLNZW.s 			page 95


 2168              	.L153:
 715:CANopen/301/CO_SDOserver.c **** 
 2169              		.loc 1 715 25 is_stmt 1 view .LVU739
 718:CANopen/301/CO_SDOserver.c ****                         (void)memcpy(buf, &SDO->CANrxData[4], dataSizeToWrite);
 2170              		.loc 1 718 25 view .LVU740
 718:CANopen/301/CO_SDOserver.c ****                         (void)memcpy(buf, &SDO->CANrxData[4], dataSizeToWrite);
 2171              		.loc 1 718 33 is_stmt 0 view .LVU741
 2172 018c 01A8     		add	r0, sp, #4
 2173 018e 0023     		movs	r3, #0
 2174 0190 0193     		str	r3, [sp, #4]
 2175 0192 8380     		strh	r3, [r0, #4]	@ movhi
 719:CANopen/301/CO_SDOserver.c **** #ifdef CO_BIG_ENDIAN
 2176              		.loc 1 719 25 is_stmt 1 view .LVU742
 719:CANopen/301/CO_SDOserver.c **** #ifdef CO_BIG_ENDIAN
 2177              		.loc 1 719 31 is_stmt 0 view .LVU743
 2178 0194 2A46     		mov	r2, r5
 2179 0196 04F14401 		add	r1, r4, #68
 2180 019a FFF7FEFF 		bl	memcpy
 2181              	.LVL225:
 729:CANopen/301/CO_SDOserver.c ****                             && ((sizeInOd == 0U) || (dataSizeToWrite < sizeInOd))) {
 2182              		.loc 1 729 25 is_stmt 1 view .LVU744
 729:CANopen/301/CO_SDOserver.c ****                             && ((sizeInOd == 0U) || (dataSizeToWrite < sizeInOd))) {
 2183              		.loc 1 729 81 is_stmt 0 view .LVU745
 2184 019e 94F92830 		ldrsb	r3, [r4, #40]
 729:CANopen/301/CO_SDOserver.c ****                             && ((sizeInOd == 0U) || (dataSizeToWrite < sizeInOd))) {
 2185              		.loc 1 729 28 view .LVU746
 2186 01a2 002B     		cmp	r3, #0
 2187 01a4 17DB     		blt	.L210
 2188              	.L154:
 734:CANopen/301/CO_SDOserver.c ****                             SDO->OD_IO.stream.dataLength = dataSizeToWrite;
 2189              		.loc 1 734 32 is_stmt 1 view .LVU747
 734:CANopen/301/CO_SDOserver.c ****                             SDO->OD_IO.stream.dataLength = dataSizeToWrite;
 2190              		.loc 1 734 35 is_stmt 0 view .LVU748
 2191 01a6 06BB     		cbnz	r6, .L158
 735:CANopen/301/CO_SDOserver.c ****                         }
 2192              		.loc 1 735 29 is_stmt 1 view .LVU749
 735:CANopen/301/CO_SDOserver.c ****                         }
 2193              		.loc 1 735 58 is_stmt 0 view .LVU750
 2194 01a8 2562     		str	r5, [r4, #32]
 2195              	.LVL226:
 2196              	.L157:
 743:CANopen/301/CO_SDOserver.c **** 
 2197              		.loc 1 743 25 is_stmt 1 view .LVU751
 746:CANopen/301/CO_SDOserver.c ****                         ODR_t odRet;
 2198              		.loc 1 746 25 view .LVU752
 746:CANopen/301/CO_SDOserver.c ****                         ODR_t odRet;
 2199              		.loc 1 746 35 is_stmt 0 view .LVU753
 2200 01aa 0023     		movs	r3, #0
 2201 01ac 0093     		str	r3, [sp]
 747:CANopen/301/CO_SDOserver.c **** 
 2202              		.loc 1 747 25 is_stmt 1 view .LVU754
 749:CANopen/301/CO_SDOserver.c ****                         odRet = SDO->OD_IO.write(&SDO->OD_IO.stream, buf, dataSizeToWrite, &countWr
 2203              		.loc 1 749 50 view .LVU755
 750:CANopen/301/CO_SDOserver.c ****                         CO_UNLOCK_OD(SDO->CANdevTx);
 2204              		.loc 1 750 25 view .LVU756
 750:CANopen/301/CO_SDOserver.c ****                         CO_UNLOCK_OD(SDO->CANdevTx);
 2205              		.loc 1 750 43 is_stmt 0 view .LVU757
ARM GAS  C:\Users\Lenovo\AppData\Local\Temp\ccOvLNZW.s 			page 96


 2206 01ae 666B     		ldr	r6, [r4, #52]
 750:CANopen/301/CO_SDOserver.c ****                         CO_UNLOCK_OD(SDO->CANdevTx);
 2207              		.loc 1 750 33 view .LVU758
 2208 01b0 6B46     		mov	r3, sp
 2209 01b2 2A46     		mov	r2, r5
 2210 01b4 01A9     		add	r1, sp, #4
 2211 01b6 04F11800 		add	r0, r4, #24
 2212 01ba B047     		blx	r6
 2213              	.LVL227:
 751:CANopen/301/CO_SDOserver.c **** 
 2214              		.loc 1 751 52 is_stmt 1 view .LVU759
 753:CANopen/301/CO_SDOserver.c ****                             abortCode = (CO_SDO_abortCode_t)OD_getSDOabCode(odRet);
 2215              		.loc 1 753 25 view .LVU760
 753:CANopen/301/CO_SDOserver.c ****                             abortCode = (CO_SDO_abortCode_t)OD_getSDOabCode(odRet);
 2216              		.loc 1 753 28 is_stmt 0 view .LVU761
 2217 01bc F8B9     		cbnz	r0, .L211
 758:CANopen/301/CO_SDOserver.c **** #if ((CO_CONFIG_SDO_SRV)&CO_CONFIG_SDO_SRV_SEGMENTED) != 0
 2218              		.loc 1 758 29 is_stmt 1 view .LVU762
 758:CANopen/301/CO_SDOserver.c **** #if ((CO_CONFIG_SDO_SRV)&CO_CONFIG_SDO_SRV_SEGMENTED) != 0
 2219              		.loc 1 758 40 is_stmt 0 view .LVU763
 2220 01be 1223     		movs	r3, #18
 2221 01c0 2375     		strb	r3, [r4, #20]
 760:CANopen/301/CO_SDOserver.c **** #endif
 2222              		.loc 1 760 29 is_stmt 1 view .LVU764
 760:CANopen/301/CO_SDOserver.c **** #endif
 2223              		.loc 1 760 43 is_stmt 0 view .LVU765
 2224 01c2 0123     		movs	r3, #1
 2225 01c4 6367     		str	r3, [r4, #116]
 2226              	.LBE67:
 2227 01c6 B6E0     		b	.L144
 2228              	.LVL228:
 2229              	.L152:
 2230              	.LBB69:
 712:CANopen/301/CO_SDOserver.c ****                             dataSizeToWrite = sizeInOd;
 2231              		.loc 1 712 32 is_stmt 1 view .LVU766
 712:CANopen/301/CO_SDOserver.c ****                             dataSizeToWrite = sizeInOd;
 2232              		.loc 1 712 52 is_stmt 0 view .LVU767
 2233 01c8 731E     		subs	r3, r6, #1
 712:CANopen/301/CO_SDOserver.c ****                             dataSizeToWrite = sizeInOd;
 2234              		.loc 1 712 35 view .LVU768
 2235 01ca 022B     		cmp	r3, #2
 2236 01cc 01D9     		bls	.L196
 709:CANopen/301/CO_SDOserver.c ****                         if ((SDO->CANrxData[0] & 0x01U) != 0U) {
 2237              		.loc 1 709 35 view .LVU769
 2238 01ce 0425     		movs	r5, #4
 2239 01d0 DCE7     		b	.L153
 2240              	.L196:
 713:CANopen/301/CO_SDOserver.c ****                         } else { /* MISRA C 2004 14.10 */
 2241              		.loc 1 713 45 view .LVU770
 2242 01d2 3546     		mov	r5, r6
 2243 01d4 DAE7     		b	.L153
 2244              	.LVL229:
 2245              	.L210:
 730:CANopen/301/CO_SDOserver.c ****                             OD_size_t delta = sizeInOd - dataSizeToWrite;
 2246              		.loc 1 730 29 view .LVU771
 2247 01d6 0EB1     		cbz	r6, .L155
 730:CANopen/301/CO_SDOserver.c ****                             OD_size_t delta = sizeInOd - dataSizeToWrite;
ARM GAS  C:\Users\Lenovo\AppData\Local\Temp\ccOvLNZW.s 			page 97


 2248              		.loc 1 730 50 discriminator 1 view .LVU772
 2249 01d8 B542     		cmp	r5, r6
 2250 01da E4D2     		bcs	.L154
 2251              	.L155:
 2252              	.LBB68:
 731:CANopen/301/CO_SDOserver.c ****                             dataSizeToWrite += (delta == 1U) ? 1U : 2U;
 2253              		.loc 1 731 29 is_stmt 1 view .LVU773
 731:CANopen/301/CO_SDOserver.c ****                             dataSizeToWrite += (delta == 1U) ? 1U : 2U;
 2254              		.loc 1 731 39 is_stmt 0 view .LVU774
 2255 01dc 761B     		subs	r6, r6, r5
 2256              	.LVL230:
 732:CANopen/301/CO_SDOserver.c ****                             SDO->OD_IO.stream.dataLength = dataSizeToWrite;
 2257              		.loc 1 732 29 is_stmt 1 view .LVU775
 732:CANopen/301/CO_SDOserver.c ****                             SDO->OD_IO.stream.dataLength = dataSizeToWrite;
 2258              		.loc 1 732 67 is_stmt 0 view .LVU776
 2259 01de 012E     		cmp	r6, #1
 2260 01e0 00D0     		beq	.L156
 732:CANopen/301/CO_SDOserver.c ****                             SDO->OD_IO.stream.dataLength = dataSizeToWrite;
 2261              		.loc 1 732 67 discriminator 2 view .LVU777
 2262 01e2 0226     		movs	r6, #2
 2263              	.LVL231:
 2264              	.L156:
 732:CANopen/301/CO_SDOserver.c ****                             SDO->OD_IO.stream.dataLength = dataSizeToWrite;
 2265              		.loc 1 732 45 discriminator 4 view .LVU778
 2266 01e4 3544     		add	r5, r5, r6
 2267              	.LVL232:
 733:CANopen/301/CO_SDOserver.c ****                         } else if (sizeInOd == 0U) {
 2268              		.loc 1 733 29 is_stmt 1 view .LVU779
 733:CANopen/301/CO_SDOserver.c ****                         } else if (sizeInOd == 0U) {
 2269              		.loc 1 733 58 is_stmt 0 view .LVU780
 2270 01e6 2562     		str	r5, [r4, #32]
 2271              	.LBE68:
 730:CANopen/301/CO_SDOserver.c ****                             OD_size_t delta = sizeInOd - dataSizeToWrite;
 2272              		.loc 1 730 84 view .LVU781
 2273 01e8 DFE7     		b	.L157
 2274              	.LVL233:
 2275              	.L158:
 738:CANopen/301/CO_SDOserver.c ****                             abortCode = (dataSizeToWrite > sizeInOd) ? CO_SDO_AB_DATA_LONG : CO_SDO
 2276              		.loc 1 738 30 is_stmt 1 view .LVU782
 738:CANopen/301/CO_SDOserver.c ****                             abortCode = (dataSizeToWrite > sizeInOd) ? CO_SDO_AB_DATA_LONG : CO_SDO
 2277              		.loc 1 738 33 is_stmt 0 view .LVU783
 2278 01ea B542     		cmp	r5, r6
 2279 01ec DDD0     		beq	.L157
 739:CANopen/301/CO_SDOserver.c ****                             SDO->state = CO_SDO_ST_ABORT;
 2280              		.loc 1 739 29 is_stmt 1 view .LVU784
 739:CANopen/301/CO_SDOserver.c ****                             SDO->state = CO_SDO_ST_ABORT;
 2281              		.loc 1 739 92 is_stmt 0 view .LVU785
 2282 01ee 04D9     		bls	.L198
 739:CANopen/301/CO_SDOserver.c ****                             SDO->state = CO_SDO_ST_ABORT;
 2283              		.loc 1 739 92 discriminator 1 view .LVU786
 2284 01f0 334B     		ldr	r3, .L215+20
 2285              	.L159:
 739:CANopen/301/CO_SDOserver.c ****                             SDO->state = CO_SDO_ST_ABORT;
 2286              		.loc 1 739 39 discriminator 4 view .LVU787
 2287 01f2 0393     		str	r3, [sp, #12]
 740:CANopen/301/CO_SDOserver.c ****                             break;
 2288              		.loc 1 740 29 is_stmt 1 view .LVU788
ARM GAS  C:\Users\Lenovo\AppData\Local\Temp\ccOvLNZW.s 			page 98


 740:CANopen/301/CO_SDOserver.c ****                             break;
 2289              		.loc 1 740 40 is_stmt 0 view .LVU789
 2290 01f4 0123     		movs	r3, #1
 2291 01f6 2375     		strb	r3, [r4, #20]
 741:CANopen/301/CO_SDOserver.c ****                         } else { /* MISRA C 2004 14.10 */
 2292              		.loc 1 741 29 is_stmt 1 view .LVU790
 2293 01f8 9DE0     		b	.L144
 2294              	.L198:
 739:CANopen/301/CO_SDOserver.c ****                             SDO->state = CO_SDO_ST_ABORT;
 2295              		.loc 1 739 92 is_stmt 0 discriminator 2 view .LVU791
 2296 01fa 324B     		ldr	r3, .L215+24
 2297 01fc F9E7     		b	.L159
 2298              	.LVL234:
 2299              	.L211:
 754:CANopen/301/CO_SDOserver.c ****                             SDO->state = CO_SDO_ST_ABORT;
 2300              		.loc 1 754 29 is_stmt 1 view .LVU792
 754:CANopen/301/CO_SDOserver.c ****                             SDO->state = CO_SDO_ST_ABORT;
 2301              		.loc 1 754 61 is_stmt 0 view .LVU793
 2302 01fe FFF7FEFF 		bl	OD_getSDOabCode
 2303              	.LVL235:
 754:CANopen/301/CO_SDOserver.c ****                             SDO->state = CO_SDO_ST_ABORT;
 2304              		.loc 1 754 39 discriminator 1 view .LVU794
 2305 0202 0390     		str	r0, [sp, #12]
 755:CANopen/301/CO_SDOserver.c ****                             break;
 2306              		.loc 1 755 29 is_stmt 1 view .LVU795
 755:CANopen/301/CO_SDOserver.c ****                             break;
 2307              		.loc 1 755 40 is_stmt 0 view .LVU796
 2308 0204 0123     		movs	r3, #1
 2309 0206 2375     		strb	r3, [r4, #20]
 756:CANopen/301/CO_SDOserver.c ****                         } else {
 2310              		.loc 1 756 29 is_stmt 1 view .LVU797
 2311 0208 95E0     		b	.L144
 2312              	.LVL236:
 2313              	.L151:
 756:CANopen/301/CO_SDOserver.c ****                         } else {
 2314              		.loc 1 756 29 is_stmt 0 view .LVU798
 2315              	.LBE69:
 766:CANopen/301/CO_SDOserver.c ****                             uint32_t size;
 2316              		.loc 1 766 25 is_stmt 1 view .LVU799
 766:CANopen/301/CO_SDOserver.c ****                             uint32_t size;
 2317              		.loc 1 766 28 is_stmt 0 view .LVU800
 2318 020a 13F0010F 		tst	r3, #1
 2319 020e 15D0     		beq	.L162
 2320              	.LBB70:
 767:CANopen/301/CO_SDOserver.c ****                             OD_size_t sizeInOd = SDO->OD_IO.stream.dataLength;
 2321              		.loc 1 767 29 is_stmt 1 view .LVU801
 768:CANopen/301/CO_SDOserver.c **** 
 2322              		.loc 1 768 29 view .LVU802
 768:CANopen/301/CO_SDOserver.c **** 
 2323              		.loc 1 768 39 is_stmt 0 view .LVU803
 2324 0210 226A     		ldr	r2, [r4, #32]
 2325              	.LVL237:
 770:CANopen/301/CO_SDOserver.c ****                             SDO->sizeInd = CO_SWAP_32(size);
 2326              		.loc 1 770 29 is_stmt 1 view .LVU804
 770:CANopen/301/CO_SDOserver.c ****                             SDO->sizeInd = CO_SWAP_32(size);
 2327              		.loc 1 770 35 is_stmt 0 view .LVU805
 2328 0212 636C     		ldr	r3, [r4, #68]	@ unaligned
ARM GAS  C:\Users\Lenovo\AppData\Local\Temp\ccOvLNZW.s 			page 99


 2329              	.LVL238:
 771:CANopen/301/CO_SDOserver.c **** 
 2330              		.loc 1 771 29 is_stmt 1 view .LVU806
 771:CANopen/301/CO_SDOserver.c **** 
 2331              		.loc 1 771 42 is_stmt 0 view .LVU807
 2332 0214 A366     		str	r3, [r4, #104]
 774:CANopen/301/CO_SDOserver.c ****                                 if (SDO->sizeInd > sizeInOd) {
 2333              		.loc 1 774 29 is_stmt 1 view .LVU808
 774:CANopen/301/CO_SDOserver.c ****                                 if (SDO->sizeInd > sizeInOd) {
 2334              		.loc 1 774 32 is_stmt 0 view .LVU809
 2335 0216 9AB1     		cbz	r2, .L163
 775:CANopen/301/CO_SDOserver.c ****                                     abortCode = CO_SDO_AB_DATA_LONG;
 2336              		.loc 1 775 33 is_stmt 1 view .LVU810
 775:CANopen/301/CO_SDOserver.c ****                                     abortCode = CO_SDO_AB_DATA_LONG;
 2337              		.loc 1 775 36 is_stmt 0 view .LVU811
 2338 0218 9A42     		cmp	r2, r3
 2339 021a 04D2     		bcs	.L164
 776:CANopen/301/CO_SDOserver.c ****                                     SDO->state = CO_SDO_ST_ABORT;
 2340              		.loc 1 776 37 is_stmt 1 view .LVU812
 776:CANopen/301/CO_SDOserver.c ****                                     SDO->state = CO_SDO_ST_ABORT;
 2341              		.loc 1 776 47 is_stmt 0 view .LVU813
 2342 021c 284B     		ldr	r3, .L215+20
 2343              	.LVL239:
 776:CANopen/301/CO_SDOserver.c ****                                     SDO->state = CO_SDO_ST_ABORT;
 2344              		.loc 1 776 47 view .LVU814
 2345 021e 0393     		str	r3, [sp, #12]
 777:CANopen/301/CO_SDOserver.c ****                                     break;
 2346              		.loc 1 777 37 is_stmt 1 view .LVU815
 777:CANopen/301/CO_SDOserver.c ****                                     break;
 2347              		.loc 1 777 48 is_stmt 0 view .LVU816
 2348 0220 0123     		movs	r3, #1
 2349 0222 2375     		strb	r3, [r4, #20]
 778:CANopen/301/CO_SDOserver.c ****                                 }
 2350              		.loc 1 778 37 is_stmt 1 view .LVU817
 2351 0224 87E0     		b	.L144
 2352              	.LVL240:
 2353              	.L164:
 781:CANopen/301/CO_SDOserver.c ****                                          && ((SDO->OD_IO.stream.attribute & (OD_attr_t)ODA_STR) == 
 2354              		.loc 1 781 38 view .LVU818
 781:CANopen/301/CO_SDOserver.c ****                                          && ((SDO->OD_IO.stream.attribute & (OD_attr_t)ODA_STR) == 
 2355              		.loc 1 781 41 is_stmt 0 view .LVU819
 2356 0226 9A42     		cmp	r2, r3
 2357 0228 0AD9     		bls	.L163
 782:CANopen/301/CO_SDOserver.c ****                                     abortCode = CO_SDO_AB_DATA_SHORT;
 2358              		.loc 1 782 97 view .LVU820
 2359 022a 94F92830 		ldrsb	r3, [r4, #40]
 2360              	.LVL241:
 782:CANopen/301/CO_SDOserver.c ****                                     abortCode = CO_SDO_AB_DATA_SHORT;
 2361              		.loc 1 782 42 view .LVU821
 2362 022e 002B     		cmp	r3, #0
 2363 0230 06DB     		blt	.L163
 783:CANopen/301/CO_SDOserver.c ****                                     SDO->state = CO_SDO_ST_ABORT;
 2364              		.loc 1 783 37 is_stmt 1 view .LVU822
 783:CANopen/301/CO_SDOserver.c ****                                     SDO->state = CO_SDO_ST_ABORT;
 2365              		.loc 1 783 47 is_stmt 0 view .LVU823
 2366 0232 244B     		ldr	r3, .L215+24
 2367 0234 0393     		str	r3, [sp, #12]
ARM GAS  C:\Users\Lenovo\AppData\Local\Temp\ccOvLNZW.s 			page 100


 784:CANopen/301/CO_SDOserver.c ****                                     break;
 2368              		.loc 1 784 37 is_stmt 1 view .LVU824
 784:CANopen/301/CO_SDOserver.c ****                                     break;
 2369              		.loc 1 784 48 is_stmt 0 view .LVU825
 2370 0236 0123     		movs	r3, #1
 2371 0238 2375     		strb	r3, [r4, #20]
 785:CANopen/301/CO_SDOserver.c ****                                 } else { /* MISRA C 2004 14.10 */
 2372              		.loc 1 785 37 is_stmt 1 view .LVU826
 2373 023a 7CE0     		b	.L144
 2374              	.LVL242:
 2375              	.L162:
 785:CANopen/301/CO_SDOserver.c ****                                 } else { /* MISRA C 2004 14.10 */
 2376              		.loc 1 785 37 is_stmt 0 view .LVU827
 2377              	.LBE70:
 790:CANopen/301/CO_SDOserver.c ****                         }
 2378              		.loc 1 790 29 is_stmt 1 view .LVU828
 790:CANopen/301/CO_SDOserver.c ****                         }
 2379              		.loc 1 790 42 is_stmt 0 view .LVU829
 2380 023c 0023     		movs	r3, #0
 2381 023e A366     		str	r3, [r4, #104]
 2382              	.L163:
 792:CANopen/301/CO_SDOserver.c ****                         SDO->finished = false;
 2383              		.loc 1 792 25 is_stmt 1 view .LVU830
 792:CANopen/301/CO_SDOserver.c ****                         SDO->finished = false;
 2384              		.loc 1 792 36 is_stmt 0 view .LVU831
 2385 0240 1223     		movs	r3, #18
 2386 0242 2375     		strb	r3, [r4, #20]
 793:CANopen/301/CO_SDOserver.c **** #else
 2387              		.loc 1 793 25 is_stmt 1 view .LVU832
 793:CANopen/301/CO_SDOserver.c **** #else
 2388              		.loc 1 793 39 is_stmt 0 view .LVU833
 2389 0244 0023     		movs	r3, #0
 2390 0246 6367     		str	r3, [r4, #116]
 2391 0248 75E0     		b	.L144
 2392              	.L149:
 804:CANopen/301/CO_SDOserver.c ****                         SDO->finished = (SDO->CANrxData[0] & 0x01U) != 0U;
 2393              		.loc 1 804 21 is_stmt 1 view .LVU834
 804:CANopen/301/CO_SDOserver.c ****                         SDO->finished = (SDO->CANrxData[0] & 0x01U) != 0U;
 2394              		.loc 1 804 40 is_stmt 0 view .LVU835
 2395 024a 94F84030 		ldrb	r3, [r4, #64]	@ zero_extendqisi2
 804:CANopen/301/CO_SDOserver.c ****                         SDO->finished = (SDO->CANrxData[0] & 0x01U) != 0U;
 2396              		.loc 1 804 24 view .LVU836
 2397 024e 1F2B     		cmp	r3, #31
 2398 0250 4CD8     		bhi	.L165
 2399              	.LBB71:
 805:CANopen/301/CO_SDOserver.c **** 
 2400              		.loc 1 805 25 is_stmt 1 view .LVU837
 805:CANopen/301/CO_SDOserver.c **** 
 2401              		.loc 1 805 69 is_stmt 0 view .LVU838
 2402 0252 03F00102 		and	r2, r3, #1
 805:CANopen/301/CO_SDOserver.c **** 
 2403              		.loc 1 805 39 view .LVU839
 2404 0256 6267     		str	r2, [r4, #116]
 808:CANopen/301/CO_SDOserver.c ****                         if (toggle != SDO->toggle) {
 2405              		.loc 1 808 25 is_stmt 1 view .LVU840
 808:CANopen/301/CO_SDOserver.c ****                         if (toggle != SDO->toggle) {
 2406              		.loc 1 808 33 is_stmt 0 view .LVU841
ARM GAS  C:\Users\Lenovo\AppData\Local\Temp\ccOvLNZW.s 			page 101


 2407 0258 03F01002 		and	r2, r3, #16
 809:CANopen/301/CO_SDOserver.c ****                             abortCode = CO_SDO_AB_TOGGLE_BIT;
 2408              		.loc 1 809 25 is_stmt 1 view .LVU842
 809:CANopen/301/CO_SDOserver.c ****                             abortCode = CO_SDO_AB_TOGGLE_BIT;
 2409              		.loc 1 809 42 is_stmt 0 view .LVU843
 2410 025c 94F87010 		ldrb	r1, [r4, #112]	@ zero_extendqisi2
 809:CANopen/301/CO_SDOserver.c ****                             abortCode = CO_SDO_AB_TOGGLE_BIT;
 2411              		.loc 1 809 28 view .LVU844
 2412 0260 9142     		cmp	r1, r2
 2413 0262 04D0     		beq	.L166
 810:CANopen/301/CO_SDOserver.c ****                             SDO->state = CO_SDO_ST_ABORT;
 2414              		.loc 1 810 29 is_stmt 1 view .LVU845
 810:CANopen/301/CO_SDOserver.c ****                             SDO->state = CO_SDO_ST_ABORT;
 2415              		.loc 1 810 39 is_stmt 0 view .LVU846
 2416 0264 184B     		ldr	r3, .L215+28
 2417 0266 0393     		str	r3, [sp, #12]
 811:CANopen/301/CO_SDOserver.c ****                             break;
 2418              		.loc 1 811 29 is_stmt 1 view .LVU847
 811:CANopen/301/CO_SDOserver.c ****                             break;
 2419              		.loc 1 811 40 is_stmt 0 view .LVU848
 2420 0268 0123     		movs	r3, #1
 2421 026a 2375     		strb	r3, [r4, #20]
 812:CANopen/301/CO_SDOserver.c ****                         }
 2422              		.loc 1 812 29 is_stmt 1 view .LVU849
 2423 026c 63E0     		b	.L144
 2424              	.L166:
 816:CANopen/301/CO_SDOserver.c ****                         (void)memcpy(SDO->buf + SDO->bufOffsetWr, &SDO->CANrxData[1], count);
 2425              		.loc 1 816 25 view .LVU850
 816:CANopen/301/CO_SDOserver.c ****                         (void)memcpy(SDO->buf + SDO->bufOffsetWr, &SDO->CANrxData[1], count);
 2426              		.loc 1 816 43 is_stmt 0 view .LVU851
 2427 026e 6FEA5303 		mvn	r3, r3, lsr #1
 816:CANopen/301/CO_SDOserver.c ****                         (void)memcpy(SDO->buf + SDO->bufOffsetWr, &SDO->CANrxData[1], count);
 2428              		.loc 1 816 35 view .LVU852
 2429 0272 03F00705 		and	r5, r3, #7
 2430              	.LVL243:
 817:CANopen/301/CO_SDOserver.c ****                         SDO->bufOffsetWr += count;
 2431              		.loc 1 817 25 is_stmt 1 view .LVU853
 817:CANopen/301/CO_SDOserver.c ****                         SDO->bufOffsetWr += count;
 2432              		.loc 1 817 38 is_stmt 0 view .LVU854
 2433 0276 04F18003 		add	r3, r4, #128
 817:CANopen/301/CO_SDOserver.c ****                         SDO->bufOffsetWr += count;
 2434              		.loc 1 817 52 view .LVU855
 2435 027a D4F8A400 		ldr	r0, [r4, #164]
 817:CANopen/301/CO_SDOserver.c ****                         SDO->bufOffsetWr += count;
 2436              		.loc 1 817 31 view .LVU856
 2437 027e 2A46     		mov	r2, r5
 2438 0280 04F14101 		add	r1, r4, #65
 2439 0284 1844     		add	r0, r0, r3
 2440 0286 FFF7FEFF 		bl	memcpy
 2441              	.LVL244:
 818:CANopen/301/CO_SDOserver.c ****                         SDO->sizeTran += count;
 2442              		.loc 1 818 25 is_stmt 1 view .LVU857
 818:CANopen/301/CO_SDOserver.c ****                         SDO->sizeTran += count;
 2443              		.loc 1 818 28 is_stmt 0 view .LVU858
 2444 028a D4F8A430 		ldr	r3, [r4, #164]
 818:CANopen/301/CO_SDOserver.c ****                         SDO->sizeTran += count;
 2445              		.loc 1 818 42 view .LVU859
ARM GAS  C:\Users\Lenovo\AppData\Local\Temp\ccOvLNZW.s 			page 102


 2446 028e 2B44     		add	r3, r3, r5
 2447 0290 C4F8A430 		str	r3, [r4, #164]
 819:CANopen/301/CO_SDOserver.c **** 
 2448              		.loc 1 819 25 is_stmt 1 view .LVU860
 819:CANopen/301/CO_SDOserver.c **** 
 2449              		.loc 1 819 28 is_stmt 0 view .LVU861
 2450 0294 E26E     		ldr	r2, [r4, #108]
 819:CANopen/301/CO_SDOserver.c **** 
 2451              		.loc 1 819 39 view .LVU862
 2452 0296 2A44     		add	r2, r2, r5
 2453 0298 E266     		str	r2, [r4, #108]
 822:CANopen/301/CO_SDOserver.c ****                             abortCode = CO_SDO_AB_DATA_LONG;
 2454              		.loc 1 822 25 is_stmt 1 view .LVU863
 822:CANopen/301/CO_SDOserver.c ****                             abortCode = CO_SDO_AB_DATA_LONG;
 2455              		.loc 1 822 47 is_stmt 0 view .LVU864
 2456 029a 216A     		ldr	r1, [r4, #32]
 822:CANopen/301/CO_SDOserver.c ****                             abortCode = CO_SDO_AB_DATA_LONG;
 2457              		.loc 1 822 28 view .LVU865
 2458 029c B1B1     		cbz	r1, .L167
 822:CANopen/301/CO_SDOserver.c ****                             abortCode = CO_SDO_AB_DATA_LONG;
 2459              		.loc 1 822 65 discriminator 1 view .LVU866
 2460 029e 8A42     		cmp	r2, r1
 2461 02a0 14D9     		bls	.L167
 823:CANopen/301/CO_SDOserver.c ****                             SDO->state = CO_SDO_ST_ABORT;
 2462              		.loc 1 823 29 is_stmt 1 view .LVU867
 823:CANopen/301/CO_SDOserver.c ****                             SDO->state = CO_SDO_ST_ABORT;
 2463              		.loc 1 823 39 is_stmt 0 view .LVU868
 2464 02a2 074B     		ldr	r3, .L215+20
 2465 02a4 0393     		str	r3, [sp, #12]
 824:CANopen/301/CO_SDOserver.c ****                             break;
 2466              		.loc 1 824 29 is_stmt 1 view .LVU869
 824:CANopen/301/CO_SDOserver.c ****                             break;
 2467              		.loc 1 824 40 is_stmt 0 view .LVU870
 2468 02a6 0123     		movs	r3, #1
 2469 02a8 2375     		strb	r3, [r4, #20]
 825:CANopen/301/CO_SDOserver.c ****                         }
 2470              		.loc 1 825 29 is_stmt 1 view .LVU871
 2471 02aa 44E0     		b	.L144
 2472              	.L216:
 2473              		.align	2
 2474              	.L215:
 2475 02ac 01000405 		.word	84148225
 2476 02b0 00000106 		.word	100728832
 2477 02b4 01000106 		.word	100728833
 2478 02b8 02000106 		.word	100728834
 2479 02bc 47000406 		.word	100925511
 2480 02c0 12000706 		.word	101122066
 2481 02c4 13000706 		.word	101122067
 2482 02c8 00000305 		.word	84082688
 2483              	.L167:
 829:CANopen/301/CO_SDOserver.c ****                             if (!validateAndWriteToOD(SDO, &abortCode, 0, 0)) {
 2484              		.loc 1 829 25 view .LVU872
 829:CANopen/301/CO_SDOserver.c ****                             if (!validateAndWriteToOD(SDO, &abortCode, 0, 0)) {
 2485              		.loc 1 829 32 is_stmt 0 view .LVU873
 2486 02cc 626F     		ldr	r2, [r4, #116]
 829:CANopen/301/CO_SDOserver.c ****                             if (!validateAndWriteToOD(SDO, &abortCode, 0, 0)) {
 2487              		.loc 1 829 28 view .LVU874
ARM GAS  C:\Users\Lenovo\AppData\Local\Temp\ccOvLNZW.s 			page 103


 2488 02ce 1AB9     		cbnz	r2, .L168
 829:CANopen/301/CO_SDOserver.c ****                             if (!validateAndWriteToOD(SDO, &abortCode, 0, 0)) {
 2489              		.loc 1 829 78 discriminator 1 view .LVU875
 2490 02d0 C3F12003 		rsb	r3, r3, #32
 829:CANopen/301/CO_SDOserver.c ****                             if (!validateAndWriteToOD(SDO, &abortCode, 0, 0)) {
 2491              		.loc 1 829 43 discriminator 1 view .LVU876
 2492 02d4 082B     		cmp	r3, #8
 2493 02d6 06D8     		bhi	.L169
 2494              	.L168:
 830:CANopen/301/CO_SDOserver.c ****                                 break;
 2495              		.loc 1 830 29 is_stmt 1 view .LVU877
 830:CANopen/301/CO_SDOserver.c ****                                 break;
 2496              		.loc 1 830 34 is_stmt 0 view .LVU878
 2497 02d8 0023     		movs	r3, #0
 2498 02da 1A46     		mov	r2, r3
 2499 02dc 03A9     		add	r1, sp, #12
 2500 02de 2046     		mov	r0, r4
 2501 02e0 FFF7FEFF 		bl	validateAndWriteToOD
 2502              	.LVL245:
 830:CANopen/301/CO_SDOserver.c ****                                 break;
 2503              		.loc 1 830 32 discriminator 1 view .LVU879
 2504 02e4 38B3     		cbz	r0, .L144
 2505              	.L169:
 835:CANopen/301/CO_SDOserver.c ****                     } else {
 2506              		.loc 1 835 25 is_stmt 1 view .LVU880
 835:CANopen/301/CO_SDOserver.c ****                     } else {
 2507              		.loc 1 835 36 is_stmt 0 view .LVU881
 2508 02e6 1423     		movs	r3, #20
 2509 02e8 2375     		strb	r3, [r4, #20]
 2510              	.LBE71:
 2511 02ea 24E0     		b	.L144
 2512              	.LVL246:
 2513              	.L165:
 837:CANopen/301/CO_SDOserver.c ****                         SDO->state = CO_SDO_ST_ABORT;
 2514              		.loc 1 837 25 is_stmt 1 view .LVU882
 837:CANopen/301/CO_SDOserver.c ****                         SDO->state = CO_SDO_ST_ABORT;
 2515              		.loc 1 837 35 is_stmt 0 view .LVU883
 2516 02ec 994B     		ldr	r3, .L217
 2517 02ee 0393     		str	r3, [sp, #12]
 838:CANopen/301/CO_SDOserver.c ****                     }
 2518              		.loc 1 838 25 is_stmt 1 view .LVU884
 838:CANopen/301/CO_SDOserver.c ****                     }
 2519              		.loc 1 838 36 is_stmt 0 view .LVU885
 2520 02f0 0123     		movs	r3, #1
 2521 02f2 2375     		strb	r3, [r4, #20]
 2522 02f4 1FE0     		b	.L144
 2523              	.L148:
 845:CANopen/301/CO_SDOserver.c ****                     break;
 2524              		.loc 1 845 21 is_stmt 1 view .LVU886
 845:CANopen/301/CO_SDOserver.c ****                     break;
 2525              		.loc 1 845 32 is_stmt 0 view .LVU887
 2526 02f6 2223     		movs	r3, #34
 2527 02f8 2375     		strb	r3, [r4, #20]
 846:CANopen/301/CO_SDOserver.c ****                 }
 2528              		.loc 1 846 21 is_stmt 1 view .LVU888
 2529 02fa 1CE0     		b	.L144
 2530              	.L146:
ARM GAS  C:\Users\Lenovo\AppData\Local\Temp\ccOvLNZW.s 			page 104


 851:CANopen/301/CO_SDOserver.c ****                         /* verify and alternate toggle bit */
 2531              		.loc 1 851 21 view .LVU889
 851:CANopen/301/CO_SDOserver.c ****                         /* verify and alternate toggle bit */
 2532              		.loc 1 851 40 is_stmt 0 view .LVU890
 2533 02fc 94F84030 		ldrb	r3, [r4, #64]	@ zero_extendqisi2
 851:CANopen/301/CO_SDOserver.c ****                         /* verify and alternate toggle bit */
 2534              		.loc 1 851 24 view .LVU891
 2535 0300 03F0EF02 		and	r2, r3, #239
 2536 0304 602A     		cmp	r2, #96
 2537 0306 04D0     		beq	.L212
 861:CANopen/301/CO_SDOserver.c ****                         SDO->state = CO_SDO_ST_ABORT;
 2538              		.loc 1 861 25 is_stmt 1 view .LVU892
 861:CANopen/301/CO_SDOserver.c ****                         SDO->state = CO_SDO_ST_ABORT;
 2539              		.loc 1 861 35 is_stmt 0 view .LVU893
 2540 0308 924B     		ldr	r3, .L217
 2541 030a 0393     		str	r3, [sp, #12]
 862:CANopen/301/CO_SDOserver.c ****                     }
 2542              		.loc 1 862 25 is_stmt 1 view .LVU894
 862:CANopen/301/CO_SDOserver.c ****                     }
 2543              		.loc 1 862 36 is_stmt 0 view .LVU895
 2544 030c 0123     		movs	r3, #1
 2545 030e 2375     		strb	r3, [r4, #20]
 2546 0310 11E0     		b	.L144
 2547              	.L212:
 2548              	.LBB72:
 853:CANopen/301/CO_SDOserver.c ****                         if (toggle != SDO->toggle) {
 2549              		.loc 1 853 25 is_stmt 1 view .LVU896
 853:CANopen/301/CO_SDOserver.c ****                         if (toggle != SDO->toggle) {
 2550              		.loc 1 853 33 is_stmt 0 view .LVU897
 2551 0312 03F01003 		and	r3, r3, #16
 2552              	.LVL247:
 854:CANopen/301/CO_SDOserver.c ****                             abortCode = CO_SDO_AB_TOGGLE_BIT;
 2553              		.loc 1 854 25 is_stmt 1 view .LVU898
 854:CANopen/301/CO_SDOserver.c ****                             abortCode = CO_SDO_AB_TOGGLE_BIT;
 2554              		.loc 1 854 42 is_stmt 0 view .LVU899
 2555 0316 94F87020 		ldrb	r2, [r4, #112]	@ zero_extendqisi2
 854:CANopen/301/CO_SDOserver.c ****                             abortCode = CO_SDO_AB_TOGGLE_BIT;
 2556              		.loc 1 854 28 view .LVU900
 2557 031a 9A42     		cmp	r2, r3
 2558 031c 04D0     		beq	.L171
 855:CANopen/301/CO_SDOserver.c ****                             SDO->state = CO_SDO_ST_ABORT;
 2559              		.loc 1 855 29 is_stmt 1 view .LVU901
 855:CANopen/301/CO_SDOserver.c ****                             SDO->state = CO_SDO_ST_ABORT;
 2560              		.loc 1 855 39 is_stmt 0 view .LVU902
 2561 031e 8E4B     		ldr	r3, .L217+4
 2562              	.LVL248:
 855:CANopen/301/CO_SDOserver.c ****                             SDO->state = CO_SDO_ST_ABORT;
 2563              		.loc 1 855 39 view .LVU903
 2564 0320 0393     		str	r3, [sp, #12]
 856:CANopen/301/CO_SDOserver.c ****                             break;
 2565              		.loc 1 856 29 is_stmt 1 view .LVU904
 856:CANopen/301/CO_SDOserver.c ****                             break;
 2566              		.loc 1 856 40 is_stmt 0 view .LVU905
 2567 0322 0123     		movs	r3, #1
 2568 0324 2375     		strb	r3, [r4, #20]
 857:CANopen/301/CO_SDOserver.c ****                         }
 2569              		.loc 1 857 29 is_stmt 1 view .LVU906
ARM GAS  C:\Users\Lenovo\AppData\Local\Temp\ccOvLNZW.s 			page 105


 2570 0326 06E0     		b	.L144
 2571              	.LVL249:
 2572              	.L171:
 859:CANopen/301/CO_SDOserver.c ****                     } else {
 2573              		.loc 1 859 25 view .LVU907
 859:CANopen/301/CO_SDOserver.c ****                     } else {
 2574              		.loc 1 859 36 is_stmt 0 view .LVU908
 2575 0328 2423     		movs	r3, #36
 2576              	.LVL250:
 859:CANopen/301/CO_SDOserver.c ****                     } else {
 2577              		.loc 1 859 36 view .LVU909
 2578 032a 2375     		strb	r3, [r4, #20]
 2579              	.LBE72:
 2580 032c 03E0     		b	.L144
 2581              	.LVL251:
 2582              	.L145:
1055:CANopen/301/CO_SDOserver.c ****                     SDO->state = CO_SDO_ST_ABORT;
 2583              		.loc 1 1055 21 is_stmt 1 view .LVU910
1055:CANopen/301/CO_SDOserver.c ****                     SDO->state = CO_SDO_ST_ABORT;
 2584              		.loc 1 1055 31 is_stmt 0 view .LVU911
 2585 032e 894B     		ldr	r3, .L217
 2586 0330 0393     		str	r3, [sp, #12]
1056:CANopen/301/CO_SDOserver.c ****                     break;
 2587              		.loc 1 1056 21 is_stmt 1 view .LVU912
1056:CANopen/301/CO_SDOserver.c ****                     break;
 2588              		.loc 1 1056 32 is_stmt 0 view .LVU913
 2589 0332 0123     		movs	r3, #1
 2590 0334 2375     		strb	r3, [r4, #20]
1057:CANopen/301/CO_SDOserver.c ****                 }
 2591              		.loc 1 1057 21 is_stmt 1 view .LVU914
 2592              	.LVL252:
 2593              	.L144:
1062:CANopen/301/CO_SDOserver.c **** #endif
 2594              		.loc 1 1062 9 view .LVU915
1062:CANopen/301/CO_SDOserver.c **** #endif
 2595              		.loc 1 1062 27 is_stmt 0 view .LVU916
 2596 0336 0022     		movs	r2, #0
 2597 0338 E267     		str	r2, [r4, #124]
1064:CANopen/301/CO_SDOserver.c ****         CO_FLAG_CLEAR(SDO->CANrxNew);
 2598              		.loc 1 1064 9 is_stmt 1 view .LVU917
 2599              	.LVL253:
1065:CANopen/301/CO_SDOserver.c ****     }      /* else if (isNew) */
 2600              		.loc 1 1065 9 view .LVU918
1065:CANopen/301/CO_SDOserver.c ****     }      /* else if (isNew) */
 2601              		.loc 1 1065 9 view .LVU919
 2602 033a E263     		str	r2, [r4, #60]
1065:CANopen/301/CO_SDOserver.c ****     }      /* else if (isNew) */
 2603              		.loc 1 1065 37 view .LVU920
1065:CANopen/301/CO_SDOserver.c ****     }      /* else if (isNew) */
 2604              		.loc 1 1065 37 is_stmt 0 view .LVU921
 2605              	.LBE62:
1068:CANopen/301/CO_SDOserver.c **** 
 2606              		.loc 1 1068 5 is_stmt 1 view .LVU922
1072:CANopen/301/CO_SDOserver.c ****         if (SDO->timeoutTimer < SDO->SDOtimeoutTime_us) {
 2607              		.loc 1 1072 5 view .LVU923
 2608              	.LVL254:
 2609              	.L131:
ARM GAS  C:\Users\Lenovo\AppData\Local\Temp\ccOvLNZW.s 			page 106


1073:CANopen/301/CO_SDOserver.c ****             SDO->timeoutTimer += timeDifference_us;
 2610              		.loc 1 1073 9 view .LVU924
1073:CANopen/301/CO_SDOserver.c ****             SDO->timeoutTimer += timeDifference_us;
 2611              		.loc 1 1073 16 is_stmt 0 view .LVU925
 2612 033c E36F     		ldr	r3, [r4, #124]
1073:CANopen/301/CO_SDOserver.c ****             SDO->timeoutTimer += timeDifference_us;
 2613              		.loc 1 1073 36 view .LVU926
 2614 033e A16F     		ldr	r1, [r4, #120]
1073:CANopen/301/CO_SDOserver.c ****             SDO->timeoutTimer += timeDifference_us;
 2615              		.loc 1 1073 12 view .LVU927
 2616 0340 8B42     		cmp	r3, r1
 2617 0342 01D2     		bcs	.L172
1074:CANopen/301/CO_SDOserver.c ****         }
 2618              		.loc 1 1074 13 is_stmt 1 view .LVU928
1074:CANopen/301/CO_SDOserver.c ****         }
 2619              		.loc 1 1074 31 is_stmt 0 view .LVU929
 2620 0344 1344     		add	r3, r3, r2
 2621 0346 E367     		str	r3, [r4, #124]
 2622              	.L172:
1076:CANopen/301/CO_SDOserver.c ****             abortCode = CO_SDO_AB_TIMEOUT;
 2623              		.loc 1 1076 9 is_stmt 1 view .LVU930
1076:CANopen/301/CO_SDOserver.c ****             abortCode = CO_SDO_AB_TIMEOUT;
 2624              		.loc 1 1076 16 is_stmt 0 view .LVU931
 2625 0348 E36F     		ldr	r3, [r4, #124]
1076:CANopen/301/CO_SDOserver.c ****             abortCode = CO_SDO_AB_TIMEOUT;
 2626              		.loc 1 1076 12 view .LVU932
 2627 034a 9942     		cmp	r1, r3
 2628 034c 03D8     		bhi	.L173
1077:CANopen/301/CO_SDOserver.c ****             SDO->state = CO_SDO_ST_ABORT;
 2629              		.loc 1 1077 13 is_stmt 1 view .LVU933
1077:CANopen/301/CO_SDOserver.c ****             SDO->state = CO_SDO_ST_ABORT;
 2630              		.loc 1 1077 23 is_stmt 0 view .LVU934
 2631 034e 834B     		ldr	r3, .L217+8
 2632 0350 0393     		str	r3, [sp, #12]
1078:CANopen/301/CO_SDOserver.c ****         }
 2633              		.loc 1 1078 13 is_stmt 1 view .LVU935
1078:CANopen/301/CO_SDOserver.c ****         }
 2634              		.loc 1 1078 24 is_stmt 0 view .LVU936
 2635 0352 0123     		movs	r3, #1
 2636 0354 2375     		strb	r3, [r4, #20]
 2637              	.L173:
1114:CANopen/301/CO_SDOserver.c ****             ret = CO_SDO_RT_transmittBufferFull;
 2638              		.loc 1 1114 9 is_stmt 1 view .LVU937
1114:CANopen/301/CO_SDOserver.c ****             ret = CO_SDO_RT_transmittBufferFull;
 2639              		.loc 1 1114 16 is_stmt 0 view .LVU938
 2640 0356 6368     		ldr	r3, [r4, #4]
1114:CANopen/301/CO_SDOserver.c ****             ret = CO_SDO_RT_transmittBufferFull;
 2641              		.loc 1 1114 27 view .LVU939
 2642 0358 1A69     		ldr	r2, [r3, #16]
1114:CANopen/301/CO_SDOserver.c ****             ret = CO_SDO_RT_transmittBufferFull;
 2643              		.loc 1 1114 12 view .LVU940
 2644 035a 0AB1     		cbz	r2, .L213
1115:CANopen/301/CO_SDOserver.c ****         }
 2645              		.loc 1 1115 17 view .LVU941
 2646 035c 0425     		movs	r5, #4
 2647 035e 65E6     		b	.L127
 2648              	.L213:
ARM GAS  C:\Users\Lenovo\AppData\Local\Temp\ccOvLNZW.s 			page 107


 2649              	.LVL255:
1121:CANopen/301/CO_SDOserver.c ****         /* clear response buffer */
 2650              		.loc 1 1121 5 is_stmt 1 view .LVU942
1123:CANopen/301/CO_SDOserver.c **** 
 2651              		.loc 1 1123 9 view .LVU943
1123:CANopen/301/CO_SDOserver.c **** 
 2652              		.loc 1 1123 15 is_stmt 0 view .LVU944
 2653 0360 C3F80520 		str	r2, [r3, #5]	@ unaligned
 2654 0364 C3F80920 		str	r2, [r3, #9]	@ unaligned
1125:CANopen/301/CO_SDOserver.c ****             case CO_SDO_ST_DOWNLOAD_INITIATE_RSP: {
 2655              		.loc 1 1125 9 is_stmt 1 view .LVU945
1125:CANopen/301/CO_SDOserver.c ****             case CO_SDO_ST_DOWNLOAD_INITIATE_RSP: {
 2656              		.loc 1 1125 20 is_stmt 0 view .LVU946
 2657 0368 237D     		ldrb	r3, [r4, #20]	@ zero_extendqisi2
1125:CANopen/301/CO_SDOserver.c ****             case CO_SDO_ST_DOWNLOAD_INITIATE_RSP: {
 2658              		.loc 1 1125 9 view .LVU947
 2659 036a 123B     		subs	r3, r3, #18
 2660 036c 122B     		cmp	r3, #18
 2661 036e 00F2FB80 		bhi	.L200
 2662 0372 DFE813F0 		tbh	[pc, r3, lsl #1]
 2663              	.L176:
 2664 0376 1300     		.2byte	(.L179-.L176)/2
 2665 0378 F900     		.2byte	(.L200-.L176)/2
 2666 037a 3A00     		.2byte	(.L178-.L176)/2
 2667 037c F900     		.2byte	(.L200-.L176)/2
 2668 037e F900     		.2byte	(.L200-.L176)/2
 2669 0380 F900     		.2byte	(.L200-.L176)/2
 2670 0382 F900     		.2byte	(.L200-.L176)/2
 2671 0384 F900     		.2byte	(.L200-.L176)/2
 2672 0386 F900     		.2byte	(.L200-.L176)/2
 2673 0388 F900     		.2byte	(.L200-.L176)/2
 2674 038a F900     		.2byte	(.L200-.L176)/2
 2675 038c F900     		.2byte	(.L200-.L176)/2
 2676 038e F900     		.2byte	(.L200-.L176)/2
 2677 0390 F900     		.2byte	(.L200-.L176)/2
 2678 0392 F900     		.2byte	(.L200-.L176)/2
 2679 0394 F900     		.2byte	(.L200-.L176)/2
 2680 0396 5800     		.2byte	(.L177-.L176)/2
 2681 0398 F900     		.2byte	(.L200-.L176)/2
 2682 039a 9300     		.2byte	(.L175-.L176)/2
 2683              		.p2align 1
 2684              	.L179:
1127:CANopen/301/CO_SDOserver.c ****                 SDO->CANtxBuff->data[1] = (uint8_t)SDO->index;
 2685              		.loc 1 1127 17 is_stmt 1 view .LVU948
1127:CANopen/301/CO_SDOserver.c ****                 SDO->CANtxBuff->data[1] = (uint8_t)SDO->index;
 2686              		.loc 1 1127 20 is_stmt 0 view .LVU949
 2687 039c 6368     		ldr	r3, [r4, #4]
1127:CANopen/301/CO_SDOserver.c ****                 SDO->CANtxBuff->data[1] = (uint8_t)SDO->index;
 2688              		.loc 1 1127 41 view .LVU950
 2689 039e 6022     		movs	r2, #96
 2690 03a0 5A71     		strb	r2, [r3, #5]
1128:CANopen/301/CO_SDOserver.c ****                 SDO->CANtxBuff->data[2] = (uint8_t)(SDO->index >> 8);
 2691              		.loc 1 1128 17 is_stmt 1 view .LVU951
1128:CANopen/301/CO_SDOserver.c ****                 SDO->CANtxBuff->data[2] = (uint8_t)(SDO->index >> 8);
 2692              		.loc 1 1128 20 is_stmt 0 view .LVU952
 2693 03a2 6368     		ldr	r3, [r4, #4]
1128:CANopen/301/CO_SDOserver.c ****                 SDO->CANtxBuff->data[2] = (uint8_t)(SDO->index >> 8);
ARM GAS  C:\Users\Lenovo\AppData\Local\Temp\ccOvLNZW.s 			page 108


 2694              		.loc 1 1128 43 view .LVU953
 2695 03a4 94F83820 		ldrb	r2, [r4, #56]	@ zero_extendqisi2
1128:CANopen/301/CO_SDOserver.c ****                 SDO->CANtxBuff->data[2] = (uint8_t)(SDO->index >> 8);
 2696              		.loc 1 1128 41 view .LVU954
 2697 03a8 9A71     		strb	r2, [r3, #6]
1129:CANopen/301/CO_SDOserver.c ****                 SDO->CANtxBuff->data[3] = SDO->subIndex;
 2698              		.loc 1 1129 17 is_stmt 1 view .LVU955
1129:CANopen/301/CO_SDOserver.c ****                 SDO->CANtxBuff->data[3] = SDO->subIndex;
 2699              		.loc 1 1129 56 is_stmt 0 view .LVU956
 2700 03aa 238F     		ldrh	r3, [r4, #56]
1129:CANopen/301/CO_SDOserver.c ****                 SDO->CANtxBuff->data[3] = SDO->subIndex;
 2701              		.loc 1 1129 20 view .LVU957
 2702 03ac 6268     		ldr	r2, [r4, #4]
1129:CANopen/301/CO_SDOserver.c ****                 SDO->CANtxBuff->data[3] = SDO->subIndex;
 2703              		.loc 1 1129 43 view .LVU958
 2704 03ae 1B0A     		lsrs	r3, r3, #8
1129:CANopen/301/CO_SDOserver.c ****                 SDO->CANtxBuff->data[3] = SDO->subIndex;
 2705              		.loc 1 1129 41 view .LVU959
 2706 03b0 D371     		strb	r3, [r2, #7]
1130:CANopen/301/CO_SDOserver.c **** 
 2707              		.loc 1 1130 17 is_stmt 1 view .LVU960
1130:CANopen/301/CO_SDOserver.c **** 
 2708              		.loc 1 1130 20 is_stmt 0 view .LVU961
 2709 03b2 6368     		ldr	r3, [r4, #4]
1130:CANopen/301/CO_SDOserver.c **** 
 2710              		.loc 1 1130 46 view .LVU962
 2711 03b4 94F83A20 		ldrb	r2, [r4, #58]	@ zero_extendqisi2
1130:CANopen/301/CO_SDOserver.c **** 
 2712              		.loc 1 1130 41 view .LVU963
 2713 03b8 1A72     		strb	r2, [r3, #8]
1134:CANopen/301/CO_SDOserver.c **** #endif
 2714              		.loc 1 1134 17 is_stmt 1 view .LVU964
1134:CANopen/301/CO_SDOserver.c **** #endif
 2715              		.loc 1 1134 35 is_stmt 0 view .LVU965
 2716 03ba 0023     		movs	r3, #0
 2717 03bc E367     		str	r3, [r4, #124]
1136:CANopen/301/CO_SDOserver.c **** #if ((CO_CONFIG_SDO_SRV)&CO_CONFIG_SDO_SRV_SEGMENTED) != 0
 2718              		.loc 1 1136 17 is_stmt 1 view .LVU966
1136:CANopen/301/CO_SDOserver.c **** #if ((CO_CONFIG_SDO_SRV)&CO_CONFIG_SDO_SRV_SEGMENTED) != 0
 2719              		.loc 1 1136 23 is_stmt 0 view .LVU967
 2720 03be 6168     		ldr	r1, [r4, #4]
 2721 03c0 2068     		ldr	r0, [r4]
 2722 03c2 FFF7FEFF 		bl	CO_CANsend
 2723              	.LVL256:
1138:CANopen/301/CO_SDOserver.c ****                     SDO->state = CO_SDO_ST_IDLE;
 2724              		.loc 1 1138 17 is_stmt 1 view .LVU968
1138:CANopen/301/CO_SDOserver.c ****                     SDO->state = CO_SDO_ST_IDLE;
 2725              		.loc 1 1138 24 is_stmt 0 view .LVU969
 2726 03c6 636F     		ldr	r3, [r4, #116]
1138:CANopen/301/CO_SDOserver.c ****                     SDO->state = CO_SDO_ST_IDLE;
 2727              		.loc 1 1138 20 view .LVU970
 2728 03c8 1BB1     		cbz	r3, .L180
1139:CANopen/301/CO_SDOserver.c ****                     ret = CO_SDO_RT_ok_communicationEnd;
 2729              		.loc 1 1139 21 is_stmt 1 view .LVU971
1139:CANopen/301/CO_SDOserver.c ****                     ret = CO_SDO_RT_ok_communicationEnd;
 2730              		.loc 1 1139 32 is_stmt 0 view .LVU972
 2731 03ca 0020     		movs	r0, #0
ARM GAS  C:\Users\Lenovo\AppData\Local\Temp\ccOvLNZW.s 			page 109


 2732 03cc 2075     		strb	r0, [r4, #20]
1140:CANopen/301/CO_SDOserver.c ****                 } else {
 2733              		.loc 1 1140 21 is_stmt 1 view .LVU973
 2734              	.LVL257:
1496:CANopen/301/CO_SDOserver.c ****         if (SDO->state == CO_SDO_ST_ABORT) {
 2735              		.loc 1 1496 5 view .LVU974
1140:CANopen/301/CO_SDOserver.c ****                 } else {
 2736              		.loc 1 1140 25 is_stmt 0 view .LVU975
 2737 03ce 0546     		mov	r5, r0
 2738 03d0 2CE6     		b	.L127
 2739              	.LVL258:
 2740              	.L180:
1142:CANopen/301/CO_SDOserver.c ****                     SDO->sizeTran = 0;
 2741              		.loc 1 1142 21 is_stmt 1 view .LVU976
1142:CANopen/301/CO_SDOserver.c ****                     SDO->sizeTran = 0;
 2742              		.loc 1 1142 33 is_stmt 0 view .LVU977
 2743 03d2 0023     		movs	r3, #0
 2744 03d4 84F87030 		strb	r3, [r4, #112]
1143:CANopen/301/CO_SDOserver.c ****                     SDO->bufOffsetWr = 0;
 2745              		.loc 1 1143 21 is_stmt 1 view .LVU978
1143:CANopen/301/CO_SDOserver.c ****                     SDO->bufOffsetWr = 0;
 2746              		.loc 1 1143 35 is_stmt 0 view .LVU979
 2747 03d8 E366     		str	r3, [r4, #108]
1144:CANopen/301/CO_SDOserver.c ****                     SDO->bufOffsetRd = 0;
 2748              		.loc 1 1144 21 is_stmt 1 view .LVU980
1144:CANopen/301/CO_SDOserver.c ****                     SDO->bufOffsetRd = 0;
 2749              		.loc 1 1144 38 is_stmt 0 view .LVU981
 2750 03da C4F8A430 		str	r3, [r4, #164]
1145:CANopen/301/CO_SDOserver.c ****                     SDO->state = CO_SDO_ST_DOWNLOAD_SEGMENT_REQ;
 2751              		.loc 1 1145 21 is_stmt 1 view .LVU982
1145:CANopen/301/CO_SDOserver.c ****                     SDO->state = CO_SDO_ST_DOWNLOAD_SEGMENT_REQ;
 2752              		.loc 1 1145 38 is_stmt 0 view .LVU983
 2753 03de C4F8A830 		str	r3, [r4, #168]
1146:CANopen/301/CO_SDOserver.c ****                 }
 2754              		.loc 1 1146 21 is_stmt 1 view .LVU984
1146:CANopen/301/CO_SDOserver.c ****                 }
 2755              		.loc 1 1146 32 is_stmt 0 view .LVU985
 2756 03e2 1323     		movs	r3, #19
 2757 03e4 2375     		strb	r3, [r4, #20]
 2758 03e6 0125     		movs	r5, #1
 2759 03e8 BFE0     		b	.L174
 2760              	.L178:
1157:CANopen/301/CO_SDOserver.c ****                 SDO->toggle = (SDO->toggle == 0x00U) ? 0x10U : 0x00U;
 2761              		.loc 1 1157 17 is_stmt 1 view .LVU986
1157:CANopen/301/CO_SDOserver.c ****                 SDO->toggle = (SDO->toggle == 0x00U) ? 0x10U : 0x00U;
 2762              		.loc 1 1157 54 is_stmt 0 view .LVU987
 2763 03ea 94F87030 		ldrb	r3, [r4, #112]	@ zero_extendqisi2
1157:CANopen/301/CO_SDOserver.c ****                 SDO->toggle = (SDO->toggle == 0x00U) ? 0x10U : 0x00U;
 2764              		.loc 1 1157 20 view .LVU988
 2765 03ee 6268     		ldr	r2, [r4, #4]
1157:CANopen/301/CO_SDOserver.c ****                 SDO->toggle = (SDO->toggle == 0x00U) ? 0x10U : 0x00U;
 2766              		.loc 1 1157 41 view .LVU989
 2767 03f0 43F02003 		orr	r3, r3, #32
 2768 03f4 5371     		strb	r3, [r2, #5]
1158:CANopen/301/CO_SDOserver.c **** 
 2769              		.loc 1 1158 17 is_stmt 1 view .LVU990
1158:CANopen/301/CO_SDOserver.c **** 
ARM GAS  C:\Users\Lenovo\AppData\Local\Temp\ccOvLNZW.s 			page 110


 2770              		.loc 1 1158 35 is_stmt 0 view .LVU991
 2771 03f6 94F87030 		ldrb	r3, [r4, #112]	@ zero_extendqisi2
1158:CANopen/301/CO_SDOserver.c **** 
 2772              		.loc 1 1158 29 view .LVU992
 2773 03fa 73B9     		cbnz	r3, .L201
1158:CANopen/301/CO_SDOserver.c **** 
 2774              		.loc 1 1158 29 discriminator 1 view .LVU993
 2775 03fc 1023     		movs	r3, #16
 2776              	.L181:
1158:CANopen/301/CO_SDOserver.c **** 
 2777              		.loc 1 1158 29 discriminator 4 view .LVU994
 2778 03fe 84F87030 		strb	r3, [r4, #112]
1161:CANopen/301/CO_SDOserver.c ****                 (void)CO_CANsend(SDO->CANdevTx, SDO->CANtxBuff);
 2779              		.loc 1 1161 17 is_stmt 1 view .LVU995
1161:CANopen/301/CO_SDOserver.c ****                 (void)CO_CANsend(SDO->CANdevTx, SDO->CANtxBuff);
 2780              		.loc 1 1161 35 is_stmt 0 view .LVU996
 2781 0402 0023     		movs	r3, #0
 2782 0404 E367     		str	r3, [r4, #124]
1162:CANopen/301/CO_SDOserver.c ****                 if (SDO->finished) {
 2783              		.loc 1 1162 17 is_stmt 1 view .LVU997
1162:CANopen/301/CO_SDOserver.c ****                 if (SDO->finished) {
 2784              		.loc 1 1162 23 is_stmt 0 view .LVU998
 2785 0406 6168     		ldr	r1, [r4, #4]
 2786 0408 2068     		ldr	r0, [r4]
 2787 040a FFF7FEFF 		bl	CO_CANsend
 2788              	.LVL259:
1163:CANopen/301/CO_SDOserver.c ****                     SDO->state = CO_SDO_ST_IDLE;
 2789              		.loc 1 1163 17 is_stmt 1 view .LVU999
1163:CANopen/301/CO_SDOserver.c ****                     SDO->state = CO_SDO_ST_IDLE;
 2790              		.loc 1 1163 24 is_stmt 0 view .LVU1000
 2791 040e 636F     		ldr	r3, [r4, #116]
1163:CANopen/301/CO_SDOserver.c ****                     SDO->state = CO_SDO_ST_IDLE;
 2792              		.loc 1 1163 20 view .LVU1001
 2793 0410 2BB1     		cbz	r3, .L182
1164:CANopen/301/CO_SDOserver.c ****                     ret = CO_SDO_RT_ok_communicationEnd;
 2794              		.loc 1 1164 21 is_stmt 1 view .LVU1002
1164:CANopen/301/CO_SDOserver.c ****                     ret = CO_SDO_RT_ok_communicationEnd;
 2795              		.loc 1 1164 32 is_stmt 0 view .LVU1003
 2796 0412 0020     		movs	r0, #0
 2797 0414 2075     		strb	r0, [r4, #20]
1165:CANopen/301/CO_SDOserver.c ****                 } else {
 2798              		.loc 1 1165 21 is_stmt 1 view .LVU1004
 2799              	.LVL260:
1496:CANopen/301/CO_SDOserver.c ****         if (SDO->state == CO_SDO_ST_ABORT) {
 2800              		.loc 1 1496 5 view .LVU1005
1165:CANopen/301/CO_SDOserver.c ****                 } else {
 2801              		.loc 1 1165 25 is_stmt 0 view .LVU1006
 2802 0416 0546     		mov	r5, r0
 2803 0418 08E6     		b	.L127
 2804              	.LVL261:
 2805              	.L201:
1158:CANopen/301/CO_SDOserver.c **** 
 2806              		.loc 1 1158 29 discriminator 2 view .LVU1007
 2807 041a 0023     		movs	r3, #0
 2808 041c EFE7     		b	.L181
 2809              	.L182:
1167:CANopen/301/CO_SDOserver.c ****                 }
ARM GAS  C:\Users\Lenovo\AppData\Local\Temp\ccOvLNZW.s 			page 111


 2810              		.loc 1 1167 21 is_stmt 1 view .LVU1008
1167:CANopen/301/CO_SDOserver.c ****                 }
 2811              		.loc 1 1167 32 is_stmt 0 view .LVU1009
 2812 041e 1323     		movs	r3, #19
 2813 0420 2375     		strb	r3, [r4, #20]
 2814 0422 0125     		movs	r5, #1
 2815 0424 A1E0     		b	.L174
 2816              	.L177:
1176:CANopen/301/CO_SDOserver.c ****                     /* expedited transfer */
 2817              		.loc 1 1176 17 is_stmt 1 view .LVU1010
1176:CANopen/301/CO_SDOserver.c ****                     /* expedited transfer */
 2818              		.loc 1 1176 25 is_stmt 0 view .LVU1011
 2819 0426 A36E     		ldr	r3, [r4, #104]
1176:CANopen/301/CO_SDOserver.c ****                     /* expedited transfer */
 2820              		.loc 1 1176 41 view .LVU1012
 2821 0428 5A1E     		subs	r2, r3, #1
1176:CANopen/301/CO_SDOserver.c ****                     /* expedited transfer */
 2822              		.loc 1 1176 20 view .LVU1013
 2823 042a 032A     		cmp	r2, #3
 2824 042c 1ED9     		bls	.L214
1184:CANopen/301/CO_SDOserver.c ****                         /* indicate data size, if known */
 2825              		.loc 1 1184 21 is_stmt 1 view .LVU1014
1184:CANopen/301/CO_SDOserver.c ****                         /* indicate data size, if known */
 2826              		.loc 1 1184 24 is_stmt 0 view .LVU1015
 2827 042e 8BB3     		cbz	r3, .L185
 2828              	.LBB73:
1186:CANopen/301/CO_SDOserver.c ****                         uint32_t sizeIndSw = CO_SWAP_32(sizeInd);
 2829              		.loc 1 1186 25 is_stmt 1 view .LVU1016
 2830              	.LVL262:
1187:CANopen/301/CO_SDOserver.c ****                         SDO->CANtxBuff->data[0] = 0x41;
 2831              		.loc 1 1187 25 view .LVU1017
1188:CANopen/301/CO_SDOserver.c ****                         (void)memcpy((void*)(&SDO->CANtxBuff->data[4]), (const void*)(&sizeIndSw), 
 2832              		.loc 1 1188 25 view .LVU1018
1188:CANopen/301/CO_SDOserver.c ****                         (void)memcpy((void*)(&SDO->CANtxBuff->data[4]), (const void*)(&sizeIndSw), 
 2833              		.loc 1 1188 28 is_stmt 0 view .LVU1019
 2834 0430 6268     		ldr	r2, [r4, #4]
1188:CANopen/301/CO_SDOserver.c ****                         (void)memcpy((void*)(&SDO->CANtxBuff->data[4]), (const void*)(&sizeIndSw), 
 2835              		.loc 1 1188 49 view .LVU1020
 2836 0432 4121     		movs	r1, #65
 2837 0434 5171     		strb	r1, [r2, #5]
1189:CANopen/301/CO_SDOserver.c ****                     } else {
 2838              		.loc 1 1189 25 is_stmt 1 view .LVU1021
1189:CANopen/301/CO_SDOserver.c ****                     } else {
 2839              		.loc 1 1189 50 is_stmt 0 view .LVU1022
 2840 0436 6268     		ldr	r2, [r4, #4]
1189:CANopen/301/CO_SDOserver.c ****                     } else {
 2841              		.loc 1 1189 31 view .LVU1023
 2842 0438 C2F80930 		str	r3, [r2, #9]	@ unaligned
 2843              	.LVL263:
 2844              	.L186:
1189:CANopen/301/CO_SDOserver.c ****                     } else {
 2845              		.loc 1 1189 31 view .LVU1024
 2846              	.LBE73:
1193:CANopen/301/CO_SDOserver.c ****                     SDO->timeoutTimer = 0;
 2847              		.loc 1 1193 21 is_stmt 1 view .LVU1025
1193:CANopen/301/CO_SDOserver.c ****                     SDO->timeoutTimer = 0;
 2848              		.loc 1 1193 33 is_stmt 0 view .LVU1026
ARM GAS  C:\Users\Lenovo\AppData\Local\Temp\ccOvLNZW.s 			page 112


 2849 043c 0023     		movs	r3, #0
 2850 043e 84F87030 		strb	r3, [r4, #112]
1194:CANopen/301/CO_SDOserver.c ****                     SDO->state = CO_SDO_ST_UPLOAD_SEGMENT_REQ;
 2851              		.loc 1 1194 21 is_stmt 1 view .LVU1027
1194:CANopen/301/CO_SDOserver.c ****                     SDO->state = CO_SDO_ST_UPLOAD_SEGMENT_REQ;
 2852              		.loc 1 1194 39 is_stmt 0 view .LVU1028
 2853 0442 E367     		str	r3, [r4, #124]
1195:CANopen/301/CO_SDOserver.c ****                 }
 2854              		.loc 1 1195 21 is_stmt 1 view .LVU1029
1195:CANopen/301/CO_SDOserver.c ****                 }
 2855              		.loc 1 1195 32 is_stmt 0 view .LVU1030
 2856 0444 2323     		movs	r3, #35
 2857 0446 2375     		strb	r3, [r4, #20]
 2858 0448 0125     		movs	r5, #1
 2859              	.LVL264:
 2860              	.L184:
1230:CANopen/301/CO_SDOserver.c ****                 SDO->CANtxBuff->data[2] = (uint8_t)(SDO->index >> 8);
 2861              		.loc 1 1230 17 is_stmt 1 view .LVU1031
1230:CANopen/301/CO_SDOserver.c ****                 SDO->CANtxBuff->data[2] = (uint8_t)(SDO->index >> 8);
 2862              		.loc 1 1230 20 is_stmt 0 view .LVU1032
 2863 044a 6368     		ldr	r3, [r4, #4]
1230:CANopen/301/CO_SDOserver.c ****                 SDO->CANtxBuff->data[2] = (uint8_t)(SDO->index >> 8);
 2864              		.loc 1 1230 43 view .LVU1033
 2865 044c 94F83820 		ldrb	r2, [r4, #56]	@ zero_extendqisi2
1230:CANopen/301/CO_SDOserver.c ****                 SDO->CANtxBuff->data[2] = (uint8_t)(SDO->index >> 8);
 2866              		.loc 1 1230 41 view .LVU1034
 2867 0450 9A71     		strb	r2, [r3, #6]
1231:CANopen/301/CO_SDOserver.c ****                 SDO->CANtxBuff->data[3] = SDO->subIndex;
 2868              		.loc 1 1231 17 is_stmt 1 view .LVU1035
1231:CANopen/301/CO_SDOserver.c ****                 SDO->CANtxBuff->data[3] = SDO->subIndex;
 2869              		.loc 1 1231 56 is_stmt 0 view .LVU1036
 2870 0452 238F     		ldrh	r3, [r4, #56]
1231:CANopen/301/CO_SDOserver.c ****                 SDO->CANtxBuff->data[3] = SDO->subIndex;
 2871              		.loc 1 1231 20 view .LVU1037
 2872 0454 6268     		ldr	r2, [r4, #4]
1231:CANopen/301/CO_SDOserver.c ****                 SDO->CANtxBuff->data[3] = SDO->subIndex;
 2873              		.loc 1 1231 43 view .LVU1038
 2874 0456 1B0A     		lsrs	r3, r3, #8
1231:CANopen/301/CO_SDOserver.c ****                 SDO->CANtxBuff->data[3] = SDO->subIndex;
 2875              		.loc 1 1231 41 view .LVU1039
 2876 0458 D371     		strb	r3, [r2, #7]
1232:CANopen/301/CO_SDOserver.c ****                 (void)CO_CANsend(SDO->CANdevTx, SDO->CANtxBuff);
 2877              		.loc 1 1232 17 is_stmt 1 view .LVU1040
1232:CANopen/301/CO_SDOserver.c ****                 (void)CO_CANsend(SDO->CANdevTx, SDO->CANtxBuff);
 2878              		.loc 1 1232 20 is_stmt 0 view .LVU1041
 2879 045a 6368     		ldr	r3, [r4, #4]
1232:CANopen/301/CO_SDOserver.c ****                 (void)CO_CANsend(SDO->CANdevTx, SDO->CANtxBuff);
 2880              		.loc 1 1232 46 view .LVU1042
 2881 045c 94F83A20 		ldrb	r2, [r4, #58]	@ zero_extendqisi2
1232:CANopen/301/CO_SDOserver.c ****                 (void)CO_CANsend(SDO->CANdevTx, SDO->CANtxBuff);
 2882              		.loc 1 1232 41 view .LVU1043
 2883 0460 1A72     		strb	r2, [r3, #8]
1233:CANopen/301/CO_SDOserver.c ****                 break;
 2884              		.loc 1 1233 17 is_stmt 1 view .LVU1044
1233:CANopen/301/CO_SDOserver.c ****                 break;
 2885              		.loc 1 1233 23 is_stmt 0 view .LVU1045
 2886 0462 6168     		ldr	r1, [r4, #4]
ARM GAS  C:\Users\Lenovo\AppData\Local\Temp\ccOvLNZW.s 			page 113


 2887 0464 2068     		ldr	r0, [r4]
 2888 0466 FFF7FEFF 		bl	CO_CANsend
 2889              	.LVL265:
1234:CANopen/301/CO_SDOserver.c ****             }
 2890              		.loc 1 1234 17 is_stmt 1 view .LVU1046
 2891 046a 7EE0     		b	.L174
 2892              	.LVL266:
 2893              	.L214:
1178:CANopen/301/CO_SDOserver.c ****                     (void)memcpy((void*)(&SDO->CANtxBuff->data[4]), (const void*)(&SDO->buf[0]), SD
 2894              		.loc 1 1178 21 view .LVU1047
1178:CANopen/301/CO_SDOserver.c ****                     (void)memcpy((void*)(&SDO->CANtxBuff->data[4]), (const void*)(&SDO->buf[0]), SD
 2895              		.loc 1 1178 70 is_stmt 0 view .LVU1048
 2896 046c C3F10403 		rsb	r3, r3, #4
 2897 0470 DBB2     		uxtb	r3, r3
1178:CANopen/301/CO_SDOserver.c ****                     (void)memcpy((void*)(&SDO->CANtxBuff->data[4]), (const void*)(&SDO->buf[0]), SD
 2898              		.loc 1 1178 86 view .LVU1049
 2899 0472 9B00     		lsls	r3, r3, #2
 2900 0474 DBB2     		uxtb	r3, r3
1178:CANopen/301/CO_SDOserver.c ****                     (void)memcpy((void*)(&SDO->CANtxBuff->data[4]), (const void*)(&SDO->buf[0]), SD
 2901              		.loc 1 1178 24 view .LVU1050
 2902 0476 6268     		ldr	r2, [r4, #4]
1178:CANopen/301/CO_SDOserver.c ****                     (void)memcpy((void*)(&SDO->CANtxBuff->data[4]), (const void*)(&SDO->buf[0]), SD
 2903              		.loc 1 1178 47 view .LVU1051
 2904 0478 43F04303 		orr	r3, r3, #67
1178:CANopen/301/CO_SDOserver.c ****                     (void)memcpy((void*)(&SDO->CANtxBuff->data[4]), (const void*)(&SDO->buf[0]), SD
 2905              		.loc 1 1178 45 view .LVU1052
 2906 047c 5371     		strb	r3, [r2, #5]
1179:CANopen/301/CO_SDOserver.c ****                     SDO->state = CO_SDO_ST_IDLE;
 2907              		.loc 1 1179 21 is_stmt 1 view .LVU1053
1179:CANopen/301/CO_SDOserver.c ****                     SDO->state = CO_SDO_ST_IDLE;
 2908              		.loc 1 1179 46 is_stmt 0 view .LVU1054
 2909 047e 6068     		ldr	r0, [r4, #4]
1179:CANopen/301/CO_SDOserver.c ****                     SDO->state = CO_SDO_ST_IDLE;
 2910              		.loc 1 1179 27 view .LVU1055
 2911 0480 A26E     		ldr	r2, [r4, #104]
 2912 0482 04F18001 		add	r1, r4, #128
 2913 0486 0930     		adds	r0, r0, #9
 2914 0488 FFF7FEFF 		bl	memcpy
 2915              	.LVL267:
1180:CANopen/301/CO_SDOserver.c ****                     ret = CO_SDO_RT_ok_communicationEnd;
 2916              		.loc 1 1180 21 is_stmt 1 view .LVU1056
1180:CANopen/301/CO_SDOserver.c ****                     ret = CO_SDO_RT_ok_communicationEnd;
 2917              		.loc 1 1180 32 is_stmt 0 view .LVU1057
 2918 048c 0020     		movs	r0, #0
 2919 048e 2075     		strb	r0, [r4, #20]
1181:CANopen/301/CO_SDOserver.c ****                 } else {
 2920              		.loc 1 1181 21 is_stmt 1 view .LVU1058
 2921              	.LVL268:
1181:CANopen/301/CO_SDOserver.c ****                 } else {
 2922              		.loc 1 1181 25 is_stmt 0 view .LVU1059
 2923 0490 0546     		mov	r5, r0
 2924 0492 DAE7     		b	.L184
 2925              	.LVL269:
 2926              	.L185:
1191:CANopen/301/CO_SDOserver.c ****                     }
 2927              		.loc 1 1191 25 is_stmt 1 view .LVU1060
1191:CANopen/301/CO_SDOserver.c ****                     }
ARM GAS  C:\Users\Lenovo\AppData\Local\Temp\ccOvLNZW.s 			page 114


 2928              		.loc 1 1191 28 is_stmt 0 view .LVU1061
 2929 0494 6368     		ldr	r3, [r4, #4]
1191:CANopen/301/CO_SDOserver.c ****                     }
 2930              		.loc 1 1191 49 view .LVU1062
 2931 0496 4022     		movs	r2, #64
 2932 0498 5A71     		strb	r2, [r3, #5]
 2933 049a CFE7     		b	.L186
 2934              	.L175:
 2935              	.LBB74:
1240:CANopen/301/CO_SDOserver.c ****                     break;
 2936              		.loc 1 1240 17 is_stmt 1 view .LVU1063
1240:CANopen/301/CO_SDOserver.c ****                     break;
 2937              		.loc 1 1240 22 is_stmt 0 view .LVU1064
 2938 049c 0023     		movs	r3, #0
 2939 049e 0722     		movs	r2, #7
 2940 04a0 03A9     		add	r1, sp, #12
 2941 04a2 2046     		mov	r0, r4
 2942 04a4 FFF7FEFF 		bl	readFromOd
 2943              	.LVL270:
1240:CANopen/301/CO_SDOserver.c ****                     break;
 2944              		.loc 1 1240 20 discriminator 1 view .LVU1065
 2945 04a8 0028     		cmp	r0, #0
 2946 04aa 00F08180 		beq	.L202
1245:CANopen/301/CO_SDOserver.c ****                 SDO->toggle = (SDO->toggle == 0x00U) ? 0x10U : 0x00U;
 2947              		.loc 1 1245 17 is_stmt 1 view .LVU1066
1245:CANopen/301/CO_SDOserver.c ****                 SDO->toggle = (SDO->toggle == 0x00U) ? 0x10U : 0x00U;
 2948              		.loc 1 1245 20 is_stmt 0 view .LVU1067
 2949 04ae 6268     		ldr	r2, [r4, #4]
1245:CANopen/301/CO_SDOserver.c ****                 SDO->toggle = (SDO->toggle == 0x00U) ? 0x10U : 0x00U;
 2950              		.loc 1 1245 46 view .LVU1068
 2951 04b0 94F87030 		ldrb	r3, [r4, #112]	@ zero_extendqisi2
1245:CANopen/301/CO_SDOserver.c ****                 SDO->toggle = (SDO->toggle == 0x00U) ? 0x10U : 0x00U;
 2952              		.loc 1 1245 41 view .LVU1069
 2953 04b4 5371     		strb	r3, [r2, #5]
1246:CANopen/301/CO_SDOserver.c **** 
 2954              		.loc 1 1246 17 is_stmt 1 view .LVU1070
1246:CANopen/301/CO_SDOserver.c **** 
 2955              		.loc 1 1246 29 is_stmt 0 view .LVU1071
 2956 04b6 A3B9     		cbnz	r3, .L203
1246:CANopen/301/CO_SDOserver.c **** 
 2957              		.loc 1 1246 29 discriminator 1 view .LVU1072
 2958 04b8 1023     		movs	r3, #16
 2959              	.L187:
1246:CANopen/301/CO_SDOserver.c **** 
 2960              		.loc 1 1246 29 discriminator 4 view .LVU1073
 2961 04ba 84F87030 		strb	r3, [r4, #112]
1248:CANopen/301/CO_SDOserver.c ****                 /* verify, if this is the last segment */
 2962              		.loc 1 1248 17 is_stmt 1 view .LVU1074
1248:CANopen/301/CO_SDOserver.c ****                 /* verify, if this is the last segment */
 2963              		.loc 1 1248 38 is_stmt 0 view .LVU1075
 2964 04be D4F8A460 		ldr	r6, [r4, #164]
1248:CANopen/301/CO_SDOserver.c ****                 /* verify, if this is the last segment */
 2965              		.loc 1 1248 57 view .LVU1076
 2966 04c2 D4F8A830 		ldr	r3, [r4, #168]
1248:CANopen/301/CO_SDOserver.c ****                 /* verify, if this is the last segment */
 2967              		.loc 1 1248 27 view .LVU1077
 2968 04c6 F61A     		subs	r6, r6, r3
ARM GAS  C:\Users\Lenovo\AppData\Local\Temp\ccOvLNZW.s 			page 115


 2969              	.LVL271:
1250:CANopen/301/CO_SDOserver.c ****                     /* indicate last segment and nnn */
 2970              		.loc 1 1250 17 is_stmt 1 view .LVU1078
1250:CANopen/301/CO_SDOserver.c ****                     /* indicate last segment and nnn */
 2971              		.loc 1 1250 20 is_stmt 0 view .LVU1079
 2972 04c8 062E     		cmp	r6, #6
 2973 04ca 0CD9     		bls	.L188
1250:CANopen/301/CO_SDOserver.c ****                     /* indicate last segment and nnn */
 2974              		.loc 1 1250 41 discriminator 1 view .LVU1080
 2975 04cc 636F     		ldr	r3, [r4, #116]
1250:CANopen/301/CO_SDOserver.c ****                     /* indicate last segment and nnn */
 2976              		.loc 1 1250 34 discriminator 1 view .LVU1081
 2977 04ce 0BB1     		cbz	r3, .L189
1250:CANopen/301/CO_SDOserver.c ****                     /* indicate last segment and nnn */
 2978              		.loc 1 1250 52 discriminator 2 view .LVU1082
 2979 04d0 072E     		cmp	r6, #7
 2980 04d2 08D0     		beq	.L188
 2981              	.L189:
1256:CANopen/301/CO_SDOserver.c ****                     SDO->state = CO_SDO_ST_UPLOAD_SEGMENT_REQ;
 2982              		.loc 1 1256 21 is_stmt 1 view .LVU1083
1256:CANopen/301/CO_SDOserver.c ****                     SDO->state = CO_SDO_ST_UPLOAD_SEGMENT_REQ;
 2983              		.loc 1 1256 39 is_stmt 0 view .LVU1084
 2984 04d4 0023     		movs	r3, #0
 2985 04d6 E367     		str	r3, [r4, #124]
1257:CANopen/301/CO_SDOserver.c ****                     count = 7;
 2986              		.loc 1 1257 21 is_stmt 1 view .LVU1085
1257:CANopen/301/CO_SDOserver.c ****                     count = 7;
 2987              		.loc 1 1257 32 is_stmt 0 view .LVU1086
 2988 04d8 2323     		movs	r3, #35
 2989 04da 2375     		strb	r3, [r4, #20]
1258:CANopen/301/CO_SDOserver.c ****                 }
 2990              		.loc 1 1258 21 is_stmt 1 view .LVU1087
 2991              	.LVL272:
1258:CANopen/301/CO_SDOserver.c ****                 }
 2992              		.loc 1 1258 27 is_stmt 0 view .LVU1088
 2993 04dc 0726     		movs	r6, #7
1257:CANopen/301/CO_SDOserver.c ****                     count = 7;
 2994              		.loc 1 1257 32 view .LVU1089
 2995 04de 0125     		movs	r5, #1
 2996 04e0 0FE0     		b	.L190
 2997              	.LVL273:
 2998              	.L203:
1246:CANopen/301/CO_SDOserver.c **** 
 2999              		.loc 1 1246 29 discriminator 2 view .LVU1090
 3000 04e2 0023     		movs	r3, #0
 3001 04e4 E9E7     		b	.L187
 3002              	.LVL274:
 3003              	.L188:
1252:CANopen/301/CO_SDOserver.c ****                     SDO->state = CO_SDO_ST_IDLE;
 3004              		.loc 1 1252 21 is_stmt 1 view .LVU1091
1252:CANopen/301/CO_SDOserver.c ****                     SDO->state = CO_SDO_ST_IDLE;
 3005              		.loc 1 1252 24 is_stmt 0 view .LVU1092
 3006 04e6 6168     		ldr	r1, [r4, #4]
1252:CANopen/301/CO_SDOserver.c ****                     SDO->state = CO_SDO_ST_IDLE;
 3007              		.loc 1 1252 41 view .LVU1093
 3008 04e8 4A79     		ldrb	r2, [r1, #5]	@ zero_extendqisi2
1252:CANopen/301/CO_SDOserver.c ****                     SDO->state = CO_SDO_ST_IDLE;
ARM GAS  C:\Users\Lenovo\AppData\Local\Temp\ccOvLNZW.s 			page 116


 3009              		.loc 1 1252 63 view .LVU1094
 3010 04ea C6F10703 		rsb	r3, r6, #7
 3011 04ee DBB2     		uxtb	r3, r3
1252:CANopen/301/CO_SDOserver.c ****                     SDO->state = CO_SDO_ST_IDLE;
 3012              		.loc 1 1252 72 view .LVU1095
 3013 04f0 5B00     		lsls	r3, r3, #1
 3014 04f2 DBB2     		uxtb	r3, r3
1252:CANopen/301/CO_SDOserver.c ****                     SDO->state = CO_SDO_ST_IDLE;
 3015              		.loc 1 1252 45 view .LVU1096
 3016 04f4 1343     		orrs	r3, r3, r2
 3017 04f6 43F00103 		orr	r3, r3, #1
 3018 04fa 4B71     		strb	r3, [r1, #5]
1253:CANopen/301/CO_SDOserver.c ****                     ret = CO_SDO_RT_ok_communicationEnd;
 3019              		.loc 1 1253 21 is_stmt 1 view .LVU1097
1253:CANopen/301/CO_SDOserver.c ****                     ret = CO_SDO_RT_ok_communicationEnd;
 3020              		.loc 1 1253 32 is_stmt 0 view .LVU1098
 3021 04fc 0020     		movs	r0, #0
 3022 04fe 2075     		strb	r0, [r4, #20]
1254:CANopen/301/CO_SDOserver.c ****                 } else {
 3023              		.loc 1 1254 21 is_stmt 1 view .LVU1099
 3024              	.LVL275:
1254:CANopen/301/CO_SDOserver.c ****                 } else {
 3025              		.loc 1 1254 25 is_stmt 0 view .LVU1100
 3026 0500 0546     		mov	r5, r0
 3027              	.LVL276:
 3028              	.L190:
1262:CANopen/301/CO_SDOserver.c ****                 SDO->bufOffsetRd += count;
 3029              		.loc 1 1262 17 is_stmt 1 view .LVU1101
1262:CANopen/301/CO_SDOserver.c ****                 SDO->bufOffsetRd += count;
 3030              		.loc 1 1262 34 is_stmt 0 view .LVU1102
 3031 0502 6068     		ldr	r0, [r4, #4]
1262:CANopen/301/CO_SDOserver.c ****                 SDO->bufOffsetRd += count;
 3032              		.loc 1 1262 56 view .LVU1103
 3033 0504 04F18003 		add	r3, r4, #128
1262:CANopen/301/CO_SDOserver.c ****                 SDO->bufOffsetRd += count;
 3034              		.loc 1 1262 70 view .LVU1104
 3035 0508 D4F8A810 		ldr	r1, [r4, #168]
1262:CANopen/301/CO_SDOserver.c ****                 SDO->bufOffsetRd += count;
 3036              		.loc 1 1262 23 view .LVU1105
 3037 050c 3246     		mov	r2, r6
 3038 050e 1944     		add	r1, r1, r3
 3039 0510 0630     		adds	r0, r0, #6
 3040 0512 FFF7FEFF 		bl	memcpy
 3041              	.LVL277:
1263:CANopen/301/CO_SDOserver.c ****                 SDO->sizeTran += count;
 3042              		.loc 1 1263 17 is_stmt 1 view .LVU1106
1263:CANopen/301/CO_SDOserver.c ****                 SDO->sizeTran += count;
 3043              		.loc 1 1263 20 is_stmt 0 view .LVU1107
 3044 0516 D4F8A830 		ldr	r3, [r4, #168]
1263:CANopen/301/CO_SDOserver.c ****                 SDO->sizeTran += count;
 3045              		.loc 1 1263 34 view .LVU1108
 3046 051a 3344     		add	r3, r3, r6
 3047 051c C4F8A830 		str	r3, [r4, #168]
1264:CANopen/301/CO_SDOserver.c **** 
 3048              		.loc 1 1264 17 is_stmt 1 view .LVU1109
1264:CANopen/301/CO_SDOserver.c **** 
 3049              		.loc 1 1264 20 is_stmt 0 view .LVU1110
ARM GAS  C:\Users\Lenovo\AppData\Local\Temp\ccOvLNZW.s 			page 117


 3050 0520 E36E     		ldr	r3, [r4, #108]
1264:CANopen/301/CO_SDOserver.c **** 
 3051              		.loc 1 1264 31 view .LVU1111
 3052 0522 3344     		add	r3, r3, r6
 3053 0524 E366     		str	r3, [r4, #108]
1267:CANopen/301/CO_SDOserver.c ****                     if (SDO->sizeTran > SDO->sizeInd) {
 3054              		.loc 1 1267 17 is_stmt 1 view .LVU1112
1267:CANopen/301/CO_SDOserver.c ****                     if (SDO->sizeTran > SDO->sizeInd) {
 3055              		.loc 1 1267 24 is_stmt 0 view .LVU1113
 3056 0526 A26E     		ldr	r2, [r4, #104]
1267:CANopen/301/CO_SDOserver.c ****                     if (SDO->sizeTran > SDO->sizeInd) {
 3057              		.loc 1 1267 20 view .LVU1114
 3058 0528 7AB1     		cbz	r2, .L191
1268:CANopen/301/CO_SDOserver.c ****                         abortCode = CO_SDO_AB_DATA_LONG;
 3059              		.loc 1 1268 21 is_stmt 1 view .LVU1115
1268:CANopen/301/CO_SDOserver.c ****                         abortCode = CO_SDO_AB_DATA_LONG;
 3060              		.loc 1 1268 24 is_stmt 0 view .LVU1116
 3061 052a 9342     		cmp	r3, r2
 3062 052c 04D9     		bls	.L192
1269:CANopen/301/CO_SDOserver.c ****                         SDO->state = CO_SDO_ST_ABORT;
 3063              		.loc 1 1269 25 is_stmt 1 view .LVU1117
1269:CANopen/301/CO_SDOserver.c ****                         SDO->state = CO_SDO_ST_ABORT;
 3064              		.loc 1 1269 35 is_stmt 0 view .LVU1118
 3065 052e 0C4B     		ldr	r3, .L217+12
 3066 0530 0393     		str	r3, [sp, #12]
1270:CANopen/301/CO_SDOserver.c ****                         break;
 3067              		.loc 1 1270 25 is_stmt 1 view .LVU1119
1270:CANopen/301/CO_SDOserver.c ****                         break;
 3068              		.loc 1 1270 36 is_stmt 0 view .LVU1120
 3069 0532 0123     		movs	r3, #1
 3070 0534 2375     		strb	r3, [r4, #20]
1271:CANopen/301/CO_SDOserver.c ****                     } else if ((ret == CO_SDO_RT_ok_communicationEnd) && (SDO->sizeTran < SDO->size
 3071              		.loc 1 1271 25 is_stmt 1 view .LVU1121
 3072 0536 18E0     		b	.L174
 3073              	.L192:
1272:CANopen/301/CO_SDOserver.c ****                         abortCode = CO_SDO_AB_DATA_SHORT;
 3074              		.loc 1 1272 28 view .LVU1122
1272:CANopen/301/CO_SDOserver.c ****                         abortCode = CO_SDO_AB_DATA_SHORT;
 3075              		.loc 1 1272 31 is_stmt 0 view .LVU1123
 3076 0538 3DB9     		cbnz	r5, .L191
1272:CANopen/301/CO_SDOserver.c ****                         abortCode = CO_SDO_AB_DATA_SHORT;
 3077              		.loc 1 1272 71 discriminator 1 view .LVU1124
 3078 053a 9342     		cmp	r3, r2
 3079 053c 05D2     		bcs	.L191
1273:CANopen/301/CO_SDOserver.c ****                         ret = CO_SDO_RT_waitingResponse;
 3080              		.loc 1 1273 25 is_stmt 1 view .LVU1125
1273:CANopen/301/CO_SDOserver.c ****                         ret = CO_SDO_RT_waitingResponse;
 3081              		.loc 1 1273 35 is_stmt 0 view .LVU1126
 3082 053e 094B     		ldr	r3, .L217+16
 3083 0540 0393     		str	r3, [sp, #12]
1274:CANopen/301/CO_SDOserver.c ****                         SDO->state = CO_SDO_ST_ABORT;
 3084              		.loc 1 1274 25 is_stmt 1 view .LVU1127
 3085              	.LVL278:
1275:CANopen/301/CO_SDOserver.c ****                         break;
 3086              		.loc 1 1275 25 view .LVU1128
1275:CANopen/301/CO_SDOserver.c ****                         break;
 3087              		.loc 1 1275 36 is_stmt 0 view .LVU1129
ARM GAS  C:\Users\Lenovo\AppData\Local\Temp\ccOvLNZW.s 			page 118


 3088 0542 0120     		movs	r0, #1
 3089 0544 2075     		strb	r0, [r4, #20]
1276:CANopen/301/CO_SDOserver.c ****                     } else { /* MISRA C 2004 14.10 */
 3090              		.loc 1 1276 25 is_stmt 1 view .LVU1130
1276:CANopen/301/CO_SDOserver.c ****                     } else { /* MISRA C 2004 14.10 */
 3091              		.loc 1 1276 25 is_stmt 0 view .LVU1131
 3092              	.LBE74:
1496:CANopen/301/CO_SDOserver.c ****         if (SDO->state == CO_SDO_ST_ABORT) {
 3093              		.loc 1 1496 5 is_stmt 1 view .LVU1132
 3094              	.LBB75:
1274:CANopen/301/CO_SDOserver.c ****                         SDO->state = CO_SDO_ST_ABORT;
 3095              		.loc 1 1274 29 is_stmt 0 view .LVU1133
 3096 0546 0546     		mov	r5, r0
 3097 0548 12E0     		b	.L193
 3098              	.LVL279:
 3099              	.L191:
1278:CANopen/301/CO_SDOserver.c ****                 }
 3100              		.loc 1 1278 21 is_stmt 1 view .LVU1134
1282:CANopen/301/CO_SDOserver.c ****                 break;
 3101              		.loc 1 1282 17 view .LVU1135
1282:CANopen/301/CO_SDOserver.c ****                 break;
 3102              		.loc 1 1282 23 is_stmt 0 view .LVU1136
 3103 054a 6168     		ldr	r1, [r4, #4]
 3104 054c 2068     		ldr	r0, [r4]
 3105 054e FFF7FEFF 		bl	CO_CANsend
 3106              	.LVL280:
1283:CANopen/301/CO_SDOserver.c ****             }
 3107              		.loc 1 1283 17 is_stmt 1 view .LVU1137
 3108 0552 0AE0     		b	.L174
 3109              	.L218:
 3110              		.align	2
 3111              	.L217:
 3112 0554 01000405 		.word	84148225
 3113 0558 00000305 		.word	84082688
 3114 055c 00000405 		.word	84148224
 3115 0560 12000706 		.word	101122066
 3116 0564 13000706 		.word	101122067
 3117              	.LVL281:
 3118              	.L200:
1283:CANopen/301/CO_SDOserver.c ****             }
 3119              		.loc 1 1283 17 is_stmt 0 view .LVU1138
 3120              	.LBE75:
1125:CANopen/301/CO_SDOserver.c ****             case CO_SDO_ST_DOWNLOAD_INITIATE_RSP: {
 3121              		.loc 1 1125 9 view .LVU1139
 3122 0568 0125     		movs	r5, #1
 3123              	.LVL282:
 3124              	.L174:
1496:CANopen/301/CO_SDOserver.c ****         if (SDO->state == CO_SDO_ST_ABORT) {
 3125              		.loc 1 1496 5 is_stmt 1 view .LVU1140
1496:CANopen/301/CO_SDOserver.c ****         if (SDO->state == CO_SDO_ST_ABORT) {
 3126              		.loc 1 1496 8 is_stmt 0 view .LVU1141
 3127 056a 012D     		cmp	r5, #1
 3128 056c 7FF45EAD 		bne	.L127
 3129              	.LVL283:
 3130              	.L193:
1497:CANopen/301/CO_SDOserver.c ****             uint32_t code = CO_SWAP_32((uint32_t)abortCode);
 3131              		.loc 1 1497 9 is_stmt 1 view .LVU1142
ARM GAS  C:\Users\Lenovo\AppData\Local\Temp\ccOvLNZW.s 			page 119


1497:CANopen/301/CO_SDOserver.c ****             uint32_t code = CO_SWAP_32((uint32_t)abortCode);
 3132              		.loc 1 1497 16 is_stmt 0 view .LVU1143
 3133 0570 237D     		ldrb	r3, [r4, #20]	@ zero_extendqisi2
1497:CANopen/301/CO_SDOserver.c ****             uint32_t code = CO_SWAP_32((uint32_t)abortCode);
 3134              		.loc 1 1497 12 view .LVU1144
 3135 0572 012B     		cmp	r3, #1
 3136 0574 7FF45AAD 		bne	.L127
 3137              	.LBB76:
1498:CANopen/301/CO_SDOserver.c ****             /* Send SDO abort message */
 3138              		.loc 1 1498 13 is_stmt 1 view .LVU1145
 3139              	.LVL284:
1500:CANopen/301/CO_SDOserver.c ****             SDO->CANtxBuff->data[1] = (uint8_t)SDO->index;
 3140              		.loc 1 1500 13 view .LVU1146
1500:CANopen/301/CO_SDOserver.c ****             SDO->CANtxBuff->data[1] = (uint8_t)SDO->index;
 3141              		.loc 1 1500 16 is_stmt 0 view .LVU1147
 3142 0578 6368     		ldr	r3, [r4, #4]
1500:CANopen/301/CO_SDOserver.c ****             SDO->CANtxBuff->data[1] = (uint8_t)SDO->index;
 3143              		.loc 1 1500 37 view .LVU1148
 3144 057a 8022     		movs	r2, #128
 3145 057c 5A71     		strb	r2, [r3, #5]
1501:CANopen/301/CO_SDOserver.c ****             SDO->CANtxBuff->data[2] = (uint8_t)(SDO->index >> 8);
 3146              		.loc 1 1501 13 is_stmt 1 view .LVU1149
1501:CANopen/301/CO_SDOserver.c ****             SDO->CANtxBuff->data[2] = (uint8_t)(SDO->index >> 8);
 3147              		.loc 1 1501 16 is_stmt 0 view .LVU1150
 3148 057e 6368     		ldr	r3, [r4, #4]
1501:CANopen/301/CO_SDOserver.c ****             SDO->CANtxBuff->data[2] = (uint8_t)(SDO->index >> 8);
 3149              		.loc 1 1501 39 view .LVU1151
 3150 0580 94F83820 		ldrb	r2, [r4, #56]	@ zero_extendqisi2
1501:CANopen/301/CO_SDOserver.c ****             SDO->CANtxBuff->data[2] = (uint8_t)(SDO->index >> 8);
 3151              		.loc 1 1501 37 view .LVU1152
 3152 0584 9A71     		strb	r2, [r3, #6]
1502:CANopen/301/CO_SDOserver.c ****             SDO->CANtxBuff->data[3] = SDO->subIndex;
 3153              		.loc 1 1502 13 is_stmt 1 view .LVU1153
1502:CANopen/301/CO_SDOserver.c ****             SDO->CANtxBuff->data[3] = SDO->subIndex;
 3154              		.loc 1 1502 52 is_stmt 0 view .LVU1154
 3155 0586 238F     		ldrh	r3, [r4, #56]
1502:CANopen/301/CO_SDOserver.c ****             SDO->CANtxBuff->data[3] = SDO->subIndex;
 3156              		.loc 1 1502 16 view .LVU1155
 3157 0588 6268     		ldr	r2, [r4, #4]
1502:CANopen/301/CO_SDOserver.c ****             SDO->CANtxBuff->data[3] = SDO->subIndex;
 3158              		.loc 1 1502 39 view .LVU1156
 3159 058a 1B0A     		lsrs	r3, r3, #8
1502:CANopen/301/CO_SDOserver.c ****             SDO->CANtxBuff->data[3] = SDO->subIndex;
 3160              		.loc 1 1502 37 view .LVU1157
 3161 058c D371     		strb	r3, [r2, #7]
1503:CANopen/301/CO_SDOserver.c **** 
 3162              		.loc 1 1503 13 is_stmt 1 view .LVU1158
1503:CANopen/301/CO_SDOserver.c **** 
 3163              		.loc 1 1503 16 is_stmt 0 view .LVU1159
 3164 058e 6368     		ldr	r3, [r4, #4]
1503:CANopen/301/CO_SDOserver.c **** 
 3165              		.loc 1 1503 42 view .LVU1160
 3166 0590 94F83A20 		ldrb	r2, [r4, #58]	@ zero_extendqisi2
1503:CANopen/301/CO_SDOserver.c **** 
 3167              		.loc 1 1503 37 view .LVU1161
 3168 0594 1A72     		strb	r2, [r3, #8]
1505:CANopen/301/CO_SDOserver.c ****             (void)CO_CANsend(SDO->CANdevTx, SDO->CANtxBuff);
ARM GAS  C:\Users\Lenovo\AppData\Local\Temp\ccOvLNZW.s 			page 120


 3169              		.loc 1 1505 13 is_stmt 1 view .LVU1162
1505:CANopen/301/CO_SDOserver.c ****             (void)CO_CANsend(SDO->CANdevTx, SDO->CANtxBuff);
 3170              		.loc 1 1505 38 is_stmt 0 view .LVU1163
 3171 0596 6368     		ldr	r3, [r4, #4]
1505:CANopen/301/CO_SDOserver.c ****             (void)CO_CANsend(SDO->CANdevTx, SDO->CANtxBuff);
 3172              		.loc 1 1505 19 view .LVU1164
 3173 0598 039A     		ldr	r2, [sp, #12]
 3174 059a C3F80920 		str	r2, [r3, #9]	@ unaligned
1506:CANopen/301/CO_SDOserver.c ****             SDO->state = CO_SDO_ST_IDLE;
 3175              		.loc 1 1506 13 is_stmt 1 view .LVU1165
1506:CANopen/301/CO_SDOserver.c ****             SDO->state = CO_SDO_ST_IDLE;
 3176              		.loc 1 1506 19 is_stmt 0 view .LVU1166
 3177 059e 6168     		ldr	r1, [r4, #4]
 3178 05a0 2068     		ldr	r0, [r4]
 3179 05a2 FFF7FEFF 		bl	CO_CANsend
 3180              	.LVL285:
1507:CANopen/301/CO_SDOserver.c ****             ret = CO_SDO_RT_endedWithServerAbort;
 3181              		.loc 1 1507 13 is_stmt 1 view .LVU1167
1507:CANopen/301/CO_SDOserver.c ****             ret = CO_SDO_RT_endedWithServerAbort;
 3182              		.loc 1 1507 24 is_stmt 0 view .LVU1168
 3183 05a6 0023     		movs	r3, #0
 3184 05a8 2375     		strb	r3, [r4, #20]
1508:CANopen/301/CO_SDOserver.c ****         }
 3185              		.loc 1 1508 13 is_stmt 1 view .LVU1169
 3186              	.LVL286:
1508:CANopen/301/CO_SDOserver.c ****         }
 3187              		.loc 1 1508 17 is_stmt 0 view .LVU1170
 3188 05aa 6FF00905 		mvn	r5, #9
 3189 05ae 3DE5     		b	.L127
 3190              	.LVL287:
 3191              	.L202:
1508:CANopen/301/CO_SDOserver.c ****         }
 3192              		.loc 1 1508 17 view .LVU1171
 3193              	.LBE76:
 3194 05b0 0125     		movs	r5, #1
 3195 05b2 DAE7     		b	.L174
 3196              	.LVL288:
 3197              	.L194:
 597:CANopen/301/CO_SDOserver.c ****     }
 3198              		.loc 1 597 16 view .LVU1172
 3199 05b4 6FF00105 		mvn	r5, #1
 3200 05b8 38E5     		b	.L127
 3201              	.LVL289:
 3202              	.L195:
 597:CANopen/301/CO_SDOserver.c ****     }
 3203              		.loc 1 597 16 view .LVU1173
 3204 05ba 0025     		movs	r5, #0
 3205 05bc 36E5     		b	.L127
 3206              		.cfi_endproc
 3207              	.LFE38:
 3209 05be 00BF     		.text
 3210              	.Letext0:
 3211              		.file 4 "D:\\vscode\\stm32cubecltv122\\stm32cubeclt_1.22.0-Win-x86_64.exe\\anzhuang\\STM32CubeCLT_
 3212              		.file 5 "D:\\vscode\\stm32cubecltv122\\stm32cubeclt_1.22.0-Win-x86_64.exe\\anzhuang\\STM32CubeCLT_
 3213              		.file 6 "D:\\vscode\\stm32cubecltv122\\stm32cubeclt_1.22.0-Win-x86_64.exe\\anzhuang\\STM32CubeCLT_
 3214              		.file 7 "D:\\vscode\\stm32cubecltv122\\stm32cubeclt_1.22.0-Win-x86_64.exe\\anzhuang\\STM32CubeCLT_
 3215              		.file 8 "CANopen/example/CO_driver_target.h"
ARM GAS  C:\Users\Lenovo\AppData\Local\Temp\ccOvLNZW.s 			page 121


 3216              		.file 9 "CANopen/301/CO_SDOserver.h"
 3217              		.file 10 "D:\\vscode\\stm32cubecltv122\\stm32cubeclt_1.22.0-Win-x86_64.exe\\anzhuang\\STM32CubeCLT
 3218              		.file 11 "<built-in>"
ARM GAS  C:\Users\Lenovo\AppData\Local\Temp\ccOvLNZW.s 			page 122


DEFINED SYMBOLS
                            *ABS*:00000000 CO_SDOserver.c
C:\Users\Lenovo\AppData\Local\Temp\ccOvLNZW.s:21     .text.CO_SDO_receive:00000000 $t
C:\Users\Lenovo\AppData\Local\Temp\ccOvLNZW.s:26     .text.CO_SDO_receive:00000000 CO_SDO_receive
C:\Users\Lenovo\AppData\Local\Temp\ccOvLNZW.s:45     .text.CO_SDOserver_init_canRxTx:00000000 $t
C:\Users\Lenovo\AppData\Local\Temp\ccOvLNZW.s:50     .text.CO_SDOserver_init_canRxTx:00000000 CO_SDOserver_init_canRxTx
C:\Users\Lenovo\AppData\Local\Temp\ccOvLNZW.s:206    .text.CO_SDOserver_init_canRxTx:0000008c $d
C:\Users\Lenovo\AppData\Local\Temp\ccOvLNZW.s:211    .text.OD_write_1201_additional:00000000 $t
C:\Users\Lenovo\AppData\Local\Temp\ccOvLNZW.s:216    .text.OD_write_1201_additional:00000000 OD_write_1201_additional
C:\Users\Lenovo\AppData\Local\Temp\ccOvLNZW.s:263    .text.OD_write_1201_additional:0000002c $d
C:\Users\Lenovo\AppData\Local\Temp\ccOvLNZW.s:267    .text.OD_write_1201_additional:00000030 $t
C:\Users\Lenovo\AppData\Local\Temp\ccOvLNZW.s:691    .text.OD_write_1201_additional:000001a0 $d
C:\Users\Lenovo\AppData\Local\Temp\ccOvLNZW.s:697    .text.validateAndWriteToOD:00000000 $t
C:\Users\Lenovo\AppData\Local\Temp\ccOvLNZW.s:702    .text.validateAndWriteToOD:00000000 validateAndWriteToOD
C:\Users\Lenovo\AppData\Local\Temp\ccOvLNZW.s:1025   .text.validateAndWriteToOD:0000010c $d
C:\Users\Lenovo\AppData\Local\Temp\ccOvLNZW.s:1031   .text.readFromOd:00000000 $t
C:\Users\Lenovo\AppData\Local\Temp\ccOvLNZW.s:1036   .text.readFromOd:00000000 readFromOd
C:\Users\Lenovo\AppData\Local\Temp\ccOvLNZW.s:1285   .text.readFromOd:000000e4 $d
C:\Users\Lenovo\AppData\Local\Temp\ccOvLNZW.s:1290   .text.CO_SDOserver_init:00000000 $t
C:\Users\Lenovo\AppData\Local\Temp\ccOvLNZW.s:1296   .text.CO_SDOserver_init:00000000 CO_SDOserver_init
C:\Users\Lenovo\AppData\Local\Temp\ccOvLNZW.s:1755   .text.CO_SDOserver_init:00000194 $d
C:\Users\Lenovo\AppData\Local\Temp\ccOvLNZW.s:1762   .text.CO_SDOserver_process:00000000 $t
C:\Users\Lenovo\AppData\Local\Temp\ccOvLNZW.s:1768   .text.CO_SDOserver_process:00000000 CO_SDOserver_process
C:\Users\Lenovo\AppData\Local\Temp\ccOvLNZW.s:1936   .text.CO_SDOserver_process:00000082 $d
C:\Users\Lenovo\AppData\Local\Temp\ccOvLNZW.s:1956   .text.CO_SDOserver_process:000000a8 $t
C:\Users\Lenovo\AppData\Local\Temp\ccOvLNZW.s:2475   .text.CO_SDOserver_process:000002ac $d
C:\Users\Lenovo\AppData\Local\Temp\ccOvLNZW.s:2486   .text.CO_SDOserver_process:000002cc $t
C:\Users\Lenovo\AppData\Local\Temp\ccOvLNZW.s:2664   .text.CO_SDOserver_process:00000376 $d
C:\Users\Lenovo\AppData\Local\Temp\ccOvLNZW.s:2683   .text.CO_SDOserver_process:0000039c $t
C:\Users\Lenovo\AppData\Local\Temp\ccOvLNZW.s:3112   .text.CO_SDOserver_process:00000554 $d
C:\Users\Lenovo\AppData\Local\Temp\ccOvLNZW.s:3122   .text.CO_SDOserver_process:00000568 $t
                           .group:00000000 wm4.0.35f3e76e42575b99374c7d5ae37ca977
                           .group:00000000 wm4._newlib_version.h.4.0eb654b64686e2bd29646258853f6c22
                           .group:00000000 wm4.newlib.h.27.b904f6f8971bd921b436e5701877de32
                           .group:00000000 wm4.ieeefp.h.77.61a77db5804869b1dadd307a77cf78c9
                           .group:00000000 wm4.features.h.22.4b93ad64e0d80833c46a20ecae380bb0
                           .group:00000000 wm4.config.h.224.10ee1ad185d877c6e334e6581faab44d
                           .group:00000000 wm4._ansi.h.31.de524f58584151836e90d8620a16f8e8
                           .group:00000000 wm4.stddef.h.39.811583f327f35b0df7808fda70b062a0
                           .group:00000000 wm4._default_types.h.6.959254cf5f09734ea7516c89e8bb21bd
                           .group:00000000 wm4.cdefs.h.49.56fd742369e655e7e8a7e365e706e208
                           .group:00000000 wm4._types.h.20.dd0d04dca3800a0d2a6129b87f3adbb2
                           .group:00000000 wm4.stddef.h.173.4903093a50a8482cb062b176ea61fac3
                           .group:00000000 wm4._types.h.127.3bdfe3ff8ea2d0985b03d9cbe93480e3
                           .group:00000000 wm4.reent.h.18.25503cdc8b7e55dd0d6ea7b3e5af7a03
                           .group:00000000 wm4.lock.h.2.1461d1fff82dffe8bfddc23307f6484f
                           .group:00000000 wm4.reent.h.78.6d702f69a6d6435d2dbe915b10150b1a
                           .group:00000000 wm4.string.h.15.dab3980bf35408a4c507182805e2de3a
                           .group:00000000 wm4.stddef.h.173.1cea4f16a943c8e875db6791959c3141
                           .group:00000000 wm4.string.h.177.59a005921fa78485abc80a0267de5752
                           .group:00000000 wm4.CO_config.h.22.452d50582397b0b53966b3c1806ccf35
                           .group:00000000 wm4.stdbool.h.29.c08aa3eec75cf5b9b5003883f43253f0
                           .group:00000000 wm4._intsup.h.10.48bafbb683905c4daa4565a85aeeb264
                           .group:00000000 wm4._stdint.h.10.c24fa3af3bc1706662bb5593a907e841
                           .group:00000000 wm4.stdint.h.23.d53047a68f4a85177f80b422d52785ed
                           .group:00000000 wm4.CO_driver_target.h.41.ddd9ad301db6ca3aeb9eb6b4ba80bd58
                           .group:00000000 wm4.CO_driver.h.35.ff7c66b5b3baf7d65aef1dd87f3079c4
ARM GAS  C:\Users\Lenovo\AppData\Local\Temp\ccOvLNZW.s 			page 123


                           .group:00000000 wm4.CO_ODinterface.h.22.cd716bb058f440300efc08854f292063
                           .group:00000000 wm4.CO_SDOserver.h.29.af178e894c32f5de11d4e16f69051906
                           .group:00000000 wm4.crc16ccitt.h.23.8661e4692302e04eb2dcd3ec2f4ee325

UNDEFINED SYMBOLS
CO_CANrxBufferInit
CO_CANtxBufferInit
OD_writeOriginal
OD_getSDOabCode
memmove
strlen
OD_get_value
OD_set_value
OD_readOriginal
OD_find
OD_getSub
memcpy
CO_CANsend
