ARM GAS  C:\Users\Lenovo\AppData\Local\Temp\cc3QWgXt.s 			page 1


   1              		.cpu cortex-m4
   2              		.arch armv7e-m
   3              		.fpu fpv4-sp-d16
   4              		.eabi_attribute 27, 1
   5              		.eabi_attribute 28, 1
   6              		.eabi_attribute 20, 1
   7              		.eabi_attribute 21, 1
   8              		.eabi_attribute 23, 3
   9              		.eabi_attribute 24, 1
  10              		.eabi_attribute 25, 1
  11              		.eabi_attribute 26, 1
  12              		.eabi_attribute 30, 1
  13              		.eabi_attribute 34, 1
  14              		.eabi_attribute 18, 4
  15              		.file	"CO_SYNC.c"
  16              		.text
  17              	.Ltext0:
  18              		.cfi_sections	.debug_frame
  19              		.file 1 "CANopen/301/CO_SYNC.c"
  20              		.section	.text.CO_SYNC_receive,"ax",%progbits
  21              		.align	1
  22              		.syntax unified
  23              		.thumb
  24              		.thumb_func
  26              	CO_SYNC_receive:
  27              	.LVL0:
  28              	.LFB35:
   1:CANopen/301/CO_SYNC.c **** /*
   2:CANopen/301/CO_SYNC.c ****  * CANopen SYNC object.
   3:CANopen/301/CO_SYNC.c ****  *
   4:CANopen/301/CO_SYNC.c ****  * @file        CO_SYNC.c
   5:CANopen/301/CO_SYNC.c ****  * @ingroup     CO_SYNC
   6:CANopen/301/CO_SYNC.c ****  * @author      Janez Paternoster
   7:CANopen/301/CO_SYNC.c ****  * @copyright   2021 Janez Paternoster
   8:CANopen/301/CO_SYNC.c ****  *
   9:CANopen/301/CO_SYNC.c ****  * This file is part of <https://github.com/CANopenNode/CANopenNode>, a CANopen Stack.
  10:CANopen/301/CO_SYNC.c ****  *
  11:CANopen/301/CO_SYNC.c ****  * Licensed under the Apache License, Version 2.0 (the "License"); you may not use this
  12:CANopen/301/CO_SYNC.c ****  * file except in compliance with the License. You may obtain a copy of the License at
  13:CANopen/301/CO_SYNC.c ****  *
  14:CANopen/301/CO_SYNC.c ****  *     http://www.apache.org/licenses/LICENSE-2.0
  15:CANopen/301/CO_SYNC.c ****  *
  16:CANopen/301/CO_SYNC.c ****  * Unless required by applicable law or agreed to in writing, software distributed under the Licens
  17:CANopen/301/CO_SYNC.c ****  * distributed on an "AS IS" BASIS, WITHOUT WARRANTIES OR CONDITIONS OF ANY KIND, either express or
  18:CANopen/301/CO_SYNC.c ****  * See the License for the specific language governing permissions and limitations under the Licens
  19:CANopen/301/CO_SYNC.c ****  */
  20:CANopen/301/CO_SYNC.c **** 
  21:CANopen/301/CO_SYNC.c **** #include "301/CO_SYNC.h"
  22:CANopen/301/CO_SYNC.c **** 
  23:CANopen/301/CO_SYNC.c **** #if ((CO_CONFIG_SYNC)&CO_CONFIG_SYNC_ENABLE) != 0
  24:CANopen/301/CO_SYNC.c **** 
  25:CANopen/301/CO_SYNC.c **** /*
  26:CANopen/301/CO_SYNC.c ****  * Read received message from CAN module.
  27:CANopen/301/CO_SYNC.c ****  *
  28:CANopen/301/CO_SYNC.c ****  * Function will be called (by CAN receive interrupt) every time, when CAN message with correct ide
  29:CANopen/301/CO_SYNC.c ****  * will be received. For more information and description of parameters see file CO_driver.h.
  30:CANopen/301/CO_SYNC.c ****  */
ARM GAS  C:\Users\Lenovo\AppData\Local\Temp\cc3QWgXt.s 			page 2


  31:CANopen/301/CO_SYNC.c **** static void
  32:CANopen/301/CO_SYNC.c **** CO_SYNC_receive(void* object, void* msg) {
  29              		.loc 1 32 42 view -0
  30              		.cfi_startproc
  31              		@ args = 0, pretend = 0, frame = 0
  32              		@ frame_needed = 0, uses_anonymous_args = 0
  33              		@ link register save eliminated.
  33:CANopen/301/CO_SYNC.c ****     CO_SYNC_t* SYNC = object;
  34              		.loc 1 33 5 view .LVU1
  34:CANopen/301/CO_SYNC.c ****     uint8_t DLC = CO_CANrxMsg_readDLC(msg);
  35              		.loc 1 34 5 view .LVU2
  35:CANopen/301/CO_SYNC.c ****     bool_t syncReceived = false;
  36              		.loc 1 35 5 view .LVU3
  36:CANopen/301/CO_SYNC.c **** 
  37:CANopen/301/CO_SYNC.c ****     if (SYNC->counterOverflowValue == 0U) {
  37              		.loc 1 37 5 view .LVU4
  38              		.loc 1 37 13 is_stmt 0 view .LVU5
  39 0000 437C     		ldrb	r3, [r0, #17]	@ zero_extendqisi2
  40              		.loc 1 37 8 view .LVU6
  41 0002 3BB9     		cbnz	r3, .L2
  42              	.LVL1:
  38:CANopen/301/CO_SYNC.c ****         if (DLC == 0U) {
  39:CANopen/301/CO_SYNC.c ****             syncReceived = true;
  40:CANopen/301/CO_SYNC.c ****         } else {
  41:CANopen/301/CO_SYNC.c ****             SYNC->receiveError = DLC | 0x40U;
  42:CANopen/301/CO_SYNC.c ****         }
  43:CANopen/301/CO_SYNC.c ****     } else {
  44:CANopen/301/CO_SYNC.c ****         if (DLC == 1U) {
  45:CANopen/301/CO_SYNC.c ****             const uint8_t* data = CO_CANrxMsg_readData(msg);
  46:CANopen/301/CO_SYNC.c ****             SYNC->counter = data[0];
  47:CANopen/301/CO_SYNC.c ****             syncReceived = true;
  48:CANopen/301/CO_SYNC.c ****         } else {
  49:CANopen/301/CO_SYNC.c ****             SYNC->receiveError = DLC | 0x80U;
  50:CANopen/301/CO_SYNC.c ****         }
  51:CANopen/301/CO_SYNC.c ****     }
  52:CANopen/301/CO_SYNC.c **** 
  53:CANopen/301/CO_SYNC.c ****     if (syncReceived) {
  43              		.loc 1 53 5 is_stmt 1 view .LVU7
  54:CANopen/301/CO_SYNC.c ****         /* toggle PDO receive buffer */
  55:CANopen/301/CO_SYNC.c ****         SYNC->CANrxToggle = SYNC->CANrxToggle ? false : true;
  44              		.loc 1 55 9 view .LVU8
  45              		.loc 1 55 33 is_stmt 0 view .LVU9
  46 0004 C368     		ldr	r3, [r0, #12]
  47              		.loc 1 55 55 view .LVU10
  48 0006 B3FA83F3 		clz	r3, r3
  49 000a 5B09     		lsrs	r3, r3, #5
  50              		.loc 1 55 27 view .LVU11
  51 000c C360     		str	r3, [r0, #12]
  56:CANopen/301/CO_SYNC.c **** 
  57:CANopen/301/CO_SYNC.c ****         CO_FLAG_SET(SYNC->CANrxNew);
  52              		.loc 1 57 9 is_stmt 1 view .LVU12
  53              		.loc 1 57 9 view .LVU13
  54 000e 0123     		movs	r3, #1
  55 0010 4360     		str	r3, [r0, #4]
  56 0012 7047     		bx	lr
  57              	.LVL2:
  58              	.L2:
ARM GAS  C:\Users\Lenovo\AppData\Local\Temp\cc3QWgXt.s 			page 3


  44:CANopen/301/CO_SYNC.c ****             const uint8_t* data = CO_CANrxMsg_readData(msg);
  59              		.loc 1 44 9 view .LVU14
  49:CANopen/301/CO_SYNC.c ****         }
  60              		.loc 1 49 13 view .LVU15
  49:CANopen/301/CO_SYNC.c ****         }
  61              		.loc 1 49 32 is_stmt 0 view .LVU16
  62 0014 8023     		movs	r3, #128
  63 0016 0372     		strb	r3, [r0, #8]
  53:CANopen/301/CO_SYNC.c ****         /* toggle PDO receive buffer */
  64              		.loc 1 53 5 is_stmt 1 view .LVU17
  65              		.loc 1 57 36 view .LVU18
  58:CANopen/301/CO_SYNC.c **** 
  59:CANopen/301/CO_SYNC.c **** #if ((CO_CONFIG_SYNC)&CO_CONFIG_FLAG_CALLBACK_PRE) != 0
  60:CANopen/301/CO_SYNC.c ****         /* Optional signal to RTOS, which can resume task, which handles SYNC. */
  61:CANopen/301/CO_SYNC.c ****         if (SYNC->pFunctSignalPre != NULL) {
  62:CANopen/301/CO_SYNC.c ****             SYNC->pFunctSignalPre(SYNC->functSignalObjectPre);
  63:CANopen/301/CO_SYNC.c ****         }
  64:CANopen/301/CO_SYNC.c **** #endif
  65:CANopen/301/CO_SYNC.c ****     }
  66:CANopen/301/CO_SYNC.c **** }
  66              		.loc 1 66 1 is_stmt 0 view .LVU19
  67 0018 7047     		bx	lr
  68              		.cfi_endproc
  69              	.LFE35:
  71              		.section	.text.OD_write_1019,"ax",%progbits
  72              		.align	1
  73              		.syntax unified
  74              		.thumb
  75              		.thumb_func
  77              	OD_write_1019:
  78              	.LVL3:
  79              	.LFB37:
  67:CANopen/301/CO_SYNC.c **** 
  68:CANopen/301/CO_SYNC.c **** #if ((CO_CONFIG_SYNC)&CO_CONFIG_FLAG_OD_DYNAMIC) != 0
  69:CANopen/301/CO_SYNC.c **** /*
  70:CANopen/301/CO_SYNC.c ****  * Custom function for writing OD object "COB-ID sync message"
  71:CANopen/301/CO_SYNC.c ****  *
  72:CANopen/301/CO_SYNC.c ****  * For more information see file CO_ODinterface.h, OD_IO_t.
  73:CANopen/301/CO_SYNC.c ****  */
  74:CANopen/301/CO_SYNC.c **** static ODR_t
  75:CANopen/301/CO_SYNC.c **** OD_write_1005(OD_stream_t* stream, const void* buf, OD_size_t count, OD_size_t* countWritten) {
  76:CANopen/301/CO_SYNC.c ****     if ((stream == NULL) || (stream->subIndex != 0U) || (buf == NULL) || (count != sizeof(uint32_t)
  77:CANopen/301/CO_SYNC.c ****         || (countWritten == NULL)) {
  78:CANopen/301/CO_SYNC.c ****         return ODR_DEV_INCOMPAT;
  79:CANopen/301/CO_SYNC.c ****     }
  80:CANopen/301/CO_SYNC.c **** 
  81:CANopen/301/CO_SYNC.c ****     CO_SYNC_t* SYNC = stream->object;
  82:CANopen/301/CO_SYNC.c ****     uint32_t cobIdSync = CO_getUint32(buf);
  83:CANopen/301/CO_SYNC.c ****     uint16_t CAN_ID = (uint16_t)(cobIdSync & 0x7FFU);
  84:CANopen/301/CO_SYNC.c **** 
  85:CANopen/301/CO_SYNC.c ****     /* verify written value */
  86:CANopen/301/CO_SYNC.c **** #if ((CO_CONFIG_SYNC)&CO_CONFIG_SYNC_PRODUCER) != 0
  87:CANopen/301/CO_SYNC.c ****     bool_t isProducer = (cobIdSync & 0x40000000U) != 0U;
  88:CANopen/301/CO_SYNC.c ****     if (((cobIdSync & 0xBFFFF800U) != 0U) || CO_IS_RESTRICTED_CAN_ID(CAN_ID)
  89:CANopen/301/CO_SYNC.c ****         || (SYNC->isProducer && isProducer && (CAN_ID != SYNC->CAN_ID))) {
  90:CANopen/301/CO_SYNC.c ****         return ODR_INVALID_VALUE;
  91:CANopen/301/CO_SYNC.c ****     }
ARM GAS  C:\Users\Lenovo\AppData\Local\Temp\cc3QWgXt.s 			page 4


  92:CANopen/301/CO_SYNC.c **** #else
  93:CANopen/301/CO_SYNC.c ****     if (((cobIdSync & 0xFFFFF800U) != 0U) || CO_IS_RESTRICTED_CAN_ID(CAN_ID)) {
  94:CANopen/301/CO_SYNC.c ****         return ODR_INVALID_VALUE;
  95:CANopen/301/CO_SYNC.c ****     }
  96:CANopen/301/CO_SYNC.c **** #endif
  97:CANopen/301/CO_SYNC.c **** 
  98:CANopen/301/CO_SYNC.c ****     /* Configure CAN receive and transmit buffers */
  99:CANopen/301/CO_SYNC.c ****     if (CAN_ID != SYNC->CAN_ID) {
 100:CANopen/301/CO_SYNC.c ****         CO_ReturnError_t CANret = CO_CANrxBufferInit(SYNC->CANdevRx, SYNC->CANdevRxIdx, CAN_ID, 0x7
 101:CANopen/301/CO_SYNC.c ****                                                      (void*)SYNC, CO_SYNC_receive);
 102:CANopen/301/CO_SYNC.c **** 
 103:CANopen/301/CO_SYNC.c ****         if (CANret != CO_ERROR_NO) {
 104:CANopen/301/CO_SYNC.c ****             return ODR_DEV_INCOMPAT;
 105:CANopen/301/CO_SYNC.c ****         }
 106:CANopen/301/CO_SYNC.c **** 
 107:CANopen/301/CO_SYNC.c **** #if ((CO_CONFIG_SYNC)&CO_CONFIG_SYNC_PRODUCER) != 0
 108:CANopen/301/CO_SYNC.c ****         SYNC->CANtxBuff = CO_CANtxBufferInit(SYNC->CANdevTx, SYNC->CANdevTxIdx, CAN_ID, false,
 109:CANopen/301/CO_SYNC.c ****                                              (SYNC->counterOverflowValue != 0U) ? 1U : 0U, false);
 110:CANopen/301/CO_SYNC.c **** 
 111:CANopen/301/CO_SYNC.c ****         if (SYNC->CANtxBuff == NULL) {
 112:CANopen/301/CO_SYNC.c ****             SYNC->isProducer = false;
 113:CANopen/301/CO_SYNC.c ****             return ODR_DEV_INCOMPAT;
 114:CANopen/301/CO_SYNC.c ****         }
 115:CANopen/301/CO_SYNC.c **** #endif
 116:CANopen/301/CO_SYNC.c **** 
 117:CANopen/301/CO_SYNC.c ****         SYNC->CAN_ID = CAN_ID;
 118:CANopen/301/CO_SYNC.c ****     }
 119:CANopen/301/CO_SYNC.c **** 
 120:CANopen/301/CO_SYNC.c **** #if ((CO_CONFIG_SYNC)&CO_CONFIG_SYNC_PRODUCER) != 0
 121:CANopen/301/CO_SYNC.c ****     SYNC->isProducer = isProducer;
 122:CANopen/301/CO_SYNC.c ****     if (isProducer) {
 123:CANopen/301/CO_SYNC.c ****         SYNC->counter = 0;
 124:CANopen/301/CO_SYNC.c ****         SYNC->timer = 0;
 125:CANopen/301/CO_SYNC.c ****     }
 126:CANopen/301/CO_SYNC.c **** #endif /* CO_CONFIG_SYNC) & CO_CONFIG_SYNC_PRODUCER */
 127:CANopen/301/CO_SYNC.c **** 
 128:CANopen/301/CO_SYNC.c ****     /* write value to the original location in the Object Dictionary */
 129:CANopen/301/CO_SYNC.c ****     return OD_writeOriginal(stream, buf, count, countWritten);
 130:CANopen/301/CO_SYNC.c **** }
 131:CANopen/301/CO_SYNC.c **** 
 132:CANopen/301/CO_SYNC.c **** #if ((CO_CONFIG_SYNC)&CO_CONFIG_SYNC_PRODUCER) != 0
 133:CANopen/301/CO_SYNC.c **** /*
 134:CANopen/301/CO_SYNC.c ****  * Custom function for writing OD object "Synchronous counter overflow value"
 135:CANopen/301/CO_SYNC.c ****  *
 136:CANopen/301/CO_SYNC.c ****  * For more information see file CO_ODinterface.h, OD_IO_t.
 137:CANopen/301/CO_SYNC.c ****  */
 138:CANopen/301/CO_SYNC.c **** static ODR_t
 139:CANopen/301/CO_SYNC.c **** OD_write_1019(OD_stream_t* stream, const void* buf, OD_size_t count, OD_size_t* countWritten) {
  80              		.loc 1 139 95 is_stmt 1 view -0
  81              		.cfi_startproc
  82              		@ args = 0, pretend = 0, frame = 0
  83              		@ frame_needed = 0, uses_anonymous_args = 0
 140:CANopen/301/CO_SYNC.c ****     if ((stream == NULL) || (stream->subIndex != 0U) || (buf == NULL) || (count != sizeof(uint8_t))
  84              		.loc 1 140 5 view .LVU21
  85              		.loc 1 140 8 is_stmt 0 view .LVU22
  86 0000 0028     		cmp	r0, #0
  87 0002 3FD0     		beq	.L8
ARM GAS  C:\Users\Lenovo\AppData\Local\Temp\cc3QWgXt.s 			page 5


 139:CANopen/301/CO_SYNC.c ****     if ((stream == NULL) || (stream->subIndex != 0U) || (buf == NULL) || (count != sizeof(uint8_t))
  88              		.loc 1 139 95 view .LVU23
  89 0004 2DE9F043 		push	{r4, r5, r6, r7, r8, r9, lr}
  90              	.LCFI0:
  91              		.cfi_def_cfa_offset 28
  92              		.cfi_offset 4, -28
  93              		.cfi_offset 5, -24
  94              		.cfi_offset 6, -20
  95              		.cfi_offset 7, -16
  96              		.cfi_offset 8, -12
  97              		.cfi_offset 9, -8
  98              		.cfi_offset 14, -4
  99 0008 83B0     		sub	sp, sp, #12
 100              	.LCFI1:
 101              		.cfi_def_cfa_offset 40
 102 000a 0C46     		mov	r4, r1
 103 000c 1746     		mov	r7, r2
 104 000e 1E46     		mov	r6, r3
 105 0010 0546     		mov	r5, r0
 106              		.loc 1 140 36 discriminator 1 view .LVU24
 107 0012 037D     		ldrb	r3, [r0, #20]	@ zero_extendqisi2
 108              	.LVL4:
 109              		.loc 1 140 26 discriminator 1 view .LVU25
 110 0014 C3BB     		cbnz	r3, .L9
 111              		.loc 1 140 54 discriminator 2 view .LVU26
 112 0016 C9B3     		cbz	r1, .L10
 113              		.loc 1 140 71 discriminator 3 view .LVU27
 114 0018 012A     		cmp	r2, #1
 115 001a 39D1     		bne	.L11
 141:CANopen/301/CO_SYNC.c ****         || (countWritten == NULL)) {
 116              		.loc 1 141 9 view .LVU28
 117 001c 002E     		cmp	r6, #0
 118 001e 3BD0     		beq	.L12
 142:CANopen/301/CO_SYNC.c ****         return ODR_DEV_INCOMPAT;
 143:CANopen/301/CO_SYNC.c ****     }
 144:CANopen/301/CO_SYNC.c **** 
 145:CANopen/301/CO_SYNC.c ****     CO_SYNC_t* SYNC = stream->object;
 119              		.loc 1 145 5 is_stmt 1 view .LVU29
 120              		.loc 1 145 16 is_stmt 0 view .LVU30
 121 0020 D0F80480 		ldr	r8, [r0, #4]
 122              	.LVL5:
 146:CANopen/301/CO_SYNC.c ****     uint8_t syncCounterOvf = CO_getUint8(buf);
 123              		.loc 1 146 5 is_stmt 1 view .LVU31
 124              	.LBB23:
 125              	.LBI23:
 126              		.file 2 "CANopen/301/CO_driver.h"
   1:CANopen/301/CO_driver.h **** /**
   2:CANopen/301/CO_driver.h ****  * Interface between CAN hardware and CANopenNode.
   3:CANopen/301/CO_driver.h ****  *
   4:CANopen/301/CO_driver.h ****  * @file        CO_driver.h
   5:CANopen/301/CO_driver.h ****  * @ingroup     CO_driver
   6:CANopen/301/CO_driver.h ****  * @author      Janez Paternoster
   7:CANopen/301/CO_driver.h ****  * @copyright   2004 - 2020 Janez Paternoster
   8:CANopen/301/CO_driver.h ****  *
   9:CANopen/301/CO_driver.h ****  * This file is part of <https://github.com/CANopenNode/CANopenNode>, a CANopen Stack.
  10:CANopen/301/CO_driver.h ****  *
  11:CANopen/301/CO_driver.h ****  * Licensed under the Apache License, Version 2.0 (the "License"); you may not use this
ARM GAS  C:\Users\Lenovo\AppData\Local\Temp\cc3QWgXt.s 			page 6


  12:CANopen/301/CO_driver.h ****  * file except in compliance with the License. You may obtain a copy of the License at
  13:CANopen/301/CO_driver.h ****  *
  14:CANopen/301/CO_driver.h ****  *     http://www.apache.org/licenses/LICENSE-2.0
  15:CANopen/301/CO_driver.h ****  *
  16:CANopen/301/CO_driver.h ****  * Unless required by applicable law or agreed to in writing, software distributed under the Licens
  17:CANopen/301/CO_driver.h ****  * distributed on an "AS IS" BASIS, WITHOUT WARRANTIES OR CONDITIONS OF ANY KIND, either express or
  18:CANopen/301/CO_driver.h ****  * See the License for the specific language governing permissions and limitations under the Licens
  19:CANopen/301/CO_driver.h ****  */
  20:CANopen/301/CO_driver.h **** 
  21:CANopen/301/CO_driver.h **** #ifndef CO_DRIVER_H
  22:CANopen/301/CO_driver.h **** #define CO_DRIVER_H
  23:CANopen/301/CO_driver.h **** 
  24:CANopen/301/CO_driver.h **** #include <string.h>
  25:CANopen/301/CO_driver.h **** 
  26:CANopen/301/CO_driver.h **** #include "CO_config.h"
  27:CANopen/301/CO_driver.h **** #include "CO_driver_target.h"
  28:CANopen/301/CO_driver.h **** 
  29:CANopen/301/CO_driver.h **** #ifdef __cplusplus
  30:CANopen/301/CO_driver.h **** extern "C" {
  31:CANopen/301/CO_driver.h **** #endif
  32:CANopen/301/CO_driver.h **** 
  33:CANopen/301/CO_driver.h **** /* Stack configuration default global values. For more information see file CO_config.h. */
  34:CANopen/301/CO_driver.h **** #ifndef CO_CONFIG_GLOBAL_FLAG_CALLBACK_PRE
  35:CANopen/301/CO_driver.h **** #define CO_CONFIG_GLOBAL_FLAG_CALLBACK_PRE (0)
  36:CANopen/301/CO_driver.h **** #endif
  37:CANopen/301/CO_driver.h **** #ifndef CO_CONFIG_GLOBAL_RT_FLAG_CALLBACK_PRE
  38:CANopen/301/CO_driver.h **** #define CO_CONFIG_GLOBAL_RT_FLAG_CALLBACK_PRE (0)
  39:CANopen/301/CO_driver.h **** #endif
  40:CANopen/301/CO_driver.h **** #ifndef CO_CONFIG_GLOBAL_FLAG_TIMERNEXT
  41:CANopen/301/CO_driver.h **** #define CO_CONFIG_GLOBAL_FLAG_TIMERNEXT (0)
  42:CANopen/301/CO_driver.h **** #endif
  43:CANopen/301/CO_driver.h **** #ifndef CO_CONFIG_GLOBAL_FLAG_OD_DYNAMIC
  44:CANopen/301/CO_driver.h **** #define CO_CONFIG_GLOBAL_FLAG_OD_DYNAMIC CO_CONFIG_FLAG_OD_DYNAMIC
  45:CANopen/301/CO_driver.h **** #endif
  46:CANopen/301/CO_driver.h **** #ifdef CO_DEBUG_COMMON
  47:CANopen/301/CO_driver.h **** #if (CO_CONFIG_DEBUG) & CO_CONFIG_DEBUG_SDO_CLIENT
  48:CANopen/301/CO_driver.h **** #define CO_DEBUG_SDO_CLIENT(msg) CO_DEBUG_COMMON(msg)
  49:CANopen/301/CO_driver.h **** #endif
  50:CANopen/301/CO_driver.h **** #if (CO_CONFIG_DEBUG) & CO_CONFIG_DEBUG_SDO_SERVER
  51:CANopen/301/CO_driver.h **** #define CO_DEBUG_SDO_SERVER(msg) CO_DEBUG_COMMON(msg)
  52:CANopen/301/CO_driver.h **** #endif
  53:CANopen/301/CO_driver.h **** #endif
  54:CANopen/301/CO_driver.h **** 
  55:CANopen/301/CO_driver.h **** /**
  56:CANopen/301/CO_driver.h ****  * @defgroup CO_driver Driver
  57:CANopen/301/CO_driver.h ****  * Interface between CAN hardware and CANopenNode.
  58:CANopen/301/CO_driver.h ****  *
  59:CANopen/301/CO_driver.h ****  * @ingroup CO_CANopen_301
  60:CANopen/301/CO_driver.h ****  * @{
  61:CANopen/301/CO_driver.h ****  * CANopenNode is designed for speed and portability. It runs efficiently on devices from simple 16
  62:CANopen/301/CO_driver.h ****  * to PC computers. It can run in multiple threads. Reception of CAN messages is pre-processed with
  63:CANopen/301/CO_driver.h ****  * Time critical objects, such as PDO or SYNC are processed in real-time thread and other objects a
  64:CANopen/301/CO_driver.h ****  * normal thread. See Flowchart in [README.md](index.html) for more information.
  65:CANopen/301/CO_driver.h ****  *
  66:CANopen/301/CO_driver.h ****  * @anchor CO_obj
  67:CANopen/301/CO_driver.h ****  * #### CANopenNode Object
  68:CANopen/301/CO_driver.h ****  * CANopenNode is implemented as a collection of different objects, for example SDO, SYNC, Emergenc
ARM GAS  C:\Users\Lenovo\AppData\Local\Temp\cc3QWgXt.s 			page 7


  69:CANopen/301/CO_driver.h ****  * Heartbeat, etc. Code is written in C language and tries to be object oriented. So each CANopenNo
  70:CANopen/301/CO_driver.h ****  * implemented in a pair of .h/.c files. It basically contains a structure with all necessary varia
  71:CANopen/301/CO_driver.h ****  * functions which operates on it. CANopenNode Object is usually connected with one or more CAN rec
  72:CANopen/301/CO_driver.h ****  * Message Objects. (CAN message Object is a CAN message with specific 11-bit CAN identifier (usual
  73:CANopen/301/CO_driver.h ****  * range).)
  74:CANopen/301/CO_driver.h ****  *
  75:CANopen/301/CO_driver.h ****  * #### Hardware interface of CANopenNode
  76:CANopen/301/CO_driver.h ****  * It consists of minimum three files:
  77:CANopen/301/CO_driver.h ****  * - **CO_driver.h** file declares common functions. This file is part of the CANopenNode. It is in
  78:CANopen/301/CO_driver.h ****  *   file from CANopenNode.
  79:CANopen/301/CO_driver.h ****  * - **CO_driver_target.h** file declares microcontroller specific type declarations and defines so
  80:CANopen/301/CO_driver.h ****  *   necessary for CANopenNode. This file is included from CO_driver.h.
  81:CANopen/301/CO_driver.h ****  * - **CO_driver.c** file defines functions declared in CO_driver.h.
  82:CANopen/301/CO_driver.h ****  *
  83:CANopen/301/CO_driver.h ****  * **CO_driver_target.h** and **CO_driver.c** files are specific for each different microcontroller
  84:CANopen/301/CO_driver.h ****  * CANopenNode. There are separate projects for different microcontrollers, which usually include C
  85:CANopen/301/CO_driver.h ****  * submodule. CANopenNode only includes those two files in the `example` directory and they are bas
  86:CANopen/301/CO_driver.h ****  * should be possible to compile the `CANopenNode/example` on any system, however compiled program 
  87:CANopen/301/CO_driver.h ****  * CO_driver.h contains documentation for all necessary macros, types and functions.
  88:CANopen/301/CO_driver.h ****  *
  89:CANopen/301/CO_driver.h ****  * See [CANopenNode/Wiki](https://github.com/CANopenNode/CANopenNode/wiki) for a known list of avai
  90:CANopen/301/CO_driver.h ****  * of CANopenNode on different systems and microcontrollers. Everybody is welcome to extend the lis
  91:CANopen/301/CO_driver.h ****  * own implementation.
  92:CANopen/301/CO_driver.h ****  *
  93:CANopen/301/CO_driver.h ****  * Implementation of the hardware interface for specific microcontroller is not always an easy task
  94:CANopen/301/CO_driver.h ****  * efficient operation it is necessary to know some parts of the target microcontroller in detail (
  95:CANopen/301/CO_driver.h ****  * (or interrupts), CAN module, etc.).
  96:CANopen/301/CO_driver.h ****  */
  97:CANopen/301/CO_driver.h **** 
  98:CANopen/301/CO_driver.h **** /** Major version number of CANopenNode */
  99:CANopen/301/CO_driver.h **** #define CO_VERSION_MAJOR 4
 100:CANopen/301/CO_driver.h **** /** Minor version number of CANopenNode */
 101:CANopen/301/CO_driver.h **** #define CO_VERSION_MINOR 0
 102:CANopen/301/CO_driver.h **** 
 103:CANopen/301/CO_driver.h **** /* Macros and declarations in following part are only used for documentation. */
 104:CANopen/301/CO_driver.h **** #ifdef CO_DOXYGEN
 105:CANopen/301/CO_driver.h **** /**
 106:CANopen/301/CO_driver.h ****  * @defgroup CO_dataTypes Basic definitions
 107:CANopen/301/CO_driver.h ****  * @{
 108:CANopen/301/CO_driver.h ****  *
 109:CANopen/301/CO_driver.h ****  * Target specific basic definitions and data types.
 110:CANopen/301/CO_driver.h ****  *
 111:CANopen/301/CO_driver.h ****  * Must be defined in the **CO_driver_target.h** file.
 112:CANopen/301/CO_driver.h ****  *
 113:CANopen/301/CO_driver.h ****  * Depending on processor or compiler architecture, one of the two macros must be defined: CO_LITTL
 114:CANopen/301/CO_driver.h ****  * CO_BIG_ENDIAN. CANopen itself is little endian.
 115:CANopen/301/CO_driver.h ****  *
 116:CANopen/301/CO_driver.h ****  * Basic data types may be specified differently on different architectures. Usually `true` and `fa
 117:CANopen/301/CO_driver.h ****  * `<stdbool.h>`, `NULL` is defined in `<stddef.h>`, `int8_t` to `uint64_t` are defined in `<stdint
 118:CANopen/301/CO_driver.h ****  */
 119:CANopen/301/CO_driver.h **** #define CO_LITTLE_ENDIAN                 /**< CO_LITTLE_ENDIAN or CO_BIG_ENDIAN must be defined */
 120:CANopen/301/CO_driver.h **** #define CO_SWAP_16(x)    x               /**< Macro must swap bytes, if CO_BIG_ENDIAN is defined */
 121:CANopen/301/CO_driver.h **** #define CO_SWAP_32(x)    x               /**< Macro must swap bytes, if CO_BIG_ENDIAN is defined */
 122:CANopen/301/CO_driver.h **** #define CO_SWAP_64(x)    x               /**< Macro must swap bytes, if CO_BIG_ENDIAN is defined */
 123:CANopen/301/CO_driver.h **** #define NULL             (0)             /**< NULL, for general usage */
 124:CANopen/301/CO_driver.h **** #define true             1               /**< Logical true, for general use */
 125:CANopen/301/CO_driver.h **** #define false            0               /**< Logical false, for general use */
ARM GAS  C:\Users\Lenovo\AppData\Local\Temp\cc3QWgXt.s 			page 8


 126:CANopen/301/CO_driver.h **** typedef uint_fast8_t bool_t;             /**< Boolean data type for general use */
 127:CANopen/301/CO_driver.h **** typedef signed char int8_t;              /**< INTEGER8 in CANopen (0002h), 8-bit signed integer */
 128:CANopen/301/CO_driver.h **** typedef signed int int16_t;              /**< INTEGER16 in CANopen (0003h), 16-bit signed integer *
 129:CANopen/301/CO_driver.h **** typedef signed long int int32_t;         /**< INTEGER32 in CANopen (0004h), 32-bit signed integer *
 130:CANopen/301/CO_driver.h **** typedef signed long long int int64_t;    /**< INTEGER64 in CANopen (0015h), 64-bit signed integer *
 131:CANopen/301/CO_driver.h **** typedef unsigned char uint8_t;           /**< UNSIGNED8 in CANopen (0005h), 8-bit unsigned integer 
 132:CANopen/301/CO_driver.h **** typedef unsigned int uint16_t;           /**< UNSIGNED16 in CANopen (0006h), 16-bit unsigned intege
 133:CANopen/301/CO_driver.h **** typedef unsigned long int uint32_t;      /**< UNSIGNED32 in CANopen (0007h), 32-bit unsigned intege
 134:CANopen/301/CO_driver.h **** typedef unsigned long long int uint64_t; /**< UNSIGNED64 in CANopen (001Bh), 64-bit unsigned intege
 135:CANopen/301/CO_driver.h **** typedef float float32_t;  /**< REAL32 in CANopen (0008h), single precision floating point value, 32
 136:CANopen/301/CO_driver.h **** typedef double float64_t; /**< REAL64 in CANopen (0011h), double precision floating point value, 64
 137:CANopen/301/CO_driver.h **** /** @} */
 138:CANopen/301/CO_driver.h **** 
 139:CANopen/301/CO_driver.h **** /**
 140:CANopen/301/CO_driver.h ****  * @defgroup CO_CAN_Message_reception Reception of CAN messages
 141:CANopen/301/CO_driver.h ****  * @{
 142:CANopen/301/CO_driver.h ****  *
 143:CANopen/301/CO_driver.h ****  * Target specific definitions and description of CAN message reception
 144:CANopen/301/CO_driver.h ****  *
 145:CANopen/301/CO_driver.h ****  * CAN messages in CANopenNode are usually received by its own thread or higher priority interrupt.
 146:CANopen/301/CO_driver.h ****  * messages are first filtered by hardware or by software. Thread then examines its 11-bit CAN-id a
 147:CANopen/301/CO_driver.h ****  * determines, to which \ref CO_obj "CANopenNode Object" it belongs to. After that it calls predefi
 148:CANopen/301/CO_driver.h ****  * function, which quickly pre-processes the message and fetches the relevant data. CANrx_callback(
 149:CANopen/301/CO_driver.h ****  * by each \ref CO_obj "CANopenNode Object" separately. Pre-processed fetched data are later proces
 150:CANopen/301/CO_driver.h ****  * thread.
 151:CANopen/301/CO_driver.h ****  *
 152:CANopen/301/CO_driver.h ****  * If \ref CO_obj "CANopenNode Object" reception of specific CAN message, it must first configure i
 153:CANopen/301/CO_driver.h ****  * object with the CO_CANrxBufferInit() function.
 154:CANopen/301/CO_driver.h ****  */
 155:CANopen/301/CO_driver.h **** 
 156:CANopen/301/CO_driver.h **** /**
 157:CANopen/301/CO_driver.h ****  * CAN receive callback function which pre-processes received CAN message
 158:CANopen/301/CO_driver.h ****  *
 159:CANopen/301/CO_driver.h ****  * It is called by fast CAN receive thread. Each \ref CO_obj "CANopenNode Object" defines its own a
 160:CANopen/301/CO_driver.h ****  * CO_CANrxBufferInit(), by passing function pointer.
 161:CANopen/301/CO_driver.h ****  *
 162:CANopen/301/CO_driver.h ****  * @param object pointer to specific \ref CO_obj "CANopenNode Object", registered with CO_CANrxBuff
 163:CANopen/301/CO_driver.h ****  * @param rxMsg pointer to received CAN message
 164:CANopen/301/CO_driver.h ****  */
 165:CANopen/301/CO_driver.h **** void CANrx_callback(void* object, void* rxMsg);
 166:CANopen/301/CO_driver.h **** 
 167:CANopen/301/CO_driver.h **** /**
 168:CANopen/301/CO_driver.h ****  * CANrx_callback() can read CAN identifier from received CAN message
 169:CANopen/301/CO_driver.h ****  *
 170:CANopen/301/CO_driver.h ****  * Must be defined in the **CO_driver_target.h** file.
 171:CANopen/301/CO_driver.h ****  *
 172:CANopen/301/CO_driver.h ****  * This is target specific function and is specific for specific microcontroller. It is best to imp
 173:CANopen/301/CO_driver.h ****  * inline function or macro. `rxMsg` parameter should cast to a pointer to structure. For best effi
 174:CANopen/301/CO_driver.h ****  * have the same alignment as CAN registers inside CAN module.
 175:CANopen/301/CO_driver.h ****  *
 176:CANopen/301/CO_driver.h ****  * @param rxMsg Pointer to received message
 177:CANopen/301/CO_driver.h ****  * @return 11-bit CAN standard identifier.
 178:CANopen/301/CO_driver.h ****  */
 179:CANopen/301/CO_driver.h **** static inline uint16_t
 180:CANopen/301/CO_driver.h **** CO_CANrxMsg_readIdent(void* rxMsg) {
 181:CANopen/301/CO_driver.h ****     return 0;
 182:CANopen/301/CO_driver.h **** }
ARM GAS  C:\Users\Lenovo\AppData\Local\Temp\cc3QWgXt.s 			page 9


 183:CANopen/301/CO_driver.h **** 
 184:CANopen/301/CO_driver.h **** /**
 185:CANopen/301/CO_driver.h ****  * CANrx_callback() can read Data Length Code from received CAN message
 186:CANopen/301/CO_driver.h ****  *
 187:CANopen/301/CO_driver.h ****  * See also CO_CANrxMsg_readIdent():
 188:CANopen/301/CO_driver.h ****  *
 189:CANopen/301/CO_driver.h ****  * @param rxMsg Pointer to received message
 190:CANopen/301/CO_driver.h ****  * @return data length in bytes (0 to 8)
 191:CANopen/301/CO_driver.h ****  */
 192:CANopen/301/CO_driver.h **** static inline uint8_t
 193:CANopen/301/CO_driver.h **** CO_CANrxMsg_readDLC(void* rxMsg) {
 194:CANopen/301/CO_driver.h ****     return 0;
 195:CANopen/301/CO_driver.h **** }
 196:CANopen/301/CO_driver.h **** 
 197:CANopen/301/CO_driver.h **** /**
 198:CANopen/301/CO_driver.h ****  * CANrx_callback() can read pointer to data from received CAN message
 199:CANopen/301/CO_driver.h ****  *
 200:CANopen/301/CO_driver.h ****  * See also CO_CANrxMsg_readIdent():
 201:CANopen/301/CO_driver.h ****  *
 202:CANopen/301/CO_driver.h ****  * @param rxMsg Pointer to received message
 203:CANopen/301/CO_driver.h ****  * @return pointer to data buffer
 204:CANopen/301/CO_driver.h ****  */
 205:CANopen/301/CO_driver.h **** static inline const uint8_t*
 206:CANopen/301/CO_driver.h **** CO_CANrxMsg_readData(void* rxMsg) {
 207:CANopen/301/CO_driver.h ****     return NULL;
 208:CANopen/301/CO_driver.h **** }
 209:CANopen/301/CO_driver.h **** 
 210:CANopen/301/CO_driver.h **** /**
 211:CANopen/301/CO_driver.h ****  * Configuration object for CAN received message for specific \ref CO_obj "CANopenNode Object".
 212:CANopen/301/CO_driver.h ****  *
 213:CANopen/301/CO_driver.h ****  * Must be defined in the **CO_driver_target.h** file.
 214:CANopen/301/CO_driver.h ****  *
 215:CANopen/301/CO_driver.h ****  * Data fields of this structure are used exclusively by the driver. Usually it has the following d
 216:CANopen/301/CO_driver.h ****  * may differ for different microcontrollers. Array of multiple CO_CANrx_t objects is included insi
 217:CANopen/301/CO_driver.h ****  */
 218:CANopen/301/CO_driver.h **** typedef struct {
 219:CANopen/301/CO_driver.h ****     uint16_t ident; /**< Standard CAN Identifier (bits 0..10) + RTR (bit 11) */
 220:CANopen/301/CO_driver.h ****     uint16_t mask;  /**< Standard CAN Identifier mask with the same alignment as ident */
 221:CANopen/301/CO_driver.h ****     void* object;   /**< \ref CO_obj "CANopenNode Object" initialized in from CO_CANrxBufferInit() 
 222:CANopen/301/CO_driver.h ****     void (*pCANrx_callback)(void* object,
 223:CANopen/301/CO_driver.h ****                             void* message); /**< Pointer to CANrx_callback() initialized in CO_CANr
 224:CANopen/301/CO_driver.h **** } CO_CANrx_t;
 225:CANopen/301/CO_driver.h **** 
 226:CANopen/301/CO_driver.h **** /** @} */
 227:CANopen/301/CO_driver.h **** 
 228:CANopen/301/CO_driver.h **** /**
 229:CANopen/301/CO_driver.h ****  * @defgroup CO_CAN_Message_transmission Transmission of CAN messages
 230:CANopen/301/CO_driver.h ****  * @{
 231:CANopen/301/CO_driver.h ****  *
 232:CANopen/301/CO_driver.h ****  * Target specific definitions and description of CAN message transmission
 233:CANopen/301/CO_driver.h ****  *
 234:CANopen/301/CO_driver.h ****  * If \ref CO_obj "CANopenNode Object" needs transmitting CAN message, it must first configure its 
 235:CANopen/301/CO_driver.h ****  * with the CO_CANtxBufferInit() function. CAN message can then be sent with CO_CANsend() function.
 236:CANopen/301/CO_driver.h ****  * CAN transmit buffer inside microcontroller's CAN module is free, message is copied directly to t
 237:CANopen/301/CO_driver.h ****  * Otherwise CO_CANsend() function sets _bufferFull_ flag to true. Message will be then sent by CAN
 238:CANopen/301/CO_driver.h ****  * as CAN module is freed. Until message is not copied to CAN module, its contents must not change.
 239:CANopen/301/CO_driver.h ****  * multiple CO_CANtx_t objects with _bufferFull_ flag set to true, then CO_CANtx_t with lower index
ARM GAS  C:\Users\Lenovo\AppData\Local\Temp\cc3QWgXt.s 			page 10


 240:CANopen/301/CO_driver.h ****  */
 241:CANopen/301/CO_driver.h **** 
 242:CANopen/301/CO_driver.h **** /**
 243:CANopen/301/CO_driver.h ****  * Configuration object for CAN transmit message for specific \ref CO_obj "CANopenNode Object".
 244:CANopen/301/CO_driver.h ****  *
 245:CANopen/301/CO_driver.h ****  * Must be defined in the **CO_driver_target.h** file.
 246:CANopen/301/CO_driver.h ****  *
 247:CANopen/301/CO_driver.h ****  * Data fields of this structure are used exclusively by the driver. Usually it has the following d
 248:CANopen/301/CO_driver.h ****  * may differ for different microcontrollers. Array of multiple CO_CANtx_t objects is included insi
 249:CANopen/301/CO_driver.h ****  */
 250:CANopen/301/CO_driver.h **** typedef struct {
 251:CANopen/301/CO_driver.h ****     uint32_t ident;             /**< CAN identifier as aligned in CAN module */
 252:CANopen/301/CO_driver.h ****     uint8_t DLC;                /**< Length of CAN message */
 253:CANopen/301/CO_driver.h ****     uint8_t data[8];            /**< 8 data bytes */
 254:CANopen/301/CO_driver.h ****     volatile bool_t bufferFull; /**< True if previous message is still in the buffer */
 255:CANopen/301/CO_driver.h ****     volatile bool_t syncFlag;   /**< Synchronous PDO messages has this flag set. It prevents them t
 256:CANopen/301/CO_driver.h ****                                    synchronous window */
 257:CANopen/301/CO_driver.h **** } CO_CANtx_t;
 258:CANopen/301/CO_driver.h **** 
 259:CANopen/301/CO_driver.h **** /** @} */
 260:CANopen/301/CO_driver.h **** 
 261:CANopen/301/CO_driver.h **** /**
 262:CANopen/301/CO_driver.h ****  * Complete CAN module object.
 263:CANopen/301/CO_driver.h ****  *
 264:CANopen/301/CO_driver.h ****  * Must be defined in the **CO_driver_target.h** file.
 265:CANopen/301/CO_driver.h ****  *
 266:CANopen/301/CO_driver.h ****  * Usually it has the following data fields, but they may differ for different microcontrollers.
 267:CANopen/301/CO_driver.h ****  */
 268:CANopen/301/CO_driver.h **** typedef struct {
 269:CANopen/301/CO_driver.h ****     void* CANptr;                    /**< From CO_CANmodule_init() */
 270:CANopen/301/CO_driver.h ****     CO_CANrx_t* rxArray;             /**< From CO_CANmodule_init() */
 271:CANopen/301/CO_driver.h ****     uint16_t rxSize;                 /**< From CO_CANmodule_init() */
 272:CANopen/301/CO_driver.h ****     CO_CANtx_t* txArray;             /**< From CO_CANmodule_init() */
 273:CANopen/301/CO_driver.h ****     uint16_t txSize;                 /**< From CO_CANmodule_init() */
 274:CANopen/301/CO_driver.h ****     uint16_t CANerrorStatus;         /**< CAN error status bitfield, see @ref CO_CAN_ERR_status_t *
 275:CANopen/301/CO_driver.h ****     volatile bool_t CANnormal;       /**< CAN module is in normal mode */
 276:CANopen/301/CO_driver.h ****     volatile bool_t useCANrxFilters; /**< Value different than zero indicates, that CAN module hard
 277:CANopen/301/CO_driver.h ****                                         for CAN reception. If there is not enough hardware filters,
 278:CANopen/301/CO_driver.h ****                                         In this case will be *all* received CAN messages processed 
 279:CANopen/301/CO_driver.h ****     volatile bool_t bufferInhibitFlag; /**< If flag is true, then message in transmit buffer is syn
 280:CANopen/301/CO_driver.h ****                                           which will be aborted, if CO_clearPendingSyncPDOs() funct
 281:CANopen/301/CO_driver.h ****                                           application. This may be necessary if Synchronous window 
 282:CANopen/301/CO_driver.h ****     volatile bool_t
 283:CANopen/301/CO_driver.h ****         firstCANtxMessage; /**< Equal to 1, when the first transmitted message (bootup message) is 
 284:CANopen/301/CO_driver.h ****     volatile uint16_t
 285:CANopen/301/CO_driver.h ****         CANtxCount;  /**< Number of messages in transmit buffer, which are waiting to be copied to 
 286:CANopen/301/CO_driver.h ****     uint32_t errOld; /**< Previous state of CAN errors */
 287:CANopen/301/CO_driver.h **** } CO_CANmodule_t;
 288:CANopen/301/CO_driver.h **** 
 289:CANopen/301/CO_driver.h **** /**
 290:CANopen/301/CO_driver.h ****  * Data storage object for one entry.
 291:CANopen/301/CO_driver.h ****  *
 292:CANopen/301/CO_driver.h ****  * Must be defined in the **CO_driver_target.h** file.
 293:CANopen/301/CO_driver.h ****  *
 294:CANopen/301/CO_driver.h ****  * For more information on Data storage see @ref CO_storage or **CO_storage.h** file. Structure mem
 295:CANopen/301/CO_driver.h ****  * are always required or required with @ref CO_storage_eeprom. Target system may add own additiona
 296:CANopen/301/CO_driver.h ****  * variables.
ARM GAS  C:\Users\Lenovo\AppData\Local\Temp\cc3QWgXt.s 			page 11


 297:CANopen/301/CO_driver.h ****  */
 298:CANopen/301/CO_driver.h **** typedef struct {
 299:CANopen/301/CO_driver.h ****     void* addr;         /**< Address of data to store, always required. */
 300:CANopen/301/CO_driver.h ****     size_t len;         /**< Length of data to store, always required. */
 301:CANopen/301/CO_driver.h ****     uint8_t subIndexOD; /**< Sub index in OD objects 1010 and 1011, from 2 to 127. Writing 0x657661
 302:CANopen/301/CO_driver.h ****                            will store data to non-volatile memory Writing 0x64616F6C to 1011,subInd
 303:CANopen/301/CO_driver.h ****                            default data, always required. */
 304:CANopen/301/CO_driver.h ****     uint8_t attr;       /**< Attribute from @ref CO_storage_attributes_t, always required. */
 305:CANopen/301/CO_driver.h ****     void* storageModule; /**< Pointer to storage module, target system specific usage, required wit
 306:CANopen/301/CO_driver.h ****                             CO_storage_eeprom. */
 307:CANopen/301/CO_driver.h ****     uint16_t crc; /**< CRC checksum of the data stored in eeprom, set on store, required with @ref 
 308:CANopen/301/CO_driver.h ****     size_t eepromAddrSignature; /**< Address of entry signature inside eeprom, set by init, require
 309:CANopen/301/CO_driver.h ****                                    CO_storage_eeprom. */
 310:CANopen/301/CO_driver.h ****     size_t eepromAddr; /**< Address of data inside eeprom, set by init, required with @ref CO_stora
 311:CANopen/301/CO_driver.h ****     size_t offset; /**< Offset of next byte being updated by automatic storage, required with @ref 
 312:CANopen/301/CO_driver.h ****     void* additionalParameters; /**< Additional target specific parameters, optional. */
 313:CANopen/301/CO_driver.h **** } CO_storage_entry_t;
 314:CANopen/301/CO_driver.h **** 
 315:CANopen/301/CO_driver.h **** /**
 316:CANopen/301/CO_driver.h ****  * @defgroup CO_critical_sections Critical sections
 317:CANopen/301/CO_driver.h ****  * @{
 318:CANopen/301/CO_driver.h ****  *
 319:CANopen/301/CO_driver.h ****  * Protection of critical sections in multi-threaded operation.
 320:CANopen/301/CO_driver.h ****  *
 321:CANopen/301/CO_driver.h ****  * CANopenNode is designed to run in different threads, as described in [README.md](index.html). Th
 322:CANopen/301/CO_driver.h ****  * differently in different systems. In microcontrollers threads are interrupts with different prio
 323:CANopen/301/CO_driver.h ****  * It is necessary to protect sections, where different threads access to the same resource. In sim
 324:CANopen/301/CO_driver.h ****  * interrupts or scheduler may be temporary disabled between access to the shared resource. Otherwi
 325:CANopen/301/CO_driver.h ****  * semaphores can be used.
 326:CANopen/301/CO_driver.h ****  *
 327:CANopen/301/CO_driver.h ****  * #### Reentrant functions
 328:CANopen/301/CO_driver.h ****  * Functions CO_CANsend() from C_driver.h, and CO_error() from CO_Emergency.h may be called from di
 329:CANopen/301/CO_driver.h ****  * Critical sections must be protected. Either by disabling scheduler or interrupts or by mutexes o
 330:CANopen/301/CO_driver.h ****  * Lock/unlock macro is called with pointer to CAN module, which may be used inside.
 331:CANopen/301/CO_driver.h ****  *
 332:CANopen/301/CO_driver.h ****  * #### Object Dictionary variables
 333:CANopen/301/CO_driver.h ****  * In general, there are two threads, which accesses OD variables: mainline (initialization, storag
 334:CANopen/301/CO_driver.h ****  * timer (PDO access). CANopenNode uses locking mechanism, where SDO server (or other mainline code
 335:CANopen/301/CO_driver.h ****  * of the real-time thread at the moment it reads or writes OD variable. CO_LOCK_OD(CAN_MODULE) and
 336:CANopen/301/CO_driver.h ****  * CO_UNLOCK_OD(CAN_MODULE) macros are used to protect:
 337:CANopen/301/CO_driver.h ****  * - Whole real-time thread,
 338:CANopen/301/CO_driver.h ****  * - SDO server protects read/write access to OD variable.   Locking of long OD variables, not acce
 339:CANopen/301/CO_driver.h ****  *   thread, may   block RT thread.
 340:CANopen/301/CO_driver.h ****  * - Any mainline code, which accesses PDO-mappable OD variable, must protect   read/write with loc
 341:CANopen/301/CO_driver.h ****  *   OD_mappable() for check.
 342:CANopen/301/CO_driver.h ****  * - Other cases, where non-PDO-mappable OD variable is used inside real-time   thread by some othe
 343:CANopen/301/CO_driver.h ****  *   application must be considered with   special care. Also when there are multiple threads acces
 344:CANopen/301/CO_driver.h ****  *   (e.g. when using a RTOS), you should always lock the OD.
 345:CANopen/301/CO_driver.h ****  *
 346:CANopen/301/CO_driver.h ****  * #### Synchronization functions for CAN receive
 347:CANopen/301/CO_driver.h ****  * After CAN message is received, it is pre-processed in CANrx_callback(), which copies some data i
 348:CANopen/301/CO_driver.h ****  * object and at the end sets **new_message** flag. This flag is then pooled in another thread, whi
 349:CANopen/301/CO_driver.h ****  * the message. The problem is, that compiler optimization may shuffle memory operations, so it is 
 350:CANopen/301/CO_driver.h ****  * that **new_message** flag is surely set at the end. It is necessary to use [Memory
 351:CANopen/301/CO_driver.h ****  * barrier](https://en.wikipedia.org/wiki/Memory_barrier).
 352:CANopen/301/CO_driver.h ****  *
 353:CANopen/301/CO_driver.h ****  * If receive function runs inside IRQ, no further synchronization is needed. Otherwise, some kind 
ARM GAS  C:\Users\Lenovo\AppData\Local\Temp\cc3QWgXt.s 			page 12


 354:CANopen/301/CO_driver.h ****  * has to be included. The following example uses GCC builtin memory barrier `__sync_synchronize()`
 355:CANopen/301/CO_driver.h ****  * can be found [here](https://stackoverflow.com/questions/982129/what-does-sync-synchronize-do#982
 356:CANopen/301/CO_driver.h ****  */
 357:CANopen/301/CO_driver.h **** 
 358:CANopen/301/CO_driver.h **** #define CO_LOCK_CAN_SEND(CAN_MODULE)   /**< Lock critical section in CO_CANsend() */
 359:CANopen/301/CO_driver.h **** #define CO_UNLOCK_CAN_SEND(CAN_MODULE) /**< Unlock critical section in CO_CANsend() */
 360:CANopen/301/CO_driver.h **** #define CO_LOCK_EMCY(CAN_MODULE)       /**< Lock critical section in CO_errorReport() or CO_errorRe
 361:CANopen/301/CO_driver.h **** #define CO_UNLOCK_EMCY(CAN_MODULE)     /**< Unlock critical section in CO_errorReport() or CO_error
 362:CANopen/301/CO_driver.h **** #define CO_LOCK_OD(CAN_MODULE)         /**< Lock critical section when accessing Object Dictionary 
 363:CANopen/301/CO_driver.h **** #define CO_UNLOCK_OD(CAN_MODULE)       /**< Unock critical section when accessing Object Dictionary
 364:CANopen/301/CO_driver.h **** 
 365:CANopen/301/CO_driver.h **** /** Check if new message has arrived */
 366:CANopen/301/CO_driver.h **** #define CO_FLAG_READ(rxNew)            ((rxNew) != NULL)
 367:CANopen/301/CO_driver.h **** /** Set new message flag */
 368:CANopen/301/CO_driver.h **** #define CO_FLAG_SET(rxNew)                                                                         
 369:CANopen/301/CO_driver.h ****     {                                                                                              
 370:CANopen/301/CO_driver.h ****         __sync_synchronize();                                                                      
 371:CANopen/301/CO_driver.h ****         rxNew = (void*)1L;                                                                         
 372:CANopen/301/CO_driver.h ****     }
 373:CANopen/301/CO_driver.h **** /** Clear new message flag */
 374:CANopen/301/CO_driver.h **** #define CO_FLAG_CLEAR(rxNew)                                                                       
 375:CANopen/301/CO_driver.h ****     {                                                                                              
 376:CANopen/301/CO_driver.h ****         __sync_synchronize();                                                                      
 377:CANopen/301/CO_driver.h ****         rxNew = NULL;                                                                              
 378:CANopen/301/CO_driver.h ****     }
 379:CANopen/301/CO_driver.h **** 
 380:CANopen/301/CO_driver.h **** /** @} */
 381:CANopen/301/CO_driver.h **** #endif /* CO_DOXYGEN */
 382:CANopen/301/CO_driver.h **** 
 383:CANopen/301/CO_driver.h **** /**
 384:CANopen/301/CO_driver.h ****  * @defgroup CO_Default_CAN_ID_t Default CANopen identifiers
 385:CANopen/301/CO_driver.h ****  * @{
 386:CANopen/301/CO_driver.h ****  *
 387:CANopen/301/CO_driver.h ****  * Default CANopen identifiers for CANopen communication objects. Same as 11-bit addresses of CAN m
 388:CANopen/301/CO_driver.h ****  * default identifiers and can be changed in CANopen. Especially PDO identifiers are configured in 
 389:CANopen/301/CO_driver.h ****  * the CANopen network configuration.
 390:CANopen/301/CO_driver.h ****  */
 391:CANopen/301/CO_driver.h **** #define CO_CAN_ID_NMT_SERVICE 0x000U /**< 0x000 Network management */
 392:CANopen/301/CO_driver.h **** #define CO_CAN_ID_GFC         0x001U /**< 0x001 Global fail-safe command */
 393:CANopen/301/CO_driver.h **** #define CO_CAN_ID_SYNC        0x080U /**< 0x080 Synchronous message */
 394:CANopen/301/CO_driver.h **** #define CO_CAN_ID_EMERGENCY   0x080U /**< 0x080 Emergency messages (+nodeID) */
 395:CANopen/301/CO_driver.h **** #define CO_CAN_ID_TIME        0x100U /**< 0x100 Time message */
 396:CANopen/301/CO_driver.h **** #define CO_CAN_ID_SRDO_1      0x0FFU /**< 0x0FF Default SRDO1 (+2*nodeID) */
 397:CANopen/301/CO_driver.h **** #define CO_CAN_ID_TPDO_1      0x180U /**< 0x180 Default TPDO1 (+nodeID) */
 398:CANopen/301/CO_driver.h **** #define CO_CAN_ID_RPDO_1      0x200U /**< 0x200 Default RPDO1 (+nodeID) */
 399:CANopen/301/CO_driver.h **** #define CO_CAN_ID_TPDO_2      0x280U /**< 0x280 Default TPDO2 (+nodeID) */
 400:CANopen/301/CO_driver.h **** #define CO_CAN_ID_RPDO_2      0x300U /**< 0x300 Default RPDO2 (+nodeID) */
 401:CANopen/301/CO_driver.h **** #define CO_CAN_ID_TPDO_3      0x380U /**< 0x380 Default TPDO3 (+nodeID) */
 402:CANopen/301/CO_driver.h **** #define CO_CAN_ID_RPDO_3      0x400U /**< 0x400 Default RPDO3 (+nodeID) */
 403:CANopen/301/CO_driver.h **** #define CO_CAN_ID_TPDO_4      0x480U /**< 0x480 Default TPDO4 (+nodeID) */
 404:CANopen/301/CO_driver.h **** #define CO_CAN_ID_RPDO_4      0x500U /**< 0x500 Default RPDO5 (+nodeID) */
 405:CANopen/301/CO_driver.h **** #define CO_CAN_ID_SDO_SRV     0x580U /**< 0x580 SDO response from server (+nodeID) */
 406:CANopen/301/CO_driver.h **** #define CO_CAN_ID_SDO_CLI     0x600U /**< 0x600 SDO request from client (+nodeID) */
 407:CANopen/301/CO_driver.h **** #define CO_CAN_ID_HEARTBEAT   0x700U /**< 0x700 Heartbeat message */
 408:CANopen/301/CO_driver.h **** #define CO_CAN_ID_LSS_SLV     0x7E4U /**< 0x7E4 LSS response from slave */
 409:CANopen/301/CO_driver.h **** #define CO_CAN_ID_LSS_MST     0x7E5U /**< 0x7E5 LSS request from master */
 410:CANopen/301/CO_driver.h **** 
ARM GAS  C:\Users\Lenovo\AppData\Local\Temp\cc3QWgXt.s 			page 13


 411:CANopen/301/CO_driver.h **** /** @} */ /* CO_Default_CAN_ID_t */
 412:CANopen/301/CO_driver.h **** 
 413:CANopen/301/CO_driver.h **** /**
 414:CANopen/301/CO_driver.h ****  * Restricted CAN-IDs
 415:CANopen/301/CO_driver.h ****  *
 416:CANopen/301/CO_driver.h ****  * Macro for verifying 'Restricted CAN-IDs', as specified by standard CiA301. They shall not be use
 417:CANopen/301/CO_driver.h ****  * EMCY, PDO and SDO.
 418:CANopen/301/CO_driver.h ****  */
 419:CANopen/301/CO_driver.h **** #ifndef CO_IS_RESTRICTED_CAN_ID
 420:CANopen/301/CO_driver.h **** #define CO_IS_RESTRICTED_CAN_ID(CAN_ID)                                                            
 421:CANopen/301/CO_driver.h ****     (((CAN_ID) <= 0x7FU) || (((CAN_ID) >= 0x101U) && ((CAN_ID) <= 0x180U))                         
 422:CANopen/301/CO_driver.h ****      || (((CAN_ID) >= 0x581U) && ((CAN_ID) <= 0x5FFU)) || (((CAN_ID) >= 0x601U) && ((CAN_ID) <= 0x6
 423:CANopen/301/CO_driver.h ****      || (((CAN_ID) >= 0x6E0U) && ((CAN_ID) <= 0x6FFU)) || ((CAN_ID) >= 0x701U))
 424:CANopen/301/CO_driver.h **** #endif
 425:CANopen/301/CO_driver.h **** 
 426:CANopen/301/CO_driver.h **** /**
 427:CANopen/301/CO_driver.h ****  * @defgroup CO_CAN_ERR_status_t CAN error status bitmasks
 428:CANopen/301/CO_driver.h ****  * @{
 429:CANopen/301/CO_driver.h ****  *
 430:CANopen/301/CO_driver.h ****  * CAN warning level is reached, if CAN transmit or receive error counter is more or equal to 96. C
 431:CANopen/301/CO_driver.h ****  * reached, if counters are more or equal to 128. Transmitter goes in error state 'bus off' if tran
 432:CANopen/301/CO_driver.h ****  * more or equal to 256.
 433:CANopen/301/CO_driver.h ****  */
 434:CANopen/301/CO_driver.h **** #define CO_CAN_ERRTX_WARNING    0x0001U /**< 0x0001 CAN transmitter warning */
 435:CANopen/301/CO_driver.h **** #define CO_CAN_ERRTX_PASSIVE    0x0002U /**< 0x0002 CAN transmitter passive */
 436:CANopen/301/CO_driver.h **** #define CO_CAN_ERRTX_BUS_OFF    0x0004U /**< 0x0004 CAN transmitter bus off */
 437:CANopen/301/CO_driver.h **** #define CO_CAN_ERRTX_OVERFLOW   0x0008U /**< 0x0008 CAN transmitter overflow */
 438:CANopen/301/CO_driver.h **** #define CO_CAN_ERRTX_PDO_LATE   0x0080U /**< 0x0080 TPDO is outside sync window */
 439:CANopen/301/CO_driver.h **** #define CO_CAN_ERRRX_WARNING    0x0100U /**< 0x0100 CAN receiver warning */
 440:CANopen/301/CO_driver.h **** #define CO_CAN_ERRRX_PASSIVE    0x0200U /**< 0x0200 CAN receiver passive */
 441:CANopen/301/CO_driver.h **** #define CO_CAN_ERRRX_OVERFLOW   0x0800U /**< 0x0800 CAN receiver overflow */
 442:CANopen/301/CO_driver.h **** #define CO_CAN_ERR_WARN_PASSIVE 0x0303U /**< 0x0303 combination */
 443:CANopen/301/CO_driver.h **** 
 444:CANopen/301/CO_driver.h **** /** @} */ /* CO_CAN_ERR_status_t */
 445:CANopen/301/CO_driver.h **** 
 446:CANopen/301/CO_driver.h **** /**
 447:CANopen/301/CO_driver.h ****  * Return values of some CANopen functions. If function was executed successfully it returns 0 othe
 448:CANopen/301/CO_driver.h ****  */
 449:CANopen/301/CO_driver.h **** typedef enum {
 450:CANopen/301/CO_driver.h ****     CO_ERROR_NO = 0,                /**< Operation completed successfully */
 451:CANopen/301/CO_driver.h ****     CO_ERROR_ILLEGAL_ARGUMENT = -1, /**< Error in function arguments */
 452:CANopen/301/CO_driver.h ****     CO_ERROR_OUT_OF_MEMORY = -2,    /**< Memory allocation failed */
 453:CANopen/301/CO_driver.h ****     CO_ERROR_TIMEOUT = -3,          /**< Function timeout */
 454:CANopen/301/CO_driver.h ****     CO_ERROR_ILLEGAL_BAUDRATE = -4, /**< Illegal baudrate passed to function CO_CANmodule_init() */
 455:CANopen/301/CO_driver.h ****     CO_ERROR_RX_OVERFLOW = -5,      /**< Previous message was not processed yet */
 456:CANopen/301/CO_driver.h ****     CO_ERROR_RX_PDO_OVERFLOW = -6,  /**< previous PDO was not processed yet */
 457:CANopen/301/CO_driver.h ****     CO_ERROR_RX_MSG_LENGTH = -7,    /**< Wrong receive message length */
 458:CANopen/301/CO_driver.h ****     CO_ERROR_RX_PDO_LENGTH = -8,    /**< Wrong receive PDO length */
 459:CANopen/301/CO_driver.h ****     CO_ERROR_TX_OVERFLOW = -9,      /**< Previous message is still waiting, buffer full */
 460:CANopen/301/CO_driver.h ****     CO_ERROR_TX_PDO_WINDOW = -10,   /**< Synchronous TPDO is outside window */
 461:CANopen/301/CO_driver.h ****     CO_ERROR_TX_UNCONFIGURED = -11, /**< Transmit buffer was not configured properly */
 462:CANopen/301/CO_driver.h ****     CO_ERROR_OD_PARAMETERS = -12,   /**< Error in Object Dictionary parameters */
 463:CANopen/301/CO_driver.h ****     CO_ERROR_DATA_CORRUPT = -13,    /**< Stored data are corrupt */
 464:CANopen/301/CO_driver.h ****     CO_ERROR_CRC = -14,             /**< CRC does not match */
 465:CANopen/301/CO_driver.h ****     CO_ERROR_TX_BUSY = -15,         /**< Sending rejected because driver is busy. Try again */
 466:CANopen/301/CO_driver.h ****     CO_ERROR_WRONG_NMT_STATE = -16, /**< Command can't be processed in current state */
 467:CANopen/301/CO_driver.h ****     CO_ERROR_SYSCALL = -17,         /**< Syscall failed */
ARM GAS  C:\Users\Lenovo\AppData\Local\Temp\cc3QWgXt.s 			page 14


 468:CANopen/301/CO_driver.h ****     CO_ERROR_INVALID_STATE = -18,   /**< Driver not ready */
 469:CANopen/301/CO_driver.h ****     CO_ERROR_NODE_ID_UNCONFIGURED_LSS =
 470:CANopen/301/CO_driver.h ****         -19 /**< Node-id is in LSS unconfigured state. If objects are handled properly, this may no
 471:CANopen/301/CO_driver.h **** } CO_ReturnError_t;
 472:CANopen/301/CO_driver.h **** 
 473:CANopen/301/CO_driver.h **** /**
 474:CANopen/301/CO_driver.h ****  * Request CAN configuration (stopped) mode and *wait* until it is set.
 475:CANopen/301/CO_driver.h ****  *
 476:CANopen/301/CO_driver.h ****  * @param CANptr Pointer to CAN device
 477:CANopen/301/CO_driver.h ****  */
 478:CANopen/301/CO_driver.h **** void CO_CANsetConfigurationMode(void* CANptr);
 479:CANopen/301/CO_driver.h **** 
 480:CANopen/301/CO_driver.h **** /**
 481:CANopen/301/CO_driver.h ****  * Request CAN normal (operational) mode and *wait* until it is set.
 482:CANopen/301/CO_driver.h ****  *
 483:CANopen/301/CO_driver.h ****  * @param CANmodule CO_CANmodule_t object.
 484:CANopen/301/CO_driver.h ****  */
 485:CANopen/301/CO_driver.h **** void CO_CANsetNormalMode(CO_CANmodule_t* CANmodule);
 486:CANopen/301/CO_driver.h **** 
 487:CANopen/301/CO_driver.h **** /**
 488:CANopen/301/CO_driver.h ****  * Initialize CAN module object.
 489:CANopen/301/CO_driver.h ****  *
 490:CANopen/301/CO_driver.h ****  * Function must be called in the communication reset section. CAN module must be in Configuration 
 491:CANopen/301/CO_driver.h ****  *
 492:CANopen/301/CO_driver.h ****  * @param CANmodule This object will be initialized.
 493:CANopen/301/CO_driver.h ****  * @param CANptr Pointer to CAN device.
 494:CANopen/301/CO_driver.h ****  * @param rxArray Array for handling received CAN messages
 495:CANopen/301/CO_driver.h ****  * @param rxSize Size of the above array. Must be equal to number of receiving CAN objects.
 496:CANopen/301/CO_driver.h ****  * @param txArray Array for handling transmitting CAN messages
 497:CANopen/301/CO_driver.h ****  * @param txSize Size of the above array. Must be equal to number of transmitting CAN objects.
 498:CANopen/301/CO_driver.h ****  * @param CANbitRate Valid values are (in kbps): 10, 20, 50, 125, 250, 500, 800, 1000. If value is 
 499:CANopen/301/CO_driver.h ****  * defaults to 125.
 500:CANopen/301/CO_driver.h ****  *
 501:CANopen/301/CO_driver.h ****  * Return #CO_ReturnError_t: CO_ERROR_NO or CO_ERROR_ILLEGAL_ARGUMENT.
 502:CANopen/301/CO_driver.h ****  */
 503:CANopen/301/CO_driver.h **** CO_ReturnError_t CO_CANmodule_init(CO_CANmodule_t* CANmodule, void* CANptr, CO_CANrx_t rxArray[], u
 504:CANopen/301/CO_driver.h ****                                    CO_CANtx_t txArray[], uint16_t txSize, uint16_t CANbitRate);
 505:CANopen/301/CO_driver.h **** 
 506:CANopen/301/CO_driver.h **** /**
 507:CANopen/301/CO_driver.h ****  * Switch off CANmodule. Call at program exit.
 508:CANopen/301/CO_driver.h ****  *
 509:CANopen/301/CO_driver.h ****  * @param CANmodule CAN module object.
 510:CANopen/301/CO_driver.h ****  */
 511:CANopen/301/CO_driver.h **** void CO_CANmodule_disable(CO_CANmodule_t* CANmodule);
 512:CANopen/301/CO_driver.h **** 
 513:CANopen/301/CO_driver.h **** /**
 514:CANopen/301/CO_driver.h ****  * Configure CAN message receive buffer.
 515:CANopen/301/CO_driver.h ****  *
 516:CANopen/301/CO_driver.h ****  * Function configures specific CAN receive buffer. It sets CAN identifier and connects buffer with
 517:CANopen/301/CO_driver.h ****  * Function must be called for each member in _rxArray_ from CO_CANmodule_t.
 518:CANopen/301/CO_driver.h ****  *
 519:CANopen/301/CO_driver.h ****  * @param CANmodule This object.
 520:CANopen/301/CO_driver.h ****  * @param index Index of the specific buffer in _rxArray_.
 521:CANopen/301/CO_driver.h ****  * @param ident 11-bit standard CAN Identifier. If two or more CANrx buffers have the same _ident_,
 522:CANopen/301/CO_driver.h ****  * lowest _index_ has precedence and other CANrx buffers will be ignored.
 523:CANopen/301/CO_driver.h ****  * @param mask 11-bit mask for identifier. Most usually set to 0x7FF. Received message (rcvMsg) wil
 524:CANopen/301/CO_driver.h ****  * following condition is true: (((rcvMsgId ^ ident) & mask) == 0).
ARM GAS  C:\Users\Lenovo\AppData\Local\Temp\cc3QWgXt.s 			page 15


 525:CANopen/301/CO_driver.h ****  * @param rtr If true, 'Remote Transmit Request' messages will be accepted.
 526:CANopen/301/CO_driver.h ****  * @param object CANopen object, to which buffer is connected. It will be used as an argument to CA
 527:CANopen/301/CO_driver.h ****  * type is (void), CANrx_callback will change its type back to the correct object type.
 528:CANopen/301/CO_driver.h ****  * @param CANrx_callback Pointer to function, which will be called, if received CAN message matches
 529:CANopen/301/CO_driver.h ****  * must be fast function.
 530:CANopen/301/CO_driver.h ****  *
 531:CANopen/301/CO_driver.h ****  * Return #CO_ReturnError_t: CO_ERROR_NO CO_ERROR_ILLEGAL_ARGUMENT or CO_ERROR_OUT_OF_MEMORY (not e
 532:CANopen/301/CO_driver.h ****  * configuration).
 533:CANopen/301/CO_driver.h ****  */
 534:CANopen/301/CO_driver.h **** CO_ReturnError_t CO_CANrxBufferInit(CO_CANmodule_t* CANmodule, uint16_t index, uint16_t ident, uint
 535:CANopen/301/CO_driver.h ****                                     bool_t rtr, void* object, void (*CANrx_callback)(void* object, 
 536:CANopen/301/CO_driver.h **** 
 537:CANopen/301/CO_driver.h **** /**
 538:CANopen/301/CO_driver.h ****  * Configure CAN message transmit buffer.
 539:CANopen/301/CO_driver.h ****  *
 540:CANopen/301/CO_driver.h ****  * Function configures specific CAN transmit buffer. Function must be called for each member in _tx
 541:CANopen/301/CO_driver.h ****  * CO_CANmodule_t.
 542:CANopen/301/CO_driver.h ****  *
 543:CANopen/301/CO_driver.h ****  * @param CANmodule This object.
 544:CANopen/301/CO_driver.h ****  * @param index Index of the specific buffer in _txArray_.
 545:CANopen/301/CO_driver.h ****  * @param ident 11-bit standard CAN Identifier.
 546:CANopen/301/CO_driver.h ****  * @param rtr If true, 'Remote Transmit Request' messages will be transmitted.
 547:CANopen/301/CO_driver.h ****  * @param noOfBytes Length of CAN message in bytes (0 to 8 bytes).
 548:CANopen/301/CO_driver.h ****  * @param syncFlag This flag bit is used for synchronous TPDO messages. If it is set, message will 
 549:CANopen/301/CO_driver.h ****  * current time is outside synchronous window.
 550:CANopen/301/CO_driver.h ****  *
 551:CANopen/301/CO_driver.h ****  * @return Pointer to CAN transmit message buffer. 8 bytes data array inside buffer should be writt
 552:CANopen/301/CO_driver.h ****  * CO_CANsend() function is called. Zero is returned in case of wrong arguments.
 553:CANopen/301/CO_driver.h ****  */
 554:CANopen/301/CO_driver.h **** CO_CANtx_t* CO_CANtxBufferInit(CO_CANmodule_t* CANmodule, uint16_t index, uint16_t ident, bool_t rt
 555:CANopen/301/CO_driver.h ****                                bool_t syncFlag);
 556:CANopen/301/CO_driver.h **** 
 557:CANopen/301/CO_driver.h **** /**
 558:CANopen/301/CO_driver.h ****  * Send CAN message.
 559:CANopen/301/CO_driver.h ****  *
 560:CANopen/301/CO_driver.h ****  * @param CANmodule This object.
 561:CANopen/301/CO_driver.h ****  * @param buffer Pointer to transmit buffer, returned by CO_CANtxBufferInit(). Data bytes must be w
 562:CANopen/301/CO_driver.h ****  * before function call.
 563:CANopen/301/CO_driver.h ****  *
 564:CANopen/301/CO_driver.h ****  * @return #CO_ReturnError_t: CO_ERROR_NO, CO_ERROR_TX_OVERFLOW or CO_ERROR_TX_PDO_WINDOW (Synchron
 565:CANopen/301/CO_driver.h ****  * window).
 566:CANopen/301/CO_driver.h ****  */
 567:CANopen/301/CO_driver.h **** CO_ReturnError_t CO_CANsend(CO_CANmodule_t* CANmodule, CO_CANtx_t* buffer);
 568:CANopen/301/CO_driver.h **** 
 569:CANopen/301/CO_driver.h **** /**
 570:CANopen/301/CO_driver.h ****  * Clear all synchronous TPDOs from CAN module transmit buffers.
 571:CANopen/301/CO_driver.h ****  *
 572:CANopen/301/CO_driver.h ****  * CANopen allows synchronous PDO communication only inside time between SYNC message and SYNC Wind
 573:CANopen/301/CO_driver.h ****  * outside this window, new synchronous PDOs must not be sent and all pending sync TPDOs, which may
 574:CANopen/301/CO_driver.h ****  * buffers, may optionally be cleared.
 575:CANopen/301/CO_driver.h ****  *
 576:CANopen/301/CO_driver.h ****  * This function checks (and aborts transmission if necessary) CAN TX buffers when it is called. Fu
 577:CANopen/301/CO_driver.h ****  * called by the stack in the moment, when SYNC time was just passed out of synchronous window.
 578:CANopen/301/CO_driver.h ****  *
 579:CANopen/301/CO_driver.h ****  * @param CANmodule This object.
 580:CANopen/301/CO_driver.h ****  */
 581:CANopen/301/CO_driver.h **** void CO_CANclearPendingSyncPDOs(CO_CANmodule_t* CANmodule);
ARM GAS  C:\Users\Lenovo\AppData\Local\Temp\cc3QWgXt.s 			page 16


 582:CANopen/301/CO_driver.h **** 
 583:CANopen/301/CO_driver.h **** /**
 584:CANopen/301/CO_driver.h ****  * Process can module - verify CAN errors
 585:CANopen/301/CO_driver.h ****  *
 586:CANopen/301/CO_driver.h ****  * Function must be called cyclically. It should calculate CANerrorStatus bitfield for CAN errors d
 587:CANopen/301/CO_driver.h ****  * CO_CAN_ERR_status_t.
 588:CANopen/301/CO_driver.h ****  *
 589:CANopen/301/CO_driver.h ****  * @param CANmodule This object.
 590:CANopen/301/CO_driver.h ****  */
 591:CANopen/301/CO_driver.h **** void CO_CANmodule_process(CO_CANmodule_t* CANmodule);
 592:CANopen/301/CO_driver.h **** 
 593:CANopen/301/CO_driver.h **** /**
 594:CANopen/301/CO_driver.h ****  * Get uint8_t value from memory buffer
 595:CANopen/301/CO_driver.h ****  *
 596:CANopen/301/CO_driver.h ****  * @param buf Memory buffer to get value from.
 597:CANopen/301/CO_driver.h ****  *
 598:CANopen/301/CO_driver.h ****  * @return Value
 599:CANopen/301/CO_driver.h ****  */
 600:CANopen/301/CO_driver.h **** static inline uint8_t
 601:CANopen/301/CO_driver.h **** CO_getUint8(const void* buf) {
 127              		.loc 2 601 1 view .LVU32
 128              	.LBB24:
 602:CANopen/301/CO_driver.h ****     uint8_t value;
 129              		.loc 2 602 5 view .LVU33
 603:CANopen/301/CO_driver.h ****     (void)memmove((void*)&value, buf, sizeof(value));
 130              		.loc 2 603 5 view .LVU34
 131              		.loc 2 603 11 is_stmt 0 view .LVU35
 132 0024 91F80090 		ldrb	r9, [r1]	@ zero_extendqisi2
 133              	.LVL6:
 604:CANopen/301/CO_driver.h ****     return value;
 134              		.loc 2 604 5 is_stmt 1 view .LVU36
 135              		.loc 2 604 5 is_stmt 0 view .LVU37
 136              	.LBE24:
 137              	.LBE23:
 147:CANopen/301/CO_SYNC.c **** 
 148:CANopen/301/CO_SYNC.c ****     /* verify written value */
 149:CANopen/301/CO_SYNC.c ****     if ((syncCounterOvf == 1U) || (syncCounterOvf > 240U)) {
 138              		.loc 1 149 5 is_stmt 1 view .LVU38
 139              		.loc 1 149 8 is_stmt 0 view .LVU39
 140 0028 B9F1010F 		cmp	r9, #1
 141 002c 36D0     		beq	.L13
 142              		.loc 1 149 32 discriminator 1 view .LVU40
 143 002e B9F1F00F 		cmp	r9, #240
 144 0032 35D8     		bhi	.L14
 150:CANopen/301/CO_SYNC.c ****         return ODR_INVALID_VALUE;
 151:CANopen/301/CO_SYNC.c ****     }
 152:CANopen/301/CO_SYNC.c ****     if (*SYNC->OD_1006_period != 0U) {
 145              		.loc 1 152 5 is_stmt 1 view .LVU41
 146              		.loc 1 152 14 is_stmt 0 view .LVU42
 147 0034 D8F81C30 		ldr	r3, [r8, #28]
 148              		.loc 1 152 9 view .LVU43
 149 0038 1B68     		ldr	r3, [r3]
 150              		.loc 1 152 8 view .LVU44
 151 003a 9BBB     		cbnz	r3, .L15
 153:CANopen/301/CO_SYNC.c ****         return ODR_DATA_DEV_STATE;
 154:CANopen/301/CO_SYNC.c ****     }
 155:CANopen/301/CO_SYNC.c **** 
ARM GAS  C:\Users\Lenovo\AppData\Local\Temp\cc3QWgXt.s 			page 17


 156:CANopen/301/CO_SYNC.c ****     /* Configure CAN transmit buffer */
 157:CANopen/301/CO_SYNC.c ****     SYNC->CANtxBuff = CO_CANtxBufferInit(SYNC->CANdevTx, SYNC->CANdevTxIdx, SYNC->CAN_ID, false,
 152              		.loc 1 157 5 is_stmt 1 view .LVU45
 153              		.loc 1 157 23 is_stmt 0 view .LVU46
 154 003c D8F82800 		ldr	r0, [r8, #40]
 155              	.LVL7:
 156              		.loc 1 157 23 view .LVU47
 157 0040 B8F84A10 		ldrh	r1, [r8, #74]
 158              	.LVL8:
 159              		.loc 1 157 23 view .LVU48
 160 0044 B8F84820 		ldrh	r2, [r8, #72]
 161              	.LVL9:
 162              		.loc 1 157 23 view .LVU49
 163 0048 B9F1000F 		cmp	r9, #0
 164 004c 13D0     		beq	.L16
 165              		.loc 1 157 23 discriminator 1 view .LVU50
 166 004e 4FF0010C 		mov	ip, #1
 167              	.L6:
 168              		.loc 1 157 23 discriminator 4 view .LVU51
 169 0052 0023     		movs	r3, #0
 170 0054 0193     		str	r3, [sp, #4]
 171 0056 CDF800C0 		str	ip, [sp]
 172 005a FFF7FEFF 		bl	CO_CANtxBufferInit
 173              	.LVL10:
 174              		.loc 1 157 21 discriminator 1 view .LVU52
 175 005e C8F82C00 		str	r0, [r8, #44]
 158:CANopen/301/CO_SYNC.c ****                                          (syncCounterOvf != 0U) ? 1U : 0U, false);
 159:CANopen/301/CO_SYNC.c **** 
 160:CANopen/301/CO_SYNC.c ****     if (SYNC->CANtxBuff == NULL) {
 176              		.loc 1 160 5 is_stmt 1 view .LVU53
 177              		.loc 1 160 8 is_stmt 0 view .LVU54
 178 0062 50B1     		cbz	r0, .L21
 161:CANopen/301/CO_SYNC.c ****         SYNC->isProducer = false;
 162:CANopen/301/CO_SYNC.c ****         return ODR_DEV_INCOMPAT;
 163:CANopen/301/CO_SYNC.c ****     }
 164:CANopen/301/CO_SYNC.c **** 
 165:CANopen/301/CO_SYNC.c ****     SYNC->counterOverflowValue = syncCounterOvf;
 179              		.loc 1 165 5 is_stmt 1 view .LVU55
 180              		.loc 1 165 32 is_stmt 0 view .LVU56
 181 0064 88F81190 		strb	r9, [r8, #17]
 166:CANopen/301/CO_SYNC.c **** 
 167:CANopen/301/CO_SYNC.c ****     /* write value to the original location in the Object Dictionary */
 168:CANopen/301/CO_SYNC.c ****     return OD_writeOriginal(stream, buf, count, countWritten);
 182              		.loc 1 168 5 is_stmt 1 view .LVU57
 183              		.loc 1 168 12 is_stmt 0 view .LVU58
 184 0068 3346     		mov	r3, r6
 185 006a 3A46     		mov	r2, r7
 186 006c 2146     		mov	r1, r4
 187 006e 2846     		mov	r0, r5
 188 0070 FFF7FEFF 		bl	OD_writeOriginal
 189              	.LVL11:
 190 0074 0DE0     		b	.L5
 191              	.L16:
 157:CANopen/301/CO_SYNC.c ****                                          (syncCounterOvf != 0U) ? 1U : 0U, false);
 192              		.loc 1 157 23 discriminator 2 view .LVU59
 193 0076 CC46     		mov	ip, r9
 194 0078 EBE7     		b	.L6
ARM GAS  C:\Users\Lenovo\AppData\Local\Temp\cc3QWgXt.s 			page 18


 195              	.L21:
 161:CANopen/301/CO_SYNC.c ****         SYNC->isProducer = false;
 196              		.loc 1 161 9 is_stmt 1 view .LVU60
 161:CANopen/301/CO_SYNC.c ****         SYNC->isProducer = false;
 197              		.loc 1 161 26 is_stmt 0 view .LVU61
 198 007a 0023     		movs	r3, #0
 199 007c C8F82430 		str	r3, [r8, #36]
 162:CANopen/301/CO_SYNC.c ****     }
 200              		.loc 1 162 9 is_stmt 1 view .LVU62
 162:CANopen/301/CO_SYNC.c ****     }
 201              		.loc 1 162 16 is_stmt 0 view .LVU63
 202 0080 0920     		movs	r0, #9
 203 0082 06E0     		b	.L5
 204              	.LVL12:
 205              	.L8:
 206              	.LCFI2:
 207              		.cfi_def_cfa_offset 0
 208              		.cfi_restore 4
 209              		.cfi_restore 5
 210              		.cfi_restore 6
 211              		.cfi_restore 7
 212              		.cfi_restore 8
 213              		.cfi_restore 9
 214              		.cfi_restore 14
 142:CANopen/301/CO_SYNC.c ****     }
 215              		.loc 1 142 16 view .LVU64
 216 0084 0920     		movs	r0, #9
 217              	.LVL13:
 169:CANopen/301/CO_SYNC.c **** }
 218              		.loc 1 169 1 view .LVU65
 219 0086 7047     		bx	lr
 220              	.LVL14:
 221              	.L9:
 222              	.LCFI3:
 223              		.cfi_def_cfa_offset 40
 224              		.cfi_offset 4, -28
 225              		.cfi_offset 5, -24
 226              		.cfi_offset 6, -20
 227              		.cfi_offset 7, -16
 228              		.cfi_offset 8, -12
 229              		.cfi_offset 9, -8
 230              		.cfi_offset 14, -4
 142:CANopen/301/CO_SYNC.c ****     }
 231              		.loc 1 142 16 view .LVU66
 232 0088 0920     		movs	r0, #9
 233              	.LVL15:
 142:CANopen/301/CO_SYNC.c ****     }
 234              		.loc 1 142 16 view .LVU67
 235 008a 02E0     		b	.L5
 236              	.LVL16:
 237              	.L10:
 142:CANopen/301/CO_SYNC.c ****     }
 238              		.loc 1 142 16 view .LVU68
 239 008c 0920     		movs	r0, #9
 240              	.LVL17:
 142:CANopen/301/CO_SYNC.c ****     }
 241              		.loc 1 142 16 view .LVU69
ARM GAS  C:\Users\Lenovo\AppData\Local\Temp\cc3QWgXt.s 			page 19


 242 008e 00E0     		b	.L5
 243              	.LVL18:
 244              	.L11:
 142:CANopen/301/CO_SYNC.c ****     }
 245              		.loc 1 142 16 view .LVU70
 246 0090 0920     		movs	r0, #9
 247              	.LVL19:
 248              	.L5:
 249              		.loc 1 169 1 view .LVU71
 250 0092 03B0     		add	sp, sp, #12
 251              	.LCFI4:
 252              		.cfi_remember_state
 253              		.cfi_def_cfa_offset 28
 254              		@ sp needed
 255 0094 BDE8F083 		pop	{r4, r5, r6, r7, r8, r9, pc}
 256              	.LVL20:
 257              	.L12:
 258              	.LCFI5:
 259              		.cfi_restore_state
 142:CANopen/301/CO_SYNC.c ****     }
 260              		.loc 1 142 16 view .LVU72
 261 0098 0920     		movs	r0, #9
 262              	.LVL21:
 142:CANopen/301/CO_SYNC.c ****     }
 263              		.loc 1 142 16 view .LVU73
 264 009a FAE7     		b	.L5
 265              	.LVL22:
 266              	.L13:
 150:CANopen/301/CO_SYNC.c ****     }
 267              		.loc 1 150 16 view .LVU74
 268 009c 0F20     		movs	r0, #15
 269              	.LVL23:
 150:CANopen/301/CO_SYNC.c ****     }
 270              		.loc 1 150 16 view .LVU75
 271 009e F8E7     		b	.L5
 272              	.LVL24:
 273              	.L14:
 150:CANopen/301/CO_SYNC.c ****     }
 274              		.loc 1 150 16 view .LVU76
 275 00a0 0F20     		movs	r0, #15
 276              	.LVL25:
 150:CANopen/301/CO_SYNC.c ****     }
 277              		.loc 1 150 16 view .LVU77
 278 00a2 F6E7     		b	.L5
 279              	.LVL26:
 280              	.L15:
 153:CANopen/301/CO_SYNC.c ****     }
 281              		.loc 1 153 16 view .LVU78
 282 00a4 1720     		movs	r0, #23
 283              	.LVL27:
 153:CANopen/301/CO_SYNC.c ****     }
 284              		.loc 1 153 16 view .LVU79
 285 00a6 F4E7     		b	.L5
 286              		.cfi_endproc
 287              	.LFE37:
 289              		.section	.text.OD_write_1005,"ax",%progbits
 290              		.align	1
ARM GAS  C:\Users\Lenovo\AppData\Local\Temp\cc3QWgXt.s 			page 20


 291              		.syntax unified
 292              		.thumb
 293              		.thumb_func
 295              	OD_write_1005:
 296              	.LVL28:
 297              	.LFB36:
  75:CANopen/301/CO_SYNC.c ****     if ((stream == NULL) || (stream->subIndex != 0U) || (buf == NULL) || (count != sizeof(uint32_t)
 298              		.loc 1 75 95 is_stmt 1 view -0
 299              		.cfi_startproc
 300              		@ args = 0, pretend = 0, frame = 0
 301              		@ frame_needed = 0, uses_anonymous_args = 0
  76:CANopen/301/CO_SYNC.c ****         || (countWritten == NULL)) {
 302              		.loc 1 76 5 view .LVU81
  76:CANopen/301/CO_SYNC.c ****         || (countWritten == NULL)) {
 303              		.loc 1 76 8 is_stmt 0 view .LVU82
 304 0000 0028     		cmp	r0, #0
 305 0002 7FD0     		beq	.L29
  75:CANopen/301/CO_SYNC.c ****     if ((stream == NULL) || (stream->subIndex != 0U) || (buf == NULL) || (count != sizeof(uint32_t)
 306              		.loc 1 75 95 view .LVU83
 307 0004 2DE9F04F 		push	{r4, r5, r6, r7, r8, r9, r10, fp, lr}
 308              	.LCFI6:
 309              		.cfi_def_cfa_offset 36
 310              		.cfi_offset 4, -36
 311              		.cfi_offset 5, -32
 312              		.cfi_offset 6, -28
 313              		.cfi_offset 7, -24
 314              		.cfi_offset 8, -20
 315              		.cfi_offset 9, -16
 316              		.cfi_offset 10, -12
 317              		.cfi_offset 11, -8
 318              		.cfi_offset 14, -4
 319 0008 85B0     		sub	sp, sp, #20
 320              	.LCFI7:
 321              		.cfi_def_cfa_offset 56
 322 000a 0C46     		mov	r4, r1
 323 000c 1546     		mov	r5, r2
 324 000e 1E46     		mov	r6, r3
 325 0010 0746     		mov	r7, r0
  76:CANopen/301/CO_SYNC.c ****         || (countWritten == NULL)) {
 326              		.loc 1 76 36 discriminator 1 view .LVU84
 327 0012 037D     		ldrb	r3, [r0, #20]	@ zero_extendqisi2
 328              	.LVL29:
  76:CANopen/301/CO_SYNC.c ****         || (countWritten == NULL)) {
 329              		.loc 1 76 26 discriminator 1 view .LVU85
 330 0014 002B     		cmp	r3, #0
 331 0016 77D1     		bne	.L30
  76:CANopen/301/CO_SYNC.c ****         || (countWritten == NULL)) {
 332              		.loc 1 76 54 discriminator 2 view .LVU86
 333 0018 0029     		cmp	r1, #0
 334 001a 77D0     		beq	.L31
  76:CANopen/301/CO_SYNC.c ****         || (countWritten == NULL)) {
 335              		.loc 1 76 71 discriminator 3 view .LVU87
 336 001c 042A     		cmp	r2, #4
 337 001e 77D1     		bne	.L32
  77:CANopen/301/CO_SYNC.c ****         return ODR_DEV_INCOMPAT;
 338              		.loc 1 77 9 view .LVU88
 339 0020 002E     		cmp	r6, #0
ARM GAS  C:\Users\Lenovo\AppData\Local\Temp\cc3QWgXt.s 			page 21


 340 0022 79D0     		beq	.L33
  81:CANopen/301/CO_SYNC.c ****     uint32_t cobIdSync = CO_getUint32(buf);
 341              		.loc 1 81 5 is_stmt 1 view .LVU89
  81:CANopen/301/CO_SYNC.c ****     uint32_t cobIdSync = CO_getUint32(buf);
 342              		.loc 1 81 16 is_stmt 0 view .LVU90
 343 0024 D0F80490 		ldr	r9, [r0, #4]
 344              	.LVL30:
  82:CANopen/301/CO_SYNC.c ****     uint16_t CAN_ID = (uint16_t)(cobIdSync & 0x7FFU);
 345              		.loc 1 82 5 is_stmt 1 view .LVU91
 346              	.LBB25:
 347              	.LBI25:
 605:CANopen/301/CO_driver.h **** }
 606:CANopen/301/CO_driver.h **** 
 607:CANopen/301/CO_driver.h **** /** Get uint16_t value from memory buffer, see @ref CO_getUint8 */
 608:CANopen/301/CO_driver.h **** static inline uint16_t
 609:CANopen/301/CO_driver.h **** CO_getUint16(const void* buf) {
 610:CANopen/301/CO_driver.h ****     uint16_t value;
 611:CANopen/301/CO_driver.h ****     (void)memmove((void*)&value, buf, sizeof(value));
 612:CANopen/301/CO_driver.h ****     return value;
 613:CANopen/301/CO_driver.h **** }
 614:CANopen/301/CO_driver.h **** 
 615:CANopen/301/CO_driver.h **** /** Get uint32_t value from memory buffer, see @ref CO_getUint8 */
 616:CANopen/301/CO_driver.h **** static inline uint32_t
 617:CANopen/301/CO_driver.h **** CO_getUint32(const void* buf) {
 348              		.loc 2 617 1 view .LVU92
 349              	.LBB26:
 618:CANopen/301/CO_driver.h ****     uint32_t value;
 350              		.loc 2 618 5 view .LVU93
 619:CANopen/301/CO_driver.h ****     (void)memmove((void*)&value, buf, sizeof(value));
 351              		.loc 2 619 5 view .LVU94
 352              		.loc 2 619 11 is_stmt 0 view .LVU95
 353 0028 0B68     		ldr	r3, [r1]	@ unaligned
 354              	.LVL31:
 620:CANopen/301/CO_driver.h ****     return value;
 355              		.loc 2 620 5 is_stmt 1 view .LVU96
 356              		.loc 2 620 5 is_stmt 0 view .LVU97
 357              	.LBE26:
 358              	.LBE25:
  83:CANopen/301/CO_SYNC.c **** 
 359              		.loc 1 83 5 is_stmt 1 view .LVU98
  83:CANopen/301/CO_SYNC.c **** 
 360              		.loc 1 83 23 is_stmt 0 view .LVU99
 361 002a 99B2     		uxth	r1, r3
 362              	.LVL32:
  83:CANopen/301/CO_SYNC.c **** 
 363              		.loc 1 83 14 view .LVU100
 364 002c C3F30A08 		ubfx	r8, r3, #0, #11
 365              	.LVL33:
  87:CANopen/301/CO_SYNC.c ****     if (((cobIdSync & 0xBFFFF800U) != 0U) || CO_IS_RESTRICTED_CAN_ID(CAN_ID)
 366              		.loc 1 87 5 is_stmt 1 view .LVU101
  87:CANopen/301/CO_SYNC.c ****     if (((cobIdSync & 0xBFFFF800U) != 0U) || CO_IS_RESTRICTED_CAN_ID(CAN_ID)
 367              		.loc 1 87 36 is_stmt 0 view .LVU102
 368 0030 03F0804A 		and	r10, r3, #1073741824
  87:CANopen/301/CO_SYNC.c ****     if (((cobIdSync & 0xBFFFF800U) != 0U) || CO_IS_RESTRICTED_CAN_ID(CAN_ID)
 369              		.loc 1 87 51 view .LVU103
 370 0034 C3F3807B 		ubfx	fp, r3, #30, #1
 371              	.LVL34:
ARM GAS  C:\Users\Lenovo\AppData\Local\Temp\cc3QWgXt.s 			page 22


  88:CANopen/301/CO_SYNC.c ****         || (SYNC->isProducer && isProducer && (CAN_ID != SYNC->CAN_ID))) {
 372              		.loc 1 88 5 is_stmt 1 view .LVU104
  88:CANopen/301/CO_SYNC.c ****         || (SYNC->isProducer && isProducer && (CAN_ID != SYNC->CAN_ID))) {
 373              		.loc 1 88 21 is_stmt 0 view .LVU105
 374 0038 414A     		ldr	r2, .L49
 375              	.LVL35:
  88:CANopen/301/CO_SYNC.c ****         || (SYNC->isProducer && isProducer && (CAN_ID != SYNC->CAN_ID))) {
 376              		.loc 1 88 21 view .LVU106
 377 003a 1A40     		ands	r2, r2, r3
  88:CANopen/301/CO_SYNC.c ****         || (SYNC->isProducer && isProducer && (CAN_ID != SYNC->CAN_ID))) {
 378              		.loc 1 88 8 view .LVU107
 379 003c 002A     		cmp	r2, #0
 380 003e 6DD1     		bne	.L34
  88:CANopen/301/CO_SYNC.c ****         || (SYNC->isProducer && isProducer && (CAN_ID != SYNC->CAN_ID))) {
 381              		.loc 1 88 43 discriminator 1 view .LVU108
 382 0040 11F4F06F 		tst	r1, #1920
 383 0044 6CD0     		beq	.L35
  88:CANopen/301/CO_SYNC.c ****         || (SYNC->isProducer && isProducer && (CAN_ID != SYNC->CAN_ID))) {
 384              		.loc 1 88 46 discriminator 2 view .LVU109
 385 0046 A8F20113 		subw	r3, r8, #257
 386              	.LVL36:
  88:CANopen/301/CO_SYNC.c ****         || (SYNC->isProducer && isProducer && (CAN_ID != SYNC->CAN_ID))) {
 387              		.loc 1 88 46 discriminator 2 view .LVU110
 388 004a 9BB2     		uxth	r3, r3
 389 004c 7F2B     		cmp	r3, #127
 390 004e 69D9     		bls	.L36
  88:CANopen/301/CO_SYNC.c ****         || (SYNC->isProducer && isProducer && (CAN_ID != SYNC->CAN_ID))) {
 391              		.loc 1 88 46 discriminator 3 view .LVU111
 392 0050 A8F28153 		subw	r3, r8, #1409
 393 0054 9BB2     		uxth	r3, r3
 394 0056 7E2B     		cmp	r3, #126
 395 0058 66D9     		bls	.L37
  88:CANopen/301/CO_SYNC.c ****         || (SYNC->isProducer && isProducer && (CAN_ID != SYNC->CAN_ID))) {
 396              		.loc 1 88 46 discriminator 4 view .LVU112
 397 005a A8F20163 		subw	r3, r8, #1537
 398 005e 9BB2     		uxth	r3, r3
 399 0060 7E2B     		cmp	r3, #126
 400 0062 63D9     		bls	.L38
  88:CANopen/301/CO_SYNC.c ****         || (SYNC->isProducer && isProducer && (CAN_ID != SYNC->CAN_ID))) {
 401              		.loc 1 88 46 discriminator 5 view .LVU113
 402 0064 A8F5DC63 		sub	r3, r8, #1760
 403 0068 9BB2     		uxth	r3, r3
 404 006a 1F2B     		cmp	r3, #31
 405 006c 60D9     		bls	.L39
  88:CANopen/301/CO_SYNC.c ****         || (SYNC->isProducer && isProducer && (CAN_ID != SYNC->CAN_ID))) {
 406              		.loc 1 88 46 discriminator 6 view .LVU114
 407 006e B8F5E06F 		cmp	r8, #1792
 408 0072 5FD8     		bhi	.L40
  89:CANopen/301/CO_SYNC.c ****         return ODR_INVALID_VALUE;
 409              		.loc 1 89 17 view .LVU115
 410 0074 D9F82430 		ldr	r3, [r9, #36]
  89:CANopen/301/CO_SYNC.c ****         return ODR_INVALID_VALUE;
 411              		.loc 1 89 9 view .LVU116
 412 0078 33B1     		cbz	r3, .L24
  89:CANopen/301/CO_SYNC.c ****         return ODR_INVALID_VALUE;
 413              		.loc 1 89 30 discriminator 1 view .LVU117
 414 007a BAF1000F 		cmp	r10, #0
ARM GAS  C:\Users\Lenovo\AppData\Local\Temp\cc3QWgXt.s 			page 23


 415 007e 03D0     		beq	.L24
  89:CANopen/301/CO_SYNC.c ****         return ODR_INVALID_VALUE;
 416              		.loc 1 89 62 discriminator 2 view .LVU118
 417 0080 B9F84830 		ldrh	r3, [r9, #72]
  89:CANopen/301/CO_SYNC.c ****         return ODR_INVALID_VALUE;
 418              		.loc 1 89 44 discriminator 2 view .LVU119
 419 0084 4345     		cmp	r3, r8
 420 0086 57D1     		bne	.L41
 421              	.L24:
  99:CANopen/301/CO_SYNC.c ****         CO_ReturnError_t CANret = CO_CANrxBufferInit(SYNC->CANdevRx, SYNC->CANdevRxIdx, CAN_ID, 0x7
 422              		.loc 1 99 5 is_stmt 1 view .LVU120
  99:CANopen/301/CO_SYNC.c ****         CO_ReturnError_t CANret = CO_CANrxBufferInit(SYNC->CANdevRx, SYNC->CANdevRxIdx, CAN_ID, 0x7
 423              		.loc 1 99 23 is_stmt 0 view .LVU121
 424 0088 B9F84830 		ldrh	r3, [r9, #72]
  99:CANopen/301/CO_SYNC.c ****         CO_ReturnError_t CANret = CO_CANrxBufferInit(SYNC->CANdevRx, SYNC->CANdevRxIdx, CAN_ID, 0x7
 425              		.loc 1 99 8 view .LVU122
 426 008c 4345     		cmp	r3, r8
 427 008e 10D1     		bne	.L47
 428              	.LVL37:
 429              	.L25:
 121:CANopen/301/CO_SYNC.c ****     if (isProducer) {
 430              		.loc 1 121 5 is_stmt 1 view .LVU123
 121:CANopen/301/CO_SYNC.c ****     if (isProducer) {
 431              		.loc 1 121 22 is_stmt 0 view .LVU124
 432 0090 C9F824B0 		str	fp, [r9, #36]
 122:CANopen/301/CO_SYNC.c ****         SYNC->counter = 0;
 433              		.loc 1 122 5 is_stmt 1 view .LVU125
 122:CANopen/301/CO_SYNC.c ****         SYNC->counter = 0;
 434              		.loc 1 122 8 is_stmt 0 view .LVU126
 435 0094 BAF1000F 		cmp	r10, #0
 436 0098 04D0     		beq	.L28
 123:CANopen/301/CO_SYNC.c ****         SYNC->timer = 0;
 437              		.loc 1 123 9 is_stmt 1 view .LVU127
 123:CANopen/301/CO_SYNC.c ****         SYNC->timer = 0;
 438              		.loc 1 123 23 is_stmt 0 view .LVU128
 439 009a 0023     		movs	r3, #0
 440 009c 89F81230 		strb	r3, [r9, #18]
 124:CANopen/301/CO_SYNC.c ****     }
 441              		.loc 1 124 9 is_stmt 1 view .LVU129
 124:CANopen/301/CO_SYNC.c ****     }
 442              		.loc 1 124 21 is_stmt 0 view .LVU130
 443 00a0 C9F81830 		str	r3, [r9, #24]
 444              	.L28:
 129:CANopen/301/CO_SYNC.c **** }
 445              		.loc 1 129 5 is_stmt 1 view .LVU131
 129:CANopen/301/CO_SYNC.c **** }
 446              		.loc 1 129 12 is_stmt 0 view .LVU132
 447 00a4 3346     		mov	r3, r6
 448 00a6 2A46     		mov	r2, r5
 449 00a8 2146     		mov	r1, r4
 450 00aa 3846     		mov	r0, r7
 451 00ac FFF7FEFF 		bl	OD_writeOriginal
 452              	.LVL38:
 453 00b0 2FE0     		b	.L23
 454              	.LVL39:
 455              	.L47:
 456              	.LBB27:
ARM GAS  C:\Users\Lenovo\AppData\Local\Temp\cc3QWgXt.s 			page 24


 100:CANopen/301/CO_SYNC.c ****                                                      (void*)SYNC, CO_SYNC_receive);
 457              		.loc 1 100 9 is_stmt 1 view .LVU133
 100:CANopen/301/CO_SYNC.c ****                                                      (void*)SYNC, CO_SYNC_receive);
 458              		.loc 1 100 35 is_stmt 0 view .LVU134
 459 00b2 B9F83410 		ldrh	r1, [r9, #52]
 460 00b6 D9F83000 		ldr	r0, [r9, #48]
 461              	.LVL40:
 100:CANopen/301/CO_SYNC.c ****                                                      (void*)SYNC, CO_SYNC_receive);
 462              		.loc 1 100 35 view .LVU135
 463 00ba 224B     		ldr	r3, .L49+4
 464 00bc 0293     		str	r3, [sp, #8]
 465              	.LVL41:
 100:CANopen/301/CO_SYNC.c ****                                                      (void*)SYNC, CO_SYNC_receive);
 466              		.loc 1 100 35 view .LVU136
 467 00be CDF80490 		str	r9, [sp, #4]
 468 00c2 0023     		movs	r3, #0
 469 00c4 0093     		str	r3, [sp]
 470 00c6 40F2FF73 		movw	r3, #2047
 471 00ca 4246     		mov	r2, r8
 472 00cc FFF7FEFF 		bl	CO_CANrxBufferInit
 473              	.LVL42:
 103:CANopen/301/CO_SYNC.c ****             return ODR_DEV_INCOMPAT;
 474              		.loc 1 103 9 is_stmt 1 view .LVU137
 103:CANopen/301/CO_SYNC.c ****             return ODR_DEV_INCOMPAT;
 475              		.loc 1 103 12 is_stmt 0 view .LVU138
 476 00d0 A0BB     		cbnz	r0, .L42
 108:CANopen/301/CO_SYNC.c ****                                              (SYNC->counterOverflowValue != 0U) ? 1U : 0U, false);
 477              		.loc 1 108 9 is_stmt 1 view .LVU139
 108:CANopen/301/CO_SYNC.c ****                                              (SYNC->counterOverflowValue != 0U) ? 1U : 0U, false);
 478              		.loc 1 108 27 is_stmt 0 view .LVU140
 479 00d2 D9F82800 		ldr	r0, [r9, #40]
 480              	.LVL43:
 108:CANopen/301/CO_SYNC.c ****                                              (SYNC->counterOverflowValue != 0U) ? 1U : 0U, false);
 481              		.loc 1 108 27 view .LVU141
 482 00d6 B9F84A10 		ldrh	r1, [r9, #74]
 109:CANopen/301/CO_SYNC.c **** 
 483              		.loc 1 109 51 view .LVU142
 484 00da 99F81120 		ldrb	r2, [r9, #17]	@ zero_extendqisi2
 108:CANopen/301/CO_SYNC.c ****                                              (SYNC->counterOverflowValue != 0U) ? 1U : 0U, false);
 485              		.loc 1 108 27 view .LVU143
 486 00de 02B1     		cbz	r2, .L26
 108:CANopen/301/CO_SYNC.c ****                                              (SYNC->counterOverflowValue != 0U) ? 1U : 0U, false);
 487              		.loc 1 108 27 discriminator 1 view .LVU144
 488 00e0 0122     		movs	r2, #1
 489              	.L26:
 108:CANopen/301/CO_SYNC.c ****                                              (SYNC->counterOverflowValue != 0U) ? 1U : 0U, false);
 490              		.loc 1 108 27 discriminator 4 view .LVU145
 491 00e2 0023     		movs	r3, #0
 492 00e4 0193     		str	r3, [sp, #4]
 493 00e6 0092     		str	r2, [sp]
 494 00e8 4246     		mov	r2, r8
 495 00ea FFF7FEFF 		bl	CO_CANtxBufferInit
 496              	.LVL44:
 108:CANopen/301/CO_SYNC.c ****                                              (SYNC->counterOverflowValue != 0U) ? 1U : 0U, false);
 497              		.loc 1 108 25 discriminator 1 view .LVU146
 498 00ee C9F82C00 		str	r0, [r9, #44]
 111:CANopen/301/CO_SYNC.c ****             SYNC->isProducer = false;
ARM GAS  C:\Users\Lenovo\AppData\Local\Temp\cc3QWgXt.s 			page 25


 499              		.loc 1 111 9 is_stmt 1 view .LVU147
 111:CANopen/301/CO_SYNC.c ****             SYNC->isProducer = false;
 500              		.loc 1 111 12 is_stmt 0 view .LVU148
 501 00f2 10B1     		cbz	r0, .L48
 117:CANopen/301/CO_SYNC.c ****     }
 502              		.loc 1 117 9 is_stmt 1 view .LVU149
 117:CANopen/301/CO_SYNC.c ****     }
 503              		.loc 1 117 22 is_stmt 0 view .LVU150
 504 00f4 A9F84880 		strh	r8, [r9, #72]	@ movhi
 505 00f8 CAE7     		b	.L25
 506              	.L48:
 112:CANopen/301/CO_SYNC.c ****             return ODR_DEV_INCOMPAT;
 507              		.loc 1 112 13 is_stmt 1 view .LVU151
 112:CANopen/301/CO_SYNC.c ****             return ODR_DEV_INCOMPAT;
 508              		.loc 1 112 30 is_stmt 0 view .LVU152
 509 00fa 0023     		movs	r3, #0
 510 00fc C9F82430 		str	r3, [r9, #36]
 113:CANopen/301/CO_SYNC.c ****         }
 511              		.loc 1 113 13 is_stmt 1 view .LVU153
 113:CANopen/301/CO_SYNC.c ****         }
 512              		.loc 1 113 20 is_stmt 0 view .LVU154
 513 0100 0920     		movs	r0, #9
 514 0102 06E0     		b	.L23
 515              	.LVL45:
 516              	.L29:
 517              	.LCFI8:
 518              		.cfi_def_cfa_offset 0
 519              		.cfi_restore 4
 520              		.cfi_restore 5
 521              		.cfi_restore 6
 522              		.cfi_restore 7
 523              		.cfi_restore 8
 524              		.cfi_restore 9
 525              		.cfi_restore 10
 526              		.cfi_restore 11
 527              		.cfi_restore 14
 113:CANopen/301/CO_SYNC.c ****         }
 528              		.loc 1 113 20 view .LVU155
 529              	.LBE27:
  78:CANopen/301/CO_SYNC.c ****     }
 530              		.loc 1 78 16 view .LVU156
 531 0104 0920     		movs	r0, #9
 532              	.LVL46:
 130:CANopen/301/CO_SYNC.c **** 
 533              		.loc 1 130 1 view .LVU157
 534 0106 7047     		bx	lr
 535              	.LVL47:
 536              	.L30:
 537              	.LCFI9:
 538              		.cfi_def_cfa_offset 56
 539              		.cfi_offset 4, -36
 540              		.cfi_offset 5, -32
 541              		.cfi_offset 6, -28
 542              		.cfi_offset 7, -24
 543              		.cfi_offset 8, -20
 544              		.cfi_offset 9, -16
 545              		.cfi_offset 10, -12
ARM GAS  C:\Users\Lenovo\AppData\Local\Temp\cc3QWgXt.s 			page 26


 546              		.cfi_offset 11, -8
 547              		.cfi_offset 14, -4
  78:CANopen/301/CO_SYNC.c ****     }
 548              		.loc 1 78 16 view .LVU158
 549 0108 0920     		movs	r0, #9
 550              	.LVL48:
  78:CANopen/301/CO_SYNC.c ****     }
 551              		.loc 1 78 16 view .LVU159
 552 010a 02E0     		b	.L23
 553              	.LVL49:
 554              	.L31:
  78:CANopen/301/CO_SYNC.c ****     }
 555              		.loc 1 78 16 view .LVU160
 556 010c 0920     		movs	r0, #9
 557              	.LVL50:
  78:CANopen/301/CO_SYNC.c ****     }
 558              		.loc 1 78 16 view .LVU161
 559 010e 00E0     		b	.L23
 560              	.LVL51:
 561              	.L32:
  78:CANopen/301/CO_SYNC.c ****     }
 562              		.loc 1 78 16 view .LVU162
 563 0110 0920     		movs	r0, #9
 564              	.LVL52:
 565              	.L23:
 130:CANopen/301/CO_SYNC.c **** 
 566              		.loc 1 130 1 view .LVU163
 567 0112 05B0     		add	sp, sp, #20
 568              	.LCFI10:
 569              		.cfi_remember_state
 570              		.cfi_def_cfa_offset 36
 571              		@ sp needed
 572 0114 BDE8F08F 		pop	{r4, r5, r6, r7, r8, r9, r10, fp, pc}
 573              	.LVL53:
 574              	.L33:
 575              	.LCFI11:
 576              		.cfi_restore_state
  78:CANopen/301/CO_SYNC.c ****     }
 577              		.loc 1 78 16 view .LVU164
 578 0118 0920     		movs	r0, #9
 579              	.LVL54:
  78:CANopen/301/CO_SYNC.c ****     }
 580              		.loc 1 78 16 view .LVU165
 581 011a FAE7     		b	.L23
 582              	.LVL55:
 583              	.L34:
  90:CANopen/301/CO_SYNC.c ****     }
 584              		.loc 1 90 16 view .LVU166
 585 011c 0F20     		movs	r0, #15
 586              	.LVL56:
  90:CANopen/301/CO_SYNC.c ****     }
 587              		.loc 1 90 16 view .LVU167
 588 011e F8E7     		b	.L23
 589              	.LVL57:
 590              	.L35:
  90:CANopen/301/CO_SYNC.c ****     }
 591              		.loc 1 90 16 view .LVU168
ARM GAS  C:\Users\Lenovo\AppData\Local\Temp\cc3QWgXt.s 			page 27


 592 0120 0F20     		movs	r0, #15
 593              	.LVL58:
  90:CANopen/301/CO_SYNC.c ****     }
 594              		.loc 1 90 16 view .LVU169
 595 0122 F6E7     		b	.L23
 596              	.LVL59:
 597              	.L36:
  90:CANopen/301/CO_SYNC.c ****     }
 598              		.loc 1 90 16 view .LVU170
 599 0124 0F20     		movs	r0, #15
 600              	.LVL60:
  90:CANopen/301/CO_SYNC.c ****     }
 601              		.loc 1 90 16 view .LVU171
 602 0126 F4E7     		b	.L23
 603              	.LVL61:
 604              	.L37:
  90:CANopen/301/CO_SYNC.c ****     }
 605              		.loc 1 90 16 view .LVU172
 606 0128 0F20     		movs	r0, #15
 607              	.LVL62:
  90:CANopen/301/CO_SYNC.c ****     }
 608              		.loc 1 90 16 view .LVU173
 609 012a F2E7     		b	.L23
 610              	.LVL63:
 611              	.L38:
  90:CANopen/301/CO_SYNC.c ****     }
 612              		.loc 1 90 16 view .LVU174
 613 012c 0F20     		movs	r0, #15
 614              	.LVL64:
  90:CANopen/301/CO_SYNC.c ****     }
 615              		.loc 1 90 16 view .LVU175
 616 012e F0E7     		b	.L23
 617              	.LVL65:
 618              	.L39:
  90:CANopen/301/CO_SYNC.c ****     }
 619              		.loc 1 90 16 view .LVU176
 620 0130 0F20     		movs	r0, #15
 621              	.LVL66:
  90:CANopen/301/CO_SYNC.c ****     }
 622              		.loc 1 90 16 view .LVU177
 623 0132 EEE7     		b	.L23
 624              	.LVL67:
 625              	.L40:
  90:CANopen/301/CO_SYNC.c ****     }
 626              		.loc 1 90 16 view .LVU178
 627 0134 0F20     		movs	r0, #15
 628              	.LVL68:
  90:CANopen/301/CO_SYNC.c ****     }
 629              		.loc 1 90 16 view .LVU179
 630 0136 ECE7     		b	.L23
 631              	.LVL69:
 632              	.L41:
  90:CANopen/301/CO_SYNC.c ****     }
 633              		.loc 1 90 16 view .LVU180
 634 0138 0F20     		movs	r0, #15
 635              	.LVL70:
  90:CANopen/301/CO_SYNC.c ****     }
ARM GAS  C:\Users\Lenovo\AppData\Local\Temp\cc3QWgXt.s 			page 28


 636              		.loc 1 90 16 view .LVU181
 637 013a EAE7     		b	.L23
 638              	.LVL71:
 639              	.L42:
 640              	.LBB28:
 104:CANopen/301/CO_SYNC.c ****         }
 641              		.loc 1 104 20 view .LVU182
 642 013c 0920     		movs	r0, #9
 643              	.LVL72:
 104:CANopen/301/CO_SYNC.c ****         }
 644              		.loc 1 104 20 view .LVU183
 645 013e E8E7     		b	.L23
 646              	.L50:
 647              		.align	2
 648              	.L49:
 649 0140 00F8FFBF 		.word	-1073743872
 650 0144 00000000 		.word	CO_SYNC_receive
 651              	.LBE28:
 652              		.cfi_endproc
 653              	.LFE36:
 655              		.section	.text.CO_SYNCsend,"ax",%progbits
 656              		.align	1
 657              		.syntax unified
 658              		.thumb
 659              		.thumb_func
 661              	CO_SYNCsend:
 662              	.LVL73:
 663              	.LFB34:
 664              		.file 3 "CANopen/301/CO_SYNC.h"
   1:CANopen/301/CO_SYNC.h **** /**
   2:CANopen/301/CO_SYNC.h ****  * CANopen Synchronisation protocol.
   3:CANopen/301/CO_SYNC.h ****  *
   4:CANopen/301/CO_SYNC.h ****  * @file        CO_SYNC.h
   5:CANopen/301/CO_SYNC.h ****  * @ingroup     CO_SYNC
   6:CANopen/301/CO_SYNC.h ****  * @author      Janez Paternoster
   7:CANopen/301/CO_SYNC.h ****  * @copyright   2004 - 2020 Janez Paternoster
   8:CANopen/301/CO_SYNC.h ****  *
   9:CANopen/301/CO_SYNC.h ****  * This file is part of <https://github.com/CANopenNode/CANopenNode>, a CANopen Stack.
  10:CANopen/301/CO_SYNC.h ****  *
  11:CANopen/301/CO_SYNC.h ****  * Licensed under the Apache License, Version 2.0 (the "License"); you may not use this
  12:CANopen/301/CO_SYNC.h ****  * file except in compliance with the License. You may obtain a copy of the License at
  13:CANopen/301/CO_SYNC.h ****  *
  14:CANopen/301/CO_SYNC.h ****  *     http://www.apache.org/licenses/LICENSE-2.0
  15:CANopen/301/CO_SYNC.h ****  *
  16:CANopen/301/CO_SYNC.h ****  * Unless required by applicable law or agreed to in writing, software distributed under the Licens
  17:CANopen/301/CO_SYNC.h ****  * distributed on an "AS IS" BASIS, WITHOUT WARRANTIES OR CONDITIONS OF ANY KIND, either express or
  18:CANopen/301/CO_SYNC.h ****  * See the License for the specific language governing permissions and limitations under the Licens
  19:CANopen/301/CO_SYNC.h ****  */
  20:CANopen/301/CO_SYNC.h **** 
  21:CANopen/301/CO_SYNC.h **** #ifndef CO_SYNC_H
  22:CANopen/301/CO_SYNC.h **** #define CO_SYNC_H
  23:CANopen/301/CO_SYNC.h **** 
  24:CANopen/301/CO_SYNC.h **** #include "301/CO_driver.h"
  25:CANopen/301/CO_SYNC.h **** #include "301/CO_ODinterface.h"
  26:CANopen/301/CO_SYNC.h **** #include "301/CO_Emergency.h"
  27:CANopen/301/CO_SYNC.h **** 
  28:CANopen/301/CO_SYNC.h **** /* default configuration, see CO_config.h */
ARM GAS  C:\Users\Lenovo\AppData\Local\Temp\cc3QWgXt.s 			page 29


  29:CANopen/301/CO_SYNC.h **** #ifndef CO_CONFIG_SYNC
  30:CANopen/301/CO_SYNC.h **** #define CO_CONFIG_SYNC                                                                             
  31:CANopen/301/CO_SYNC.h ****     (CO_CONFIG_SYNC_ENABLE | CO_CONFIG_SYNC_PRODUCER | CO_CONFIG_GLOBAL_RT_FLAG_CALLBACK_PRE       
  32:CANopen/301/CO_SYNC.h ****      | CO_CONFIG_GLOBAL_FLAG_TIMERNEXT | CO_CONFIG_GLOBAL_FLAG_OD_DYNAMIC)
  33:CANopen/301/CO_SYNC.h **** #endif
  34:CANopen/301/CO_SYNC.h **** 
  35:CANopen/301/CO_SYNC.h **** #if (((CO_CONFIG_SYNC)&CO_CONFIG_SYNC_ENABLE) != 0) || defined CO_DOXYGEN
  36:CANopen/301/CO_SYNC.h **** 
  37:CANopen/301/CO_SYNC.h **** #ifdef __cplusplus
  38:CANopen/301/CO_SYNC.h **** extern "C" {
  39:CANopen/301/CO_SYNC.h **** #endif
  40:CANopen/301/CO_SYNC.h **** 
  41:CANopen/301/CO_SYNC.h **** /**
  42:CANopen/301/CO_SYNC.h ****  * @defgroup CO_SYNC SYNC
  43:CANopen/301/CO_SYNC.h ****  * CANopen Synchronisation protocol.
  44:CANopen/301/CO_SYNC.h ****  *
  45:CANopen/301/CO_SYNC.h ****  * @ingroup CO_CANopen_301
  46:CANopen/301/CO_SYNC.h ****  * @{
  47:CANopen/301/CO_SYNC.h ****  * For CAN identifier see @ref CO_Default_CAN_ID_t
  48:CANopen/301/CO_SYNC.h ****  *
  49:CANopen/301/CO_SYNC.h ****  * SYNC message is used for synchronization of the nodes on network. One node can be SYNC producer,
  50:CANopen/301/CO_SYNC.h ****  * consumers. Synchronous TPDOs are transmitted after the CANopen SYNC message. Synchronous receive
  51:CANopen/301/CO_SYNC.h ****  * accepted(copied to OD) immediatelly after the reception of the next SYNC message.
  52:CANopen/301/CO_SYNC.h ****  *
  53:CANopen/301/CO_SYNC.h ****  * ####Contents of SYNC message
  54:CANopen/301/CO_SYNC.h ****  * By default SYNC message has no data. If _Synchronous counter overflow value_ from Object diction
  55:CANopen/301/CO_SYNC.h ****  * different than 0, SYNC message has one data byte: _counter_ incremented by 1 with every SYNC tra
  56:CANopen/301/CO_SYNC.h ****  *
  57:CANopen/301/CO_SYNC.h ****  * ####SYNC in CANopenNode
  58:CANopen/301/CO_SYNC.h ****  * According to CANopen, synchronous RPDOs must be processed after reception of the next sync messs
  59:CANopen/301/CO_SYNC.h ****  * there is a double receive buffer for each synchronous RPDO. At the moment, when SYNC is received
  60:CANopen/301/CO_SYNC.h ****  * internal variable CANrxToggle toggles. That variable is then used by synchronous RPDO to determi
  61:CANopen/301/CO_SYNC.h ****  * buffers is used for RPDO reception and which for RPDO processing.
  62:CANopen/301/CO_SYNC.h ****  */
  63:CANopen/301/CO_SYNC.h **** 
  64:CANopen/301/CO_SYNC.h **** /**
  65:CANopen/301/CO_SYNC.h ****  * SYNC producer and consumer object.
  66:CANopen/301/CO_SYNC.h ****  */
  67:CANopen/301/CO_SYNC.h **** typedef struct {
  68:CANopen/301/CO_SYNC.h ****     CO_EM_t* em;             /**< From CO_SYNC_init() */
  69:CANopen/301/CO_SYNC.h ****     volatile void* CANrxNew; /**< Indicates, if new SYNC message received from CAN bus */
  70:CANopen/301/CO_SYNC.h ****     uint8_t receiveError;    /**< Set to nonzero value, if SYNC with wrong data length is received 
  71:CANopen/301/CO_SYNC.h ****     bool_t CANrxToggle;      /**< Variable toggles, if new SYNC message received from CAN bus */
  72:CANopen/301/CO_SYNC.h ****     uint8_t timeoutError;    /**< Sync timeout monitoring: 0 = not started; 1 = started; 2 = sync t
  73:CANopen/301/CO_SYNC.h ****     uint8_t counterOverflowValue; /**< Value from _Synchronous counter overflow value_ variable fro
  74:CANopen/301/CO_SYNC.h ****                                      (index 0x1019) */
  75:CANopen/301/CO_SYNC.h ****     uint8_t counter;              /**< Counter of the SYNC message if counterOverflowValue is diffe
  76:CANopen/301/CO_SYNC.h ****     bool_t syncIsOutsideWindow;   /**< True, if current time is outside "synchronous window" (OD 10
  77:CANopen/301/CO_SYNC.h ****     uint32_t timer;               /**< Timer for the SYNC message in [microseconds]. Set to zero af
  78:CANopen/301/CO_SYNC.h ****                                      transmitted SYNC message */
  79:CANopen/301/CO_SYNC.h ****     uint32_t* OD_1006_period;     /**< Pointer to variable in OD, "Communication cycle period" in m
  80:CANopen/301/CO_SYNC.h ****     uint32_t* OD_1007_window;     /**< Pointer to variable in OD, "Synchronous window length" in mi
  81:CANopen/301/CO_SYNC.h **** 
  82:CANopen/301/CO_SYNC.h **** #if (((CO_CONFIG_SYNC)&CO_CONFIG_SYNC_PRODUCER) != 0) || defined CO_DOXYGEN
  83:CANopen/301/CO_SYNC.h ****     bool_t isProducer;        /**< True, if device is SYNC producer. Calculated from _COB ID SYNC M
  84:CANopen/301/CO_SYNC.h ****                                  from Object dictionary(index 0x1005).*/
  85:CANopen/301/CO_SYNC.h ****     CO_CANmodule_t* CANdevTx; /**< From CO_SYNC_init() */
ARM GAS  C:\Users\Lenovo\AppData\Local\Temp\cc3QWgXt.s 			page 30


  86:CANopen/301/CO_SYNC.h ****     CO_CANtx_t* CANtxBuff;    /**< CAN transmit buffer inside CANdevTx */
  87:CANopen/301/CO_SYNC.h **** #endif
  88:CANopen/301/CO_SYNC.h **** 
  89:CANopen/301/CO_SYNC.h **** #if ((CO_CONFIG_SYNC)&CO_CONFIG_FLAG_OD_DYNAMIC) || defined CO_DOXYGEN
  90:CANopen/301/CO_SYNC.h ****     CO_CANmodule_t* CANdevRx;         /**< From CO_SYNC_init() */
  91:CANopen/301/CO_SYNC.h ****     uint16_t CANdevRxIdx;             /**< From CO_SYNC_init() */
  92:CANopen/301/CO_SYNC.h ****     OD_extension_t OD_1005_extension; /**< Extension for OD object */
  93:CANopen/301/CO_SYNC.h ****     uint16_t CAN_ID;                  /**< CAN ID of the SYNC message. Calculated from _COB ID SYNC
  94:CANopen/301/CO_SYNC.h ****                                          from Object dictionary (index 0x1005). */
  95:CANopen/301/CO_SYNC.h **** #if (((CO_CONFIG_SYNC)&CO_CONFIG_SYNC_PRODUCER) != 0) || defined CO_DOXYGEN
  96:CANopen/301/CO_SYNC.h ****     uint16_t CANdevTxIdx;             /**< From CO_SYNC_init() */
  97:CANopen/301/CO_SYNC.h ****     OD_extension_t OD_1019_extension; /**< Extension for OD object */
  98:CANopen/301/CO_SYNC.h **** #endif
  99:CANopen/301/CO_SYNC.h **** #endif
 100:CANopen/301/CO_SYNC.h **** 
 101:CANopen/301/CO_SYNC.h **** #if (((CO_CONFIG_SYNC)&CO_CONFIG_FLAG_CALLBACK_PRE) != 0) || defined CO_DOXYGEN
 102:CANopen/301/CO_SYNC.h ****     void (*pFunctSignalPre)(void* object); /**< From CO_SYNC_initCallbackPre() or NULL */
 103:CANopen/301/CO_SYNC.h ****     void* functSignalObjectPre;            /**< From CO_SYNC_initCallbackPre() or NULL */
 104:CANopen/301/CO_SYNC.h **** #endif
 105:CANopen/301/CO_SYNC.h **** } CO_SYNC_t;
 106:CANopen/301/CO_SYNC.h **** 
 107:CANopen/301/CO_SYNC.h **** /**
 108:CANopen/301/CO_SYNC.h ****  * Return value for @ref CO_SYNC_process
 109:CANopen/301/CO_SYNC.h ****  */
 110:CANopen/301/CO_SYNC.h **** typedef enum {
 111:CANopen/301/CO_SYNC.h ****     CO_SYNC_NONE = 0,         /**< No SYNC event in last cycle */
 112:CANopen/301/CO_SYNC.h ****     CO_SYNC_RX_TX = 1,        /**< SYNC message was received or transmitted in last cycle */
 113:CANopen/301/CO_SYNC.h ****     CO_SYNC_PASSED_WINDOW = 2 /**< Time has just passed SYNC window (OD_1007) in last cycle */
 114:CANopen/301/CO_SYNC.h **** } CO_SYNC_status_t;
 115:CANopen/301/CO_SYNC.h **** 
 116:CANopen/301/CO_SYNC.h **** /**
 117:CANopen/301/CO_SYNC.h ****  * Initialize SYNC object.
 118:CANopen/301/CO_SYNC.h ****  *
 119:CANopen/301/CO_SYNC.h ****  * Function must be called in the communication reset section.
 120:CANopen/301/CO_SYNC.h ****  *
 121:CANopen/301/CO_SYNC.h ****  * @param SYNC This object will be initialized.
 122:CANopen/301/CO_SYNC.h ****  * @param em Emergency object.
 123:CANopen/301/CO_SYNC.h ****  * @param OD_1005_cobIdSync OD entry for 0x1005 - "COB-ID SYNC message", entry is required.
 124:CANopen/301/CO_SYNC.h ****  * @param OD_1006_commCyclePeriod OD entry for 0x1006 - "Communication cycle period", entry is requ
 125:CANopen/301/CO_SYNC.h ****  * sync producer.
 126:CANopen/301/CO_SYNC.h ****  * @param OD_1007_syncWindowLen OD entry for 0x1007 - "Synchronous window length", entry is optiona
 127:CANopen/301/CO_SYNC.h ****  * @param OD_1019_syncCounterOvf OD entry for 0x1019 - "Synchronous counter overflow value", entry 
 128:CANopen/301/CO_SYNC.h ****  * NULL.
 129:CANopen/301/CO_SYNC.h ****  * @param CANdevRx CAN device for SYNC reception.
 130:CANopen/301/CO_SYNC.h ****  * @param CANdevRxIdx Index of receive buffer in the above CAN device.
 131:CANopen/301/CO_SYNC.h ****  * @param CANdevTx CAN device for SYNC transmission.
 132:CANopen/301/CO_SYNC.h ****  * @param CANdevTxIdx Index of transmit buffer in the above CAN device.
 133:CANopen/301/CO_SYNC.h ****  * @param [out] errInfo Additional information in case of error, may be NULL.
 134:CANopen/301/CO_SYNC.h ****  *
 135:CANopen/301/CO_SYNC.h ****  * @return #CO_ReturnError_t CO_ERROR_NO on success.
 136:CANopen/301/CO_SYNC.h ****  */
 137:CANopen/301/CO_SYNC.h **** CO_ReturnError_t CO_SYNC_init(CO_SYNC_t* SYNC, CO_EM_t* em, OD_entry_t* OD_1005_cobIdSync,
 138:CANopen/301/CO_SYNC.h ****                               OD_entry_t* OD_1006_commCyclePeriod, OD_entry_t* OD_1007_syncWindowLe
 139:CANopen/301/CO_SYNC.h ****                               OD_entry_t* OD_1019_syncCounterOvf, CO_CANmodule_t* CANdevRx, uint16_
 140:CANopen/301/CO_SYNC.h **** #if (((CO_CONFIG_SYNC)&CO_CONFIG_SYNC_PRODUCER) != 0) || defined CO_DOXYGEN
 141:CANopen/301/CO_SYNC.h ****                               CO_CANmodule_t* CANdevTx, uint16_t CANdevTxIdx,
 142:CANopen/301/CO_SYNC.h **** #endif
ARM GAS  C:\Users\Lenovo\AppData\Local\Temp\cc3QWgXt.s 			page 31


 143:CANopen/301/CO_SYNC.h ****                               uint32_t* errInfo);
 144:CANopen/301/CO_SYNC.h **** 
 145:CANopen/301/CO_SYNC.h **** #if (((CO_CONFIG_SYNC)&CO_CONFIG_FLAG_CALLBACK_PRE) != 0) || defined CO_DOXYGEN
 146:CANopen/301/CO_SYNC.h **** /**
 147:CANopen/301/CO_SYNC.h ****  * Initialize SYNC callback function.
 148:CANopen/301/CO_SYNC.h ****  *
 149:CANopen/301/CO_SYNC.h ****  * Function initializes optional callback function, which should immediately start processing of CO
 150:CANopen/301/CO_SYNC.h ****  * function. Callback is called after SYNC message is received from the CAN bus.
 151:CANopen/301/CO_SYNC.h ****  *
 152:CANopen/301/CO_SYNC.h ****  * @param SYNC This object.
 153:CANopen/301/CO_SYNC.h ****  * @param object Pointer to object, which will be passed to pFunctSignalPre().
 154:CANopen/301/CO_SYNC.h ****  * @param pFunctSignalPre Pointer to the callback function. Not called if NULL.
 155:CANopen/301/CO_SYNC.h ****  */
 156:CANopen/301/CO_SYNC.h **** void CO_SYNC_initCallbackPre(CO_SYNC_t* SYNC, void* object, void (*pFunctSignalPre)(void* object));
 157:CANopen/301/CO_SYNC.h **** #endif
 158:CANopen/301/CO_SYNC.h **** 
 159:CANopen/301/CO_SYNC.h **** #if (((CO_CONFIG_SYNC)&CO_CONFIG_SYNC_PRODUCER) != 0) || defined CO_DOXYGEN
 160:CANopen/301/CO_SYNC.h **** /**
 161:CANopen/301/CO_SYNC.h ****  * Send SYNC message.
 162:CANopen/301/CO_SYNC.h ****  *
 163:CANopen/301/CO_SYNC.h ****  * This function prepares and sends a SYNC object. The application should only call this if direct 
 164:CANopen/301/CO_SYNC.h ****  * transmission is needed, otherwise use CO_SYNC_process().
 165:CANopen/301/CO_SYNC.h ****  *
 166:CANopen/301/CO_SYNC.h ****  * @param SYNC SYNC object.
 167:CANopen/301/CO_SYNC.h ****  *
 168:CANopen/301/CO_SYNC.h ****  * @return Same as CO_CANsend().
 169:CANopen/301/CO_SYNC.h ****  */
 170:CANopen/301/CO_SYNC.h **** static inline CO_ReturnError_t
 171:CANopen/301/CO_SYNC.h **** CO_SYNCsend(CO_SYNC_t* SYNC) {
 665              		.loc 3 171 30 is_stmt 1 view -0
 666              		.cfi_startproc
 667              		@ args = 0, pretend = 0, frame = 0
 668              		@ frame_needed = 0, uses_anonymous_args = 0
 669              		.loc 3 171 30 is_stmt 0 view .LVU185
 670 0000 08B5     		push	{r3, lr}
 671              	.LCFI12:
 672              		.cfi_def_cfa_offset 8
 673              		.cfi_offset 3, -8
 674              		.cfi_offset 14, -4
 172:CANopen/301/CO_SYNC.h ****     if (++SYNC->counter > SYNC->counterOverflowValue) {
 675              		.loc 3 172 5 is_stmt 1 view .LVU186
 676              		.loc 3 172 15 is_stmt 0 view .LVU187
 677 0002 837C     		ldrb	r3, [r0, #18]	@ zero_extendqisi2
 678              		.loc 3 172 9 view .LVU188
 679 0004 0133     		adds	r3, r3, #1
 680 0006 DBB2     		uxtb	r3, r3
 681              		.loc 3 172 8 view .LVU189
 682 0008 8374     		strb	r3, [r0, #18]
 683              		.loc 3 172 31 view .LVU190
 684 000a 427C     		ldrb	r2, [r0, #17]	@ zero_extendqisi2
 685              		.loc 3 172 8 view .LVU191
 686 000c 9342     		cmp	r3, r2
 687 000e 01D9     		bls	.L52
 173:CANopen/301/CO_SYNC.h ****         SYNC->counter = 1;
 688              		.loc 3 173 9 is_stmt 1 view .LVU192
 689              		.loc 3 173 23 is_stmt 0 view .LVU193
 690 0010 0123     		movs	r3, #1
ARM GAS  C:\Users\Lenovo\AppData\Local\Temp\cc3QWgXt.s 			page 32


 691 0012 8374     		strb	r3, [r0, #18]
 692              	.L52:
 174:CANopen/301/CO_SYNC.h ****     }
 175:CANopen/301/CO_SYNC.h ****     SYNC->timer = 0;
 693              		.loc 3 175 5 is_stmt 1 view .LVU194
 694              		.loc 3 175 17 is_stmt 0 view .LVU195
 695 0014 0023     		movs	r3, #0
 696 0016 8361     		str	r3, [r0, #24]
 176:CANopen/301/CO_SYNC.h ****     SYNC->CANrxToggle = SYNC->CANrxToggle ? false : true;
 697              		.loc 3 176 5 is_stmt 1 view .LVU196
 698              		.loc 3 176 29 is_stmt 0 view .LVU197
 699 0018 C368     		ldr	r3, [r0, #12]
 700              		.loc 3 176 51 view .LVU198
 701 001a B3FA83F3 		clz	r3, r3
 702 001e 5B09     		lsrs	r3, r3, #5
 703              		.loc 3 176 23 view .LVU199
 704 0020 C360     		str	r3, [r0, #12]
 177:CANopen/301/CO_SYNC.h ****     SYNC->CANtxBuff->data[0] = SYNC->counter;
 705              		.loc 3 177 5 is_stmt 1 view .LVU200
 706              		.loc 3 177 9 is_stmt 0 view .LVU201
 707 0022 C36A     		ldr	r3, [r0, #44]
 708              		.loc 3 177 36 view .LVU202
 709 0024 827C     		ldrb	r2, [r0, #18]	@ zero_extendqisi2
 710              		.loc 3 177 30 view .LVU203
 711 0026 5A71     		strb	r2, [r3, #5]
 178:CANopen/301/CO_SYNC.h ****     return CO_CANsend(SYNC->CANdevTx, SYNC->CANtxBuff);
 712              		.loc 3 178 5 is_stmt 1 view .LVU204
 713              		.loc 3 178 12 is_stmt 0 view .LVU205
 714 0028 C16A     		ldr	r1, [r0, #44]
 715 002a 806A     		ldr	r0, [r0, #40]
 716              	.LVL74:
 717              		.loc 3 178 12 view .LVU206
 718 002c FFF7FEFF 		bl	CO_CANsend
 719              	.LVL75:
 179:CANopen/301/CO_SYNC.h **** }
 720              		.loc 3 179 1 view .LVU207
 721 0030 08BD     		pop	{r3, pc}
 722              		.cfi_endproc
 723              	.LFE34:
 725              		.section	.text.CO_SYNC_init,"ax",%progbits
 726              		.align	1
 727              		.global	CO_SYNC_init
 728              		.syntax unified
 729              		.thumb
 730              		.thumb_func
 732              	CO_SYNC_init:
 733              	.LVL76:
 734              	.LFB38:
 170:CANopen/301/CO_SYNC.c **** #endif /* (CO_CONFIG_SYNC) & CO_CONFIG_SYNC_PRODUCER */
 171:CANopen/301/CO_SYNC.c **** #endif /* (CO_CONFIG_SYNC) & CO_CONFIG_FLAG_OD_DYNAMIC */
 172:CANopen/301/CO_SYNC.c **** 
 173:CANopen/301/CO_SYNC.c **** CO_ReturnError_t
 174:CANopen/301/CO_SYNC.c **** CO_SYNC_init(CO_SYNC_t* SYNC, CO_EM_t* em, OD_entry_t* OD_1005_cobIdSync, OD_entry_t* OD_1006_commC
 175:CANopen/301/CO_SYNC.c ****              OD_entry_t* OD_1007_syncWindowLen, OD_entry_t* OD_1019_syncCounterOvf, CO_CANmodule_t*
 176:CANopen/301/CO_SYNC.c ****              uint16_t CANdevRxIdx,
 177:CANopen/301/CO_SYNC.c **** #if ((CO_CONFIG_SYNC)&CO_CONFIG_SYNC_PRODUCER) != 0
 178:CANopen/301/CO_SYNC.c ****              CO_CANmodule_t* CANdevTx, uint16_t CANdevTxIdx,
ARM GAS  C:\Users\Lenovo\AppData\Local\Temp\cc3QWgXt.s 			page 33


 179:CANopen/301/CO_SYNC.c **** #endif
 180:CANopen/301/CO_SYNC.c ****              uint32_t* errInfo) {
 735              		.loc 1 180 33 is_stmt 1 view -0
 736              		.cfi_startproc
 737              		@ args = 28, pretend = 0, frame = 8
 738              		@ frame_needed = 0, uses_anonymous_args = 0
 739              		.loc 1 180 33 is_stmt 0 view .LVU209
 740 0000 2DE9F04F 		push	{r4, r5, r6, r7, r8, r9, r10, fp, lr}
 741              	.LCFI13:
 742              		.cfi_def_cfa_offset 36
 743              		.cfi_offset 4, -36
 744              		.cfi_offset 5, -32
 745              		.cfi_offset 6, -28
 746              		.cfi_offset 7, -24
 747              		.cfi_offset 8, -20
 748              		.cfi_offset 9, -16
 749              		.cfi_offset 10, -12
 750              		.cfi_offset 11, -8
 751              		.cfi_offset 14, -4
 752 0004 87B0     		sub	sp, sp, #28
 753              	.LCFI14:
 754              		.cfi_def_cfa_offset 64
 755 0006 DDF84880 		ldr	r8, [sp, #72]
 756 000a BDF84CA0 		ldrh	r10, [sp, #76]
 757 000e DDF85090 		ldr	r9, [sp, #80]
 758 0012 BDF854B0 		ldrh	fp, [sp, #84]
 181:CANopen/301/CO_SYNC.c ****     ODR_t odRet;
 759              		.loc 1 181 5 is_stmt 1 view .LVU210
 182:CANopen/301/CO_SYNC.c **** 
 183:CANopen/301/CO_SYNC.c ****     /* verify arguments */
 184:CANopen/301/CO_SYNC.c ****     if ((SYNC == NULL) || (em == NULL) || (OD_1005_cobIdSync == NULL)
 760              		.loc 1 184 5 view .LVU211
 761              		.loc 1 184 8 is_stmt 0 view .LVU212
 762 0016 0028     		cmp	r0, #0
 763 0018 00F0BC80 		beq	.L68
 764 001c 0F46     		mov	r7, r1
 765 001e 1546     		mov	r5, r2
 766 0020 1E46     		mov	r6, r3
 767 0022 0446     		mov	r4, r0
 768              		.loc 1 184 24 discriminator 1 view .LVU213
 769 0024 0029     		cmp	r1, #0
 770 0026 00F0B880 		beq	.L69
 771              		.loc 1 184 40 discriminator 2 view .LVU214
 772 002a 002A     		cmp	r2, #0
 773 002c 00F0B880 		beq	.L70
 185:CANopen/301/CO_SYNC.c **** #if ((CO_CONFIG_SYNC)&CO_CONFIG_SYNC_PRODUCER) != 0
 186:CANopen/301/CO_SYNC.c ****         || (OD_1006_commCyclePeriod == NULL) || (CANdevTx == NULL)
 774              		.loc 1 186 9 view .LVU215
 775 0030 002B     		cmp	r3, #0
 776 0032 00F0B880 		beq	.L71
 777              		.loc 1 186 46 discriminator 1 view .LVU216
 778 0036 B9F1000F 		cmp	r9, #0
 779 003a 00F0B780 		beq	.L72
 187:CANopen/301/CO_SYNC.c **** #endif
 188:CANopen/301/CO_SYNC.c ****         || (CANdevRx == NULL)) {
 780              		.loc 1 188 9 view .LVU217
 781 003e B8F1000F 		cmp	r8, #0
ARM GAS  C:\Users\Lenovo\AppData\Local\Temp\cc3QWgXt.s 			page 34


 782 0042 00F0B680 		beq	.L73
 189:CANopen/301/CO_SYNC.c ****         return CO_ERROR_ILLEGAL_ARGUMENT;
 190:CANopen/301/CO_SYNC.c ****     }
 191:CANopen/301/CO_SYNC.c **** 
 192:CANopen/301/CO_SYNC.c ****     /* clear object */
 193:CANopen/301/CO_SYNC.c ****     (void)memset(SYNC, 0, sizeof(CO_SYNC_t));
 783              		.loc 1 193 5 is_stmt 1 view .LVU218
 784              		.loc 1 193 11 is_stmt 0 view .LVU219
 785 0046 5C22     		movs	r2, #92
 786              	.LVL77:
 787              		.loc 1 193 11 view .LVU220
 788 0048 0021     		movs	r1, #0
 789              	.LVL78:
 790              		.loc 1 193 11 view .LVU221
 791 004a FFF7FEFF 		bl	memset
 792              	.LVL79:
 194:CANopen/301/CO_SYNC.c **** 
 195:CANopen/301/CO_SYNC.c ****     /* get and verify "COB-ID SYNC message" from OD and configure extension */
 196:CANopen/301/CO_SYNC.c ****     uint32_t cobIdSync = 0x00000080;
 793              		.loc 1 196 5 is_stmt 1 view .LVU222
 794              		.loc 1 196 14 is_stmt 0 view .LVU223
 795 004e 8023     		movs	r3, #128
 796 0050 0593     		str	r3, [sp, #20]
 197:CANopen/301/CO_SYNC.c **** 
 198:CANopen/301/CO_SYNC.c ****     odRet = OD_get_u32(OD_1005_cobIdSync, 0, &cobIdSync, true);
 797              		.loc 1 198 5 is_stmt 1 view .LVU224
 798              	.LVL80:
 799              	.LBB29:
 800              	.LBI29:
 801              		.file 4 "CANopen/301/CO_ODinterface.h"
   1:CANopen/301/CO_ODinterface.h **** /**
   2:CANopen/301/CO_ODinterface.h ****  * CANopen Object Dictionary interface
   3:CANopen/301/CO_ODinterface.h ****  *
   4:CANopen/301/CO_ODinterface.h ****  * @file        CO_ODinterface.h
   5:CANopen/301/CO_ODinterface.h ****  * @ingroup     CO_ODinterface
   6:CANopen/301/CO_ODinterface.h ****  * @author      Janez Paternoster
   7:CANopen/301/CO_ODinterface.h ****  * @copyright   2020 Janez Paternoster
   8:CANopen/301/CO_ODinterface.h ****  *
   9:CANopen/301/CO_ODinterface.h ****  * This file is part of <https://github.com/CANopenNode/CANopenNode>, a CANopen Stack.
  10:CANopen/301/CO_ODinterface.h ****  *
  11:CANopen/301/CO_ODinterface.h ****  * Licensed under the Apache License, Version 2.0 (the "License"); you may not use this
  12:CANopen/301/CO_ODinterface.h ****  * file except in compliance with the License. You may obtain a copy of the License at
  13:CANopen/301/CO_ODinterface.h ****  *
  14:CANopen/301/CO_ODinterface.h ****  *     http://www.apache.org/licenses/LICENSE-2.0
  15:CANopen/301/CO_ODinterface.h ****  *
  16:CANopen/301/CO_ODinterface.h ****  * Unless required by applicable law or agreed to in writing, software distributed under the Licens
  17:CANopen/301/CO_ODinterface.h ****  * distributed on an "AS IS" BASIS, WITHOUT WARRANTIES OR CONDITIONS OF ANY KIND, either express or
  18:CANopen/301/CO_ODinterface.h ****  * See the License for the specific language governing permissions and limitations under the Licens
  19:CANopen/301/CO_ODinterface.h ****  */
  20:CANopen/301/CO_ODinterface.h **** 
  21:CANopen/301/CO_ODinterface.h **** #ifndef CO_OD_INTERFACE_H
  22:CANopen/301/CO_ODinterface.h **** #define CO_OD_INTERFACE_H
  23:CANopen/301/CO_ODinterface.h **** 
  24:CANopen/301/CO_ODinterface.h **** #include "301/CO_driver.h"
  25:CANopen/301/CO_ODinterface.h **** 
  26:CANopen/301/CO_ODinterface.h **** #ifdef __cplusplus
  27:CANopen/301/CO_ODinterface.h **** extern "C" {
ARM GAS  C:\Users\Lenovo\AppData\Local\Temp\cc3QWgXt.s 			page 35


  28:CANopen/301/CO_ODinterface.h **** #endif
  29:CANopen/301/CO_ODinterface.h **** 
  30:CANopen/301/CO_ODinterface.h **** /**
  31:CANopen/301/CO_ODinterface.h ****  * @defgroup CO_ODinterface OD interface
  32:CANopen/301/CO_ODinterface.h ****  * CANopen Object Dictionary interface.
  33:CANopen/301/CO_ODinterface.h ****  *
  34:CANopen/301/CO_ODinterface.h ****  * @ingroup CO_CANopen_301
  35:CANopen/301/CO_ODinterface.h ****  * @{
  36:CANopen/301/CO_ODinterface.h ****  * See @ref md_doc_2objectDictionary
  37:CANopen/301/CO_ODinterface.h ****  */
  38:CANopen/301/CO_ODinterface.h **** 
  39:CANopen/301/CO_ODinterface.h **** #ifndef CO_OD_OWN_TYPES
  40:CANopen/301/CO_ODinterface.h **** typedef uint32_t OD_size_t; /**< Variable of type OD_size_t contains data length in bytes of OD var
  41:CANopen/301/CO_ODinterface.h **** typedef uint8_t OD_attr_t;  /**< Type (and size) of Object Dictionary attribute */
  42:CANopen/301/CO_ODinterface.h **** #endif
  43:CANopen/301/CO_ODinterface.h **** 
  44:CANopen/301/CO_ODinterface.h **** #ifndef OD_FLAGS_PDO_SIZE
  45:CANopen/301/CO_ODinterface.h **** #define OD_FLAGS_PDO_SIZE 4U /**< Size of of flagsPDO variable inside @ref OD_extension_t, from 0 t
  46:CANopen/301/CO_ODinterface.h **** #endif
  47:CANopen/301/CO_ODinterface.h **** 
  48:CANopen/301/CO_ODinterface.h **** #ifndef CO_PROGMEM
  49:CANopen/301/CO_ODinterface.h **** /** Modifier for OD objects. This is large amount of data and is specified in Object Dictionary (OD
  50:CANopen/301/CO_ODinterface.h **** #define CO_PROGMEM const
  51:CANopen/301/CO_ODinterface.h **** #endif
  52:CANopen/301/CO_ODinterface.h **** 
  53:CANopen/301/CO_ODinterface.h **** /**
  54:CANopen/301/CO_ODinterface.h ****  * Common DS301 object dictionary entries.
  55:CANopen/301/CO_ODinterface.h ****  */
  56:CANopen/301/CO_ODinterface.h **** typedef enum {
  57:CANopen/301/CO_ODinterface.h ****     OD_H1000_DEV_TYPE = 0x1000U,           /**< Device type */
  58:CANopen/301/CO_ODinterface.h ****     OD_H1001_ERR_REG = 0x1001U,            /**< Error register */
  59:CANopen/301/CO_ODinterface.h ****     OD_H1002_MANUF_STATUS_REG = 0x1002U,   /**< Manufacturer status register */
  60:CANopen/301/CO_ODinterface.h ****     OD_H1003_PREDEF_ERR_FIELD = 0x1003U,   /**< Predefined error field */
  61:CANopen/301/CO_ODinterface.h ****     OD_H1004_RSV = 0x1004U,                /**< Reserved */
  62:CANopen/301/CO_ODinterface.h ****     OD_H1005_COBID_SYNC = 0x1005U,         /**< Sync message cob-id */
  63:CANopen/301/CO_ODinterface.h ****     OD_H1006_COMM_CYCL_PERIOD = 0x1006U,   /**< Communication cycle period */
  64:CANopen/301/CO_ODinterface.h ****     OD_H1007_SYNC_WINDOW_LEN = 0x1007U,    /**< Sync windows length */
  65:CANopen/301/CO_ODinterface.h ****     OD_H1008_MANUF_DEV_NAME = 0x1008U,     /**< Manufacturer device name */
  66:CANopen/301/CO_ODinterface.h ****     OD_H1009_MANUF_HW_VERSION = 0x1009U,   /**< Manufacturer hardware version */
  67:CANopen/301/CO_ODinterface.h ****     OD_H100A_MANUF_SW_VERSION = 0x100AU,   /**< Manufacturer software version */
  68:CANopen/301/CO_ODinterface.h ****     OD_H100B_RSV = 0x100BU,                /**< Reserved */
  69:CANopen/301/CO_ODinterface.h ****     OD_H100C_GUARD_TIME = 0x100CU,         /**< Guard time */
  70:CANopen/301/CO_ODinterface.h ****     OD_H100D_LIFETIME_FACTOR = 0x100DU,    /**< Life time factor */
  71:CANopen/301/CO_ODinterface.h ****     OD_H100E_RSV = 0x100EU,                /**< Reserved */
  72:CANopen/301/CO_ODinterface.h ****     OD_H100F_RSV = 0x100FU,                /**< Reserved */
  73:CANopen/301/CO_ODinterface.h ****     OD_H1010_STORE_PARAMETERS = 0x1010U,   /**< Store params in persistent mem. */
  74:CANopen/301/CO_ODinterface.h ****     OD_H1011_RESTORE_DEFAULT = 0x1011U,    /**< Restore default parameters */
  75:CANopen/301/CO_ODinterface.h ****     OD_H1012_COBID_TIME = 0x1012U,         /**< Timestamp message cob-id */
  76:CANopen/301/CO_ODinterface.h ****     OD_H1013_HIGH_RES_TIMESTAMP = 0x1013U, /**< High resolution timestamp */
  77:CANopen/301/CO_ODinterface.h ****     OD_H1014_COBID_EMERGENCY = 0x1014U,    /**< Emergency message cob-id */
  78:CANopen/301/CO_ODinterface.h ****     OD_H1015_INHIBIT_TIME_EMCY = 0x1015U,  /**< Inhibit time emergency message */
  79:CANopen/301/CO_ODinterface.h ****     OD_H1016_CONSUMER_HB_TIME = 0x1016U,   /**< Consumer heartbeat time */
  80:CANopen/301/CO_ODinterface.h ****     OD_H1017_PRODUCER_HB_TIME = 0x1017U,   /**< Producer heartbeat time */
  81:CANopen/301/CO_ODinterface.h ****     OD_H1018_IDENTITY_OBJECT = 0x1018U,    /**< Identity object */
  82:CANopen/301/CO_ODinterface.h ****     OD_H1019_SYNC_CNT_OVERFLOW = 0x1019U,  /**< Sync counter overflow value */
  83:CANopen/301/CO_ODinterface.h ****     OD_H1020_VERIFY_CONFIG = 0x1020U,      /**< Verify configuration */
  84:CANopen/301/CO_ODinterface.h ****     OD_H1021_STORE_EDS = 0x1021U,          /**< Store EDS */
ARM GAS  C:\Users\Lenovo\AppData\Local\Temp\cc3QWgXt.s 			page 36


  85:CANopen/301/CO_ODinterface.h ****     OD_H1022_STORE_FORMAT = 0x1022U,       /**< Store format */
  86:CANopen/301/CO_ODinterface.h ****     OD_H1023_OS_CMD = 0x1023U,             /**< OS command */
  87:CANopen/301/CO_ODinterface.h ****     OD_H1024_OS_CMD_MODE = 0x1024U,        /**< OS command mode */
  88:CANopen/301/CO_ODinterface.h ****     OD_H1025_OS_DBG_INTERFACE = 0x1025U,   /**< OS debug interface */
  89:CANopen/301/CO_ODinterface.h ****     OD_H1026_OS_PROMPT = 0x1026U,          /**< OS prompt */
  90:CANopen/301/CO_ODinterface.h ****     OD_H1027_MODULE_LIST = 0x1027U,        /**< Module list */
  91:CANopen/301/CO_ODinterface.h ****     OD_H1028_EMCY_CONSUMER = 0x1028U,      /**< Emergency consumer object */
  92:CANopen/301/CO_ODinterface.h ****     OD_H1029_ERR_BEHAVIOR = 0x1029U,       /**< Error behaviour */
  93:CANopen/301/CO_ODinterface.h ****     OD_H1200_SDO_SERVER_1_PARAM = 0x1200U, /**< SDO server parameter */
  94:CANopen/301/CO_ODinterface.h ****     OD_H1280_SDO_CLIENT_1_PARAM = 0x1280U, /**< SDO client parameter */
  95:CANopen/301/CO_ODinterface.h ****     OD_H1300_GFC_PARAM = 0x1300U,          /**< Global fail-safe command param */
  96:CANopen/301/CO_ODinterface.h ****     OD_H1301_SRDO_1_PARAM = 0x1301U,       /**< SRDO communication parameter */
  97:CANopen/301/CO_ODinterface.h ****     OD_H1381_SRDO_1_MAPPING = 0x1381U,     /**< SRDO mapping parameter */
  98:CANopen/301/CO_ODinterface.h ****     OD_H13FE_SRDO_VALID = 0x13FEU,         /**< SRDO Configuration valid */
  99:CANopen/301/CO_ODinterface.h ****     OD_H13FF_SRDO_CHECKSUM = 0x13FFU,      /**< SRDO configuration checksum */
 100:CANopen/301/CO_ODinterface.h ****     OD_H1400_RXPDO_1_PARAM = 0x1400U,      /**< RXPDO communication parameter */
 101:CANopen/301/CO_ODinterface.h ****     OD_H1600_RXPDO_1_MAPPING = 0x1600U,    /**< RXPDO mapping parameters */
 102:CANopen/301/CO_ODinterface.h ****     OD_H1800_TXPDO_1_PARAM = 0x1800U,      /**< TXPDO communication parameter */
 103:CANopen/301/CO_ODinterface.h ****     OD_H1A00_TXPDO_1_MAPPING = 0x1A00U,    /**< TXPDO mapping parameters */
 104:CANopen/301/CO_ODinterface.h **** } OD_ObjDicId_30x_t;
 105:CANopen/301/CO_ODinterface.h **** 
 106:CANopen/301/CO_ODinterface.h **** /**
 107:CANopen/301/CO_ODinterface.h ****  * Attributes (bit masks) for OD sub-object.
 108:CANopen/301/CO_ODinterface.h ****  */
 109:CANopen/301/CO_ODinterface.h **** typedef enum {
 110:CANopen/301/CO_ODinterface.h ****     ODA_SDO_R = 0x01U,  /**< SDO server may read from the variable */
 111:CANopen/301/CO_ODinterface.h ****     ODA_SDO_W = 0x02U,  /**< SDO server may write to the variable */
 112:CANopen/301/CO_ODinterface.h ****     ODA_SDO_RW = 0x03U, /**< SDO server may read from or write to the variable */
 113:CANopen/301/CO_ODinterface.h ****     ODA_TPDO = 0x04U,   /**< Variable is mappable into TPDO (can be read) */
 114:CANopen/301/CO_ODinterface.h ****     ODA_RPDO = 0x08U,   /**< Variable is mappable into RPDO (can be written) */
 115:CANopen/301/CO_ODinterface.h ****     ODA_TRPDO = 0x0CU,  /**< Variable is mappable into TPDO or RPDO */
 116:CANopen/301/CO_ODinterface.h ****     ODA_TSRDO = 0x10U,  /**< Variable is mappable into transmitting SRDO */
 117:CANopen/301/CO_ODinterface.h ****     ODA_RSRDO = 0x20U,  /**< Variable is mappable into receiving SRDO */
 118:CANopen/301/CO_ODinterface.h ****     ODA_TRSRDO = 0x30U, /**< Variable is mappable into tx or rx SRDO */
 119:CANopen/301/CO_ODinterface.h ****     ODA_MB = 0x40U,     /**< Variable is multi-byte ((u)int16_t to (u)int64_t) */
 120:CANopen/301/CO_ODinterface.h ****     ODA_STR = 0x80U     /**< Shorter value, than specified variable size, may be written to the var
 121:CANopen/301/CO_ODinterface.h ****                            fill remaining memory with zeroes. Attribute is used for VISIBLE_STRING 
 122:CANopen/301/CO_ODinterface.h **** } OD_attributes_t;
 123:CANopen/301/CO_ODinterface.h **** 
 124:CANopen/301/CO_ODinterface.h **** /**
 125:CANopen/301/CO_ODinterface.h ****  * Return codes from OD access functions.
 126:CANopen/301/CO_ODinterface.h ****  *
 127:CANopen/301/CO_ODinterface.h ****  * @ref OD_getSDOabCode() can be used to retrieve corresponding SDO abort code.
 128:CANopen/301/CO_ODinterface.h ****  */
 129:CANopen/301/CO_ODinterface.h **** typedef enum {
 130:CANopen/301/CO_ODinterface.h ****     /* !!!! WARNING !!!! If changing these values, change also OD_getSDOabCode() function! */
 131:CANopen/301/CO_ODinterface.h ****     ODR_PARTIAL = -1,        /**< Read/write is only partial, make more calls */
 132:CANopen/301/CO_ODinterface.h ****     ODR_OK = 0,              /**< SDO abort 0x00000000 - Read/write successfully finished */
 133:CANopen/301/CO_ODinterface.h ****     ODR_OUT_OF_MEM = 1,      /**< SDO abort 0x05040005 - Out of memory */
 134:CANopen/301/CO_ODinterface.h ****     ODR_UNSUPP_ACCESS = 2,   /**< SDO abort 0x06010000 - Unsupported access to an object */
 135:CANopen/301/CO_ODinterface.h ****     ODR_WRITEONLY = 3,       /**< SDO abort 0x06010001 - Attempt to read a write only object */
 136:CANopen/301/CO_ODinterface.h ****     ODR_READONLY = 4,        /**< SDO abort 0x06010002 - Attempt to write a read only object */
 137:CANopen/301/CO_ODinterface.h ****     ODR_IDX_NOT_EXIST = 5,   /**< SDO abort 0x06020000 - Object does not exist in the object dict. 
 138:CANopen/301/CO_ODinterface.h ****     ODR_NO_MAP = 6,          /**< SDO abort 0x06040041 - Object cannot be mapped to the PDO */
 139:CANopen/301/CO_ODinterface.h ****     ODR_MAP_LEN = 7,         /**< SDO abort 0x06040042 - PDO length exceeded */
 140:CANopen/301/CO_ODinterface.h ****     ODR_PAR_INCOMPAT = 8,    /**< SDO abort 0x06040043 - General parameter incompatibility reasons 
 141:CANopen/301/CO_ODinterface.h ****     ODR_DEV_INCOMPAT = 9,    /**< SDO abort 0x06040047 - General internal incompatibility in device
ARM GAS  C:\Users\Lenovo\AppData\Local\Temp\cc3QWgXt.s 			page 37


 142:CANopen/301/CO_ODinterface.h ****     ODR_HW = 10,             /**< SDO abort 0x06060000 - Access failed due to hardware error */
 143:CANopen/301/CO_ODinterface.h ****     ODR_TYPE_MISMATCH = 11,  /**< SDO abort 0x06070010 - Data type does not match */
 144:CANopen/301/CO_ODinterface.h ****     ODR_DATA_LONG = 12,      /**< SDO abort 0x06070012 - Data type does not match, length too high 
 145:CANopen/301/CO_ODinterface.h ****     ODR_DATA_SHORT = 13,     /**< SDO abort 0x06070013 - Data type does not match, length too short
 146:CANopen/301/CO_ODinterface.h ****     ODR_SUB_NOT_EXIST = 14,  /**< SDO abort 0x06090011 - Sub index does not exist */
 147:CANopen/301/CO_ODinterface.h ****     ODR_INVALID_VALUE = 15,  /**< SDO abort 0x06090030 - Invalid value for parameter (download only
 148:CANopen/301/CO_ODinterface.h ****     ODR_VALUE_HIGH = 16,     /**< SDO abort 0x06090031 - Value range of parameter written too high 
 149:CANopen/301/CO_ODinterface.h ****     ODR_VALUE_LOW = 17,      /**< SDO abort 0x06090032 - Value range of parameter written too low *
 150:CANopen/301/CO_ODinterface.h ****     ODR_MAX_LESS_MIN = 18,   /**< SDO abort 0x06090036 - Maximum value is less than minimum value *
 151:CANopen/301/CO_ODinterface.h ****     ODR_NO_RESOURCE = 19,    /**< SDO abort 0x060A0023 - Resource not available: SDO connection */
 152:CANopen/301/CO_ODinterface.h ****     ODR_GENERAL = 20,        /**< SDO abort 0x08000000 - General error */
 153:CANopen/301/CO_ODinterface.h ****     ODR_DATA_TRANSF = 21,    /**< SDO abort 0x08000020 - Data cannot be transferred or stored to ap
 154:CANopen/301/CO_ODinterface.h ****     ODR_DATA_LOC_CTRL = 22,  /**< SDO abort 0x08000021 - Data can't be transferred (local control) 
 155:CANopen/301/CO_ODinterface.h ****     ODR_DATA_DEV_STATE = 23, /**< SDO abort 0x08000022 - Data can't be transf. (present device stat
 156:CANopen/301/CO_ODinterface.h ****     ODR_OD_MISSING = 24,     /**< SDO abort 0x08000023 - Object dictionary not present */
 157:CANopen/301/CO_ODinterface.h ****     ODR_NO_DATA = 25,        /**< SDO abort 0x08000024 - No data available */
 158:CANopen/301/CO_ODinterface.h ****     ODR_COUNT = 26           /**< Last element, number of responses */
 159:CANopen/301/CO_ODinterface.h **** } ODR_t;
 160:CANopen/301/CO_ODinterface.h **** 
 161:CANopen/301/CO_ODinterface.h **** /**
 162:CANopen/301/CO_ODinterface.h ****  * IO stream structure, used for read/write access to OD variable, part of @ref OD_IO_t.
 163:CANopen/301/CO_ODinterface.h ****  */
 164:CANopen/301/CO_ODinterface.h **** typedef struct {
 165:CANopen/301/CO_ODinterface.h ****     void* dataOrig; /**< Pointer to original data object, defined by Object Dictionary. Default rea
 166:CANopen/301/CO_ODinterface.h ****                      * operate on it. If memory for data object is not specified by Object Dictiona
 167:CANopen/301/CO_ODinterface.h ****                      * NULL. */
 168:CANopen/301/CO_ODinterface.h ****     void* object; /**< Pointer to object, passed by @ref OD_extension_init(). Can be used inside re
 169:CANopen/301/CO_ODinterface.h ****                    * from IO   extension. */
 170:CANopen/301/CO_ODinterface.h ****     OD_size_t dataLength; /**< Data length in bytes or 0, if length is not specified */
 171:CANopen/301/CO_ODinterface.h ****     OD_size_t dataOffset; /**< In case of large data, dataOffset indicates position of already tran
 172:CANopen/301/CO_ODinterface.h ****     OD_attr_t attribute;  /**< Attribute bit-field of the OD sub-object, see @ref OD_attributes_t *
 173:CANopen/301/CO_ODinterface.h ****     uint16_t index;       /**< Index of the OD object, informative */
 174:CANopen/301/CO_ODinterface.h ****     uint8_t subIndex;     /**< Sub index of the OD sub-object, informative */
 175:CANopen/301/CO_ODinterface.h **** } OD_stream_t;
 176:CANopen/301/CO_ODinterface.h **** 
 177:CANopen/301/CO_ODinterface.h **** /**
 178:CANopen/301/CO_ODinterface.h ****  * Structure for input / output on the OD variable. It is initialized with @ref OD_getSub() functio
 179:CANopen/301/CO_ODinterface.h ****  * to OD variable is via read/write functions operating on stream, similar as standard read/write.
 180:CANopen/301/CO_ODinterface.h ****  */
 181:CANopen/301/CO_ODinterface.h **** typedef struct {
 182:CANopen/301/CO_ODinterface.h ****     /** Object Dictionary stream object, passed to read or write */
 183:CANopen/301/CO_ODinterface.h ****     OD_stream_t stream;
 184:CANopen/301/CO_ODinterface.h ****     /**
 185:CANopen/301/CO_ODinterface.h ****      * Function pointer for reading value from specified variable from Object Dictionary. If OD var
 186:CANopen/301/CO_ODinterface.h ****      * buf, then this function must be called several times. After completed successful read functi
 187:CANopen/301/CO_ODinterface.h ****      * If read is partial, it returns 'ODR_PARTIAL'. In case of errors function returns code simila
 188:CANopen/301/CO_ODinterface.h ****      *
 189:CANopen/301/CO_ODinterface.h ****      * Read can be restarted with @ref OD_rwRestart() function.
 190:CANopen/301/CO_ODinterface.h ****      *
 191:CANopen/301/CO_ODinterface.h ****      * At the moment, when Object Dictionary is initialized, every variable has assigned the same "
 192:CANopen/301/CO_ODinterface.h ****      * default function simply copies data from Object Dictionary variable. Application can bind it
 193:CANopen/301/CO_ODinterface.h ****      * for specific object. In that case application is able to calculate data for reading from own
 194:CANopen/301/CO_ODinterface.h ****      * the moment of "read" function call. Own "read" function on OD object can be initialized with
 195:CANopen/301/CO_ODinterface.h ****      * OD_extension_init() function.
 196:CANopen/301/CO_ODinterface.h ****      *
 197:CANopen/301/CO_ODinterface.h ****      * "read" function must always copy all own data to buf, except if "buf" is not large enough. (
 198:CANopen/301/CO_ODinterface.h ****      * not return 'ODR_PARTIAL', if there is still space in "buf".)
ARM GAS  C:\Users\Lenovo\AppData\Local\Temp\cc3QWgXt.s 			page 38


 199:CANopen/301/CO_ODinterface.h ****      *
 200:CANopen/301/CO_ODinterface.h ****      * @warning Do not use @ref CO_LOCK_OD() and @ref CO_UNLOCK_OD() macros inside the read() funct
 201:CANopen/301/CO_ODinterface.h ****      * CO_critical_sections.
 202:CANopen/301/CO_ODinterface.h ****      *
 203:CANopen/301/CO_ODinterface.h ****      * @param stream Object Dictionary stream object.
 204:CANopen/301/CO_ODinterface.h ****      * @param buf Pointer to external buffer, where to data will be copied.
 205:CANopen/301/CO_ODinterface.h ****      * @param count Size of the external buffer in bytes.
 206:CANopen/301/CO_ODinterface.h ****      * @param [out] countRead If return value is "ODR_OK" or "ODR_PARTIAL", then number of bytes su
 207:CANopen/301/CO_ODinterface.h ****      * be returned here.
 208:CANopen/301/CO_ODinterface.h ****      *
 209:CANopen/301/CO_ODinterface.h ****      * @return Value from @ref ODR_t, "ODR_OK" in case of success.
 210:CANopen/301/CO_ODinterface.h ****      */
 211:CANopen/301/CO_ODinterface.h ****     ODR_t (*read)(OD_stream_t* stream, void* buf, OD_size_t count, OD_size_t* countRead);
 212:CANopen/301/CO_ODinterface.h ****     /**
 213:CANopen/301/CO_ODinterface.h ****      * Function pointer for writing value into specified variable inside Object Dictionary. If OD v
 214:CANopen/301/CO_ODinterface.h ****      * than buf, then this function must be called several times. After completed successful write 
 215:CANopen/301/CO_ODinterface.h ****      * 'ODR_OK'. If write is partial, it returns 'ODR_PARTIAL'. In case of errors function returns 
 216:CANopen/301/CO_ODinterface.h ****      * abort code.
 217:CANopen/301/CO_ODinterface.h ****      *
 218:CANopen/301/CO_ODinterface.h ****      * Write can be restarted with @ref OD_rwRestart() function.
 219:CANopen/301/CO_ODinterface.h ****      *
 220:CANopen/301/CO_ODinterface.h ****      * At the moment, when Object Dictionary is initialized, every variable has assigned the same "
 221:CANopen/301/CO_ODinterface.h ****      * which simply copies data to Object Dictionary variable. Application can bind its own "write"
 222:CANopen/301/CO_ODinterface.h ****      * it can bind "read" function.
 223:CANopen/301/CO_ODinterface.h ****      *
 224:CANopen/301/CO_ODinterface.h ****      * "write" function must always copy all available data from buf. If OD variable expect more da
 225:CANopen/301/CO_ODinterface.h ****      * "*returnCode" must return 'ODR_PARTIAL'.
 226:CANopen/301/CO_ODinterface.h ****      *
 227:CANopen/301/CO_ODinterface.h ****      * @warning Do not use @ref CO_LOCK_OD() and @ref CO_UNLOCK_OD() macros inside the write() func
 228:CANopen/301/CO_ODinterface.h ****      * CO_critical_sections.
 229:CANopen/301/CO_ODinterface.h ****      *
 230:CANopen/301/CO_ODinterface.h ****      * @param stream Object Dictionary stream object.
 231:CANopen/301/CO_ODinterface.h ****      * @param buf Pointer to external buffer, from where data will be copied.
 232:CANopen/301/CO_ODinterface.h ****      * @param count Size of the external buffer in bytes.
 233:CANopen/301/CO_ODinterface.h ****      * @param [out] countWritten If return value is "ODR_OK" or "ODR_PARTIAL", then number of bytes
 234:CANopen/301/CO_ODinterface.h ****      * must be returned here.
 235:CANopen/301/CO_ODinterface.h ****      *
 236:CANopen/301/CO_ODinterface.h ****      * @return Value from @ref ODR_t, "ODR_OK" in case of success.
 237:CANopen/301/CO_ODinterface.h ****      */
 238:CANopen/301/CO_ODinterface.h ****     ODR_t (*write)(OD_stream_t* stream, const void* buf, OD_size_t count, OD_size_t* countWritten);
 239:CANopen/301/CO_ODinterface.h **** } OD_IO_t;
 240:CANopen/301/CO_ODinterface.h **** 
 241:CANopen/301/CO_ODinterface.h **** /**
 242:CANopen/301/CO_ODinterface.h ****  * Extension of OD object, which can optionally be specified by application in initialization phase
 243:CANopen/301/CO_ODinterface.h ****  * OD_extension_init() function.
 244:CANopen/301/CO_ODinterface.h ****  */
 245:CANopen/301/CO_ODinterface.h **** typedef struct {
 246:CANopen/301/CO_ODinterface.h ****     /** Object on which read and write will operate, part of @ref OD_stream_t */
 247:CANopen/301/CO_ODinterface.h ****     void* object;
 248:CANopen/301/CO_ODinterface.h ****     /** Application specified read function pointer. If NULL, then read will be disabled. @ref OD_r
 249:CANopen/301/CO_ODinterface.h ****      * used here to keep the original read function. For function description see @ref OD_IO_t. */
 250:CANopen/301/CO_ODinterface.h ****     ODR_t (*read)(OD_stream_t* stream, void* buf, OD_size_t count, OD_size_t* countRead);
 251:CANopen/301/CO_ODinterface.h ****     /** Application specified write function pointer. If NULL, then write will be disabled. @ref OD
 252:CANopen/301/CO_ODinterface.h ****      * used here to keep the original write function. For function description see @ref OD_IO_t. */
 253:CANopen/301/CO_ODinterface.h ****     ODR_t (*write)(OD_stream_t* stream, const void* buf, OD_size_t count, OD_size_t* countWritten);
 254:CANopen/301/CO_ODinterface.h **** #if OD_FLAGS_PDO_SIZE > 0
 255:CANopen/301/CO_ODinterface.h ****     /** PDO flags bit-field provides one bit for each OD variable, which exist inside OD object at 
ARM GAS  C:\Users\Lenovo\AppData\Local\Temp\cc3QWgXt.s 			page 39


 256:CANopen/301/CO_ODinterface.h ****      * If application clears that bit, and OD variable is mapped to an event driven TPDO, then TPDO
 257:CANopen/301/CO_ODinterface.h ****      *
 258:CANopen/301/CO_ODinterface.h ****      * @ref OD_FLAGS_PDO_SIZE can have a value from 0 to 32 bytes, which corresponds to 0 to 256 av
 259:CANopen/301/CO_ODinterface.h ****      * example, @ref OD_FLAGS_PDO_SIZE has value 4, then OD variables with sub index up to 31 will 
 260:CANopen/301/CO_ODinterface.h ****      * requesting functionality. See also @ref OD_requestTPDO and @ref OD_TPDOtransmitted. */
 261:CANopen/301/CO_ODinterface.h ****     uint8_t flagsPDO[OD_FLAGS_PDO_SIZE];
 262:CANopen/301/CO_ODinterface.h **** #endif
 263:CANopen/301/CO_ODinterface.h **** } OD_extension_t;
 264:CANopen/301/CO_ODinterface.h **** 
 265:CANopen/301/CO_ODinterface.h **** /**
 266:CANopen/301/CO_ODinterface.h ****  * Object Dictionary entry for one OD object.
 267:CANopen/301/CO_ODinterface.h ****  *
 268:CANopen/301/CO_ODinterface.h ****  * OD entries are collected inside OD_t as array (list). Each OD entry contains basic information a
 269:CANopen/301/CO_ODinterface.h ****  * and subEntriesCount), pointer to odObject with additional information about var, array or record
 270:CANopen/301/CO_ODinterface.h ****  * extension, configurable by application.
 271:CANopen/301/CO_ODinterface.h ****  */
 272:CANopen/301/CO_ODinterface.h **** typedef struct {
 273:CANopen/301/CO_ODinterface.h ****     uint16_t index;            /**< Object Dictionary index */
 274:CANopen/301/CO_ODinterface.h ****     uint8_t subEntriesCount;   /**< Number of all sub-entries, including sub-entry at sub-index 0 *
 275:CANopen/301/CO_ODinterface.h ****     uint8_t odObjectType;      /**< Type of the odObject, indicated by @ref OD_objectTypes_t enumer
 276:CANopen/301/CO_ODinterface.h ****     CO_PROGMEM void* odObject; /**< OD object of type indicated by odObjectType, from which @ref OD
 277:CANopen/301/CO_ODinterface.h ****                                   information */
 278:CANopen/301/CO_ODinterface.h ****     OD_extension_t* extension; /**< Extension to OD, specified by application */
 279:CANopen/301/CO_ODinterface.h **** } OD_entry_t;
 280:CANopen/301/CO_ODinterface.h **** 
 281:CANopen/301/CO_ODinterface.h **** /**
 282:CANopen/301/CO_ODinterface.h ****  * Object Dictionary
 283:CANopen/301/CO_ODinterface.h ****  */
 284:CANopen/301/CO_ODinterface.h **** typedef struct {
 285:CANopen/301/CO_ODinterface.h ****     uint16_t size;    /**< Number of elements in the list, without last element, which is blank */
 286:CANopen/301/CO_ODinterface.h ****     OD_entry_t* list; /**< List OD entries (table of contents), ordered by index */
 287:CANopen/301/CO_ODinterface.h **** } OD_t;
 288:CANopen/301/CO_ODinterface.h **** 
 289:CANopen/301/CO_ODinterface.h **** /**
 290:CANopen/301/CO_ODinterface.h ****  * Read value from original OD location
 291:CANopen/301/CO_ODinterface.h ****  *
 292:CANopen/301/CO_ODinterface.h ****  * This function can be used inside read / write functions, specified by @ref OD_extension_init(). 
 293:CANopen/301/CO_ODinterface.h ****  * directly from memory location specified by Object dictionary. If no IO extension is used on OD e
 294:CANopen/301/CO_ODinterface.h ****  * returned by @ref OD_getSub() equals to this function. See also @ref OD_IO_t.
 295:CANopen/301/CO_ODinterface.h ****  */
 296:CANopen/301/CO_ODinterface.h **** ODR_t OD_readOriginal(OD_stream_t* stream, void* buf, OD_size_t count, OD_size_t* countRead);
 297:CANopen/301/CO_ODinterface.h **** 
 298:CANopen/301/CO_ODinterface.h **** /**
 299:CANopen/301/CO_ODinterface.h ****  * Write value to original OD location
 300:CANopen/301/CO_ODinterface.h ****  *
 301:CANopen/301/CO_ODinterface.h ****  * This function can be used inside read / write functions, specified by @ref OD_extension_init(). 
 302:CANopen/301/CO_ODinterface.h ****  * directly to memory location specified by Object dictionary. If no IO extension is used on OD ent
 303:CANopen/301/CO_ODinterface.h ****  * returned by @ref OD_getSub() equals to this function. See also @ref OD_IO_t.
 304:CANopen/301/CO_ODinterface.h ****  */
 305:CANopen/301/CO_ODinterface.h **** ODR_t OD_writeOriginal(OD_stream_t* stream, const void* buf, OD_size_t count, OD_size_t* countWritt
 306:CANopen/301/CO_ODinterface.h **** 
 307:CANopen/301/CO_ODinterface.h **** /**
 308:CANopen/301/CO_ODinterface.h ****  * Find OD entry in Object Dictionary
 309:CANopen/301/CO_ODinterface.h ****  *
 310:CANopen/301/CO_ODinterface.h ****  * @param od Object Dictionary
 311:CANopen/301/CO_ODinterface.h ****  * @param index CANopen Object Dictionary index of object in Object Dictionary
 312:CANopen/301/CO_ODinterface.h ****  *
ARM GAS  C:\Users\Lenovo\AppData\Local\Temp\cc3QWgXt.s 			page 40


 313:CANopen/301/CO_ODinterface.h ****  * @return Pointer to OD entry or NULL if not found
 314:CANopen/301/CO_ODinterface.h ****  */
 315:CANopen/301/CO_ODinterface.h **** OD_entry_t* OD_find(OD_t* od, uint16_t index);
 316:CANopen/301/CO_ODinterface.h **** 
 317:CANopen/301/CO_ODinterface.h **** /**
 318:CANopen/301/CO_ODinterface.h ****  * Find sub-object with specified sub-index on OD entry returned by OD_find. Function populates io 
 319:CANopen/301/CO_ODinterface.h ****  * sub-object data.
 320:CANopen/301/CO_ODinterface.h ****  *
 321:CANopen/301/CO_ODinterface.h ****  * @warning
 322:CANopen/301/CO_ODinterface.h ****  * Read and write functions may be called from different threads, so critical sections in custom fu
 323:CANopen/301/CO_ODinterface.h ****  * observed, see @ref CO_critical_sections.
 324:CANopen/301/CO_ODinterface.h ****  *
 325:CANopen/301/CO_ODinterface.h ****  * @param entry Object Dictionary entry.
 326:CANopen/301/CO_ODinterface.h ****  * @param subIndex Sub-index of the variable from the OD object.
 327:CANopen/301/CO_ODinterface.h ****  * @param [out] io Structure will be populated on success.
 328:CANopen/301/CO_ODinterface.h ****  * @param odOrig If true, then potential IO extension on entry will be ignored and access to data e
 329:CANopen/301/CO_ODinterface.h ****  * OD location will be returned
 330:CANopen/301/CO_ODinterface.h ****  *
 331:CANopen/301/CO_ODinterface.h ****  * @return Value from @ref ODR_t, "ODR_OK" in case of success.
 332:CANopen/301/CO_ODinterface.h ****  */
 333:CANopen/301/CO_ODinterface.h **** ODR_t OD_getSub(const OD_entry_t* entry, uint8_t subIndex, OD_IO_t* io, bool_t odOrig);
 334:CANopen/301/CO_ODinterface.h **** 
 335:CANopen/301/CO_ODinterface.h **** /**
 336:CANopen/301/CO_ODinterface.h ****  * Return index from OD entry
 337:CANopen/301/CO_ODinterface.h ****  *
 338:CANopen/301/CO_ODinterface.h ****  * @param entry Object Dictionary entry.
 339:CANopen/301/CO_ODinterface.h ****  *
 340:CANopen/301/CO_ODinterface.h ****  * @return OD index
 341:CANopen/301/CO_ODinterface.h ****  */
 342:CANopen/301/CO_ODinterface.h **** static inline uint16_t
 343:CANopen/301/CO_ODinterface.h **** OD_getIndex(const OD_entry_t* entry) {
 344:CANopen/301/CO_ODinterface.h ****     return (entry != NULL) ? entry->index : 0U;
 345:CANopen/301/CO_ODinterface.h **** }
 346:CANopen/301/CO_ODinterface.h **** 
 347:CANopen/301/CO_ODinterface.h **** /**
 348:CANopen/301/CO_ODinterface.h ****  * Check, if OD variable is mappable to PDO or SRDO.
 349:CANopen/301/CO_ODinterface.h ****  *
 350:CANopen/301/CO_ODinterface.h ****  * If OD variable is mappable, then it may be necessary to protect read/write access from mainline 
 351:CANopen/301/CO_ODinterface.h ****  * CO_critical_sections.
 352:CANopen/301/CO_ODinterface.h ****  *
 353:CANopen/301/CO_ODinterface.h ****  * @param stream Object Dictionary stream object.
 354:CANopen/301/CO_ODinterface.h ****  *
 355:CANopen/301/CO_ODinterface.h ****  * @return true, if OD variable is mappable.
 356:CANopen/301/CO_ODinterface.h ****  */
 357:CANopen/301/CO_ODinterface.h **** static inline bool_t
 358:CANopen/301/CO_ODinterface.h **** OD_mappable(OD_stream_t* stream) {
 359:CANopen/301/CO_ODinterface.h ****     return (stream != NULL) ? ((stream->attribute & ((OD_attr_t)ODA_TRPDO | (OD_attr_t)ODA_TRSRDO))
 360:CANopen/301/CO_ODinterface.h **** }
 361:CANopen/301/CO_ODinterface.h **** 
 362:CANopen/301/CO_ODinterface.h **** /**
 363:CANopen/301/CO_ODinterface.h ****  * Restart read or write operation on OD variable
 364:CANopen/301/CO_ODinterface.h ****  *
 365:CANopen/301/CO_ODinterface.h ****  * It is not necessary to call this function, if stream was initialized by @ref OD_getSub(). It is 
 366:CANopen/301/CO_ODinterface.h ****  * call this function, if previous read or write was successfully finished.
 367:CANopen/301/CO_ODinterface.h ****  *
 368:CANopen/301/CO_ODinterface.h ****  * @param stream Object Dictionary stream object.
 369:CANopen/301/CO_ODinterface.h ****  */
ARM GAS  C:\Users\Lenovo\AppData\Local\Temp\cc3QWgXt.s 			page 41


 370:CANopen/301/CO_ODinterface.h **** static inline void
 371:CANopen/301/CO_ODinterface.h **** OD_rwRestart(OD_stream_t* stream) {
 372:CANopen/301/CO_ODinterface.h ****     if (stream != NULL) {
 373:CANopen/301/CO_ODinterface.h ****         stream->dataOffset = 0U;
 374:CANopen/301/CO_ODinterface.h ****     }
 375:CANopen/301/CO_ODinterface.h **** }
 376:CANopen/301/CO_ODinterface.h **** 
 377:CANopen/301/CO_ODinterface.h **** /**
 378:CANopen/301/CO_ODinterface.h ****  * Request TPDO, to which OD variable is mapped
 379:CANopen/301/CO_ODinterface.h ****  *
 380:CANopen/301/CO_ODinterface.h ****  * Function clears the flagPDO bit, which corresponds to OD variable at specific OD index and subin
 381:CANopen/301/CO_ODinterface.h ****  * functionality to work, @ref OD_extension_t must be enabled on OD variable. If OD variable is map
 382:CANopen/301/CO_ODinterface.h ****  * event driven transmission, then TPDO will be transmitted after this function call. If OD variabl
 383:CANopen/301/CO_ODinterface.h ****  * than one TPDO with event driven transmission, only the first matched TPDO will be transmitted.
 384:CANopen/301/CO_ODinterface.h ****  *
 385:CANopen/301/CO_ODinterface.h ****  * TPDO event driven transmission is enabled, if TPDO communication parameter, transmission type is
 386:CANopen/301/CO_ODinterface.h ****  * or 255. For other transmission types (synchronous) flagPDO bit is ignored.
 387:CANopen/301/CO_ODinterface.h ****  *
 388:CANopen/301/CO_ODinterface.h ****  * @param entry Object Dictionary entry.
 389:CANopen/301/CO_ODinterface.h ****  * @param subIndex subIndex of the OD variable.
 390:CANopen/301/CO_ODinterface.h ****  */
 391:CANopen/301/CO_ODinterface.h **** static inline void
 392:CANopen/301/CO_ODinterface.h **** OD_requestTPDO(OD_entry_t* entry, uint8_t subIndex) {
 393:CANopen/301/CO_ODinterface.h **** #if OD_FLAGS_PDO_SIZE > 0
 394:CANopen/301/CO_ODinterface.h ****     if ((entry != NULL) && (entry->extension != NULL) && (subIndex < (OD_FLAGS_PDO_SIZE * 8U))) {
 395:CANopen/301/CO_ODinterface.h ****         /* clear subIndex-th bit */
 396:CANopen/301/CO_ODinterface.h ****         uint8_t mask = ~(1U << (subIndex & 0x07U));
 397:CANopen/301/CO_ODinterface.h ****         entry->extension->flagsPDO[subIndex >> 3] &= mask;
 398:CANopen/301/CO_ODinterface.h ****     }
 399:CANopen/301/CO_ODinterface.h **** #endif
 400:CANopen/301/CO_ODinterface.h **** }
 401:CANopen/301/CO_ODinterface.h **** 
 402:CANopen/301/CO_ODinterface.h **** /**
 403:CANopen/301/CO_ODinterface.h ****  * Check if requested TPDO was transmitted
 404:CANopen/301/CO_ODinterface.h ****  *
 405:CANopen/301/CO_ODinterface.h ****  * @param entry Object Dictionary entry.
 406:CANopen/301/CO_ODinterface.h ****  * @param subIndex subIndex of the OD variable.
 407:CANopen/301/CO_ODinterface.h ****  *
 408:CANopen/301/CO_ODinterface.h ****  * @return Return true if event driven TPDO with mapping to OD variable, indicated by entry and sub
 409:CANopen/301/CO_ODinterface.h ****  * transmitted since last @ref OD_requestTPDO call. If there was no @ref OD_requestTPDO call yet an
 410:CANopen/301/CO_ODinterface.h ****  * transmitted by other event, function also returns true.
 411:CANopen/301/CO_ODinterface.h ****  */
 412:CANopen/301/CO_ODinterface.h **** static inline bool_t
 413:CANopen/301/CO_ODinterface.h **** OD_TPDOtransmitted(OD_entry_t* entry, uint8_t subIndex) {
 414:CANopen/301/CO_ODinterface.h **** #if OD_FLAGS_PDO_SIZE > 0
 415:CANopen/301/CO_ODinterface.h ****     if ((entry != NULL) && (entry->extension != NULL) && (subIndex < (OD_FLAGS_PDO_SIZE * 8U))) {
 416:CANopen/301/CO_ODinterface.h ****         /* return true, if subIndex-th bit is set */
 417:CANopen/301/CO_ODinterface.h ****         uint8_t mask = 1U << (subIndex & 0x07U);
 418:CANopen/301/CO_ODinterface.h ****         if ((entry->extension->flagsPDO[subIndex >> 3] & mask) != 0U) {
 419:CANopen/301/CO_ODinterface.h ****             return true;
 420:CANopen/301/CO_ODinterface.h ****         }
 421:CANopen/301/CO_ODinterface.h ****     }
 422:CANopen/301/CO_ODinterface.h **** #endif
 423:CANopen/301/CO_ODinterface.h ****     return false;
 424:CANopen/301/CO_ODinterface.h **** }
 425:CANopen/301/CO_ODinterface.h **** 
 426:CANopen/301/CO_ODinterface.h **** /**
ARM GAS  C:\Users\Lenovo\AppData\Local\Temp\cc3QWgXt.s 			page 42


 427:CANopen/301/CO_ODinterface.h ****  * Get SDO abort code from returnCode
 428:CANopen/301/CO_ODinterface.h ****  *
 429:CANopen/301/CO_ODinterface.h ****  * @param returnCode Returned from some OD access functions
 430:CANopen/301/CO_ODinterface.h ****  *
 431:CANopen/301/CO_ODinterface.h ****  * @return Corresponding @ref CO_SDO_abortCode_t
 432:CANopen/301/CO_ODinterface.h ****  */
 433:CANopen/301/CO_ODinterface.h **** uint32_t OD_getSDOabCode(ODR_t returnCode);
 434:CANopen/301/CO_ODinterface.h **** 
 435:CANopen/301/CO_ODinterface.h **** /**
 436:CANopen/301/CO_ODinterface.h ****  * Extend OD object with own read/write functions and/or flagsPDO
 437:CANopen/301/CO_ODinterface.h ****  *
 438:CANopen/301/CO_ODinterface.h ****  * This function gives application very powerful tool: definition of own IO access on OD object. St
 439:CANopen/301/CO_ODinterface.h ****  * attributes are the same as defined in original OD object, but data are read directly from (or wr
 440:CANopen/301/CO_ODinterface.h ****  * application specified object via custom function calls.
 441:CANopen/301/CO_ODinterface.h ****  *
 442:CANopen/301/CO_ODinterface.h ****  * Before this function specifies extension, OD variables are accessed from original OD location. A
 443:CANopen/301/CO_ODinterface.h ****  * specifies extension OD variables are accessed from read/write functions specified by extension. 
 444:CANopen/301/CO_ODinterface.h ****  * argument to @ref OD_getSub() is set to true.)
 445:CANopen/301/CO_ODinterface.h ****  *
 446:CANopen/301/CO_ODinterface.h ****  * This function must also be used, when flagsPDO needs to be enabled for specific entry.
 447:CANopen/301/CO_ODinterface.h ****  *
 448:CANopen/301/CO_ODinterface.h ****  * @warning
 449:CANopen/301/CO_ODinterface.h ****  * Object dictionary storage works only directly on OD variables. It does not access read function 
 450:CANopen/301/CO_ODinterface.h ****  * if extended OD objects needs to be preserved, then @ref OD_writeOriginal can be used inside cust
 451:CANopen/301/CO_ODinterface.h ****  *
 452:CANopen/301/CO_ODinterface.h ****  * @warning
 453:CANopen/301/CO_ODinterface.h ****  * Read and write functions may be called from different threads, so critical sections in custom fu
 454:CANopen/301/CO_ODinterface.h ****  * observed, see @ref CO_critical_sections.
 455:CANopen/301/CO_ODinterface.h ****  *
 456:CANopen/301/CO_ODinterface.h ****  * @param entry Object Dictionary entry.
 457:CANopen/301/CO_ODinterface.h ****  * @param extension Extension object, which must be initialized externally. Extension object must e
 458:CANopen/301/CO_ODinterface.h ****  * NULL, extension will be removed.
 459:CANopen/301/CO_ODinterface.h ****  *
 460:CANopen/301/CO_ODinterface.h ****  * @return "ODR_OK" on success, "ODR_IDX_NOT_EXIST" if OD object doesn't exist.
 461:CANopen/301/CO_ODinterface.h ****  */
 462:CANopen/301/CO_ODinterface.h **** static inline ODR_t
 463:CANopen/301/CO_ODinterface.h **** OD_extension_init(OD_entry_t* entry, OD_extension_t* extension) {
 464:CANopen/301/CO_ODinterface.h ****     if (entry == NULL) {
 465:CANopen/301/CO_ODinterface.h ****         return ODR_IDX_NOT_EXIST;
 466:CANopen/301/CO_ODinterface.h ****     }
 467:CANopen/301/CO_ODinterface.h ****     entry->extension = extension;
 468:CANopen/301/CO_ODinterface.h ****     return ODR_OK;
 469:CANopen/301/CO_ODinterface.h **** }
 470:CANopen/301/CO_ODinterface.h **** 
 471:CANopen/301/CO_ODinterface.h **** /**
 472:CANopen/301/CO_ODinterface.h ****  * @defgroup CO_ODgetSetters Getters and setters
 473:CANopen/301/CO_ODinterface.h ****  * @{
 474:CANopen/301/CO_ODinterface.h ****  *
 475:CANopen/301/CO_ODinterface.h ****  * Getter and setter helper functions for accessing different types of Object Dictionary variables.
 476:CANopen/301/CO_ODinterface.h ****  */
 477:CANopen/301/CO_ODinterface.h **** /**
 478:CANopen/301/CO_ODinterface.h ****  * Get variable from Object Dictionary
 479:CANopen/301/CO_ODinterface.h ****  *
 480:CANopen/301/CO_ODinterface.h ****  * @param entry Object Dictionary entry.
 481:CANopen/301/CO_ODinterface.h ****  * @param subIndex Sub-index of the variable from the OD object.
 482:CANopen/301/CO_ODinterface.h ****  * @param [out] val Value will be written here.
 483:CANopen/301/CO_ODinterface.h ****  * @param len Size of value to retrieve from OD.
ARM GAS  C:\Users\Lenovo\AppData\Local\Temp\cc3QWgXt.s 			page 43


 484:CANopen/301/CO_ODinterface.h ****  * @param odOrig If true, then potential IO extension on entry will be ignored and data in the orig
 485:CANopen/301/CO_ODinterface.h ****  * be returned.
 486:CANopen/301/CO_ODinterface.h ****  *
 487:CANopen/301/CO_ODinterface.h ****  * @return Value from @ref ODR_t, "ODR_OK" in case of success. Error, if variable does not exist in
 488:CANopen/301/CO_ODinterface.h ****  * it does not have the correct length or other reason.
 489:CANopen/301/CO_ODinterface.h ****  */
 490:CANopen/301/CO_ODinterface.h **** ODR_t OD_get_value(const OD_entry_t* entry, uint8_t subIndex, void* val, OD_size_t len, bool_t odOr
 491:CANopen/301/CO_ODinterface.h **** 
 492:CANopen/301/CO_ODinterface.h **** /** Get int8_t variable from Object Dictionary, see @ref OD_get_value */
 493:CANopen/301/CO_ODinterface.h **** static inline ODR_t
 494:CANopen/301/CO_ODinterface.h **** OD_get_i8(const OD_entry_t* entry, uint8_t subIndex, int8_t* val, bool_t odOrig) {
 495:CANopen/301/CO_ODinterface.h ****     return OD_get_value(entry, subIndex, val, sizeof(*val), odOrig);
 496:CANopen/301/CO_ODinterface.h **** }
 497:CANopen/301/CO_ODinterface.h **** 
 498:CANopen/301/CO_ODinterface.h **** /** Get int16_t variable from Object Dictionary, see @ref OD_get_value */
 499:CANopen/301/CO_ODinterface.h **** static inline ODR_t
 500:CANopen/301/CO_ODinterface.h **** OD_get_i16(const OD_entry_t* entry, uint8_t subIndex, int16_t* val, bool_t odOrig) {
 501:CANopen/301/CO_ODinterface.h ****     return OD_get_value(entry, subIndex, val, sizeof(*val), odOrig);
 502:CANopen/301/CO_ODinterface.h **** }
 503:CANopen/301/CO_ODinterface.h **** 
 504:CANopen/301/CO_ODinterface.h **** /** Get int32_t variable from Object Dictionary, see @ref OD_get_value */
 505:CANopen/301/CO_ODinterface.h **** static inline ODR_t
 506:CANopen/301/CO_ODinterface.h **** OD_get_i32(const OD_entry_t* entry, uint8_t subIndex, int32_t* val, bool_t odOrig) {
 507:CANopen/301/CO_ODinterface.h ****     return OD_get_value(entry, subIndex, val, sizeof(*val), odOrig);
 508:CANopen/301/CO_ODinterface.h **** }
 509:CANopen/301/CO_ODinterface.h **** 
 510:CANopen/301/CO_ODinterface.h **** /** Get int64_t variable from Object Dictionary, see @ref OD_get_value */
 511:CANopen/301/CO_ODinterface.h **** static inline ODR_t
 512:CANopen/301/CO_ODinterface.h **** OD_get_i64(const OD_entry_t* entry, uint8_t subIndex, int64_t* val, bool_t odOrig) {
 513:CANopen/301/CO_ODinterface.h ****     return OD_get_value(entry, subIndex, val, sizeof(*val), odOrig);
 514:CANopen/301/CO_ODinterface.h **** }
 515:CANopen/301/CO_ODinterface.h **** 
 516:CANopen/301/CO_ODinterface.h **** /** Get uint8_t variable from Object Dictionary, see @ref OD_get_value */
 517:CANopen/301/CO_ODinterface.h **** static inline ODR_t
 518:CANopen/301/CO_ODinterface.h **** OD_get_u8(const OD_entry_t* entry, uint8_t subIndex, uint8_t* val, bool_t odOrig) {
 519:CANopen/301/CO_ODinterface.h ****     return OD_get_value(entry, subIndex, val, sizeof(*val), odOrig);
 520:CANopen/301/CO_ODinterface.h **** }
 521:CANopen/301/CO_ODinterface.h **** 
 522:CANopen/301/CO_ODinterface.h **** /** Get uint16_t variable from Object Dictionary, see @ref OD_get_value */
 523:CANopen/301/CO_ODinterface.h **** static inline ODR_t
 524:CANopen/301/CO_ODinterface.h **** OD_get_u16(const OD_entry_t* entry, uint8_t subIndex, uint16_t* val, bool_t odOrig) {
 525:CANopen/301/CO_ODinterface.h ****     return OD_get_value(entry, subIndex, val, sizeof(*val), odOrig);
 526:CANopen/301/CO_ODinterface.h **** }
 527:CANopen/301/CO_ODinterface.h **** 
 528:CANopen/301/CO_ODinterface.h **** /** Get uint32_t variable from Object Dictionary, see @ref OD_get_value */
 529:CANopen/301/CO_ODinterface.h **** static inline ODR_t
 530:CANopen/301/CO_ODinterface.h **** OD_get_u32(const OD_entry_t* entry, uint8_t subIndex, uint32_t* val, bool_t odOrig) {
 802              		.loc 4 530 1 view .LVU225
 803              	.LBB30:
 531:CANopen/301/CO_ODinterface.h ****     return OD_get_value(entry, subIndex, val, sizeof(*val), odOrig);
 804              		.loc 4 531 5 view .LVU226
 805              		.loc 4 531 12 is_stmt 0 view .LVU227
 806 0052 0123     		movs	r3, #1
 807 0054 0093     		str	r3, [sp]
 808 0056 0423     		movs	r3, #4
 809 0058 05AA     		add	r2, sp, #20
 810              	.LVL81:
ARM GAS  C:\Users\Lenovo\AppData\Local\Temp\cc3QWgXt.s 			page 44


 811              		.loc 4 531 12 view .LVU228
 812 005a 0021     		movs	r1, #0
 813 005c 2846     		mov	r0, r5
 814 005e FFF7FEFF 		bl	OD_get_value
 815              	.LVL82:
 816              		.loc 4 531 12 view .LVU229
 817              	.LBE30:
 818              	.LBE29:
 199:CANopen/301/CO_SYNC.c ****     if (odRet != ODR_OK) {
 819              		.loc 1 199 5 is_stmt 1 view .LVU230
 820              		.loc 1 199 8 is_stmt 0 view .LVU231
 821 0062 0028     		cmp	r0, #0
 822 0064 32D1     		bne	.L76
 200:CANopen/301/CO_SYNC.c ****         if (errInfo != NULL) {
 201:CANopen/301/CO_SYNC.c ****             *errInfo = OD_getIndex(OD_1005_cobIdSync);
 202:CANopen/301/CO_SYNC.c ****         }
 203:CANopen/301/CO_SYNC.c ****         return CO_ERROR_OD_PARAMETERS;
 204:CANopen/301/CO_SYNC.c ****     }
 205:CANopen/301/CO_SYNC.c **** #if ((CO_CONFIG_SYNC)&CO_CONFIG_FLAG_OD_DYNAMIC) != 0
 206:CANopen/301/CO_SYNC.c ****     SYNC->OD_1005_extension.object = SYNC;
 823              		.loc 1 206 5 is_stmt 1 view .LVU232
 824              		.loc 1 206 36 is_stmt 0 view .LVU233
 825 0066 A463     		str	r4, [r4, #56]
 207:CANopen/301/CO_SYNC.c ****     SYNC->OD_1005_extension.read = OD_readOriginal;
 826              		.loc 1 207 5 is_stmt 1 view .LVU234
 827              		.loc 1 207 34 is_stmt 0 view .LVU235
 828 0068 554B     		ldr	r3, .L82
 829 006a E363     		str	r3, [r4, #60]
 208:CANopen/301/CO_SYNC.c ****     SYNC->OD_1005_extension.write = OD_write_1005;
 830              		.loc 1 208 5 is_stmt 1 view .LVU236
 831              		.loc 1 208 35 is_stmt 0 view .LVU237
 832 006c 554B     		ldr	r3, .L82+4
 833 006e 2364     		str	r3, [r4, #64]
 209:CANopen/301/CO_SYNC.c ****     (void)OD_extension_init(OD_1005_cobIdSync, &SYNC->OD_1005_extension);
 834              		.loc 1 209 5 is_stmt 1 view .LVU238
 835              		.loc 1 209 11 is_stmt 0 view .LVU239
 836 0070 04F13803 		add	r3, r4, #56
 837              	.LVL83:
 838              	.LBB31:
 839              	.LBI31:
 463:CANopen/301/CO_ODinterface.h ****     if (entry == NULL) {
 840              		.loc 4 463 1 is_stmt 1 view .LVU240
 841              	.LBB32:
 464:CANopen/301/CO_ODinterface.h ****         return ODR_IDX_NOT_EXIST;
 842              		.loc 4 464 5 view .LVU241
 467:CANopen/301/CO_ODinterface.h ****     return ODR_OK;
 843              		.loc 4 467 5 view .LVU242
 467:CANopen/301/CO_ODinterface.h ****     return ODR_OK;
 844              		.loc 4 467 22 is_stmt 0 view .LVU243
 845 0074 AB60     		str	r3, [r5, #8]
 468:CANopen/301/CO_ODinterface.h **** }
 846              		.loc 4 468 5 is_stmt 1 view .LVU244
 847              	.LVL84:
 468:CANopen/301/CO_ODinterface.h **** }
 848              		.loc 4 468 5 is_stmt 0 view .LVU245
 849              	.LBE32:
 850              	.LBE31:
ARM GAS  C:\Users\Lenovo\AppData\Local\Temp\cc3QWgXt.s 			page 45


 210:CANopen/301/CO_SYNC.c **** #endif
 211:CANopen/301/CO_SYNC.c **** 
 212:CANopen/301/CO_SYNC.c ****     /* get and verify "Communication cycle period" from OD */
 213:CANopen/301/CO_SYNC.c ****     SYNC->OD_1006_period = OD_getPtr(OD_1006_commCyclePeriod, 0, sizeof(uint32_t), NULL);
 851              		.loc 1 213 5 is_stmt 1 view .LVU246
 852              		.loc 1 213 28 is_stmt 0 view .LVU247
 853 0076 0023     		movs	r3, #0
 854 0078 0422     		movs	r2, #4
 855 007a 1946     		mov	r1, r3
 856 007c 3046     		mov	r0, r6
 857              	.LVL85:
 858              		.loc 1 213 28 view .LVU248
 859 007e FFF7FEFF 		bl	OD_getPtr
 860              	.LVL86:
 861              		.loc 1 213 26 discriminator 1 view .LVU249
 862 0082 E061     		str	r0, [r4, #28]
 214:CANopen/301/CO_SYNC.c **** #if ((CO_CONFIG_SYNC)&CO_CONFIG_SYNC_PRODUCER) != 0
 215:CANopen/301/CO_SYNC.c ****     if (SYNC->OD_1006_period == NULL) {
 863              		.loc 1 215 5 is_stmt 1 view .LVU250
 864              		.loc 1 215 8 is_stmt 0 view .LVU251
 865 0084 50B3     		cbz	r0, .L77
 216:CANopen/301/CO_SYNC.c ****         if (errInfo != NULL) {
 217:CANopen/301/CO_SYNC.c ****             *errInfo = OD_getIndex(OD_1006_commCyclePeriod);
 218:CANopen/301/CO_SYNC.c ****         }
 219:CANopen/301/CO_SYNC.c ****         return CO_ERROR_OD_PARAMETERS;
 220:CANopen/301/CO_SYNC.c ****     }
 221:CANopen/301/CO_SYNC.c **** #else
 222:CANopen/301/CO_SYNC.c ****     if ((OD_1006_commCyclePeriod != NULL) && (SYNC->OD_1006_period == NULL)) {
 223:CANopen/301/CO_SYNC.c ****         if (errInfo != NULL) {
 224:CANopen/301/CO_SYNC.c ****             *errInfo = OD_getIndex(OD_1006_commCyclePeriod);
 225:CANopen/301/CO_SYNC.c ****         }
 226:CANopen/301/CO_SYNC.c ****         return CO_ERROR_OD_PARAMETERS;
 227:CANopen/301/CO_SYNC.c ****     }
 228:CANopen/301/CO_SYNC.c **** #endif
 229:CANopen/301/CO_SYNC.c **** 
 230:CANopen/301/CO_SYNC.c ****     /* get "Synchronous window length" from OD (optional parameter) */
 231:CANopen/301/CO_SYNC.c ****     SYNC->OD_1007_window = OD_getPtr(OD_1007_syncWindowLen, 0, sizeof(uint32_t), NULL);
 866              		.loc 1 231 5 is_stmt 1 view .LVU252
 867              		.loc 1 231 28 is_stmt 0 view .LVU253
 868 0086 0023     		movs	r3, #0
 869 0088 0422     		movs	r2, #4
 870 008a 1946     		mov	r1, r3
 871 008c 1098     		ldr	r0, [sp, #64]
 872 008e FFF7FEFF 		bl	OD_getPtr
 873              	.LVL87:
 874              		.loc 1 231 26 discriminator 1 view .LVU254
 875 0092 2062     		str	r0, [r4, #32]
 232:CANopen/301/CO_SYNC.c ****     if ((OD_1007_syncWindowLen != NULL) && (SYNC->OD_1007_window == NULL)) {
 876              		.loc 1 232 5 is_stmt 1 view .LVU255
 877              		.loc 1 232 8 is_stmt 0 view .LVU256
 878 0094 109B     		ldr	r3, [sp, #64]
 879 0096 03B1     		cbz	r3, .L60
 880              		.loc 1 232 41 discriminator 1 view .LVU257
 881 0098 40B3     		cbz	r0, .L78
 882              	.L60:
 233:CANopen/301/CO_SYNC.c ****         if (errInfo != NULL) {
 234:CANopen/301/CO_SYNC.c ****             *errInfo = OD_getIndex(OD_1007_syncWindowLen);
ARM GAS  C:\Users\Lenovo\AppData\Local\Temp\cc3QWgXt.s 			page 46


 235:CANopen/301/CO_SYNC.c ****         }
 236:CANopen/301/CO_SYNC.c ****         return CO_ERROR_OD_PARAMETERS;
 237:CANopen/301/CO_SYNC.c ****     }
 238:CANopen/301/CO_SYNC.c **** 
 239:CANopen/301/CO_SYNC.c ****     /* get and verify optional "Synchronous counter overflow value" from OD and configure extension
 240:CANopen/301/CO_SYNC.c ****     uint8_t syncCounterOvf = 0;
 883              		.loc 1 240 5 is_stmt 1 view .LVU258
 884              		.loc 1 240 13 is_stmt 0 view .LVU259
 885 009a 0023     		movs	r3, #0
 886 009c 8DF81330 		strb	r3, [sp, #19]
 241:CANopen/301/CO_SYNC.c **** 
 242:CANopen/301/CO_SYNC.c ****     if (OD_1019_syncCounterOvf != NULL) {
 887              		.loc 1 242 5 is_stmt 1 view .LVU260
 888              		.loc 1 242 8 is_stmt 0 view .LVU261
 889 00a0 119B     		ldr	r3, [sp, #68]
 890 00a2 002B     		cmp	r3, #0
 891 00a4 40D0     		beq	.L62
 243:CANopen/301/CO_SYNC.c ****         odRet = OD_get_u8(OD_1019_syncCounterOvf, 0, &syncCounterOvf, true);
 892              		.loc 1 243 9 is_stmt 1 view .LVU262
 893              	.LVL88:
 894              	.LBB33:
 895              	.LBI33:
 518:CANopen/301/CO_ODinterface.h ****     return OD_get_value(entry, subIndex, val, sizeof(*val), odOrig);
 896              		.loc 4 518 1 view .LVU263
 897              	.LBB34:
 519:CANopen/301/CO_ODinterface.h **** }
 898              		.loc 4 519 5 view .LVU264
 519:CANopen/301/CO_ODinterface.h **** }
 899              		.loc 4 519 12 is_stmt 0 view .LVU265
 900 00a6 0123     		movs	r3, #1
 901              	.LVL89:
 519:CANopen/301/CO_ODinterface.h **** }
 902              		.loc 4 519 12 view .LVU266
 903 00a8 0093     		str	r3, [sp]
 904 00aa 0DF11302 		add	r2, sp, #19
 905              	.LVL90:
 519:CANopen/301/CO_ODinterface.h **** }
 906              		.loc 4 519 12 view .LVU267
 907 00ae 0021     		movs	r1, #0
 908 00b0 1198     		ldr	r0, [sp, #68]
 909 00b2 FFF7FEFF 		bl	OD_get_value
 910              	.LVL91:
 519:CANopen/301/CO_ODinterface.h **** }
 911              		.loc 4 519 12 view .LVU268
 912              	.LBE34:
 913              	.LBE33:
 244:CANopen/301/CO_SYNC.c ****         if (odRet != ODR_OK) {
 914              		.loc 1 244 9 is_stmt 1 view .LVU269
 915              		.loc 1 244 12 is_stmt 0 view .LVU270
 916 00b6 10BB     		cbnz	r0, .L79
 245:CANopen/301/CO_SYNC.c ****             if (errInfo != NULL) {
 246:CANopen/301/CO_SYNC.c ****                 *errInfo = OD_getIndex(OD_1019_syncCounterOvf);
 247:CANopen/301/CO_SYNC.c ****             }
 248:CANopen/301/CO_SYNC.c ****             return CO_ERROR_OD_PARAMETERS;
 249:CANopen/301/CO_SYNC.c ****         }
 250:CANopen/301/CO_SYNC.c ****         if (syncCounterOvf == 1U) {
 917              		.loc 1 250 9 is_stmt 1 view .LVU271
ARM GAS  C:\Users\Lenovo\AppData\Local\Temp\cc3QWgXt.s 			page 47


 918              		.loc 1 250 28 is_stmt 0 view .LVU272
 919 00b8 9DF81330 		ldrb	r3, [sp, #19]	@ zero_extendqisi2
 920              		.loc 1 250 12 view .LVU273
 921 00bc 012B     		cmp	r3, #1
 922 00be 27D0     		beq	.L80
 251:CANopen/301/CO_SYNC.c ****             syncCounterOvf = 2;
 252:CANopen/301/CO_SYNC.c ****         } else if (syncCounterOvf > 240U) {
 923              		.loc 1 252 16 is_stmt 1 view .LVU274
 924              		.loc 1 252 19 is_stmt 0 view .LVU275
 925 00c0 F02B     		cmp	r3, #240
 926 00c2 28D9     		bls	.L66
 253:CANopen/301/CO_SYNC.c ****             syncCounterOvf = 240;
 927              		.loc 1 253 13 is_stmt 1 view .LVU276
 928              		.loc 1 253 28 is_stmt 0 view .LVU277
 929 00c4 F023     		movs	r3, #240
 930 00c6 8DF81330 		strb	r3, [sp, #19]
 931 00ca 24E0     		b	.L66
 932              	.L76:
 200:CANopen/301/CO_SYNC.c ****             *errInfo = OD_getIndex(OD_1005_cobIdSync);
 933              		.loc 1 200 9 is_stmt 1 view .LVU278
 200:CANopen/301/CO_SYNC.c ****             *errInfo = OD_getIndex(OD_1005_cobIdSync);
 934              		.loc 1 200 12 is_stmt 0 view .LVU279
 935 00cc 169B     		ldr	r3, [sp, #88]
 936 00ce 13B1     		cbz	r3, .L57
 201:CANopen/301/CO_SYNC.c ****         }
 937              		.loc 1 201 13 is_stmt 1 view .LVU280
 938              	.LVL92:
 939              	.LBB35:
 940              	.LBI35:
 343:CANopen/301/CO_ODinterface.h ****     return (entry != NULL) ? entry->index : 0U;
 941              		.loc 4 343 1 view .LVU281
 942              	.LBB36:
 344:CANopen/301/CO_ODinterface.h **** }
 943              		.loc 4 344 5 view .LVU282
 344:CANopen/301/CO_ODinterface.h **** }
 944              		.loc 4 344 43 is_stmt 0 discriminator 1 view .LVU283
 945 00d0 2B88     		ldrh	r3, [r5]
 946              	.LVL93:
 344:CANopen/301/CO_ODinterface.h **** }
 947              		.loc 4 344 43 discriminator 1 view .LVU284
 948              	.LBE36:
 949              	.LBE35:
 201:CANopen/301/CO_SYNC.c ****         }
 950              		.loc 1 201 22 discriminator 1 view .LVU285
 951 00d2 169A     		ldr	r2, [sp, #88]
 952 00d4 1360     		str	r3, [r2]
 953              	.L57:
 203:CANopen/301/CO_SYNC.c ****     }
 954              		.loc 1 203 9 is_stmt 1 view .LVU286
 203:CANopen/301/CO_SYNC.c ****     }
 955              		.loc 1 203 16 is_stmt 0 view .LVU287
 956 00d6 6FF00B05 		mvn	r5, #11
 957              	.LVL94:
 203:CANopen/301/CO_SYNC.c ****     }
 958              		.loc 1 203 16 view .LVU288
 959 00da 57E0     		b	.L55
 960              	.LVL95:
ARM GAS  C:\Users\Lenovo\AppData\Local\Temp\cc3QWgXt.s 			page 48


 961              	.L77:
 216:CANopen/301/CO_SYNC.c ****             *errInfo = OD_getIndex(OD_1006_commCyclePeriod);
 962              		.loc 1 216 9 is_stmt 1 view .LVU289
 216:CANopen/301/CO_SYNC.c ****             *errInfo = OD_getIndex(OD_1006_commCyclePeriod);
 963              		.loc 1 216 12 is_stmt 0 view .LVU290
 964 00dc 169B     		ldr	r3, [sp, #88]
 965 00de 13B1     		cbz	r3, .L59
 217:CANopen/301/CO_SYNC.c ****         }
 966              		.loc 1 217 13 is_stmt 1 view .LVU291
 967              	.LVL96:
 968              	.LBB37:
 969              	.LBI37:
 343:CANopen/301/CO_ODinterface.h ****     return (entry != NULL) ? entry->index : 0U;
 970              		.loc 4 343 1 view .LVU292
 971              	.LBB38:
 344:CANopen/301/CO_ODinterface.h **** }
 972              		.loc 4 344 5 view .LVU293
 344:CANopen/301/CO_ODinterface.h **** }
 973              		.loc 4 344 43 is_stmt 0 discriminator 1 view .LVU294
 974 00e0 3388     		ldrh	r3, [r6]
 975              	.LVL97:
 344:CANopen/301/CO_ODinterface.h **** }
 976              		.loc 4 344 43 discriminator 1 view .LVU295
 977              	.LBE38:
 978              	.LBE37:
 217:CANopen/301/CO_SYNC.c ****         }
 979              		.loc 1 217 22 discriminator 1 view .LVU296
 980 00e2 169A     		ldr	r2, [sp, #88]
 981 00e4 1360     		str	r3, [r2]
 982              	.L59:
 219:CANopen/301/CO_SYNC.c ****     }
 983              		.loc 1 219 9 is_stmt 1 view .LVU297
 219:CANopen/301/CO_SYNC.c ****     }
 984              		.loc 1 219 16 is_stmt 0 view .LVU298
 985 00e6 6FF00B05 		mvn	r5, #11
 986              	.LVL98:
 219:CANopen/301/CO_SYNC.c ****     }
 987              		.loc 1 219 16 view .LVU299
 988 00ea 4FE0     		b	.L55
 989              	.LVL99:
 990              	.L78:
 233:CANopen/301/CO_SYNC.c ****             *errInfo = OD_getIndex(OD_1007_syncWindowLen);
 991              		.loc 1 233 9 is_stmt 1 view .LVU300
 233:CANopen/301/CO_SYNC.c ****             *errInfo = OD_getIndex(OD_1007_syncWindowLen);
 992              		.loc 1 233 12 is_stmt 0 view .LVU301
 993 00ec 169B     		ldr	r3, [sp, #88]
 994 00ee 1BB1     		cbz	r3, .L61
 234:CANopen/301/CO_SYNC.c ****         }
 995              		.loc 1 234 13 is_stmt 1 view .LVU302
 996              	.LVL100:
 997              	.LBB39:
 998              	.LBI39:
 343:CANopen/301/CO_ODinterface.h ****     return (entry != NULL) ? entry->index : 0U;
 999              		.loc 4 343 1 view .LVU303
 1000              	.LBB40:
 344:CANopen/301/CO_ODinterface.h **** }
 1001              		.loc 4 344 5 view .LVU304
ARM GAS  C:\Users\Lenovo\AppData\Local\Temp\cc3QWgXt.s 			page 49


 344:CANopen/301/CO_ODinterface.h **** }
 1002              		.loc 4 344 43 is_stmt 0 discriminator 1 view .LVU305
 1003 00f0 109B     		ldr	r3, [sp, #64]
 1004 00f2 1B88     		ldrh	r3, [r3]
 1005              	.LVL101:
 344:CANopen/301/CO_ODinterface.h **** }
 1006              		.loc 4 344 43 discriminator 1 view .LVU306
 1007              	.LBE40:
 1008              	.LBE39:
 234:CANopen/301/CO_SYNC.c ****         }
 1009              		.loc 1 234 22 discriminator 1 view .LVU307
 1010 00f4 169A     		ldr	r2, [sp, #88]
 1011 00f6 1360     		str	r3, [r2]
 1012              	.L61:
 236:CANopen/301/CO_SYNC.c ****     }
 1013              		.loc 1 236 9 is_stmt 1 view .LVU308
 236:CANopen/301/CO_SYNC.c ****     }
 1014              		.loc 1 236 16 is_stmt 0 view .LVU309
 1015 00f8 6FF00B05 		mvn	r5, #11
 1016              	.LVL102:
 236:CANopen/301/CO_SYNC.c ****     }
 1017              		.loc 1 236 16 view .LVU310
 1018 00fc 46E0     		b	.L55
 1019              	.LVL103:
 1020              	.L79:
 245:CANopen/301/CO_SYNC.c ****                 *errInfo = OD_getIndex(OD_1019_syncCounterOvf);
 1021              		.loc 1 245 13 is_stmt 1 view .LVU311
 245:CANopen/301/CO_SYNC.c ****                 *errInfo = OD_getIndex(OD_1019_syncCounterOvf);
 1022              		.loc 1 245 16 is_stmt 0 view .LVU312
 1023 00fe 169B     		ldr	r3, [sp, #88]
 1024 0100 1BB1     		cbz	r3, .L64
 246:CANopen/301/CO_SYNC.c ****             }
 1025              		.loc 1 246 17 is_stmt 1 view .LVU313
 1026              	.LVL104:
 1027              	.LBB41:
 1028              	.LBI41:
 343:CANopen/301/CO_ODinterface.h ****     return (entry != NULL) ? entry->index : 0U;
 1029              		.loc 4 343 1 view .LVU314
 1030              	.LBB42:
 344:CANopen/301/CO_ODinterface.h **** }
 1031              		.loc 4 344 5 view .LVU315
 344:CANopen/301/CO_ODinterface.h **** }
 1032              		.loc 4 344 43 is_stmt 0 discriminator 1 view .LVU316
 1033 0102 119B     		ldr	r3, [sp, #68]
 1034 0104 1B88     		ldrh	r3, [r3]
 1035              	.LVL105:
 344:CANopen/301/CO_ODinterface.h **** }
 1036              		.loc 4 344 43 discriminator 1 view .LVU317
 1037              	.LBE42:
 1038              	.LBE41:
 246:CANopen/301/CO_SYNC.c ****             }
 1039              		.loc 1 246 26 discriminator 1 view .LVU318
 1040 0106 169A     		ldr	r2, [sp, #88]
 1041 0108 1360     		str	r3, [r2]
 1042              	.L64:
 248:CANopen/301/CO_SYNC.c ****         }
 1043              		.loc 1 248 13 is_stmt 1 view .LVU319
ARM GAS  C:\Users\Lenovo\AppData\Local\Temp\cc3QWgXt.s 			page 50


 248:CANopen/301/CO_SYNC.c ****         }
 1044              		.loc 1 248 20 is_stmt 0 view .LVU320
 1045 010a 6FF00B05 		mvn	r5, #11
 1046              	.LVL106:
 248:CANopen/301/CO_SYNC.c ****         }
 1047              		.loc 1 248 20 view .LVU321
 1048 010e 3DE0     		b	.L55
 1049              	.LVL107:
 1050              	.L80:
 251:CANopen/301/CO_SYNC.c ****         } else if (syncCounterOvf > 240U) {
 1051              		.loc 1 251 13 is_stmt 1 view .LVU322
 251:CANopen/301/CO_SYNC.c ****         } else if (syncCounterOvf > 240U) {
 1052              		.loc 1 251 28 is_stmt 0 view .LVU323
 1053 0110 0223     		movs	r3, #2
 1054 0112 8DF81330 		strb	r3, [sp, #19]
 1055              	.L66:
 254:CANopen/301/CO_SYNC.c ****         } else { /* MISRA C 2004 14.10 */
 255:CANopen/301/CO_SYNC.c ****         }
 1056              		.loc 1 255 9 is_stmt 1 view .LVU324
 256:CANopen/301/CO_SYNC.c **** 
 257:CANopen/301/CO_SYNC.c **** #if ((CO_CONFIG_SYNC)&CO_CONFIG_FLAG_OD_DYNAMIC) != 0
 258:CANopen/301/CO_SYNC.c **** #if ((CO_CONFIG_SYNC)&CO_CONFIG_SYNC_PRODUCER) != 0
 259:CANopen/301/CO_SYNC.c ****         SYNC->OD_1019_extension.object = SYNC;
 1057              		.loc 1 259 9 view .LVU325
 1058              		.loc 1 259 40 is_stmt 0 view .LVU326
 1059 0116 E464     		str	r4, [r4, #76]
 260:CANopen/301/CO_SYNC.c ****         SYNC->OD_1019_extension.read = OD_readOriginal;
 1060              		.loc 1 260 9 is_stmt 1 view .LVU327
 1061              		.loc 1 260 38 is_stmt 0 view .LVU328
 1062 0118 294B     		ldr	r3, .L82
 1063 011a 2365     		str	r3, [r4, #80]
 261:CANopen/301/CO_SYNC.c ****         SYNC->OD_1019_extension.write = OD_write_1019;
 1064              		.loc 1 261 9 is_stmt 1 view .LVU329
 1065              		.loc 1 261 39 is_stmt 0 view .LVU330
 1066 011c 2A4B     		ldr	r3, .L82+8
 1067 011e 6365     		str	r3, [r4, #84]
 262:CANopen/301/CO_SYNC.c ****         (void)OD_extension_init(OD_1019_syncCounterOvf, &SYNC->OD_1019_extension);
 1068              		.loc 1 262 9 is_stmt 1 view .LVU331
 1069              		.loc 1 262 15 is_stmt 0 view .LVU332
 1070 0120 04F14C03 		add	r3, r4, #76
 1071              	.LVL108:
 1072              	.LBB43:
 1073              	.LBI43:
 463:CANopen/301/CO_ODinterface.h ****     if (entry == NULL) {
 1074              		.loc 4 463 1 is_stmt 1 view .LVU333
 1075              	.LBB44:
 464:CANopen/301/CO_ODinterface.h ****         return ODR_IDX_NOT_EXIST;
 1076              		.loc 4 464 5 view .LVU334
 467:CANopen/301/CO_ODinterface.h ****     return ODR_OK;
 1077              		.loc 4 467 5 view .LVU335
 467:CANopen/301/CO_ODinterface.h ****     return ODR_OK;
 1078              		.loc 4 467 22 is_stmt 0 view .LVU336
 1079 0124 119A     		ldr	r2, [sp, #68]
 1080 0126 9360     		str	r3, [r2, #8]
 468:CANopen/301/CO_ODinterface.h **** }
 1081              		.loc 4 468 5 is_stmt 1 view .LVU337
 1082              	.LVL109:
ARM GAS  C:\Users\Lenovo\AppData\Local\Temp\cc3QWgXt.s 			page 51


 1083              	.L62:
 468:CANopen/301/CO_ODinterface.h **** }
 1084              		.loc 4 468 5 is_stmt 0 view .LVU338
 1085              	.LBE44:
 1086              	.LBE43:
 263:CANopen/301/CO_SYNC.c **** #endif
 264:CANopen/301/CO_SYNC.c **** #endif
 265:CANopen/301/CO_SYNC.c ****     }
 266:CANopen/301/CO_SYNC.c ****     SYNC->counterOverflowValue = syncCounterOvf;
 1087              		.loc 1 266 5 is_stmt 1 view .LVU339
 1088              		.loc 1 266 32 is_stmt 0 view .LVU340
 1089 0128 9DF81330 		ldrb	r3, [sp, #19]	@ zero_extendqisi2
 1090 012c 6374     		strb	r3, [r4, #17]
 267:CANopen/301/CO_SYNC.c **** 
 268:CANopen/301/CO_SYNC.c ****     /* Configure object variables */
 269:CANopen/301/CO_SYNC.c ****     SYNC->em = em;
 1091              		.loc 1 269 5 is_stmt 1 view .LVU341
 1092              		.loc 1 269 14 is_stmt 0 view .LVU342
 1093 012e 2760     		str	r7, [r4]
 270:CANopen/301/CO_SYNC.c **** #if ((CO_CONFIG_SYNC)&CO_CONFIG_SYNC_PRODUCER) != 0
 271:CANopen/301/CO_SYNC.c ****     SYNC->isProducer = (cobIdSync & 0x40000000U) != 0U;
 1094              		.loc 1 271 5 is_stmt 1 view .LVU343
 1095              		.loc 1 271 35 is_stmt 0 view .LVU344
 1096 0130 059A     		ldr	r2, [sp, #20]
 1097              		.loc 1 271 50 view .LVU345
 1098 0132 C2F38073 		ubfx	r3, r2, #30, #1
 1099              		.loc 1 271 22 view .LVU346
 1100 0136 6362     		str	r3, [r4, #36]
 272:CANopen/301/CO_SYNC.c ****     SYNC->CANdevTx = CANdevTx;
 1101              		.loc 1 272 5 is_stmt 1 view .LVU347
 1102              		.loc 1 272 20 is_stmt 0 view .LVU348
 1103 0138 C4F82890 		str	r9, [r4, #40]
 273:CANopen/301/CO_SYNC.c **** #endif
 274:CANopen/301/CO_SYNC.c **** #if ((CO_CONFIG_SYNC)&CO_CONFIG_FLAG_OD_DYNAMIC) != 0
 275:CANopen/301/CO_SYNC.c ****     SYNC->CAN_ID = (uint16_t)(cobIdSync & 0x7FFU);
 1104              		.loc 1 275 5 is_stmt 1 view .LVU349
 1105              		.loc 1 275 20 is_stmt 0 view .LVU350
 1106 013c C2F30A02 		ubfx	r2, r2, #0, #11
 1107              		.loc 1 275 18 view .LVU351
 1108 0140 A4F84820 		strh	r2, [r4, #72]	@ movhi
 276:CANopen/301/CO_SYNC.c ****     SYNC->CANdevRx = CANdevRx;
 1109              		.loc 1 276 5 is_stmt 1 view .LVU352
 1110              		.loc 1 276 20 is_stmt 0 view .LVU353
 1111 0144 C4F83080 		str	r8, [r4, #48]
 277:CANopen/301/CO_SYNC.c ****     SYNC->CANdevRxIdx = CANdevRxIdx;
 1112              		.loc 1 277 5 is_stmt 1 view .LVU354
 1113              		.loc 1 277 23 is_stmt 0 view .LVU355
 1114 0148 A4F834A0 		strh	r10, [r4, #52]	@ movhi
 278:CANopen/301/CO_SYNC.c **** #if ((CO_CONFIG_SYNC)&CO_CONFIG_SYNC_PRODUCER) != 0
 279:CANopen/301/CO_SYNC.c ****     SYNC->CANdevTxIdx = CANdevTxIdx;
 1115              		.loc 1 279 5 is_stmt 1 view .LVU356
 1116              		.loc 1 279 23 is_stmt 0 view .LVU357
 1117 014c A4F84AB0 		strh	fp, [r4, #74]	@ movhi
 280:CANopen/301/CO_SYNC.c **** #endif
 281:CANopen/301/CO_SYNC.c **** #endif
 282:CANopen/301/CO_SYNC.c **** 
 283:CANopen/301/CO_SYNC.c ****     /* configure SYNC CAN reception and transmission */
ARM GAS  C:\Users\Lenovo\AppData\Local\Temp\cc3QWgXt.s 			page 52


 284:CANopen/301/CO_SYNC.c ****     CO_ReturnError_t ret = CO_CANrxBufferInit(CANdevRx, CANdevRxIdx, (uint16_t)(cobIdSync & 0x7FFU)
 1118              		.loc 1 284 5 is_stmt 1 view .LVU358
 1119              		.loc 1 284 28 is_stmt 0 view .LVU359
 1120 0150 1E4B     		ldr	r3, .L82+12
 1121 0152 0293     		str	r3, [sp, #8]
 1122 0154 0194     		str	r4, [sp, #4]
 1123 0156 0023     		movs	r3, #0
 1124 0158 0093     		str	r3, [sp]
 1125 015a 40F2FF73 		movw	r3, #2047
 1126 015e 5146     		mov	r1, r10
 1127 0160 4046     		mov	r0, r8
 1128 0162 FFF7FEFF 		bl	CO_CANrxBufferInit
 1129              	.LVL110:
 285:CANopen/301/CO_SYNC.c ****                                               (void*)SYNC, CO_SYNC_receive);
 286:CANopen/301/CO_SYNC.c ****     if (ret != CO_ERROR_NO) {
 1130              		.loc 1 286 5 is_stmt 1 view .LVU360
 1131              		.loc 1 286 8 is_stmt 0 view .LVU361
 1132 0166 0546     		mov	r5, r0
 1133              	.LVL111:
 1134              		.loc 1 286 8 view .LVU362
 1135 0168 80B9     		cbnz	r0, .L55
 287:CANopen/301/CO_SYNC.c ****         return ret;
 288:CANopen/301/CO_SYNC.c ****     }
 289:CANopen/301/CO_SYNC.c **** 
 290:CANopen/301/CO_SYNC.c **** #if ((CO_CONFIG_SYNC)&CO_CONFIG_SYNC_PRODUCER) != 0
 291:CANopen/301/CO_SYNC.c ****     SYNC->CANtxBuff = CO_CANtxBufferInit(CANdevTx, CANdevTxIdx, (uint16_t)(cobIdSync & 0x7FFU), fal
 1136              		.loc 1 291 5 is_stmt 1 view .LVU363
 1137              		.loc 1 291 65 is_stmt 0 view .LVU364
 1138 016a BDF81420 		ldrh	r2, [sp, #20]
 1139              		.loc 1 291 23 view .LVU365
 1140 016e C2F30A02 		ubfx	r2, r2, #0, #11
 292:CANopen/301/CO_SYNC.c ****                                          (syncCounterOvf != 0U) ? 1U : 0U, false);
 1141              		.loc 1 292 58 view .LVU366
 1142 0172 9DF81310 		ldrb	r1, [sp, #19]	@ zero_extendqisi2
 291:CANopen/301/CO_SYNC.c ****                                          (syncCounterOvf != 0U) ? 1U : 0U, false);
 1143              		.loc 1 291 23 view .LVU367
 1144 0176 01B1     		cbz	r1, .L67
 291:CANopen/301/CO_SYNC.c ****                                          (syncCounterOvf != 0U) ? 1U : 0U, false);
 1145              		.loc 1 291 23 discriminator 1 view .LVU368
 1146 0178 0121     		movs	r1, #1
 1147              	.L67:
 291:CANopen/301/CO_SYNC.c ****                                          (syncCounterOvf != 0U) ? 1U : 0U, false);
 1148              		.loc 1 291 23 discriminator 4 view .LVU369
 1149 017a 0023     		movs	r3, #0
 1150 017c 0193     		str	r3, [sp, #4]
 1151 017e 0091     		str	r1, [sp]
 1152 0180 5946     		mov	r1, fp
 1153 0182 4846     		mov	r0, r9
 1154              	.LVL112:
 291:CANopen/301/CO_SYNC.c ****                                          (syncCounterOvf != 0U) ? 1U : 0U, false);
 1155              		.loc 1 291 23 discriminator 4 view .LVU370
 1156 0184 FFF7FEFF 		bl	CO_CANtxBufferInit
 1157              	.LVL113:
 291:CANopen/301/CO_SYNC.c ****                                          (syncCounterOvf != 0U) ? 1U : 0U, false);
 1158              		.loc 1 291 21 discriminator 1 view .LVU371
 1159 0188 E062     		str	r0, [r4, #44]
 293:CANopen/301/CO_SYNC.c **** 
ARM GAS  C:\Users\Lenovo\AppData\Local\Temp\cc3QWgXt.s 			page 53


 294:CANopen/301/CO_SYNC.c ****     if (SYNC->CANtxBuff == NULL) {
 1160              		.loc 1 294 5 is_stmt 1 view .LVU372
 1161              		.loc 1 294 8 is_stmt 0 view .LVU373
 1162 018a A8B1     		cbz	r0, .L81
 1163              	.LVL114:
 1164              	.L55:
 295:CANopen/301/CO_SYNC.c ****         return CO_ERROR_ILLEGAL_ARGUMENT;
 296:CANopen/301/CO_SYNC.c ****     }
 297:CANopen/301/CO_SYNC.c **** #endif
 298:CANopen/301/CO_SYNC.c **** 
 299:CANopen/301/CO_SYNC.c ****     return CO_ERROR_NO;
 300:CANopen/301/CO_SYNC.c **** }
 1165              		.loc 1 300 1 view .LVU374
 1166 018c 2846     		mov	r0, r5
 1167 018e 07B0     		add	sp, sp, #28
 1168              	.LCFI15:
 1169              		.cfi_remember_state
 1170              		.cfi_def_cfa_offset 36
 1171              		@ sp needed
 1172 0190 BDE8F08F 		pop	{r4, r5, r6, r7, r8, r9, r10, fp, pc}
 1173              	.LVL115:
 1174              	.L68:
 1175              	.LCFI16:
 1176              		.cfi_restore_state
 189:CANopen/301/CO_SYNC.c ****     }
 1177              		.loc 1 189 16 view .LVU375
 1178 0194 4FF0FF35 		mov	r5, #-1
 1179 0198 F8E7     		b	.L55
 1180              	.L69:
 189:CANopen/301/CO_SYNC.c ****     }
 1181              		.loc 1 189 16 view .LVU376
 1182 019a 4FF0FF35 		mov	r5, #-1
 1183 019e F5E7     		b	.L55
 1184              	.L70:
 189:CANopen/301/CO_SYNC.c ****     }
 1185              		.loc 1 189 16 view .LVU377
 1186 01a0 4FF0FF35 		mov	r5, #-1
 1187 01a4 F2E7     		b	.L55
 1188              	.L71:
 189:CANopen/301/CO_SYNC.c ****     }
 1189              		.loc 1 189 16 view .LVU378
 1190 01a6 4FF0FF35 		mov	r5, #-1
 1191 01aa EFE7     		b	.L55
 1192              	.L72:
 189:CANopen/301/CO_SYNC.c ****     }
 1193              		.loc 1 189 16 view .LVU379
 1194 01ac 4FF0FF35 		mov	r5, #-1
 1195 01b0 ECE7     		b	.L55
 1196              	.L73:
 189:CANopen/301/CO_SYNC.c ****     }
 1197              		.loc 1 189 16 view .LVU380
 1198 01b2 4FF0FF35 		mov	r5, #-1
 1199 01b6 E9E7     		b	.L55
 1200              	.LVL116:
 1201              	.L81:
 295:CANopen/301/CO_SYNC.c ****         return CO_ERROR_ILLEGAL_ARGUMENT;
 1202              		.loc 1 295 16 view .LVU381
ARM GAS  C:\Users\Lenovo\AppData\Local\Temp\cc3QWgXt.s 			page 54


 1203 01b8 4FF0FF35 		mov	r5, #-1
 1204              	.LVL117:
 295:CANopen/301/CO_SYNC.c ****         return CO_ERROR_ILLEGAL_ARGUMENT;
 1205              		.loc 1 295 16 view .LVU382
 1206 01bc E6E7     		b	.L55
 1207              	.L83:
 1208 01be 00BF     		.align	2
 1209              	.L82:
 1210 01c0 00000000 		.word	OD_readOriginal
 1211 01c4 00000000 		.word	OD_write_1005
 1212 01c8 00000000 		.word	OD_write_1019
 1213 01cc 00000000 		.word	CO_SYNC_receive
 1214              		.cfi_endproc
 1215              	.LFE38:
 1217              		.section	.text.CO_SYNC_process,"ax",%progbits
 1218              		.align	1
 1219              		.global	CO_SYNC_process
 1220              		.syntax unified
 1221              		.thumb
 1222              		.thumb_func
 1224              	CO_SYNC_process:
 1225              	.LVL118:
 1226              	.LFB39:
 301:CANopen/301/CO_SYNC.c **** 
 302:CANopen/301/CO_SYNC.c **** #if ((CO_CONFIG_SYNC)&CO_CONFIG_FLAG_CALLBACK_PRE) != 0
 303:CANopen/301/CO_SYNC.c **** void
 304:CANopen/301/CO_SYNC.c **** CO_SYNC_initCallbackPre(CO_SYNC_t* SYNC, void* object, void (*pFunctSignalPre)(void* object)) {
 305:CANopen/301/CO_SYNC.c ****     if (SYNC != NULL) {
 306:CANopen/301/CO_SYNC.c ****         SYNC->functSignalObjectPre = object;
 307:CANopen/301/CO_SYNC.c ****         SYNC->pFunctSignalPre = pFunctSignalPre;
 308:CANopen/301/CO_SYNC.c ****     }
 309:CANopen/301/CO_SYNC.c **** }
 310:CANopen/301/CO_SYNC.c **** #endif
 311:CANopen/301/CO_SYNC.c **** 
 312:CANopen/301/CO_SYNC.c **** CO_SYNC_status_t
 313:CANopen/301/CO_SYNC.c **** CO_SYNC_process(CO_SYNC_t* SYNC, bool_t NMTisPreOrOperational, uint32_t timeDifference_us, uint32_t
 1227              		.loc 1 313 116 is_stmt 1 view -0
 1228              		.cfi_startproc
 1229              		@ args = 0, pretend = 0, frame = 0
 1230              		@ frame_needed = 0, uses_anonymous_args = 0
 1231              		.loc 1 313 116 is_stmt 0 view .LVU384
 1232 0000 30B5     		push	{r4, r5, lr}
 1233              	.LCFI17:
 1234              		.cfi_def_cfa_offset 12
 1235              		.cfi_offset 4, -12
 1236              		.cfi_offset 5, -8
 1237              		.cfi_offset 14, -4
 1238 0002 83B0     		sub	sp, sp, #12
 1239              	.LCFI18:
 1240              		.cfi_def_cfa_offset 24
 1241 0004 0446     		mov	r4, r0
 314:CANopen/301/CO_SYNC.c ****     (void)timerNext_us; /* may be unused */
 1242              		.loc 1 314 5 is_stmt 1 view .LVU385
 315:CANopen/301/CO_SYNC.c **** 
 316:CANopen/301/CO_SYNC.c ****     CO_SYNC_status_t syncStatus = CO_SYNC_NONE;
 1243              		.loc 1 316 5 view .LVU386
 1244              	.LVL119:
ARM GAS  C:\Users\Lenovo\AppData\Local\Temp\cc3QWgXt.s 			page 55


 317:CANopen/301/CO_SYNC.c **** 
 318:CANopen/301/CO_SYNC.c ****     if (NMTisPreOrOperational) {
 1245              		.loc 1 318 5 view .LVU387
 1246              		.loc 1 318 8 is_stmt 0 view .LVU388
 1247 0006 0029     		cmp	r1, #0
 1248 0008 53D0     		beq	.L85
 1249              	.LBB45:
 319:CANopen/301/CO_SYNC.c ****         /* update sync timer, no overflow */
 320:CANopen/301/CO_SYNC.c ****         uint32_t timerNew = SYNC->timer + timeDifference_us;
 1250              		.loc 1 320 9 is_stmt 1 view .LVU389
 1251              		.loc 1 320 33 is_stmt 0 view .LVU390
 1252 000a 8369     		ldr	r3, [r0, #24]
 1253              	.LVL120:
 1254              		.loc 1 320 18 view .LVU391
 1255 000c 1A44     		add	r2, r2, r3
 1256              	.LVL121:
 321:CANopen/301/CO_SYNC.c ****         if (timerNew > SYNC->timer) {
 1257              		.loc 1 321 9 is_stmt 1 view .LVU392
 1258              		.loc 1 321 12 is_stmt 0 view .LVU393
 1259 000e 9342     		cmp	r3, r2
 1260 0010 00D2     		bcs	.L86
 322:CANopen/301/CO_SYNC.c ****             SYNC->timer = timerNew;
 1261              		.loc 1 322 13 is_stmt 1 view .LVU394
 1262              		.loc 1 322 25 is_stmt 0 view .LVU395
 1263 0012 8261     		str	r2, [r0, #24]
 1264              	.L86:
 323:CANopen/301/CO_SYNC.c ****         }
 324:CANopen/301/CO_SYNC.c **** 
 325:CANopen/301/CO_SYNC.c ****         /* was SYNC just received */
 326:CANopen/301/CO_SYNC.c ****         if (CO_FLAG_READ(SYNC->CANrxNew)) {
 1265              		.loc 1 326 9 is_stmt 1 view .LVU396
 1266              		.loc 1 326 13 is_stmt 0 view .LVU397
 1267 0014 6368     		ldr	r3, [r4, #4]
 1268              		.loc 1 326 12 view .LVU398
 1269 0016 CBB1     		cbz	r3, .L96
 327:CANopen/301/CO_SYNC.c ****             SYNC->timer = 0;
 1270              		.loc 1 327 13 is_stmt 1 view .LVU399
 1271              		.loc 1 327 25 is_stmt 0 view .LVU400
 1272 0018 0023     		movs	r3, #0
 1273 001a A361     		str	r3, [r4, #24]
 328:CANopen/301/CO_SYNC.c ****             syncStatus = CO_SYNC_RX_TX;
 1274              		.loc 1 328 13 is_stmt 1 view .LVU401
 1275              	.LVL122:
 329:CANopen/301/CO_SYNC.c ****             CO_FLAG_CLEAR(SYNC->CANrxNew);
 1276              		.loc 1 329 13 view .LVU402
 1277              		.loc 1 329 13 view .LVU403
 1278 001c 6360     		str	r3, [r4, #4]
 328:CANopen/301/CO_SYNC.c ****             syncStatus = CO_SYNC_RX_TX;
 1279              		.loc 1 328 24 is_stmt 0 view .LVU404
 1280 001e 0125     		movs	r5, #1
 1281              	.LVL123:
 1282              	.L87:
 1283              		.loc 1 329 42 is_stmt 1 view .LVU405
 330:CANopen/301/CO_SYNC.c ****         }
 331:CANopen/301/CO_SYNC.c **** 
 332:CANopen/301/CO_SYNC.c ****         uint32_t OD_1006_period = (SYNC->OD_1006_period != NULL) ? *SYNC->OD_1006_period : 0U;
 1284              		.loc 1 332 9 view .LVU406
ARM GAS  C:\Users\Lenovo\AppData\Local\Temp\cc3QWgXt.s 			page 56


 1285              		.loc 1 332 40 is_stmt 0 view .LVU407
 1286 0020 E369     		ldr	r3, [r4, #28]
 1287              		.loc 1 332 90 view .LVU408
 1288 0022 33B1     		cbz	r3, .L88
 1289              		.loc 1 332 90 discriminator 1 view .LVU409
 1290 0024 1B68     		ldr	r3, [r3]
 1291              	.LVL124:
 333:CANopen/301/CO_SYNC.c **** 
 334:CANopen/301/CO_SYNC.c ****         if (OD_1006_period > 0U) {
 1292              		.loc 1 334 9 is_stmt 1 view .LVU410
 1293              		.loc 1 334 12 is_stmt 0 view .LVU411
 1294 0026 23B1     		cbz	r3, .L88
 335:CANopen/301/CO_SYNC.c **** #if ((CO_CONFIG_SYNC)&CO_CONFIG_SYNC_PRODUCER) != 0
 336:CANopen/301/CO_SYNC.c ****             if (SYNC->isProducer) {
 1295              		.loc 1 336 13 is_stmt 1 view .LVU412
 1296              		.loc 1 336 21 is_stmt 0 view .LVU413
 1297 0028 626A     		ldr	r2, [r4, #36]
 1298              	.LVL125:
 1299              		.loc 1 336 16 view .LVU414
 1300 002a B2B1     		cbz	r2, .L89
 337:CANopen/301/CO_SYNC.c ****                 if (SYNC->timer >= OD_1006_period) {
 1301              		.loc 1 337 17 is_stmt 1 view .LVU415
 1302              		.loc 1 337 25 is_stmt 0 view .LVU416
 1303 002c A269     		ldr	r2, [r4, #24]
 1304              		.loc 1 337 20 view .LVU417
 1305 002e 9A42     		cmp	r2, r3
 1306 0030 0ED2     		bcs	.L99
 1307              	.LVL126:
 1308              	.L88:
 338:CANopen/301/CO_SYNC.c ****                     syncStatus = CO_SYNC_RX_TX;
 339:CANopen/301/CO_SYNC.c ****                     (void)CO_SYNCsend(SYNC);
 340:CANopen/301/CO_SYNC.c ****                 }
 341:CANopen/301/CO_SYNC.c **** #if ((CO_CONFIG_SYNC)&CO_CONFIG_FLAG_TIMERNEXT) != 0
 342:CANopen/301/CO_SYNC.c ****                 /* Calculate when next SYNC needs to be sent */
 343:CANopen/301/CO_SYNC.c ****                 if (timerNext_us != NULL) {
 344:CANopen/301/CO_SYNC.c ****                     uint32_t diff = OD_1006_period - SYNC->timer;
 345:CANopen/301/CO_SYNC.c ****                     if (*timerNext_us > diff) {
 346:CANopen/301/CO_SYNC.c ****                         *timerNext_us = diff;
 347:CANopen/301/CO_SYNC.c ****                     }
 348:CANopen/301/CO_SYNC.c ****                 }
 349:CANopen/301/CO_SYNC.c **** #endif
 350:CANopen/301/CO_SYNC.c ****             } else
 351:CANopen/301/CO_SYNC.c **** #endif /* (CO_CONFIG_SYNC) & CO_CONFIG_SYNC_PRODUCER */
 352:CANopen/301/CO_SYNC.c **** 
 353:CANopen/301/CO_SYNC.c ****                 /* Verify timeout of SYNC */
 354:CANopen/301/CO_SYNC.c ****                 if (SYNC->timeoutError == 1U) {
 355:CANopen/301/CO_SYNC.c ****                     /* periodTimeout is 1,5 * OD_1006_period, no overflow */
 356:CANopen/301/CO_SYNC.c ****                     uint32_t periodTimeout = OD_1006_period + (OD_1006_period >> 1);
 357:CANopen/301/CO_SYNC.c ****                     if (periodTimeout < OD_1006_period) {
 358:CANopen/301/CO_SYNC.c ****                         periodTimeout = 0xFFFFFFFFU;
 359:CANopen/301/CO_SYNC.c ****                     }
 360:CANopen/301/CO_SYNC.c **** 
 361:CANopen/301/CO_SYNC.c ****                     if (SYNC->timer > periodTimeout) {
 362:CANopen/301/CO_SYNC.c ****                         CO_errorReport(SYNC->em, CO_EM_SYNC_TIME_OUT, CO_EMC_COMMUNICATION, SYNC->t
 363:CANopen/301/CO_SYNC.c ****                         SYNC->timeoutError = 2;
 364:CANopen/301/CO_SYNC.c ****                     }
 365:CANopen/301/CO_SYNC.c **** #if ((CO_CONFIG_SYNC)&CO_CONFIG_FLAG_TIMERNEXT) != 0
ARM GAS  C:\Users\Lenovo\AppData\Local\Temp\cc3QWgXt.s 			page 57


 366:CANopen/301/CO_SYNC.c ****                     else if (timerNext_us != NULL) {
 367:CANopen/301/CO_SYNC.c ****                         uint32_t diff = periodTimeout - SYNC->timer;
 368:CANopen/301/CO_SYNC.c ****                         if (*timerNext_us > diff) {
 369:CANopen/301/CO_SYNC.c ****                             *timerNext_us = diff;
 370:CANopen/301/CO_SYNC.c ****                         }
 371:CANopen/301/CO_SYNC.c ****                     } else { /* MISRA C 2004 14.10 */
 372:CANopen/301/CO_SYNC.c ****                     }
 373:CANopen/301/CO_SYNC.c **** #endif
 374:CANopen/301/CO_SYNC.c ****                 } else { /* MISRA C 2004 14.10 */
 375:CANopen/301/CO_SYNC.c ****                 }
 1309              		.loc 1 375 17 is_stmt 1 view .LVU418
 376:CANopen/301/CO_SYNC.c ****         } /* if (OD_1006_period > 0) */
 377:CANopen/301/CO_SYNC.c **** 
 378:CANopen/301/CO_SYNC.c ****         /* Synchronous PDOs are allowed only inside time window */
 379:CANopen/301/CO_SYNC.c ****         if ((SYNC->OD_1007_window != NULL) && (*SYNC->OD_1007_window > 0U) && (SYNC->timer > *SYNC-
 1310              		.loc 1 379 9 view .LVU419
 1311              		.loc 1 379 18 is_stmt 0 view .LVU420
 1312 0032 236A     		ldr	r3, [r4, #32]
 1313              		.loc 1 379 12 view .LVU421
 1314 0034 33B3     		cbz	r3, .L90
 1315              		.loc 1 379 48 discriminator 1 view .LVU422
 1316 0036 1B68     		ldr	r3, [r3]
 1317              		.loc 1 379 44 discriminator 1 view .LVU423
 1318 0038 23B3     		cbz	r3, .L90
 1319              		.loc 1 379 84 discriminator 2 view .LVU424
 1320 003a A269     		ldr	r2, [r4, #24]
 1321              		.loc 1 379 76 discriminator 2 view .LVU425
 1322 003c 9342     		cmp	r3, r2
 1323 003e 21D2     		bcs	.L90
 380:CANopen/301/CO_SYNC.c ****             if (!SYNC->syncIsOutsideWindow) {
 1324              		.loc 1 380 13 is_stmt 1 view .LVU426
 1325              		.loc 1 380 22 is_stmt 0 view .LVU427
 1326 0040 6369     		ldr	r3, [r4, #20]
 1327              		.loc 1 380 16 view .LVU428
 1328 0042 03B9     		cbnz	r3, .L91
 381:CANopen/301/CO_SYNC.c ****                 syncStatus = CO_SYNC_PASSED_WINDOW;
 1329              		.loc 1 381 28 view .LVU429
 1330 0044 0225     		movs	r5, #2
 1331              	.LVL127:
 1332              	.L91:
 382:CANopen/301/CO_SYNC.c ****             }
 383:CANopen/301/CO_SYNC.c ****             SYNC->syncIsOutsideWindow = true;
 1333              		.loc 1 383 13 is_stmt 1 view .LVU430
 1334              		.loc 1 383 39 is_stmt 0 view .LVU431
 1335 0046 0123     		movs	r3, #1
 1336 0048 6361     		str	r3, [r4, #20]
 1337 004a 1DE0     		b	.L92
 1338              	.LVL128:
 1339              	.L96:
 1340              		.loc 1 383 39 view .LVU432
 1341              	.LBE45:
 316:CANopen/301/CO_SYNC.c **** 
 1342              		.loc 1 316 22 view .LVU433
 1343 004c 0025     		movs	r5, #0
 1344 004e E7E7     		b	.L87
 1345              	.LVL129:
 1346              	.L99:
ARM GAS  C:\Users\Lenovo\AppData\Local\Temp\cc3QWgXt.s 			page 58


 1347              	.LBB47:
 338:CANopen/301/CO_SYNC.c ****                     (void)CO_SYNCsend(SYNC);
 1348              		.loc 1 338 21 is_stmt 1 view .LVU434
 339:CANopen/301/CO_SYNC.c ****                 }
 1349              		.loc 1 339 21 view .LVU435
 339:CANopen/301/CO_SYNC.c ****                 }
 1350              		.loc 1 339 27 is_stmt 0 view .LVU436
 1351 0050 2046     		mov	r0, r4
 1352              	.LVL130:
 339:CANopen/301/CO_SYNC.c ****                 }
 1353              		.loc 1 339 27 view .LVU437
 1354 0052 FFF7FEFF 		bl	CO_SYNCsend
 1355              	.LVL131:
 338:CANopen/301/CO_SYNC.c ****                     (void)CO_SYNCsend(SYNC);
 1356              		.loc 1 338 32 view .LVU438
 1357 0056 0125     		movs	r5, #1
 1358 0058 EBE7     		b	.L88
 1359              	.LVL132:
 1360              	.L89:
 354:CANopen/301/CO_SYNC.c ****                     /* periodTimeout is 1,5 * OD_1006_period, no overflow */
 1361              		.loc 1 354 17 is_stmt 1 view .LVU439
 354:CANopen/301/CO_SYNC.c ****                     /* periodTimeout is 1,5 * OD_1006_period, no overflow */
 1362              		.loc 1 354 25 is_stmt 0 view .LVU440
 1363 005a 227C     		ldrb	r2, [r4, #16]	@ zero_extendqisi2
 354:CANopen/301/CO_SYNC.c ****                     /* periodTimeout is 1,5 * OD_1006_period, no overflow */
 1364              		.loc 1 354 20 view .LVU441
 1365 005c 012A     		cmp	r2, #1
 1366 005e E8D1     		bne	.L88
 1367              	.LBB46:
 356:CANopen/301/CO_SYNC.c ****                     if (periodTimeout < OD_1006_period) {
 1368              		.loc 1 356 21 is_stmt 1 view .LVU442
 356:CANopen/301/CO_SYNC.c ****                     if (periodTimeout < OD_1006_period) {
 1369              		.loc 1 356 30 is_stmt 0 view .LVU443
 1370 0060 03EB5302 		add	r2, r3, r3, lsr #1
 1371              	.LVL133:
 357:CANopen/301/CO_SYNC.c ****                         periodTimeout = 0xFFFFFFFFU;
 1372              		.loc 1 357 21 is_stmt 1 view .LVU444
 357:CANopen/301/CO_SYNC.c ****                         periodTimeout = 0xFFFFFFFFU;
 1373              		.loc 1 357 24 is_stmt 0 view .LVU445
 1374 0064 9342     		cmp	r3, r2
 1375 0066 E4D8     		bhi	.L88
 361:CANopen/301/CO_SYNC.c ****                         CO_errorReport(SYNC->em, CO_EM_SYNC_TIME_OUT, CO_EMC_COMMUNICATION, SYNC->t
 1376              		.loc 1 361 21 is_stmt 1 view .LVU446
 361:CANopen/301/CO_SYNC.c ****                         CO_errorReport(SYNC->em, CO_EM_SYNC_TIME_OUT, CO_EMC_COMMUNICATION, SYNC->t
 1377              		.loc 1 361 29 is_stmt 0 view .LVU447
 1378 0068 A369     		ldr	r3, [r4, #24]
 1379              	.LVL134:
 361:CANopen/301/CO_SYNC.c ****                         CO_errorReport(SYNC->em, CO_EM_SYNC_TIME_OUT, CO_EMC_COMMUNICATION, SYNC->t
 1380              		.loc 1 361 24 view .LVU448
 1381 006a 9342     		cmp	r3, r2
 1382 006c E1D9     		bls	.L88
 362:CANopen/301/CO_SYNC.c ****                         SYNC->timeoutError = 2;
 1383              		.loc 1 362 25 is_stmt 1 view .LVU449
 1384 006e 0093     		str	r3, [sp]
 1385              	.LVL135:
 362:CANopen/301/CO_SYNC.c ****                         SYNC->timeoutError = 2;
 1386              		.loc 1 362 25 is_stmt 0 view .LVU450
ARM GAS  C:\Users\Lenovo\AppData\Local\Temp\cc3QWgXt.s 			page 59


 1387 0070 4FF40143 		mov	r3, #33024
 1388 0074 1822     		movs	r2, #24
 1389              	.LVL136:
 362:CANopen/301/CO_SYNC.c ****                         SYNC->timeoutError = 2;
 1390              		.loc 1 362 25 view .LVU451
 1391 0076 0121     		movs	r1, #1
 1392              	.LVL137:
 362:CANopen/301/CO_SYNC.c ****                         SYNC->timeoutError = 2;
 1393              		.loc 1 362 25 view .LVU452
 1394 0078 2068     		ldr	r0, [r4]
 1395              	.LVL138:
 362:CANopen/301/CO_SYNC.c ****                         SYNC->timeoutError = 2;
 1396              		.loc 1 362 25 view .LVU453
 1397 007a FFF7FEFF 		bl	CO_error
 1398              	.LVL139:
 363:CANopen/301/CO_SYNC.c ****                     }
 1399              		.loc 1 363 25 is_stmt 1 view .LVU454
 363:CANopen/301/CO_SYNC.c ****                     }
 1400              		.loc 1 363 44 is_stmt 0 view .LVU455
 1401 007e 0223     		movs	r3, #2
 1402 0080 2374     		strb	r3, [r4, #16]
 1403 0082 D6E7     		b	.L88
 1404              	.LVL140:
 1405              	.L90:
 363:CANopen/301/CO_SYNC.c ****                     }
 1406              		.loc 1 363 44 view .LVU456
 1407              	.LBE46:
 384:CANopen/301/CO_SYNC.c ****         } else {
 385:CANopen/301/CO_SYNC.c ****             SYNC->syncIsOutsideWindow = false;
 1408              		.loc 1 385 13 is_stmt 1 view .LVU457
 1409              		.loc 1 385 39 is_stmt 0 view .LVU458
 1410 0084 0023     		movs	r3, #0
 1411 0086 6361     		str	r3, [r4, #20]
 1412              	.L92:
 386:CANopen/301/CO_SYNC.c ****         }
 387:CANopen/301/CO_SYNC.c **** 
 388:CANopen/301/CO_SYNC.c ****         /* verify error from receive function */
 389:CANopen/301/CO_SYNC.c ****         if (SYNC->receiveError != 0U) {
 1413              		.loc 1 389 9 is_stmt 1 view .LVU459
 1414              		.loc 1 389 17 is_stmt 0 view .LVU460
 1415 0088 237A     		ldrb	r3, [r4, #8]	@ zero_extendqisi2
 1416              		.loc 1 389 12 view .LVU461
 1417 008a 3BB9     		cbnz	r3, .L100
 1418              	.L93:
 1419              		.loc 1 389 12 view .LVU462
 1420              	.LBE47:
 390:CANopen/301/CO_SYNC.c ****             CO_errorReport(SYNC->em, CO_EM_SYNC_LENGTH, CO_EMC_SYNC_DATA_LENGTH, SYNC->receiveError
 391:CANopen/301/CO_SYNC.c ****             SYNC->receiveError = 0;
 392:CANopen/301/CO_SYNC.c ****         }
 393:CANopen/301/CO_SYNC.c ****     } /* if (NMTisPreOrOperational) */
 394:CANopen/301/CO_SYNC.c ****     else {
 395:CANopen/301/CO_SYNC.c ****         CO_FLAG_CLEAR(SYNC->CANrxNew);
 396:CANopen/301/CO_SYNC.c ****         SYNC->receiveError = 0;
 397:CANopen/301/CO_SYNC.c ****         SYNC->counter = 0;
 398:CANopen/301/CO_SYNC.c ****         SYNC->timer = 0;
 399:CANopen/301/CO_SYNC.c ****     }
 400:CANopen/301/CO_SYNC.c **** 
ARM GAS  C:\Users\Lenovo\AppData\Local\Temp\cc3QWgXt.s 			page 60


 401:CANopen/301/CO_SYNC.c ****     if (syncStatus == CO_SYNC_RX_TX) {
 1421              		.loc 1 401 5 is_stmt 1 view .LVU463
 1422              		.loc 1 401 8 is_stmt 0 view .LVU464
 1423 008c 012D     		cmp	r5, #1
 1424 008e 15D1     		bne	.L94
 402:CANopen/301/CO_SYNC.c ****         if (SYNC->timeoutError == 2U) {
 1425              		.loc 1 402 9 is_stmt 1 view .LVU465
 1426              		.loc 1 402 17 is_stmt 0 view .LVU466
 1427 0090 237C     		ldrb	r3, [r4, #16]	@ zero_extendqisi2
 1428              		.loc 1 402 12 view .LVU467
 1429 0092 022B     		cmp	r3, #2
 1430 0094 15D0     		beq	.L101
 1431              	.L95:
 403:CANopen/301/CO_SYNC.c ****             CO_errorReset(SYNC->em, CO_EM_SYNC_TIME_OUT, 0);
 404:CANopen/301/CO_SYNC.c ****         }
 405:CANopen/301/CO_SYNC.c ****         SYNC->timeoutError = 1;
 1432              		.loc 1 405 9 is_stmt 1 view .LVU468
 1433              		.loc 1 405 28 is_stmt 0 view .LVU469
 1434 0096 0123     		movs	r3, #1
 1435 0098 2374     		strb	r3, [r4, #16]
 1436 009a 0FE0     		b	.L94
 1437              	.L100:
 1438              	.LBB48:
 390:CANopen/301/CO_SYNC.c ****             SYNC->receiveError = 0;
 1439              		.loc 1 390 13 is_stmt 1 view .LVU470
 1440 009c 0093     		str	r3, [sp]
 1441 009e 48F24023 		movw	r3, #33344
 1442 00a2 1922     		movs	r2, #25
 1443 00a4 0121     		movs	r1, #1
 1444 00a6 2068     		ldr	r0, [r4]
 1445 00a8 FFF7FEFF 		bl	CO_error
 1446              	.LVL141:
 391:CANopen/301/CO_SYNC.c ****         }
 1447              		.loc 1 391 13 view .LVU471
 391:CANopen/301/CO_SYNC.c ****         }
 1448              		.loc 1 391 32 is_stmt 0 view .LVU472
 1449 00ac 0023     		movs	r3, #0
 1450 00ae 2372     		strb	r3, [r4, #8]
 1451 00b0 ECE7     		b	.L93
 1452              	.LVL142:
 1453              	.L85:
 391:CANopen/301/CO_SYNC.c ****         }
 1454              		.loc 1 391 32 view .LVU473
 1455              	.LBE48:
 395:CANopen/301/CO_SYNC.c ****         SYNC->receiveError = 0;
 1456              		.loc 1 395 9 is_stmt 1 view .LVU474
 395:CANopen/301/CO_SYNC.c ****         SYNC->receiveError = 0;
 1457              		.loc 1 395 9 view .LVU475
 1458 00b2 0025     		movs	r5, #0
 1459 00b4 4560     		str	r5, [r0, #4]
 395:CANopen/301/CO_SYNC.c ****         SYNC->receiveError = 0;
 1460              		.loc 1 395 38 view .LVU476
 396:CANopen/301/CO_SYNC.c ****         SYNC->counter = 0;
 1461              		.loc 1 396 9 view .LVU477
 396:CANopen/301/CO_SYNC.c ****         SYNC->counter = 0;
 1462              		.loc 1 396 28 is_stmt 0 view .LVU478
 1463 00b6 0572     		strb	r5, [r0, #8]
ARM GAS  C:\Users\Lenovo\AppData\Local\Temp\cc3QWgXt.s 			page 61


 397:CANopen/301/CO_SYNC.c ****         SYNC->timer = 0;
 1464              		.loc 1 397 9 is_stmt 1 view .LVU479
 397:CANopen/301/CO_SYNC.c ****         SYNC->timer = 0;
 1465              		.loc 1 397 23 is_stmt 0 view .LVU480
 1466 00b8 8574     		strb	r5, [r0, #18]
 398:CANopen/301/CO_SYNC.c ****     }
 1467              		.loc 1 398 9 is_stmt 1 view .LVU481
 398:CANopen/301/CO_SYNC.c ****     }
 1468              		.loc 1 398 21 is_stmt 0 view .LVU482
 1469 00ba 8561     		str	r5, [r0, #24]
 401:CANopen/301/CO_SYNC.c ****         if (SYNC->timeoutError == 2U) {
 1470              		.loc 1 401 5 is_stmt 1 view .LVU483
 1471              	.LVL143:
 1472              	.L94:
 406:CANopen/301/CO_SYNC.c ****     }
 407:CANopen/301/CO_SYNC.c **** 
 408:CANopen/301/CO_SYNC.c ****     return syncStatus;
 1473              		.loc 1 408 5 view .LVU484
 409:CANopen/301/CO_SYNC.c **** }
 1474              		.loc 1 409 1 is_stmt 0 view .LVU485
 1475 00bc 2846     		mov	r0, r5
 1476 00be 03B0     		add	sp, sp, #12
 1477              	.LCFI19:
 1478              		.cfi_remember_state
 1479              		.cfi_def_cfa_offset 12
 1480              		@ sp needed
 1481 00c0 30BD     		pop	{r4, r5, pc}
 1482              	.LVL144:
 1483              	.L101:
 1484              	.LCFI20:
 1485              		.cfi_restore_state
 403:CANopen/301/CO_SYNC.c ****         }
 1486              		.loc 1 403 13 is_stmt 1 view .LVU486
 1487 00c2 0021     		movs	r1, #0
 1488 00c4 0091     		str	r1, [sp]
 1489 00c6 0B46     		mov	r3, r1
 1490 00c8 1822     		movs	r2, #24
 1491 00ca 2068     		ldr	r0, [r4]
 1492 00cc FFF7FEFF 		bl	CO_error
 1493              	.LVL145:
 1494 00d0 E1E7     		b	.L95
 1495              		.cfi_endproc
 1496              	.LFE39:
 1498              		.text
 1499              	.Letext0:
 1500              		.file 5 "D:\\vscode\\stm32cubecltv122\\stm32cubeclt_1.22.0-Win-x86_64.exe\\anzhuang\\STM32CubeCLT_
 1501              		.file 6 "D:\\vscode\\stm32cubecltv122\\stm32cubeclt_1.22.0-Win-x86_64.exe\\anzhuang\\STM32CubeCLT_
 1502              		.file 7 "D:\\vscode\\stm32cubecltv122\\stm32cubeclt_1.22.0-Win-x86_64.exe\\anzhuang\\STM32CubeCLT_
 1503              		.file 8 "CANopen/example/CO_driver_target.h"
 1504              		.file 9 "CANopen/301/CO_Emergency.h"
 1505              		.file 10 "D:\\vscode\\stm32cubecltv122\\stm32cubeclt_1.22.0-Win-x86_64.exe\\anzhuang\\STM32CubeCLT
 1506              		.file 11 "<built-in>"
ARM GAS  C:\Users\Lenovo\AppData\Local\Temp\cc3QWgXt.s 			page 62


DEFINED SYMBOLS
                            *ABS*:00000000 CO_SYNC.c
C:\Users\Lenovo\AppData\Local\Temp\cc3QWgXt.s:21     .text.CO_SYNC_receive:00000000 $t
C:\Users\Lenovo\AppData\Local\Temp\cc3QWgXt.s:26     .text.CO_SYNC_receive:00000000 CO_SYNC_receive
C:\Users\Lenovo\AppData\Local\Temp\cc3QWgXt.s:72     .text.OD_write_1019:00000000 $t
C:\Users\Lenovo\AppData\Local\Temp\cc3QWgXt.s:77     .text.OD_write_1019:00000000 OD_write_1019
C:\Users\Lenovo\AppData\Local\Temp\cc3QWgXt.s:290    .text.OD_write_1005:00000000 $t
C:\Users\Lenovo\AppData\Local\Temp\cc3QWgXt.s:295    .text.OD_write_1005:00000000 OD_write_1005
C:\Users\Lenovo\AppData\Local\Temp\cc3QWgXt.s:649    .text.OD_write_1005:00000140 $d
C:\Users\Lenovo\AppData\Local\Temp\cc3QWgXt.s:656    .text.CO_SYNCsend:00000000 $t
C:\Users\Lenovo\AppData\Local\Temp\cc3QWgXt.s:661    .text.CO_SYNCsend:00000000 CO_SYNCsend
C:\Users\Lenovo\AppData\Local\Temp\cc3QWgXt.s:726    .text.CO_SYNC_init:00000000 $t
C:\Users\Lenovo\AppData\Local\Temp\cc3QWgXt.s:732    .text.CO_SYNC_init:00000000 CO_SYNC_init
C:\Users\Lenovo\AppData\Local\Temp\cc3QWgXt.s:1210   .text.CO_SYNC_init:000001c0 $d
C:\Users\Lenovo\AppData\Local\Temp\cc3QWgXt.s:1218   .text.CO_SYNC_process:00000000 $t
C:\Users\Lenovo\AppData\Local\Temp\cc3QWgXt.s:1224   .text.CO_SYNC_process:00000000 CO_SYNC_process
                           .group:00000000 wm4.0.35f3e76e42575b99374c7d5ae37ca977
                           .group:00000000 wm4._newlib_version.h.4.0eb654b64686e2bd29646258853f6c22
                           .group:00000000 wm4.newlib.h.27.b904f6f8971bd921b436e5701877de32
                           .group:00000000 wm4.ieeefp.h.77.61a77db5804869b1dadd307a77cf78c9
                           .group:00000000 wm4.features.h.22.4b93ad64e0d80833c46a20ecae380bb0
                           .group:00000000 wm4.config.h.224.10ee1ad185d877c6e334e6581faab44d
                           .group:00000000 wm4._ansi.h.31.de524f58584151836e90d8620a16f8e8
                           .group:00000000 wm4.stddef.h.39.811583f327f35b0df7808fda70b062a0
                           .group:00000000 wm4._default_types.h.6.959254cf5f09734ea7516c89e8bb21bd
                           .group:00000000 wm4.cdefs.h.49.56fd742369e655e7e8a7e365e706e208
                           .group:00000000 wm4._types.h.20.dd0d04dca3800a0d2a6129b87f3adbb2
                           .group:00000000 wm4.stddef.h.173.4903093a50a8482cb062b176ea61fac3
                           .group:00000000 wm4._types.h.127.3bdfe3ff8ea2d0985b03d9cbe93480e3
                           .group:00000000 wm4.reent.h.18.25503cdc8b7e55dd0d6ea7b3e5af7a03
                           .group:00000000 wm4.lock.h.2.1461d1fff82dffe8bfddc23307f6484f
                           .group:00000000 wm4.reent.h.78.6d702f69a6d6435d2dbe915b10150b1a
                           .group:00000000 wm4.string.h.15.dab3980bf35408a4c507182805e2de3a
                           .group:00000000 wm4.stddef.h.173.1cea4f16a943c8e875db6791959c3141
                           .group:00000000 wm4.string.h.177.59a005921fa78485abc80a0267de5752
                           .group:00000000 wm4.CO_config.h.22.452d50582397b0b53966b3c1806ccf35
                           .group:00000000 wm4.stdbool.h.29.c08aa3eec75cf5b9b5003883f43253f0
                           .group:00000000 wm4._intsup.h.10.48bafbb683905c4daa4565a85aeeb264
                           .group:00000000 wm4._stdint.h.10.c24fa3af3bc1706662bb5593a907e841
                           .group:00000000 wm4.stdint.h.23.d53047a68f4a85177f80b422d52785ed
                           .group:00000000 wm4.CO_driver_target.h.41.ddd9ad301db6ca3aeb9eb6b4ba80bd58
                           .group:00000000 wm4.CO_driver.h.35.ff7c66b5b3baf7d65aef1dd87f3079c4
                           .group:00000000 wm4.CO_ODinterface.h.22.cd716bb058f440300efc08854f292063
                           .group:00000000 wm4.CO_Emergency.h.22.41b266f360f60ca97b32af88c96ba262

UNDEFINED SYMBOLS
CO_CANtxBufferInit
OD_writeOriginal
CO_CANrxBufferInit
CO_CANsend
memset
OD_get_value
OD_getPtr
OD_readOriginal
CO_error
