ARM GAS  C:\Users\Lenovo\AppData\Local\Temp\ccYFaKda.s 			page 1


   1              		.cpu cortex-m4
   2              		.arch armv7e-m
   3              		.fpu fpv4-sp-d16
   4              		.eabi_attribute 27, 1
   5              		.eabi_attribute 28, 1
   6              		.eabi_attribute 20, 1
   7              		.eabi_attribute 21, 1
   8              		.eabi_attribute 23, 3
   9              		.eabi_attribute 24, 1
  10              		.eabi_attribute 25, 1
  11              		.eabi_attribute 26, 1
  12              		.eabi_attribute 30, 1
  13              		.eabi_attribute 34, 1
  14              		.eabi_attribute 18, 4
  15              		.file	"CO_TIME.c"
  16              		.text
  17              	.Ltext0:
  18              		.cfi_sections	.debug_frame
  19              		.file 1 "CANopen/301/CO_TIME.c"
  20              		.section	.text.CO_TIME_receive,"ax",%progbits
  21              		.align	1
  22              		.syntax unified
  23              		.thumb
  24              		.thumb_func
  26              	CO_TIME_receive:
  27              	.LVL0:
  28              	.LFB37:
   1:CANopen/301/CO_TIME.c **** /*
   2:CANopen/301/CO_TIME.c ****  * CANopen TIME object.
   3:CANopen/301/CO_TIME.c ****  *
   4:CANopen/301/CO_TIME.c ****  * @file        CO_TIME.c
   5:CANopen/301/CO_TIME.c ****  * @ingroup     CO_TIME
   6:CANopen/301/CO_TIME.c ****  * @author      Julien PEYREGNE
   7:CANopen/301/CO_TIME.c ****  * @copyright   2019 - 2020 Janez Paternoster
   8:CANopen/301/CO_TIME.c ****  *
   9:CANopen/301/CO_TIME.c ****  * This file is part of <https://github.com/CANopenNode/CANopenNode>, a CANopen Stack.
  10:CANopen/301/CO_TIME.c ****  *
  11:CANopen/301/CO_TIME.c ****  * Licensed under the Apache License, Version 2.0 (the "License"); you may not use this
  12:CANopen/301/CO_TIME.c ****  * file except in compliance with the License. You may obtain a copy of the License at
  13:CANopen/301/CO_TIME.c ****  *
  14:CANopen/301/CO_TIME.c ****  *     http://www.apache.org/licenses/LICENSE-2.0
  15:CANopen/301/CO_TIME.c ****  *
  16:CANopen/301/CO_TIME.c ****  * Unless required by applicable law or agreed to in writing, software distributed under the Licens
  17:CANopen/301/CO_TIME.c ****  * distributed on an "AS IS" BASIS, WITHOUT WARRANTIES OR CONDITIONS OF ANY KIND, either express or
  18:CANopen/301/CO_TIME.c ****  * See the License for the specific language governing permissions and limitations under the Licens
  19:CANopen/301/CO_TIME.c ****  */
  20:CANopen/301/CO_TIME.c **** 
  21:CANopen/301/CO_TIME.c **** #include <string.h>
  22:CANopen/301/CO_TIME.c **** 
  23:CANopen/301/CO_TIME.c **** #include "301/CO_TIME.h"
  24:CANopen/301/CO_TIME.c **** 
  25:CANopen/301/CO_TIME.c **** #if ((CO_CONFIG_TIME)&CO_CONFIG_TIME_ENABLE) != 0
  26:CANopen/301/CO_TIME.c **** 
  27:CANopen/301/CO_TIME.c **** /*
  28:CANopen/301/CO_TIME.c ****  * Read received message from CAN module.
  29:CANopen/301/CO_TIME.c ****  *
  30:CANopen/301/CO_TIME.c ****  * Function will be called (by CAN receive interrupt) every time, when CAN message with correct ide
ARM GAS  C:\Users\Lenovo\AppData\Local\Temp\ccYFaKda.s 			page 2


  31:CANopen/301/CO_TIME.c ****  * will be received. For more information and description of parameters see file CO_driver.h.
  32:CANopen/301/CO_TIME.c ****  */
  33:CANopen/301/CO_TIME.c **** static void
  34:CANopen/301/CO_TIME.c **** CO_TIME_receive(void* object, void* msg) {
  29              		.loc 1 34 42 view -0
  30              		.cfi_startproc
  31              		@ args = 0, pretend = 0, frame = 0
  32              		@ frame_needed = 0, uses_anonymous_args = 0
  33              		@ link register save eliminated.
  35:CANopen/301/CO_TIME.c ****     CO_TIME_t* TIME = object;
  34              		.loc 1 35 5 view .LVU1
  36:CANopen/301/CO_TIME.c ****     uint8_t DLC = CO_CANrxMsg_readDLC(msg);
  35              		.loc 1 36 5 view .LVU2
  37:CANopen/301/CO_TIME.c ****     const uint8_t* data = CO_CANrxMsg_readData(msg);
  36              		.loc 1 37 5 view .LVU3
  38:CANopen/301/CO_TIME.c **** 
  39:CANopen/301/CO_TIME.c ****     if (DLC == CO_TIME_MSG_LENGTH) {
  37              		.loc 1 39 5 view .LVU4
  40:CANopen/301/CO_TIME.c ****         (void)memcpy(TIME->timeStamp, data, sizeof(TIME->timeStamp));
  41:CANopen/301/CO_TIME.c ****         CO_FLAG_SET(TIME->CANrxNew);
  38              		.loc 1 41 36 view .LVU5
  42:CANopen/301/CO_TIME.c **** 
  43:CANopen/301/CO_TIME.c **** #if ((CO_CONFIG_TIME)&CO_CONFIG_FLAG_CALLBACK_PRE) != 0
  44:CANopen/301/CO_TIME.c ****         /* Optional signal to RTOS, which can resume task, which handles TIME. */
  45:CANopen/301/CO_TIME.c ****         if (TIME->pFunctSignalPre != NULL) {
  46:CANopen/301/CO_TIME.c ****             TIME->pFunctSignalPre(TIME->functSignalObjectPre);
  47:CANopen/301/CO_TIME.c ****         }
  48:CANopen/301/CO_TIME.c **** #endif
  49:CANopen/301/CO_TIME.c ****     }
  50:CANopen/301/CO_TIME.c **** }
  39              		.loc 1 50 1 is_stmt 0 view .LVU6
  40 0000 7047     		bx	lr
  41              		.cfi_endproc
  42              	.LFE37:
  44              		.section	.text.OD_write_1012,"ax",%progbits
  45              		.align	1
  46              		.syntax unified
  47              		.thumb
  48              		.thumb_func
  50              	OD_write_1012:
  51              	.LVL1:
  52              	.LFB38:
  51:CANopen/301/CO_TIME.c **** 
  52:CANopen/301/CO_TIME.c **** #if ((CO_CONFIG_TIME)&CO_CONFIG_FLAG_OD_DYNAMIC) != 0
  53:CANopen/301/CO_TIME.c **** /*
  54:CANopen/301/CO_TIME.c ****  * Custom function for writing OD object "COB-ID time stamp"
  55:CANopen/301/CO_TIME.c ****  *
  56:CANopen/301/CO_TIME.c ****  * For more information see file CO_ODinterface.h, OD_IO_t.
  57:CANopen/301/CO_TIME.c ****  */
  58:CANopen/301/CO_TIME.c **** static ODR_t
  59:CANopen/301/CO_TIME.c **** OD_write_1012(OD_stream_t* stream, const void* buf, OD_size_t count, OD_size_t* countWritten) {
  53              		.loc 1 59 95 is_stmt 1 view -0
  54              		.cfi_startproc
  55              		@ args = 0, pretend = 0, frame = 0
  56              		@ frame_needed = 0, uses_anonymous_args = 0
  60:CANopen/301/CO_TIME.c ****     if ((stream == NULL) || (stream->subIndex != 0U) || (buf == NULL) || (count != sizeof(uint32_t)
  57              		.loc 1 60 5 view .LVU8
ARM GAS  C:\Users\Lenovo\AppData\Local\Temp\ccYFaKda.s 			page 3


  58              		.loc 1 60 8 is_stmt 0 view .LVU9
  59 0000 0028     		cmp	r0, #0
  60 0002 36D0     		beq	.L4
  61 0004 8446     		mov	ip, r0
  62              		.loc 1 60 36 discriminator 1 view .LVU10
  63 0006 007D     		ldrb	r0, [r0, #20]	@ zero_extendqisi2
  64              	.LVL2:
  65              		.loc 1 60 26 discriminator 1 view .LVU11
  66 0008 0028     		cmp	r0, #0
  67 000a 34D1     		bne	.L5
  68              		.loc 1 60 54 discriminator 2 view .LVU12
  69 000c 0029     		cmp	r1, #0
  70 000e 34D0     		beq	.L6
  71              		.loc 1 60 71 discriminator 3 view .LVU13
  72 0010 042A     		cmp	r2, #4
  73 0012 34D1     		bne	.L7
  61:CANopen/301/CO_TIME.c ****         || (countWritten == NULL)) {
  74              		.loc 1 61 9 view .LVU14
  75 0014 002B     		cmp	r3, #0
  76 0016 34D0     		beq	.L8
  59:CANopen/301/CO_TIME.c ****     if ((stream == NULL) || (stream->subIndex != 0U) || (buf == NULL) || (count != sizeof(uint32_t)
  77              		.loc 1 59 95 view .LVU15
  78 0018 70B5     		push	{r4, r5, r6, lr}
  79              	.LCFI0:
  80              		.cfi_def_cfa_offset 16
  81              		.cfi_offset 4, -16
  82              		.cfi_offset 5, -12
  83              		.cfi_offset 6, -8
  84              		.cfi_offset 14, -4
  62:CANopen/301/CO_TIME.c ****         return ODR_DEV_INCOMPAT;
  63:CANopen/301/CO_TIME.c ****     }
  64:CANopen/301/CO_TIME.c **** 
  65:CANopen/301/CO_TIME.c ****     CO_TIME_t* TIME = stream->object;
  85              		.loc 1 65 5 is_stmt 1 view .LVU16
  86              		.loc 1 65 16 is_stmt 0 view .LVU17
  87 001a DCF80460 		ldr	r6, [ip, #4]
  88              	.LVL3:
  66:CANopen/301/CO_TIME.c **** 
  67:CANopen/301/CO_TIME.c ****     /* verify written value */
  68:CANopen/301/CO_TIME.c ****     uint32_t cobIdTimeStamp = CO_getUint32(buf);
  89              		.loc 1 68 5 is_stmt 1 view .LVU18
  90              	.LBB17:
  91              	.LBI17:
  92              		.file 2 "CANopen/301/CO_driver.h"
   1:CANopen/301/CO_driver.h **** /**
   2:CANopen/301/CO_driver.h ****  * Interface between CAN hardware and CANopenNode.
   3:CANopen/301/CO_driver.h ****  *
   4:CANopen/301/CO_driver.h ****  * @file        CO_driver.h
   5:CANopen/301/CO_driver.h ****  * @ingroup     CO_driver
   6:CANopen/301/CO_driver.h ****  * @author      Janez Paternoster
   7:CANopen/301/CO_driver.h ****  * @copyright   2004 - 2020 Janez Paternoster
   8:CANopen/301/CO_driver.h ****  *
   9:CANopen/301/CO_driver.h ****  * This file is part of <https://github.com/CANopenNode/CANopenNode>, a CANopen Stack.
  10:CANopen/301/CO_driver.h ****  *
  11:CANopen/301/CO_driver.h ****  * Licensed under the Apache License, Version 2.0 (the "License"); you may not use this
  12:CANopen/301/CO_driver.h ****  * file except in compliance with the License. You may obtain a copy of the License at
  13:CANopen/301/CO_driver.h ****  *
ARM GAS  C:\Users\Lenovo\AppData\Local\Temp\ccYFaKda.s 			page 4


  14:CANopen/301/CO_driver.h ****  *     http://www.apache.org/licenses/LICENSE-2.0
  15:CANopen/301/CO_driver.h ****  *
  16:CANopen/301/CO_driver.h ****  * Unless required by applicable law or agreed to in writing, software distributed under the Licens
  17:CANopen/301/CO_driver.h ****  * distributed on an "AS IS" BASIS, WITHOUT WARRANTIES OR CONDITIONS OF ANY KIND, either express or
  18:CANopen/301/CO_driver.h ****  * See the License for the specific language governing permissions and limitations under the Licens
  19:CANopen/301/CO_driver.h ****  */
  20:CANopen/301/CO_driver.h **** 
  21:CANopen/301/CO_driver.h **** #ifndef CO_DRIVER_H
  22:CANopen/301/CO_driver.h **** #define CO_DRIVER_H
  23:CANopen/301/CO_driver.h **** 
  24:CANopen/301/CO_driver.h **** #include <string.h>
  25:CANopen/301/CO_driver.h **** 
  26:CANopen/301/CO_driver.h **** #include "CO_config.h"
  27:CANopen/301/CO_driver.h **** #include "CO_driver_target.h"
  28:CANopen/301/CO_driver.h **** 
  29:CANopen/301/CO_driver.h **** #ifdef __cplusplus
  30:CANopen/301/CO_driver.h **** extern "C" {
  31:CANopen/301/CO_driver.h **** #endif
  32:CANopen/301/CO_driver.h **** 
  33:CANopen/301/CO_driver.h **** /* Stack configuration default global values. For more information see file CO_config.h. */
  34:CANopen/301/CO_driver.h **** #ifndef CO_CONFIG_GLOBAL_FLAG_CALLBACK_PRE
  35:CANopen/301/CO_driver.h **** #define CO_CONFIG_GLOBAL_FLAG_CALLBACK_PRE (0)
  36:CANopen/301/CO_driver.h **** #endif
  37:CANopen/301/CO_driver.h **** #ifndef CO_CONFIG_GLOBAL_RT_FLAG_CALLBACK_PRE
  38:CANopen/301/CO_driver.h **** #define CO_CONFIG_GLOBAL_RT_FLAG_CALLBACK_PRE (0)
  39:CANopen/301/CO_driver.h **** #endif
  40:CANopen/301/CO_driver.h **** #ifndef CO_CONFIG_GLOBAL_FLAG_TIMERNEXT
  41:CANopen/301/CO_driver.h **** #define CO_CONFIG_GLOBAL_FLAG_TIMERNEXT (0)
  42:CANopen/301/CO_driver.h **** #endif
  43:CANopen/301/CO_driver.h **** #ifndef CO_CONFIG_GLOBAL_FLAG_OD_DYNAMIC
  44:CANopen/301/CO_driver.h **** #define CO_CONFIG_GLOBAL_FLAG_OD_DYNAMIC CO_CONFIG_FLAG_OD_DYNAMIC
  45:CANopen/301/CO_driver.h **** #endif
  46:CANopen/301/CO_driver.h **** #ifdef CO_DEBUG_COMMON
  47:CANopen/301/CO_driver.h **** #if (CO_CONFIG_DEBUG) & CO_CONFIG_DEBUG_SDO_CLIENT
  48:CANopen/301/CO_driver.h **** #define CO_DEBUG_SDO_CLIENT(msg) CO_DEBUG_COMMON(msg)
  49:CANopen/301/CO_driver.h **** #endif
  50:CANopen/301/CO_driver.h **** #if (CO_CONFIG_DEBUG) & CO_CONFIG_DEBUG_SDO_SERVER
  51:CANopen/301/CO_driver.h **** #define CO_DEBUG_SDO_SERVER(msg) CO_DEBUG_COMMON(msg)
  52:CANopen/301/CO_driver.h **** #endif
  53:CANopen/301/CO_driver.h **** #endif
  54:CANopen/301/CO_driver.h **** 
  55:CANopen/301/CO_driver.h **** /**
  56:CANopen/301/CO_driver.h ****  * @defgroup CO_driver Driver
  57:CANopen/301/CO_driver.h ****  * Interface between CAN hardware and CANopenNode.
  58:CANopen/301/CO_driver.h ****  *
  59:CANopen/301/CO_driver.h ****  * @ingroup CO_CANopen_301
  60:CANopen/301/CO_driver.h ****  * @{
  61:CANopen/301/CO_driver.h ****  * CANopenNode is designed for speed and portability. It runs efficiently on devices from simple 16
  62:CANopen/301/CO_driver.h ****  * to PC computers. It can run in multiple threads. Reception of CAN messages is pre-processed with
  63:CANopen/301/CO_driver.h ****  * Time critical objects, such as PDO or SYNC are processed in real-time thread and other objects a
  64:CANopen/301/CO_driver.h ****  * normal thread. See Flowchart in [README.md](index.html) for more information.
  65:CANopen/301/CO_driver.h ****  *
  66:CANopen/301/CO_driver.h ****  * @anchor CO_obj
  67:CANopen/301/CO_driver.h ****  * #### CANopenNode Object
  68:CANopen/301/CO_driver.h ****  * CANopenNode is implemented as a collection of different objects, for example SDO, SYNC, Emergenc
  69:CANopen/301/CO_driver.h ****  * Heartbeat, etc. Code is written in C language and tries to be object oriented. So each CANopenNo
  70:CANopen/301/CO_driver.h ****  * implemented in a pair of .h/.c files. It basically contains a structure with all necessary varia
ARM GAS  C:\Users\Lenovo\AppData\Local\Temp\ccYFaKda.s 			page 5


  71:CANopen/301/CO_driver.h ****  * functions which operates on it. CANopenNode Object is usually connected with one or more CAN rec
  72:CANopen/301/CO_driver.h ****  * Message Objects. (CAN message Object is a CAN message with specific 11-bit CAN identifier (usual
  73:CANopen/301/CO_driver.h ****  * range).)
  74:CANopen/301/CO_driver.h ****  *
  75:CANopen/301/CO_driver.h ****  * #### Hardware interface of CANopenNode
  76:CANopen/301/CO_driver.h ****  * It consists of minimum three files:
  77:CANopen/301/CO_driver.h ****  * - **CO_driver.h** file declares common functions. This file is part of the CANopenNode. It is in
  78:CANopen/301/CO_driver.h ****  *   file from CANopenNode.
  79:CANopen/301/CO_driver.h ****  * - **CO_driver_target.h** file declares microcontroller specific type declarations and defines so
  80:CANopen/301/CO_driver.h ****  *   necessary for CANopenNode. This file is included from CO_driver.h.
  81:CANopen/301/CO_driver.h ****  * - **CO_driver.c** file defines functions declared in CO_driver.h.
  82:CANopen/301/CO_driver.h ****  *
  83:CANopen/301/CO_driver.h ****  * **CO_driver_target.h** and **CO_driver.c** files are specific for each different microcontroller
  84:CANopen/301/CO_driver.h ****  * CANopenNode. There are separate projects for different microcontrollers, which usually include C
  85:CANopen/301/CO_driver.h ****  * submodule. CANopenNode only includes those two files in the `example` directory and they are bas
  86:CANopen/301/CO_driver.h ****  * should be possible to compile the `CANopenNode/example` on any system, however compiled program 
  87:CANopen/301/CO_driver.h ****  * CO_driver.h contains documentation for all necessary macros, types and functions.
  88:CANopen/301/CO_driver.h ****  *
  89:CANopen/301/CO_driver.h ****  * See [CANopenNode/Wiki](https://github.com/CANopenNode/CANopenNode/wiki) for a known list of avai
  90:CANopen/301/CO_driver.h ****  * of CANopenNode on different systems and microcontrollers. Everybody is welcome to extend the lis
  91:CANopen/301/CO_driver.h ****  * own implementation.
  92:CANopen/301/CO_driver.h ****  *
  93:CANopen/301/CO_driver.h ****  * Implementation of the hardware interface for specific microcontroller is not always an easy task
  94:CANopen/301/CO_driver.h ****  * efficient operation it is necessary to know some parts of the target microcontroller in detail (
  95:CANopen/301/CO_driver.h ****  * (or interrupts), CAN module, etc.).
  96:CANopen/301/CO_driver.h ****  */
  97:CANopen/301/CO_driver.h **** 
  98:CANopen/301/CO_driver.h **** /** Major version number of CANopenNode */
  99:CANopen/301/CO_driver.h **** #define CO_VERSION_MAJOR 4
 100:CANopen/301/CO_driver.h **** /** Minor version number of CANopenNode */
 101:CANopen/301/CO_driver.h **** #define CO_VERSION_MINOR 0
 102:CANopen/301/CO_driver.h **** 
 103:CANopen/301/CO_driver.h **** /* Macros and declarations in following part are only used for documentation. */
 104:CANopen/301/CO_driver.h **** #ifdef CO_DOXYGEN
 105:CANopen/301/CO_driver.h **** /**
 106:CANopen/301/CO_driver.h ****  * @defgroup CO_dataTypes Basic definitions
 107:CANopen/301/CO_driver.h ****  * @{
 108:CANopen/301/CO_driver.h ****  *
 109:CANopen/301/CO_driver.h ****  * Target specific basic definitions and data types.
 110:CANopen/301/CO_driver.h ****  *
 111:CANopen/301/CO_driver.h ****  * Must be defined in the **CO_driver_target.h** file.
 112:CANopen/301/CO_driver.h ****  *
 113:CANopen/301/CO_driver.h ****  * Depending on processor or compiler architecture, one of the two macros must be defined: CO_LITTL
 114:CANopen/301/CO_driver.h ****  * CO_BIG_ENDIAN. CANopen itself is little endian.
 115:CANopen/301/CO_driver.h ****  *
 116:CANopen/301/CO_driver.h ****  * Basic data types may be specified differently on different architectures. Usually `true` and `fa
 117:CANopen/301/CO_driver.h ****  * `<stdbool.h>`, `NULL` is defined in `<stddef.h>`, `int8_t` to `uint64_t` are defined in `<stdint
 118:CANopen/301/CO_driver.h ****  */
 119:CANopen/301/CO_driver.h **** #define CO_LITTLE_ENDIAN                 /**< CO_LITTLE_ENDIAN or CO_BIG_ENDIAN must be defined */
 120:CANopen/301/CO_driver.h **** #define CO_SWAP_16(x)    x               /**< Macro must swap bytes, if CO_BIG_ENDIAN is defined */
 121:CANopen/301/CO_driver.h **** #define CO_SWAP_32(x)    x               /**< Macro must swap bytes, if CO_BIG_ENDIAN is defined */
 122:CANopen/301/CO_driver.h **** #define CO_SWAP_64(x)    x               /**< Macro must swap bytes, if CO_BIG_ENDIAN is defined */
 123:CANopen/301/CO_driver.h **** #define NULL             (0)             /**< NULL, for general usage */
 124:CANopen/301/CO_driver.h **** #define true             1               /**< Logical true, for general use */
 125:CANopen/301/CO_driver.h **** #define false            0               /**< Logical false, for general use */
 126:CANopen/301/CO_driver.h **** typedef uint_fast8_t bool_t;             /**< Boolean data type for general use */
 127:CANopen/301/CO_driver.h **** typedef signed char int8_t;              /**< INTEGER8 in CANopen (0002h), 8-bit signed integer */
ARM GAS  C:\Users\Lenovo\AppData\Local\Temp\ccYFaKda.s 			page 6


 128:CANopen/301/CO_driver.h **** typedef signed int int16_t;              /**< INTEGER16 in CANopen (0003h), 16-bit signed integer *
 129:CANopen/301/CO_driver.h **** typedef signed long int int32_t;         /**< INTEGER32 in CANopen (0004h), 32-bit signed integer *
 130:CANopen/301/CO_driver.h **** typedef signed long long int int64_t;    /**< INTEGER64 in CANopen (0015h), 64-bit signed integer *
 131:CANopen/301/CO_driver.h **** typedef unsigned char uint8_t;           /**< UNSIGNED8 in CANopen (0005h), 8-bit unsigned integer 
 132:CANopen/301/CO_driver.h **** typedef unsigned int uint16_t;           /**< UNSIGNED16 in CANopen (0006h), 16-bit unsigned intege
 133:CANopen/301/CO_driver.h **** typedef unsigned long int uint32_t;      /**< UNSIGNED32 in CANopen (0007h), 32-bit unsigned intege
 134:CANopen/301/CO_driver.h **** typedef unsigned long long int uint64_t; /**< UNSIGNED64 in CANopen (001Bh), 64-bit unsigned intege
 135:CANopen/301/CO_driver.h **** typedef float float32_t;  /**< REAL32 in CANopen (0008h), single precision floating point value, 32
 136:CANopen/301/CO_driver.h **** typedef double float64_t; /**< REAL64 in CANopen (0011h), double precision floating point value, 64
 137:CANopen/301/CO_driver.h **** /** @} */
 138:CANopen/301/CO_driver.h **** 
 139:CANopen/301/CO_driver.h **** /**
 140:CANopen/301/CO_driver.h ****  * @defgroup CO_CAN_Message_reception Reception of CAN messages
 141:CANopen/301/CO_driver.h ****  * @{
 142:CANopen/301/CO_driver.h ****  *
 143:CANopen/301/CO_driver.h ****  * Target specific definitions and description of CAN message reception
 144:CANopen/301/CO_driver.h ****  *
 145:CANopen/301/CO_driver.h ****  * CAN messages in CANopenNode are usually received by its own thread or higher priority interrupt.
 146:CANopen/301/CO_driver.h ****  * messages are first filtered by hardware or by software. Thread then examines its 11-bit CAN-id a
 147:CANopen/301/CO_driver.h ****  * determines, to which \ref CO_obj "CANopenNode Object" it belongs to. After that it calls predefi
 148:CANopen/301/CO_driver.h ****  * function, which quickly pre-processes the message and fetches the relevant data. CANrx_callback(
 149:CANopen/301/CO_driver.h ****  * by each \ref CO_obj "CANopenNode Object" separately. Pre-processed fetched data are later proces
 150:CANopen/301/CO_driver.h ****  * thread.
 151:CANopen/301/CO_driver.h ****  *
 152:CANopen/301/CO_driver.h ****  * If \ref CO_obj "CANopenNode Object" reception of specific CAN message, it must first configure i
 153:CANopen/301/CO_driver.h ****  * object with the CO_CANrxBufferInit() function.
 154:CANopen/301/CO_driver.h ****  */
 155:CANopen/301/CO_driver.h **** 
 156:CANopen/301/CO_driver.h **** /**
 157:CANopen/301/CO_driver.h ****  * CAN receive callback function which pre-processes received CAN message
 158:CANopen/301/CO_driver.h ****  *
 159:CANopen/301/CO_driver.h ****  * It is called by fast CAN receive thread. Each \ref CO_obj "CANopenNode Object" defines its own a
 160:CANopen/301/CO_driver.h ****  * CO_CANrxBufferInit(), by passing function pointer.
 161:CANopen/301/CO_driver.h ****  *
 162:CANopen/301/CO_driver.h ****  * @param object pointer to specific \ref CO_obj "CANopenNode Object", registered with CO_CANrxBuff
 163:CANopen/301/CO_driver.h ****  * @param rxMsg pointer to received CAN message
 164:CANopen/301/CO_driver.h ****  */
 165:CANopen/301/CO_driver.h **** void CANrx_callback(void* object, void* rxMsg);
 166:CANopen/301/CO_driver.h **** 
 167:CANopen/301/CO_driver.h **** /**
 168:CANopen/301/CO_driver.h ****  * CANrx_callback() can read CAN identifier from received CAN message
 169:CANopen/301/CO_driver.h ****  *
 170:CANopen/301/CO_driver.h ****  * Must be defined in the **CO_driver_target.h** file.
 171:CANopen/301/CO_driver.h ****  *
 172:CANopen/301/CO_driver.h ****  * This is target specific function and is specific for specific microcontroller. It is best to imp
 173:CANopen/301/CO_driver.h ****  * inline function or macro. `rxMsg` parameter should cast to a pointer to structure. For best effi
 174:CANopen/301/CO_driver.h ****  * have the same alignment as CAN registers inside CAN module.
 175:CANopen/301/CO_driver.h ****  *
 176:CANopen/301/CO_driver.h ****  * @param rxMsg Pointer to received message
 177:CANopen/301/CO_driver.h ****  * @return 11-bit CAN standard identifier.
 178:CANopen/301/CO_driver.h ****  */
 179:CANopen/301/CO_driver.h **** static inline uint16_t
 180:CANopen/301/CO_driver.h **** CO_CANrxMsg_readIdent(void* rxMsg) {
 181:CANopen/301/CO_driver.h ****     return 0;
 182:CANopen/301/CO_driver.h **** }
 183:CANopen/301/CO_driver.h **** 
 184:CANopen/301/CO_driver.h **** /**
ARM GAS  C:\Users\Lenovo\AppData\Local\Temp\ccYFaKda.s 			page 7


 185:CANopen/301/CO_driver.h ****  * CANrx_callback() can read Data Length Code from received CAN message
 186:CANopen/301/CO_driver.h ****  *
 187:CANopen/301/CO_driver.h ****  * See also CO_CANrxMsg_readIdent():
 188:CANopen/301/CO_driver.h ****  *
 189:CANopen/301/CO_driver.h ****  * @param rxMsg Pointer to received message
 190:CANopen/301/CO_driver.h ****  * @return data length in bytes (0 to 8)
 191:CANopen/301/CO_driver.h ****  */
 192:CANopen/301/CO_driver.h **** static inline uint8_t
 193:CANopen/301/CO_driver.h **** CO_CANrxMsg_readDLC(void* rxMsg) {
 194:CANopen/301/CO_driver.h ****     return 0;
 195:CANopen/301/CO_driver.h **** }
 196:CANopen/301/CO_driver.h **** 
 197:CANopen/301/CO_driver.h **** /**
 198:CANopen/301/CO_driver.h ****  * CANrx_callback() can read pointer to data from received CAN message
 199:CANopen/301/CO_driver.h ****  *
 200:CANopen/301/CO_driver.h ****  * See also CO_CANrxMsg_readIdent():
 201:CANopen/301/CO_driver.h ****  *
 202:CANopen/301/CO_driver.h ****  * @param rxMsg Pointer to received message
 203:CANopen/301/CO_driver.h ****  * @return pointer to data buffer
 204:CANopen/301/CO_driver.h ****  */
 205:CANopen/301/CO_driver.h **** static inline const uint8_t*
 206:CANopen/301/CO_driver.h **** CO_CANrxMsg_readData(void* rxMsg) {
 207:CANopen/301/CO_driver.h ****     return NULL;
 208:CANopen/301/CO_driver.h **** }
 209:CANopen/301/CO_driver.h **** 
 210:CANopen/301/CO_driver.h **** /**
 211:CANopen/301/CO_driver.h ****  * Configuration object for CAN received message for specific \ref CO_obj "CANopenNode Object".
 212:CANopen/301/CO_driver.h ****  *
 213:CANopen/301/CO_driver.h ****  * Must be defined in the **CO_driver_target.h** file.
 214:CANopen/301/CO_driver.h ****  *
 215:CANopen/301/CO_driver.h ****  * Data fields of this structure are used exclusively by the driver. Usually it has the following d
 216:CANopen/301/CO_driver.h ****  * may differ for different microcontrollers. Array of multiple CO_CANrx_t objects is included insi
 217:CANopen/301/CO_driver.h ****  */
 218:CANopen/301/CO_driver.h **** typedef struct {
 219:CANopen/301/CO_driver.h ****     uint16_t ident; /**< Standard CAN Identifier (bits 0..10) + RTR (bit 11) */
 220:CANopen/301/CO_driver.h ****     uint16_t mask;  /**< Standard CAN Identifier mask with the same alignment as ident */
 221:CANopen/301/CO_driver.h ****     void* object;   /**< \ref CO_obj "CANopenNode Object" initialized in from CO_CANrxBufferInit() 
 222:CANopen/301/CO_driver.h ****     void (*pCANrx_callback)(void* object,
 223:CANopen/301/CO_driver.h ****                             void* message); /**< Pointer to CANrx_callback() initialized in CO_CANr
 224:CANopen/301/CO_driver.h **** } CO_CANrx_t;
 225:CANopen/301/CO_driver.h **** 
 226:CANopen/301/CO_driver.h **** /** @} */
 227:CANopen/301/CO_driver.h **** 
 228:CANopen/301/CO_driver.h **** /**
 229:CANopen/301/CO_driver.h ****  * @defgroup CO_CAN_Message_transmission Transmission of CAN messages
 230:CANopen/301/CO_driver.h ****  * @{
 231:CANopen/301/CO_driver.h ****  *
 232:CANopen/301/CO_driver.h ****  * Target specific definitions and description of CAN message transmission
 233:CANopen/301/CO_driver.h ****  *
 234:CANopen/301/CO_driver.h ****  * If \ref CO_obj "CANopenNode Object" needs transmitting CAN message, it must first configure its 
 235:CANopen/301/CO_driver.h ****  * with the CO_CANtxBufferInit() function. CAN message can then be sent with CO_CANsend() function.
 236:CANopen/301/CO_driver.h ****  * CAN transmit buffer inside microcontroller's CAN module is free, message is copied directly to t
 237:CANopen/301/CO_driver.h ****  * Otherwise CO_CANsend() function sets _bufferFull_ flag to true. Message will be then sent by CAN
 238:CANopen/301/CO_driver.h ****  * as CAN module is freed. Until message is not copied to CAN module, its contents must not change.
 239:CANopen/301/CO_driver.h ****  * multiple CO_CANtx_t objects with _bufferFull_ flag set to true, then CO_CANtx_t with lower index
 240:CANopen/301/CO_driver.h ****  */
 241:CANopen/301/CO_driver.h **** 
ARM GAS  C:\Users\Lenovo\AppData\Local\Temp\ccYFaKda.s 			page 8


 242:CANopen/301/CO_driver.h **** /**
 243:CANopen/301/CO_driver.h ****  * Configuration object for CAN transmit message for specific \ref CO_obj "CANopenNode Object".
 244:CANopen/301/CO_driver.h ****  *
 245:CANopen/301/CO_driver.h ****  * Must be defined in the **CO_driver_target.h** file.
 246:CANopen/301/CO_driver.h ****  *
 247:CANopen/301/CO_driver.h ****  * Data fields of this structure are used exclusively by the driver. Usually it has the following d
 248:CANopen/301/CO_driver.h ****  * may differ for different microcontrollers. Array of multiple CO_CANtx_t objects is included insi
 249:CANopen/301/CO_driver.h ****  */
 250:CANopen/301/CO_driver.h **** typedef struct {
 251:CANopen/301/CO_driver.h ****     uint32_t ident;             /**< CAN identifier as aligned in CAN module */
 252:CANopen/301/CO_driver.h ****     uint8_t DLC;                /**< Length of CAN message */
 253:CANopen/301/CO_driver.h ****     uint8_t data[8];            /**< 8 data bytes */
 254:CANopen/301/CO_driver.h ****     volatile bool_t bufferFull; /**< True if previous message is still in the buffer */
 255:CANopen/301/CO_driver.h ****     volatile bool_t syncFlag;   /**< Synchronous PDO messages has this flag set. It prevents them t
 256:CANopen/301/CO_driver.h ****                                    synchronous window */
 257:CANopen/301/CO_driver.h **** } CO_CANtx_t;
 258:CANopen/301/CO_driver.h **** 
 259:CANopen/301/CO_driver.h **** /** @} */
 260:CANopen/301/CO_driver.h **** 
 261:CANopen/301/CO_driver.h **** /**
 262:CANopen/301/CO_driver.h ****  * Complete CAN module object.
 263:CANopen/301/CO_driver.h ****  *
 264:CANopen/301/CO_driver.h ****  * Must be defined in the **CO_driver_target.h** file.
 265:CANopen/301/CO_driver.h ****  *
 266:CANopen/301/CO_driver.h ****  * Usually it has the following data fields, but they may differ for different microcontrollers.
 267:CANopen/301/CO_driver.h ****  */
 268:CANopen/301/CO_driver.h **** typedef struct {
 269:CANopen/301/CO_driver.h ****     void* CANptr;                    /**< From CO_CANmodule_init() */
 270:CANopen/301/CO_driver.h ****     CO_CANrx_t* rxArray;             /**< From CO_CANmodule_init() */
 271:CANopen/301/CO_driver.h ****     uint16_t rxSize;                 /**< From CO_CANmodule_init() */
 272:CANopen/301/CO_driver.h ****     CO_CANtx_t* txArray;             /**< From CO_CANmodule_init() */
 273:CANopen/301/CO_driver.h ****     uint16_t txSize;                 /**< From CO_CANmodule_init() */
 274:CANopen/301/CO_driver.h ****     uint16_t CANerrorStatus;         /**< CAN error status bitfield, see @ref CO_CAN_ERR_status_t *
 275:CANopen/301/CO_driver.h ****     volatile bool_t CANnormal;       /**< CAN module is in normal mode */
 276:CANopen/301/CO_driver.h ****     volatile bool_t useCANrxFilters; /**< Value different than zero indicates, that CAN module hard
 277:CANopen/301/CO_driver.h ****                                         for CAN reception. If there is not enough hardware filters,
 278:CANopen/301/CO_driver.h ****                                         In this case will be *all* received CAN messages processed 
 279:CANopen/301/CO_driver.h ****     volatile bool_t bufferInhibitFlag; /**< If flag is true, then message in transmit buffer is syn
 280:CANopen/301/CO_driver.h ****                                           which will be aborted, if CO_clearPendingSyncPDOs() funct
 281:CANopen/301/CO_driver.h ****                                           application. This may be necessary if Synchronous window 
 282:CANopen/301/CO_driver.h ****     volatile bool_t
 283:CANopen/301/CO_driver.h ****         firstCANtxMessage; /**< Equal to 1, when the first transmitted message (bootup message) is 
 284:CANopen/301/CO_driver.h ****     volatile uint16_t
 285:CANopen/301/CO_driver.h ****         CANtxCount;  /**< Number of messages in transmit buffer, which are waiting to be copied to 
 286:CANopen/301/CO_driver.h ****     uint32_t errOld; /**< Previous state of CAN errors */
 287:CANopen/301/CO_driver.h **** } CO_CANmodule_t;
 288:CANopen/301/CO_driver.h **** 
 289:CANopen/301/CO_driver.h **** /**
 290:CANopen/301/CO_driver.h ****  * Data storage object for one entry.
 291:CANopen/301/CO_driver.h ****  *
 292:CANopen/301/CO_driver.h ****  * Must be defined in the **CO_driver_target.h** file.
 293:CANopen/301/CO_driver.h ****  *
 294:CANopen/301/CO_driver.h ****  * For more information on Data storage see @ref CO_storage or **CO_storage.h** file. Structure mem
 295:CANopen/301/CO_driver.h ****  * are always required or required with @ref CO_storage_eeprom. Target system may add own additiona
 296:CANopen/301/CO_driver.h ****  * variables.
 297:CANopen/301/CO_driver.h ****  */
 298:CANopen/301/CO_driver.h **** typedef struct {
ARM GAS  C:\Users\Lenovo\AppData\Local\Temp\ccYFaKda.s 			page 9


 299:CANopen/301/CO_driver.h ****     void* addr;         /**< Address of data to store, always required. */
 300:CANopen/301/CO_driver.h ****     size_t len;         /**< Length of data to store, always required. */
 301:CANopen/301/CO_driver.h ****     uint8_t subIndexOD; /**< Sub index in OD objects 1010 and 1011, from 2 to 127. Writing 0x657661
 302:CANopen/301/CO_driver.h ****                            will store data to non-volatile memory Writing 0x64616F6C to 1011,subInd
 303:CANopen/301/CO_driver.h ****                            default data, always required. */
 304:CANopen/301/CO_driver.h ****     uint8_t attr;       /**< Attribute from @ref CO_storage_attributes_t, always required. */
 305:CANopen/301/CO_driver.h ****     void* storageModule; /**< Pointer to storage module, target system specific usage, required wit
 306:CANopen/301/CO_driver.h ****                             CO_storage_eeprom. */
 307:CANopen/301/CO_driver.h ****     uint16_t crc; /**< CRC checksum of the data stored in eeprom, set on store, required with @ref 
 308:CANopen/301/CO_driver.h ****     size_t eepromAddrSignature; /**< Address of entry signature inside eeprom, set by init, require
 309:CANopen/301/CO_driver.h ****                                    CO_storage_eeprom. */
 310:CANopen/301/CO_driver.h ****     size_t eepromAddr; /**< Address of data inside eeprom, set by init, required with @ref CO_stora
 311:CANopen/301/CO_driver.h ****     size_t offset; /**< Offset of next byte being updated by automatic storage, required with @ref 
 312:CANopen/301/CO_driver.h ****     void* additionalParameters; /**< Additional target specific parameters, optional. */
 313:CANopen/301/CO_driver.h **** } CO_storage_entry_t;
 314:CANopen/301/CO_driver.h **** 
 315:CANopen/301/CO_driver.h **** /**
 316:CANopen/301/CO_driver.h ****  * @defgroup CO_critical_sections Critical sections
 317:CANopen/301/CO_driver.h ****  * @{
 318:CANopen/301/CO_driver.h ****  *
 319:CANopen/301/CO_driver.h ****  * Protection of critical sections in multi-threaded operation.
 320:CANopen/301/CO_driver.h ****  *
 321:CANopen/301/CO_driver.h ****  * CANopenNode is designed to run in different threads, as described in [README.md](index.html). Th
 322:CANopen/301/CO_driver.h ****  * differently in different systems. In microcontrollers threads are interrupts with different prio
 323:CANopen/301/CO_driver.h ****  * It is necessary to protect sections, where different threads access to the same resource. In sim
 324:CANopen/301/CO_driver.h ****  * interrupts or scheduler may be temporary disabled between access to the shared resource. Otherwi
 325:CANopen/301/CO_driver.h ****  * semaphores can be used.
 326:CANopen/301/CO_driver.h ****  *
 327:CANopen/301/CO_driver.h ****  * #### Reentrant functions
 328:CANopen/301/CO_driver.h ****  * Functions CO_CANsend() from C_driver.h, and CO_error() from CO_Emergency.h may be called from di
 329:CANopen/301/CO_driver.h ****  * Critical sections must be protected. Either by disabling scheduler or interrupts or by mutexes o
 330:CANopen/301/CO_driver.h ****  * Lock/unlock macro is called with pointer to CAN module, which may be used inside.
 331:CANopen/301/CO_driver.h ****  *
 332:CANopen/301/CO_driver.h ****  * #### Object Dictionary variables
 333:CANopen/301/CO_driver.h ****  * In general, there are two threads, which accesses OD variables: mainline (initialization, storag
 334:CANopen/301/CO_driver.h ****  * timer (PDO access). CANopenNode uses locking mechanism, where SDO server (or other mainline code
 335:CANopen/301/CO_driver.h ****  * of the real-time thread at the moment it reads or writes OD variable. CO_LOCK_OD(CAN_MODULE) and
 336:CANopen/301/CO_driver.h ****  * CO_UNLOCK_OD(CAN_MODULE) macros are used to protect:
 337:CANopen/301/CO_driver.h ****  * - Whole real-time thread,
 338:CANopen/301/CO_driver.h ****  * - SDO server protects read/write access to OD variable.   Locking of long OD variables, not acce
 339:CANopen/301/CO_driver.h ****  *   thread, may   block RT thread.
 340:CANopen/301/CO_driver.h ****  * - Any mainline code, which accesses PDO-mappable OD variable, must protect   read/write with loc
 341:CANopen/301/CO_driver.h ****  *   OD_mappable() for check.
 342:CANopen/301/CO_driver.h ****  * - Other cases, where non-PDO-mappable OD variable is used inside real-time   thread by some othe
 343:CANopen/301/CO_driver.h ****  *   application must be considered with   special care. Also when there are multiple threads acces
 344:CANopen/301/CO_driver.h ****  *   (e.g. when using a RTOS), you should always lock the OD.
 345:CANopen/301/CO_driver.h ****  *
 346:CANopen/301/CO_driver.h ****  * #### Synchronization functions for CAN receive
 347:CANopen/301/CO_driver.h ****  * After CAN message is received, it is pre-processed in CANrx_callback(), which copies some data i
 348:CANopen/301/CO_driver.h ****  * object and at the end sets **new_message** flag. This flag is then pooled in another thread, whi
 349:CANopen/301/CO_driver.h ****  * the message. The problem is, that compiler optimization may shuffle memory operations, so it is 
 350:CANopen/301/CO_driver.h ****  * that **new_message** flag is surely set at the end. It is necessary to use [Memory
 351:CANopen/301/CO_driver.h ****  * barrier](https://en.wikipedia.org/wiki/Memory_barrier).
 352:CANopen/301/CO_driver.h ****  *
 353:CANopen/301/CO_driver.h ****  * If receive function runs inside IRQ, no further synchronization is needed. Otherwise, some kind 
 354:CANopen/301/CO_driver.h ****  * has to be included. The following example uses GCC builtin memory barrier `__sync_synchronize()`
 355:CANopen/301/CO_driver.h ****  * can be found [here](https://stackoverflow.com/questions/982129/what-does-sync-synchronize-do#982
ARM GAS  C:\Users\Lenovo\AppData\Local\Temp\ccYFaKda.s 			page 10


 356:CANopen/301/CO_driver.h ****  */
 357:CANopen/301/CO_driver.h **** 
 358:CANopen/301/CO_driver.h **** #define CO_LOCK_CAN_SEND(CAN_MODULE)   /**< Lock critical section in CO_CANsend() */
 359:CANopen/301/CO_driver.h **** #define CO_UNLOCK_CAN_SEND(CAN_MODULE) /**< Unlock critical section in CO_CANsend() */
 360:CANopen/301/CO_driver.h **** #define CO_LOCK_EMCY(CAN_MODULE)       /**< Lock critical section in CO_errorReport() or CO_errorRe
 361:CANopen/301/CO_driver.h **** #define CO_UNLOCK_EMCY(CAN_MODULE)     /**< Unlock critical section in CO_errorReport() or CO_error
 362:CANopen/301/CO_driver.h **** #define CO_LOCK_OD(CAN_MODULE)         /**< Lock critical section when accessing Object Dictionary 
 363:CANopen/301/CO_driver.h **** #define CO_UNLOCK_OD(CAN_MODULE)       /**< Unock critical section when accessing Object Dictionary
 364:CANopen/301/CO_driver.h **** 
 365:CANopen/301/CO_driver.h **** /** Check if new message has arrived */
 366:CANopen/301/CO_driver.h **** #define CO_FLAG_READ(rxNew)            ((rxNew) != NULL)
 367:CANopen/301/CO_driver.h **** /** Set new message flag */
 368:CANopen/301/CO_driver.h **** #define CO_FLAG_SET(rxNew)                                                                         
 369:CANopen/301/CO_driver.h ****     {                                                                                              
 370:CANopen/301/CO_driver.h ****         __sync_synchronize();                                                                      
 371:CANopen/301/CO_driver.h ****         rxNew = (void*)1L;                                                                         
 372:CANopen/301/CO_driver.h ****     }
 373:CANopen/301/CO_driver.h **** /** Clear new message flag */
 374:CANopen/301/CO_driver.h **** #define CO_FLAG_CLEAR(rxNew)                                                                       
 375:CANopen/301/CO_driver.h ****     {                                                                                              
 376:CANopen/301/CO_driver.h ****         __sync_synchronize();                                                                      
 377:CANopen/301/CO_driver.h ****         rxNew = NULL;                                                                              
 378:CANopen/301/CO_driver.h ****     }
 379:CANopen/301/CO_driver.h **** 
 380:CANopen/301/CO_driver.h **** /** @} */
 381:CANopen/301/CO_driver.h **** #endif /* CO_DOXYGEN */
 382:CANopen/301/CO_driver.h **** 
 383:CANopen/301/CO_driver.h **** /**
 384:CANopen/301/CO_driver.h ****  * @defgroup CO_Default_CAN_ID_t Default CANopen identifiers
 385:CANopen/301/CO_driver.h ****  * @{
 386:CANopen/301/CO_driver.h ****  *
 387:CANopen/301/CO_driver.h ****  * Default CANopen identifiers for CANopen communication objects. Same as 11-bit addresses of CAN m
 388:CANopen/301/CO_driver.h ****  * default identifiers and can be changed in CANopen. Especially PDO identifiers are configured in 
 389:CANopen/301/CO_driver.h ****  * the CANopen network configuration.
 390:CANopen/301/CO_driver.h ****  */
 391:CANopen/301/CO_driver.h **** #define CO_CAN_ID_NMT_SERVICE 0x000U /**< 0x000 Network management */
 392:CANopen/301/CO_driver.h **** #define CO_CAN_ID_GFC         0x001U /**< 0x001 Global fail-safe command */
 393:CANopen/301/CO_driver.h **** #define CO_CAN_ID_SYNC        0x080U /**< 0x080 Synchronous message */
 394:CANopen/301/CO_driver.h **** #define CO_CAN_ID_EMERGENCY   0x080U /**< 0x080 Emergency messages (+nodeID) */
 395:CANopen/301/CO_driver.h **** #define CO_CAN_ID_TIME        0x100U /**< 0x100 Time message */
 396:CANopen/301/CO_driver.h **** #define CO_CAN_ID_SRDO_1      0x0FFU /**< 0x0FF Default SRDO1 (+2*nodeID) */
 397:CANopen/301/CO_driver.h **** #define CO_CAN_ID_TPDO_1      0x180U /**< 0x180 Default TPDO1 (+nodeID) */
 398:CANopen/301/CO_driver.h **** #define CO_CAN_ID_RPDO_1      0x200U /**< 0x200 Default RPDO1 (+nodeID) */
 399:CANopen/301/CO_driver.h **** #define CO_CAN_ID_TPDO_2      0x280U /**< 0x280 Default TPDO2 (+nodeID) */
 400:CANopen/301/CO_driver.h **** #define CO_CAN_ID_RPDO_2      0x300U /**< 0x300 Default RPDO2 (+nodeID) */
 401:CANopen/301/CO_driver.h **** #define CO_CAN_ID_TPDO_3      0x380U /**< 0x380 Default TPDO3 (+nodeID) */
 402:CANopen/301/CO_driver.h **** #define CO_CAN_ID_RPDO_3      0x400U /**< 0x400 Default RPDO3 (+nodeID) */
 403:CANopen/301/CO_driver.h **** #define CO_CAN_ID_TPDO_4      0x480U /**< 0x480 Default TPDO4 (+nodeID) */
 404:CANopen/301/CO_driver.h **** #define CO_CAN_ID_RPDO_4      0x500U /**< 0x500 Default RPDO5 (+nodeID) */
 405:CANopen/301/CO_driver.h **** #define CO_CAN_ID_SDO_SRV     0x580U /**< 0x580 SDO response from server (+nodeID) */
 406:CANopen/301/CO_driver.h **** #define CO_CAN_ID_SDO_CLI     0x600U /**< 0x600 SDO request from client (+nodeID) */
 407:CANopen/301/CO_driver.h **** #define CO_CAN_ID_HEARTBEAT   0x700U /**< 0x700 Heartbeat message */
 408:CANopen/301/CO_driver.h **** #define CO_CAN_ID_LSS_SLV     0x7E4U /**< 0x7E4 LSS response from slave */
 409:CANopen/301/CO_driver.h **** #define CO_CAN_ID_LSS_MST     0x7E5U /**< 0x7E5 LSS request from master */
 410:CANopen/301/CO_driver.h **** 
 411:CANopen/301/CO_driver.h **** /** @} */ /* CO_Default_CAN_ID_t */
 412:CANopen/301/CO_driver.h **** 
ARM GAS  C:\Users\Lenovo\AppData\Local\Temp\ccYFaKda.s 			page 11


 413:CANopen/301/CO_driver.h **** /**
 414:CANopen/301/CO_driver.h ****  * Restricted CAN-IDs
 415:CANopen/301/CO_driver.h ****  *
 416:CANopen/301/CO_driver.h ****  * Macro for verifying 'Restricted CAN-IDs', as specified by standard CiA301. They shall not be use
 417:CANopen/301/CO_driver.h ****  * EMCY, PDO and SDO.
 418:CANopen/301/CO_driver.h ****  */
 419:CANopen/301/CO_driver.h **** #ifndef CO_IS_RESTRICTED_CAN_ID
 420:CANopen/301/CO_driver.h **** #define CO_IS_RESTRICTED_CAN_ID(CAN_ID)                                                            
 421:CANopen/301/CO_driver.h ****     (((CAN_ID) <= 0x7FU) || (((CAN_ID) >= 0x101U) && ((CAN_ID) <= 0x180U))                         
 422:CANopen/301/CO_driver.h ****      || (((CAN_ID) >= 0x581U) && ((CAN_ID) <= 0x5FFU)) || (((CAN_ID) >= 0x601U) && ((CAN_ID) <= 0x6
 423:CANopen/301/CO_driver.h ****      || (((CAN_ID) >= 0x6E0U) && ((CAN_ID) <= 0x6FFU)) || ((CAN_ID) >= 0x701U))
 424:CANopen/301/CO_driver.h **** #endif
 425:CANopen/301/CO_driver.h **** 
 426:CANopen/301/CO_driver.h **** /**
 427:CANopen/301/CO_driver.h ****  * @defgroup CO_CAN_ERR_status_t CAN error status bitmasks
 428:CANopen/301/CO_driver.h ****  * @{
 429:CANopen/301/CO_driver.h ****  *
 430:CANopen/301/CO_driver.h ****  * CAN warning level is reached, if CAN transmit or receive error counter is more or equal to 96. C
 431:CANopen/301/CO_driver.h ****  * reached, if counters are more or equal to 128. Transmitter goes in error state 'bus off' if tran
 432:CANopen/301/CO_driver.h ****  * more or equal to 256.
 433:CANopen/301/CO_driver.h ****  */
 434:CANopen/301/CO_driver.h **** #define CO_CAN_ERRTX_WARNING    0x0001U /**< 0x0001 CAN transmitter warning */
 435:CANopen/301/CO_driver.h **** #define CO_CAN_ERRTX_PASSIVE    0x0002U /**< 0x0002 CAN transmitter passive */
 436:CANopen/301/CO_driver.h **** #define CO_CAN_ERRTX_BUS_OFF    0x0004U /**< 0x0004 CAN transmitter bus off */
 437:CANopen/301/CO_driver.h **** #define CO_CAN_ERRTX_OVERFLOW   0x0008U /**< 0x0008 CAN transmitter overflow */
 438:CANopen/301/CO_driver.h **** #define CO_CAN_ERRTX_PDO_LATE   0x0080U /**< 0x0080 TPDO is outside sync window */
 439:CANopen/301/CO_driver.h **** #define CO_CAN_ERRRX_WARNING    0x0100U /**< 0x0100 CAN receiver warning */
 440:CANopen/301/CO_driver.h **** #define CO_CAN_ERRRX_PASSIVE    0x0200U /**< 0x0200 CAN receiver passive */
 441:CANopen/301/CO_driver.h **** #define CO_CAN_ERRRX_OVERFLOW   0x0800U /**< 0x0800 CAN receiver overflow */
 442:CANopen/301/CO_driver.h **** #define CO_CAN_ERR_WARN_PASSIVE 0x0303U /**< 0x0303 combination */
 443:CANopen/301/CO_driver.h **** 
 444:CANopen/301/CO_driver.h **** /** @} */ /* CO_CAN_ERR_status_t */
 445:CANopen/301/CO_driver.h **** 
 446:CANopen/301/CO_driver.h **** /**
 447:CANopen/301/CO_driver.h ****  * Return values of some CANopen functions. If function was executed successfully it returns 0 othe
 448:CANopen/301/CO_driver.h ****  */
 449:CANopen/301/CO_driver.h **** typedef enum {
 450:CANopen/301/CO_driver.h ****     CO_ERROR_NO = 0,                /**< Operation completed successfully */
 451:CANopen/301/CO_driver.h ****     CO_ERROR_ILLEGAL_ARGUMENT = -1, /**< Error in function arguments */
 452:CANopen/301/CO_driver.h ****     CO_ERROR_OUT_OF_MEMORY = -2,    /**< Memory allocation failed */
 453:CANopen/301/CO_driver.h ****     CO_ERROR_TIMEOUT = -3,          /**< Function timeout */
 454:CANopen/301/CO_driver.h ****     CO_ERROR_ILLEGAL_BAUDRATE = -4, /**< Illegal baudrate passed to function CO_CANmodule_init() */
 455:CANopen/301/CO_driver.h ****     CO_ERROR_RX_OVERFLOW = -5,      /**< Previous message was not processed yet */
 456:CANopen/301/CO_driver.h ****     CO_ERROR_RX_PDO_OVERFLOW = -6,  /**< previous PDO was not processed yet */
 457:CANopen/301/CO_driver.h ****     CO_ERROR_RX_MSG_LENGTH = -7,    /**< Wrong receive message length */
 458:CANopen/301/CO_driver.h ****     CO_ERROR_RX_PDO_LENGTH = -8,    /**< Wrong receive PDO length */
 459:CANopen/301/CO_driver.h ****     CO_ERROR_TX_OVERFLOW = -9,      /**< Previous message is still waiting, buffer full */
 460:CANopen/301/CO_driver.h ****     CO_ERROR_TX_PDO_WINDOW = -10,   /**< Synchronous TPDO is outside window */
 461:CANopen/301/CO_driver.h ****     CO_ERROR_TX_UNCONFIGURED = -11, /**< Transmit buffer was not configured properly */
 462:CANopen/301/CO_driver.h ****     CO_ERROR_OD_PARAMETERS = -12,   /**< Error in Object Dictionary parameters */
 463:CANopen/301/CO_driver.h ****     CO_ERROR_DATA_CORRUPT = -13,    /**< Stored data are corrupt */
 464:CANopen/301/CO_driver.h ****     CO_ERROR_CRC = -14,             /**< CRC does not match */
 465:CANopen/301/CO_driver.h ****     CO_ERROR_TX_BUSY = -15,         /**< Sending rejected because driver is busy. Try again */
 466:CANopen/301/CO_driver.h ****     CO_ERROR_WRONG_NMT_STATE = -16, /**< Command can't be processed in current state */
 467:CANopen/301/CO_driver.h ****     CO_ERROR_SYSCALL = -17,         /**< Syscall failed */
 468:CANopen/301/CO_driver.h ****     CO_ERROR_INVALID_STATE = -18,   /**< Driver not ready */
 469:CANopen/301/CO_driver.h ****     CO_ERROR_NODE_ID_UNCONFIGURED_LSS =
ARM GAS  C:\Users\Lenovo\AppData\Local\Temp\ccYFaKda.s 			page 12


 470:CANopen/301/CO_driver.h ****         -19 /**< Node-id is in LSS unconfigured state. If objects are handled properly, this may no
 471:CANopen/301/CO_driver.h **** } CO_ReturnError_t;
 472:CANopen/301/CO_driver.h **** 
 473:CANopen/301/CO_driver.h **** /**
 474:CANopen/301/CO_driver.h ****  * Request CAN configuration (stopped) mode and *wait* until it is set.
 475:CANopen/301/CO_driver.h ****  *
 476:CANopen/301/CO_driver.h ****  * @param CANptr Pointer to CAN device
 477:CANopen/301/CO_driver.h ****  */
 478:CANopen/301/CO_driver.h **** void CO_CANsetConfigurationMode(void* CANptr);
 479:CANopen/301/CO_driver.h **** 
 480:CANopen/301/CO_driver.h **** /**
 481:CANopen/301/CO_driver.h ****  * Request CAN normal (operational) mode and *wait* until it is set.
 482:CANopen/301/CO_driver.h ****  *
 483:CANopen/301/CO_driver.h ****  * @param CANmodule CO_CANmodule_t object.
 484:CANopen/301/CO_driver.h ****  */
 485:CANopen/301/CO_driver.h **** void CO_CANsetNormalMode(CO_CANmodule_t* CANmodule);
 486:CANopen/301/CO_driver.h **** 
 487:CANopen/301/CO_driver.h **** /**
 488:CANopen/301/CO_driver.h ****  * Initialize CAN module object.
 489:CANopen/301/CO_driver.h ****  *
 490:CANopen/301/CO_driver.h ****  * Function must be called in the communication reset section. CAN module must be in Configuration 
 491:CANopen/301/CO_driver.h ****  *
 492:CANopen/301/CO_driver.h ****  * @param CANmodule This object will be initialized.
 493:CANopen/301/CO_driver.h ****  * @param CANptr Pointer to CAN device.
 494:CANopen/301/CO_driver.h ****  * @param rxArray Array for handling received CAN messages
 495:CANopen/301/CO_driver.h ****  * @param rxSize Size of the above array. Must be equal to number of receiving CAN objects.
 496:CANopen/301/CO_driver.h ****  * @param txArray Array for handling transmitting CAN messages
 497:CANopen/301/CO_driver.h ****  * @param txSize Size of the above array. Must be equal to number of transmitting CAN objects.
 498:CANopen/301/CO_driver.h ****  * @param CANbitRate Valid values are (in kbps): 10, 20, 50, 125, 250, 500, 800, 1000. If value is 
 499:CANopen/301/CO_driver.h ****  * defaults to 125.
 500:CANopen/301/CO_driver.h ****  *
 501:CANopen/301/CO_driver.h ****  * Return #CO_ReturnError_t: CO_ERROR_NO or CO_ERROR_ILLEGAL_ARGUMENT.
 502:CANopen/301/CO_driver.h ****  */
 503:CANopen/301/CO_driver.h **** CO_ReturnError_t CO_CANmodule_init(CO_CANmodule_t* CANmodule, void* CANptr, CO_CANrx_t rxArray[], u
 504:CANopen/301/CO_driver.h ****                                    CO_CANtx_t txArray[], uint16_t txSize, uint16_t CANbitRate);
 505:CANopen/301/CO_driver.h **** 
 506:CANopen/301/CO_driver.h **** /**
 507:CANopen/301/CO_driver.h ****  * Switch off CANmodule. Call at program exit.
 508:CANopen/301/CO_driver.h ****  *
 509:CANopen/301/CO_driver.h ****  * @param CANmodule CAN module object.
 510:CANopen/301/CO_driver.h ****  */
 511:CANopen/301/CO_driver.h **** void CO_CANmodule_disable(CO_CANmodule_t* CANmodule);
 512:CANopen/301/CO_driver.h **** 
 513:CANopen/301/CO_driver.h **** /**
 514:CANopen/301/CO_driver.h ****  * Configure CAN message receive buffer.
 515:CANopen/301/CO_driver.h ****  *
 516:CANopen/301/CO_driver.h ****  * Function configures specific CAN receive buffer. It sets CAN identifier and connects buffer with
 517:CANopen/301/CO_driver.h ****  * Function must be called for each member in _rxArray_ from CO_CANmodule_t.
 518:CANopen/301/CO_driver.h ****  *
 519:CANopen/301/CO_driver.h ****  * @param CANmodule This object.
 520:CANopen/301/CO_driver.h ****  * @param index Index of the specific buffer in _rxArray_.
 521:CANopen/301/CO_driver.h ****  * @param ident 11-bit standard CAN Identifier. If two or more CANrx buffers have the same _ident_,
 522:CANopen/301/CO_driver.h ****  * lowest _index_ has precedence and other CANrx buffers will be ignored.
 523:CANopen/301/CO_driver.h ****  * @param mask 11-bit mask for identifier. Most usually set to 0x7FF. Received message (rcvMsg) wil
 524:CANopen/301/CO_driver.h ****  * following condition is true: (((rcvMsgId ^ ident) & mask) == 0).
 525:CANopen/301/CO_driver.h ****  * @param rtr If true, 'Remote Transmit Request' messages will be accepted.
 526:CANopen/301/CO_driver.h ****  * @param object CANopen object, to which buffer is connected. It will be used as an argument to CA
ARM GAS  C:\Users\Lenovo\AppData\Local\Temp\ccYFaKda.s 			page 13


 527:CANopen/301/CO_driver.h ****  * type is (void), CANrx_callback will change its type back to the correct object type.
 528:CANopen/301/CO_driver.h ****  * @param CANrx_callback Pointer to function, which will be called, if received CAN message matches
 529:CANopen/301/CO_driver.h ****  * must be fast function.
 530:CANopen/301/CO_driver.h ****  *
 531:CANopen/301/CO_driver.h ****  * Return #CO_ReturnError_t: CO_ERROR_NO CO_ERROR_ILLEGAL_ARGUMENT or CO_ERROR_OUT_OF_MEMORY (not e
 532:CANopen/301/CO_driver.h ****  * configuration).
 533:CANopen/301/CO_driver.h ****  */
 534:CANopen/301/CO_driver.h **** CO_ReturnError_t CO_CANrxBufferInit(CO_CANmodule_t* CANmodule, uint16_t index, uint16_t ident, uint
 535:CANopen/301/CO_driver.h ****                                     bool_t rtr, void* object, void (*CANrx_callback)(void* object, 
 536:CANopen/301/CO_driver.h **** 
 537:CANopen/301/CO_driver.h **** /**
 538:CANopen/301/CO_driver.h ****  * Configure CAN message transmit buffer.
 539:CANopen/301/CO_driver.h ****  *
 540:CANopen/301/CO_driver.h ****  * Function configures specific CAN transmit buffer. Function must be called for each member in _tx
 541:CANopen/301/CO_driver.h ****  * CO_CANmodule_t.
 542:CANopen/301/CO_driver.h ****  *
 543:CANopen/301/CO_driver.h ****  * @param CANmodule This object.
 544:CANopen/301/CO_driver.h ****  * @param index Index of the specific buffer in _txArray_.
 545:CANopen/301/CO_driver.h ****  * @param ident 11-bit standard CAN Identifier.
 546:CANopen/301/CO_driver.h ****  * @param rtr If true, 'Remote Transmit Request' messages will be transmitted.
 547:CANopen/301/CO_driver.h ****  * @param noOfBytes Length of CAN message in bytes (0 to 8 bytes).
 548:CANopen/301/CO_driver.h ****  * @param syncFlag This flag bit is used for synchronous TPDO messages. If it is set, message will 
 549:CANopen/301/CO_driver.h ****  * current time is outside synchronous window.
 550:CANopen/301/CO_driver.h ****  *
 551:CANopen/301/CO_driver.h ****  * @return Pointer to CAN transmit message buffer. 8 bytes data array inside buffer should be writt
 552:CANopen/301/CO_driver.h ****  * CO_CANsend() function is called. Zero is returned in case of wrong arguments.
 553:CANopen/301/CO_driver.h ****  */
 554:CANopen/301/CO_driver.h **** CO_CANtx_t* CO_CANtxBufferInit(CO_CANmodule_t* CANmodule, uint16_t index, uint16_t ident, bool_t rt
 555:CANopen/301/CO_driver.h ****                                bool_t syncFlag);
 556:CANopen/301/CO_driver.h **** 
 557:CANopen/301/CO_driver.h **** /**
 558:CANopen/301/CO_driver.h ****  * Send CAN message.
 559:CANopen/301/CO_driver.h ****  *
 560:CANopen/301/CO_driver.h ****  * @param CANmodule This object.
 561:CANopen/301/CO_driver.h ****  * @param buffer Pointer to transmit buffer, returned by CO_CANtxBufferInit(). Data bytes must be w
 562:CANopen/301/CO_driver.h ****  * before function call.
 563:CANopen/301/CO_driver.h ****  *
 564:CANopen/301/CO_driver.h ****  * @return #CO_ReturnError_t: CO_ERROR_NO, CO_ERROR_TX_OVERFLOW or CO_ERROR_TX_PDO_WINDOW (Synchron
 565:CANopen/301/CO_driver.h ****  * window).
 566:CANopen/301/CO_driver.h ****  */
 567:CANopen/301/CO_driver.h **** CO_ReturnError_t CO_CANsend(CO_CANmodule_t* CANmodule, CO_CANtx_t* buffer);
 568:CANopen/301/CO_driver.h **** 
 569:CANopen/301/CO_driver.h **** /**
 570:CANopen/301/CO_driver.h ****  * Clear all synchronous TPDOs from CAN module transmit buffers.
 571:CANopen/301/CO_driver.h ****  *
 572:CANopen/301/CO_driver.h ****  * CANopen allows synchronous PDO communication only inside time between SYNC message and SYNC Wind
 573:CANopen/301/CO_driver.h ****  * outside this window, new synchronous PDOs must not be sent and all pending sync TPDOs, which may
 574:CANopen/301/CO_driver.h ****  * buffers, may optionally be cleared.
 575:CANopen/301/CO_driver.h ****  *
 576:CANopen/301/CO_driver.h ****  * This function checks (and aborts transmission if necessary) CAN TX buffers when it is called. Fu
 577:CANopen/301/CO_driver.h ****  * called by the stack in the moment, when SYNC time was just passed out of synchronous window.
 578:CANopen/301/CO_driver.h ****  *
 579:CANopen/301/CO_driver.h ****  * @param CANmodule This object.
 580:CANopen/301/CO_driver.h ****  */
 581:CANopen/301/CO_driver.h **** void CO_CANclearPendingSyncPDOs(CO_CANmodule_t* CANmodule);
 582:CANopen/301/CO_driver.h **** 
 583:CANopen/301/CO_driver.h **** /**
ARM GAS  C:\Users\Lenovo\AppData\Local\Temp\ccYFaKda.s 			page 14


 584:CANopen/301/CO_driver.h ****  * Process can module - verify CAN errors
 585:CANopen/301/CO_driver.h ****  *
 586:CANopen/301/CO_driver.h ****  * Function must be called cyclically. It should calculate CANerrorStatus bitfield for CAN errors d
 587:CANopen/301/CO_driver.h ****  * CO_CAN_ERR_status_t.
 588:CANopen/301/CO_driver.h ****  *
 589:CANopen/301/CO_driver.h ****  * @param CANmodule This object.
 590:CANopen/301/CO_driver.h ****  */
 591:CANopen/301/CO_driver.h **** void CO_CANmodule_process(CO_CANmodule_t* CANmodule);
 592:CANopen/301/CO_driver.h **** 
 593:CANopen/301/CO_driver.h **** /**
 594:CANopen/301/CO_driver.h ****  * Get uint8_t value from memory buffer
 595:CANopen/301/CO_driver.h ****  *
 596:CANopen/301/CO_driver.h ****  * @param buf Memory buffer to get value from.
 597:CANopen/301/CO_driver.h ****  *
 598:CANopen/301/CO_driver.h ****  * @return Value
 599:CANopen/301/CO_driver.h ****  */
 600:CANopen/301/CO_driver.h **** static inline uint8_t
 601:CANopen/301/CO_driver.h **** CO_getUint8(const void* buf) {
 602:CANopen/301/CO_driver.h ****     uint8_t value;
 603:CANopen/301/CO_driver.h ****     (void)memmove((void*)&value, buf, sizeof(value));
 604:CANopen/301/CO_driver.h ****     return value;
 605:CANopen/301/CO_driver.h **** }
 606:CANopen/301/CO_driver.h **** 
 607:CANopen/301/CO_driver.h **** /** Get uint16_t value from memory buffer, see @ref CO_getUint8 */
 608:CANopen/301/CO_driver.h **** static inline uint16_t
 609:CANopen/301/CO_driver.h **** CO_getUint16(const void* buf) {
 610:CANopen/301/CO_driver.h ****     uint16_t value;
 611:CANopen/301/CO_driver.h ****     (void)memmove((void*)&value, buf, sizeof(value));
 612:CANopen/301/CO_driver.h ****     return value;
 613:CANopen/301/CO_driver.h **** }
 614:CANopen/301/CO_driver.h **** 
 615:CANopen/301/CO_driver.h **** /** Get uint32_t value from memory buffer, see @ref CO_getUint8 */
 616:CANopen/301/CO_driver.h **** static inline uint32_t
 617:CANopen/301/CO_driver.h **** CO_getUint32(const void* buf) {
  93              		.loc 2 617 1 view .LVU19
  94              	.LBB18:
 618:CANopen/301/CO_driver.h ****     uint32_t value;
  95              		.loc 2 618 5 view .LVU20
 619:CANopen/301/CO_driver.h ****     (void)memmove((void*)&value, buf, sizeof(value));
  96              		.loc 2 619 5 view .LVU21
  97              		.loc 2 619 11 is_stmt 0 view .LVU22
  98 001e 0868     		ldr	r0, [r1]	@ unaligned
  99              	.LVL4:
 620:CANopen/301/CO_driver.h ****     return value;
 100              		.loc 2 620 5 is_stmt 1 view .LVU23
 101              		.loc 2 620 5 is_stmt 0 view .LVU24
 102              	.LBE18:
 103              	.LBE17:
  69:CANopen/301/CO_TIME.c ****     uint16_t CAN_ID = (uint16_t)(cobIdTimeStamp & 0x7FFU);
 104              		.loc 1 69 5 is_stmt 1 view .LVU25
 105              		.loc 1 69 23 is_stmt 0 view .LVU26
 106 0020 85B2     		uxth	r5, r0
 107              		.loc 1 69 14 view .LVU27
 108 0022 C0F30A0E 		ubfx	lr, r0, #0, #11
 109              	.LVL5:
  70:CANopen/301/CO_TIME.c ****     if (((cobIdTimeStamp & 0x3FFFF800U) != 0U) || CO_IS_RESTRICTED_CAN_ID(CAN_ID)) {
 110              		.loc 1 70 5 is_stmt 1 view .LVU28
ARM GAS  C:\Users\Lenovo\AppData\Local\Temp\ccYFaKda.s 			page 15


 111              		.loc 1 70 26 is_stmt 0 view .LVU29
 112 0026 1F4C     		ldr	r4, .L20
 113 0028 0440     		ands	r4, r4, r0
 114              		.loc 1 70 8 view .LVU30
 115 002a 64BB     		cbnz	r4, .L9
 116              		.loc 1 70 48 discriminator 1 view .LVU31
 117 002c 15F4F06F 		tst	r5, #1920
 118 0030 2BD0     		beq	.L10
 119              		.loc 1 70 51 discriminator 2 view .LVU32
 120 0032 AEF20114 		subw	r4, lr, #257
 121 0036 A4B2     		uxth	r4, r4
 122 0038 7F2C     		cmp	r4, #127
 123 003a 28D9     		bls	.L11
 124              		.loc 1 70 51 discriminator 3 view .LVU33
 125 003c AEF28154 		subw	r4, lr, #1409
 126 0040 A4B2     		uxth	r4, r4
 127 0042 7E2C     		cmp	r4, #126
 128 0044 25D9     		bls	.L12
 129              		.loc 1 70 51 discriminator 4 view .LVU34
 130 0046 AEF20164 		subw	r4, lr, #1537
 131 004a A4B2     		uxth	r4, r4
 132 004c 7E2C     		cmp	r4, #126
 133 004e 22D9     		bls	.L13
 134              		.loc 1 70 51 discriminator 5 view .LVU35
 135 0050 AEF5DC64 		sub	r4, lr, #1760
 136 0054 A4B2     		uxth	r4, r4
 137 0056 1F2C     		cmp	r4, #31
 138 0058 1FD9     		bls	.L14
 139              		.loc 1 70 51 discriminator 6 view .LVU36
 140 005a BEF5E06F 		cmp	lr, #1792
 141 005e 1ED8     		bhi	.L15
  71:CANopen/301/CO_TIME.c ****         return ODR_INVALID_VALUE;
  72:CANopen/301/CO_TIME.c ****     }
  73:CANopen/301/CO_TIME.c **** 
  74:CANopen/301/CO_TIME.c ****     /* update object */
  75:CANopen/301/CO_TIME.c ****     TIME->isConsumer = (cobIdTimeStamp & 0x80000000UL) != 0U;
 142              		.loc 1 75 5 is_stmt 1 view .LVU37
 143              		.loc 1 75 56 is_stmt 0 view .LVU38
 144 0060 C40F     		lsrs	r4, r0, #31
 145              		.loc 1 75 22 view .LVU39
 146 0062 3461     		str	r4, [r6, #16]
  76:CANopen/301/CO_TIME.c ****     TIME->isProducer = (cobIdTimeStamp & 0x40000000UL) != 0U;
 147              		.loc 1 76 5 is_stmt 1 view .LVU40
 148              		.loc 1 76 56 is_stmt 0 view .LVU41
 149 0064 C0F38070 		ubfx	r0, r0, #30, #1
 150              	.LVL6:
 151              		.loc 1 76 22 view .LVU42
 152 0068 7061     		str	r0, [r6, #20]
  77:CANopen/301/CO_TIME.c **** 
  78:CANopen/301/CO_TIME.c ****     /* write value to the original location in the Object Dictionary */
  79:CANopen/301/CO_TIME.c ****     return OD_writeOriginal(stream, buf, count, countWritten);
 153              		.loc 1 79 5 is_stmt 1 view .LVU43
 154              		.loc 1 79 12 is_stmt 0 view .LVU44
 155 006a 6046     		mov	r0, ip
 156 006c FFF7FEFF 		bl	OD_writeOriginal
 157              	.LVL7:
 158              		.loc 1 79 12 view .LVU45
ARM GAS  C:\Users\Lenovo\AppData\Local\Temp\ccYFaKda.s 			page 16


 159 0070 0AE0     		b	.L3
 160              	.LVL8:
 161              	.L4:
 162              	.LCFI1:
 163              		.cfi_def_cfa_offset 0
 164              		.cfi_restore 4
 165              		.cfi_restore 5
 166              		.cfi_restore 6
 167              		.cfi_restore 14
  62:CANopen/301/CO_TIME.c ****     }
 168              		.loc 1 62 16 view .LVU46
 169 0072 0920     		movs	r0, #9
 170              	.LVL9:
  62:CANopen/301/CO_TIME.c ****     }
 171              		.loc 1 62 16 view .LVU47
 172 0074 7047     		bx	lr
 173              	.LVL10:
 174              	.L5:
  62:CANopen/301/CO_TIME.c ****     }
 175              		.loc 1 62 16 view .LVU48
 176 0076 0920     		movs	r0, #9
 177 0078 7047     		bx	lr
 178              	.L6:
 179 007a 0920     		movs	r0, #9
 180 007c 7047     		bx	lr
 181              	.L7:
 182 007e 0920     		movs	r0, #9
 183 0080 7047     		bx	lr
 184              	.L8:
 185 0082 0920     		movs	r0, #9
  80:CANopen/301/CO_TIME.c **** }
 186              		.loc 1 80 1 view .LVU49
 187 0084 7047     		bx	lr
 188              	.LVL11:
 189              	.L9:
 190              	.LCFI2:
 191              		.cfi_def_cfa_offset 16
 192              		.cfi_offset 4, -16
 193              		.cfi_offset 5, -12
 194              		.cfi_offset 6, -8
 195              		.cfi_offset 14, -4
  71:CANopen/301/CO_TIME.c ****     }
 196              		.loc 1 71 16 view .LVU50
 197 0086 0F20     		movs	r0, #15
 198              	.LVL12:
 199              	.L3:
 200              		.loc 1 80 1 view .LVU51
 201 0088 70BD     		pop	{r4, r5, r6, pc}
 202              	.LVL13:
 203              	.L10:
  71:CANopen/301/CO_TIME.c ****     }
 204              		.loc 1 71 16 view .LVU52
 205 008a 0F20     		movs	r0, #15
 206              	.LVL14:
  71:CANopen/301/CO_TIME.c ****     }
 207              		.loc 1 71 16 view .LVU53
 208 008c FCE7     		b	.L3
ARM GAS  C:\Users\Lenovo\AppData\Local\Temp\ccYFaKda.s 			page 17


 209              	.LVL15:
 210              	.L11:
  71:CANopen/301/CO_TIME.c ****     }
 211              		.loc 1 71 16 view .LVU54
 212 008e 0F20     		movs	r0, #15
 213              	.LVL16:
  71:CANopen/301/CO_TIME.c ****     }
 214              		.loc 1 71 16 view .LVU55
 215 0090 FAE7     		b	.L3
 216              	.LVL17:
 217              	.L12:
  71:CANopen/301/CO_TIME.c ****     }
 218              		.loc 1 71 16 view .LVU56
 219 0092 0F20     		movs	r0, #15
 220              	.LVL18:
  71:CANopen/301/CO_TIME.c ****     }
 221              		.loc 1 71 16 view .LVU57
 222 0094 F8E7     		b	.L3
 223              	.LVL19:
 224              	.L13:
  71:CANopen/301/CO_TIME.c ****     }
 225              		.loc 1 71 16 view .LVU58
 226 0096 0F20     		movs	r0, #15
 227              	.LVL20:
  71:CANopen/301/CO_TIME.c ****     }
 228              		.loc 1 71 16 view .LVU59
 229 0098 F6E7     		b	.L3
 230              	.LVL21:
 231              	.L14:
  71:CANopen/301/CO_TIME.c ****     }
 232              		.loc 1 71 16 view .LVU60
 233 009a 0F20     		movs	r0, #15
 234              	.LVL22:
  71:CANopen/301/CO_TIME.c ****     }
 235              		.loc 1 71 16 view .LVU61
 236 009c F4E7     		b	.L3
 237              	.LVL23:
 238              	.L15:
  71:CANopen/301/CO_TIME.c ****     }
 239              		.loc 1 71 16 view .LVU62
 240 009e 0F20     		movs	r0, #15
 241              	.LVL24:
  71:CANopen/301/CO_TIME.c ****     }
 242              		.loc 1 71 16 view .LVU63
 243 00a0 F2E7     		b	.L3
 244              	.L21:
 245 00a2 00BF     		.align	2
 246              	.L20:
 247 00a4 00F8FF3F 		.word	1073739776
 248              		.cfi_endproc
 249              	.LFE38:
 251              		.section	.text.CO_TIME_init,"ax",%progbits
 252              		.align	1
 253              		.global	CO_TIME_init
 254              		.syntax unified
 255              		.thumb
 256              		.thumb_func
ARM GAS  C:\Users\Lenovo\AppData\Local\Temp\ccYFaKda.s 			page 18


 258              	CO_TIME_init:
 259              	.LVL25:
 260              	.LFB39:
  81:CANopen/301/CO_TIME.c **** #endif
  82:CANopen/301/CO_TIME.c **** 
  83:CANopen/301/CO_TIME.c **** CO_ReturnError_t
  84:CANopen/301/CO_TIME.c **** CO_TIME_init(CO_TIME_t* TIME, OD_entry_t* OD_1012_cobIdTimeStamp, CO_CANmodule_t* CANdevRx, uint16_
  85:CANopen/301/CO_TIME.c **** #if ((CO_CONFIG_TIME)&CO_CONFIG_TIME_PRODUCER) != 0
  86:CANopen/301/CO_TIME.c ****              CO_CANmodule_t* CANdevTx, uint16_t CANdevTxIdx,
  87:CANopen/301/CO_TIME.c **** #endif
  88:CANopen/301/CO_TIME.c ****              uint32_t* errInfo) {
 261              		.loc 1 88 33 is_stmt 1 view -0
 262              		.cfi_startproc
 263              		@ args = 4, pretend = 0, frame = 8
 264              		@ frame_needed = 0, uses_anonymous_args = 0
  89:CANopen/301/CO_TIME.c ****     /* verify arguments */
  90:CANopen/301/CO_TIME.c ****     if ((TIME == NULL) || (OD_1012_cobIdTimeStamp == NULL) || (CANdevRx == NULL)
 265              		.loc 1 90 5 view .LVU65
 266              		.loc 1 90 8 is_stmt 0 view .LVU66
 267 0000 0028     		cmp	r0, #0
 268 0002 3ED0     		beq	.L26
  88:CANopen/301/CO_TIME.c ****     /* verify arguments */
 269              		.loc 1 88 33 view .LVU67
 270 0004 F0B5     		push	{r4, r5, r6, r7, lr}
 271              	.LCFI3:
 272              		.cfi_def_cfa_offset 20
 273              		.cfi_offset 4, -20
 274              		.cfi_offset 5, -16
 275              		.cfi_offset 6, -12
 276              		.cfi_offset 7, -8
 277              		.cfi_offset 14, -4
 278 0006 87B0     		sub	sp, sp, #28
 279              	.LCFI4:
 280              		.cfi_def_cfa_offset 48
 281 0008 0D46     		mov	r5, r1
 282 000a 1646     		mov	r6, r2
 283 000c 1F46     		mov	r7, r3
 284 000e 0446     		mov	r4, r0
 285              		.loc 1 90 24 discriminator 1 view .LVU68
 286 0010 0029     		cmp	r1, #0
 287 0012 39D0     		beq	.L27
 288              		.loc 1 90 60 discriminator 2 view .LVU69
 289 0014 002A     		cmp	r2, #0
 290 0016 3AD0     		beq	.L28
  91:CANopen/301/CO_TIME.c **** #if ((CO_CONFIG_TIME)&CO_CONFIG_TIME_PRODUCER) != 0
  92:CANopen/301/CO_TIME.c ****         || CANdevTx == NULL
  93:CANopen/301/CO_TIME.c **** #endif
  94:CANopen/301/CO_TIME.c ****     ) {
  95:CANopen/301/CO_TIME.c ****         return CO_ERROR_ILLEGAL_ARGUMENT;
  96:CANopen/301/CO_TIME.c ****     }
  97:CANopen/301/CO_TIME.c **** 
  98:CANopen/301/CO_TIME.c ****     (void)memset(TIME, 0, sizeof(CO_TIME_t));
 291              		.loc 1 98 5 is_stmt 1 view .LVU70
 292              		.loc 1 98 11 is_stmt 0 view .LVU71
 293 0018 2C22     		movs	r2, #44
 294              	.LVL26:
 295              		.loc 1 98 11 view .LVU72
ARM GAS  C:\Users\Lenovo\AppData\Local\Temp\ccYFaKda.s 			page 19


 296 001a 0021     		movs	r1, #0
 297              	.LVL27:
 298              		.loc 1 98 11 view .LVU73
 299 001c FFF7FEFF 		bl	memset
 300              	.LVL28:
  99:CANopen/301/CO_TIME.c **** 
 100:CANopen/301/CO_TIME.c ****     /* get parameters from object dictionary and configure extension */
 101:CANopen/301/CO_TIME.c ****     uint32_t cobIdTimeStamp;
 301              		.loc 1 101 5 is_stmt 1 view .LVU74
 102:CANopen/301/CO_TIME.c ****     ODR_t odRet = OD_get_u32(OD_1012_cobIdTimeStamp, 0, &cobIdTimeStamp, true);
 302              		.loc 1 102 5 view .LVU75
 303              	.LBB19:
 304              	.LBI19:
 305              		.file 3 "CANopen/301/CO_ODinterface.h"
   1:CANopen/301/CO_ODinterface.h **** /**
   2:CANopen/301/CO_ODinterface.h ****  * CANopen Object Dictionary interface
   3:CANopen/301/CO_ODinterface.h ****  *
   4:CANopen/301/CO_ODinterface.h ****  * @file        CO_ODinterface.h
   5:CANopen/301/CO_ODinterface.h ****  * @ingroup     CO_ODinterface
   6:CANopen/301/CO_ODinterface.h ****  * @author      Janez Paternoster
   7:CANopen/301/CO_ODinterface.h ****  * @copyright   2020 Janez Paternoster
   8:CANopen/301/CO_ODinterface.h ****  *
   9:CANopen/301/CO_ODinterface.h ****  * This file is part of <https://github.com/CANopenNode/CANopenNode>, a CANopen Stack.
  10:CANopen/301/CO_ODinterface.h ****  *
  11:CANopen/301/CO_ODinterface.h ****  * Licensed under the Apache License, Version 2.0 (the "License"); you may not use this
  12:CANopen/301/CO_ODinterface.h ****  * file except in compliance with the License. You may obtain a copy of the License at
  13:CANopen/301/CO_ODinterface.h ****  *
  14:CANopen/301/CO_ODinterface.h ****  *     http://www.apache.org/licenses/LICENSE-2.0
  15:CANopen/301/CO_ODinterface.h ****  *
  16:CANopen/301/CO_ODinterface.h ****  * Unless required by applicable law or agreed to in writing, software distributed under the Licens
  17:CANopen/301/CO_ODinterface.h ****  * distributed on an "AS IS" BASIS, WITHOUT WARRANTIES OR CONDITIONS OF ANY KIND, either express or
  18:CANopen/301/CO_ODinterface.h ****  * See the License for the specific language governing permissions and limitations under the Licens
  19:CANopen/301/CO_ODinterface.h ****  */
  20:CANopen/301/CO_ODinterface.h **** 
  21:CANopen/301/CO_ODinterface.h **** #ifndef CO_OD_INTERFACE_H
  22:CANopen/301/CO_ODinterface.h **** #define CO_OD_INTERFACE_H
  23:CANopen/301/CO_ODinterface.h **** 
  24:CANopen/301/CO_ODinterface.h **** #include "301/CO_driver.h"
  25:CANopen/301/CO_ODinterface.h **** 
  26:CANopen/301/CO_ODinterface.h **** #ifdef __cplusplus
  27:CANopen/301/CO_ODinterface.h **** extern "C" {
  28:CANopen/301/CO_ODinterface.h **** #endif
  29:CANopen/301/CO_ODinterface.h **** 
  30:CANopen/301/CO_ODinterface.h **** /**
  31:CANopen/301/CO_ODinterface.h ****  * @defgroup CO_ODinterface OD interface
  32:CANopen/301/CO_ODinterface.h ****  * CANopen Object Dictionary interface.
  33:CANopen/301/CO_ODinterface.h ****  *
  34:CANopen/301/CO_ODinterface.h ****  * @ingroup CO_CANopen_301
  35:CANopen/301/CO_ODinterface.h ****  * @{
  36:CANopen/301/CO_ODinterface.h ****  * See @ref md_doc_2objectDictionary
  37:CANopen/301/CO_ODinterface.h ****  */
  38:CANopen/301/CO_ODinterface.h **** 
  39:CANopen/301/CO_ODinterface.h **** #ifndef CO_OD_OWN_TYPES
  40:CANopen/301/CO_ODinterface.h **** typedef uint32_t OD_size_t; /**< Variable of type OD_size_t contains data length in bytes of OD var
  41:CANopen/301/CO_ODinterface.h **** typedef uint8_t OD_attr_t;  /**< Type (and size) of Object Dictionary attribute */
  42:CANopen/301/CO_ODinterface.h **** #endif
  43:CANopen/301/CO_ODinterface.h **** 
ARM GAS  C:\Users\Lenovo\AppData\Local\Temp\ccYFaKda.s 			page 20


  44:CANopen/301/CO_ODinterface.h **** #ifndef OD_FLAGS_PDO_SIZE
  45:CANopen/301/CO_ODinterface.h **** #define OD_FLAGS_PDO_SIZE 4U /**< Size of of flagsPDO variable inside @ref OD_extension_t, from 0 t
  46:CANopen/301/CO_ODinterface.h **** #endif
  47:CANopen/301/CO_ODinterface.h **** 
  48:CANopen/301/CO_ODinterface.h **** #ifndef CO_PROGMEM
  49:CANopen/301/CO_ODinterface.h **** /** Modifier for OD objects. This is large amount of data and is specified in Object Dictionary (OD
  50:CANopen/301/CO_ODinterface.h **** #define CO_PROGMEM const
  51:CANopen/301/CO_ODinterface.h **** #endif
  52:CANopen/301/CO_ODinterface.h **** 
  53:CANopen/301/CO_ODinterface.h **** /**
  54:CANopen/301/CO_ODinterface.h ****  * Common DS301 object dictionary entries.
  55:CANopen/301/CO_ODinterface.h ****  */
  56:CANopen/301/CO_ODinterface.h **** typedef enum {
  57:CANopen/301/CO_ODinterface.h ****     OD_H1000_DEV_TYPE = 0x1000U,           /**< Device type */
  58:CANopen/301/CO_ODinterface.h ****     OD_H1001_ERR_REG = 0x1001U,            /**< Error register */
  59:CANopen/301/CO_ODinterface.h ****     OD_H1002_MANUF_STATUS_REG = 0x1002U,   /**< Manufacturer status register */
  60:CANopen/301/CO_ODinterface.h ****     OD_H1003_PREDEF_ERR_FIELD = 0x1003U,   /**< Predefined error field */
  61:CANopen/301/CO_ODinterface.h ****     OD_H1004_RSV = 0x1004U,                /**< Reserved */
  62:CANopen/301/CO_ODinterface.h ****     OD_H1005_COBID_SYNC = 0x1005U,         /**< Sync message cob-id */
  63:CANopen/301/CO_ODinterface.h ****     OD_H1006_COMM_CYCL_PERIOD = 0x1006U,   /**< Communication cycle period */
  64:CANopen/301/CO_ODinterface.h ****     OD_H1007_SYNC_WINDOW_LEN = 0x1007U,    /**< Sync windows length */
  65:CANopen/301/CO_ODinterface.h ****     OD_H1008_MANUF_DEV_NAME = 0x1008U,     /**< Manufacturer device name */
  66:CANopen/301/CO_ODinterface.h ****     OD_H1009_MANUF_HW_VERSION = 0x1009U,   /**< Manufacturer hardware version */
  67:CANopen/301/CO_ODinterface.h ****     OD_H100A_MANUF_SW_VERSION = 0x100AU,   /**< Manufacturer software version */
  68:CANopen/301/CO_ODinterface.h ****     OD_H100B_RSV = 0x100BU,                /**< Reserved */
  69:CANopen/301/CO_ODinterface.h ****     OD_H100C_GUARD_TIME = 0x100CU,         /**< Guard time */
  70:CANopen/301/CO_ODinterface.h ****     OD_H100D_LIFETIME_FACTOR = 0x100DU,    /**< Life time factor */
  71:CANopen/301/CO_ODinterface.h ****     OD_H100E_RSV = 0x100EU,                /**< Reserved */
  72:CANopen/301/CO_ODinterface.h ****     OD_H100F_RSV = 0x100FU,                /**< Reserved */
  73:CANopen/301/CO_ODinterface.h ****     OD_H1010_STORE_PARAMETERS = 0x1010U,   /**< Store params in persistent mem. */
  74:CANopen/301/CO_ODinterface.h ****     OD_H1011_RESTORE_DEFAULT = 0x1011U,    /**< Restore default parameters */
  75:CANopen/301/CO_ODinterface.h ****     OD_H1012_COBID_TIME = 0x1012U,         /**< Timestamp message cob-id */
  76:CANopen/301/CO_ODinterface.h ****     OD_H1013_HIGH_RES_TIMESTAMP = 0x1013U, /**< High resolution timestamp */
  77:CANopen/301/CO_ODinterface.h ****     OD_H1014_COBID_EMERGENCY = 0x1014U,    /**< Emergency message cob-id */
  78:CANopen/301/CO_ODinterface.h ****     OD_H1015_INHIBIT_TIME_EMCY = 0x1015U,  /**< Inhibit time emergency message */
  79:CANopen/301/CO_ODinterface.h ****     OD_H1016_CONSUMER_HB_TIME = 0x1016U,   /**< Consumer heartbeat time */
  80:CANopen/301/CO_ODinterface.h ****     OD_H1017_PRODUCER_HB_TIME = 0x1017U,   /**< Producer heartbeat time */
  81:CANopen/301/CO_ODinterface.h ****     OD_H1018_IDENTITY_OBJECT = 0x1018U,    /**< Identity object */
  82:CANopen/301/CO_ODinterface.h ****     OD_H1019_SYNC_CNT_OVERFLOW = 0x1019U,  /**< Sync counter overflow value */
  83:CANopen/301/CO_ODinterface.h ****     OD_H1020_VERIFY_CONFIG = 0x1020U,      /**< Verify configuration */
  84:CANopen/301/CO_ODinterface.h ****     OD_H1021_STORE_EDS = 0x1021U,          /**< Store EDS */
  85:CANopen/301/CO_ODinterface.h ****     OD_H1022_STORE_FORMAT = 0x1022U,       /**< Store format */
  86:CANopen/301/CO_ODinterface.h ****     OD_H1023_OS_CMD = 0x1023U,             /**< OS command */
  87:CANopen/301/CO_ODinterface.h ****     OD_H1024_OS_CMD_MODE = 0x1024U,        /**< OS command mode */
  88:CANopen/301/CO_ODinterface.h ****     OD_H1025_OS_DBG_INTERFACE = 0x1025U,   /**< OS debug interface */
  89:CANopen/301/CO_ODinterface.h ****     OD_H1026_OS_PROMPT = 0x1026U,          /**< OS prompt */
  90:CANopen/301/CO_ODinterface.h ****     OD_H1027_MODULE_LIST = 0x1027U,        /**< Module list */
  91:CANopen/301/CO_ODinterface.h ****     OD_H1028_EMCY_CONSUMER = 0x1028U,      /**< Emergency consumer object */
  92:CANopen/301/CO_ODinterface.h ****     OD_H1029_ERR_BEHAVIOR = 0x1029U,       /**< Error behaviour */
  93:CANopen/301/CO_ODinterface.h ****     OD_H1200_SDO_SERVER_1_PARAM = 0x1200U, /**< SDO server parameter */
  94:CANopen/301/CO_ODinterface.h ****     OD_H1280_SDO_CLIENT_1_PARAM = 0x1280U, /**< SDO client parameter */
  95:CANopen/301/CO_ODinterface.h ****     OD_H1300_GFC_PARAM = 0x1300U,          /**< Global fail-safe command param */
  96:CANopen/301/CO_ODinterface.h ****     OD_H1301_SRDO_1_PARAM = 0x1301U,       /**< SRDO communication parameter */
  97:CANopen/301/CO_ODinterface.h ****     OD_H1381_SRDO_1_MAPPING = 0x1381U,     /**< SRDO mapping parameter */
  98:CANopen/301/CO_ODinterface.h ****     OD_H13FE_SRDO_VALID = 0x13FEU,         /**< SRDO Configuration valid */
  99:CANopen/301/CO_ODinterface.h ****     OD_H13FF_SRDO_CHECKSUM = 0x13FFU,      /**< SRDO configuration checksum */
 100:CANopen/301/CO_ODinterface.h ****     OD_H1400_RXPDO_1_PARAM = 0x1400U,      /**< RXPDO communication parameter */
ARM GAS  C:\Users\Lenovo\AppData\Local\Temp\ccYFaKda.s 			page 21


 101:CANopen/301/CO_ODinterface.h ****     OD_H1600_RXPDO_1_MAPPING = 0x1600U,    /**< RXPDO mapping parameters */
 102:CANopen/301/CO_ODinterface.h ****     OD_H1800_TXPDO_1_PARAM = 0x1800U,      /**< TXPDO communication parameter */
 103:CANopen/301/CO_ODinterface.h ****     OD_H1A00_TXPDO_1_MAPPING = 0x1A00U,    /**< TXPDO mapping parameters */
 104:CANopen/301/CO_ODinterface.h **** } OD_ObjDicId_30x_t;
 105:CANopen/301/CO_ODinterface.h **** 
 106:CANopen/301/CO_ODinterface.h **** /**
 107:CANopen/301/CO_ODinterface.h ****  * Attributes (bit masks) for OD sub-object.
 108:CANopen/301/CO_ODinterface.h ****  */
 109:CANopen/301/CO_ODinterface.h **** typedef enum {
 110:CANopen/301/CO_ODinterface.h ****     ODA_SDO_R = 0x01U,  /**< SDO server may read from the variable */
 111:CANopen/301/CO_ODinterface.h ****     ODA_SDO_W = 0x02U,  /**< SDO server may write to the variable */
 112:CANopen/301/CO_ODinterface.h ****     ODA_SDO_RW = 0x03U, /**< SDO server may read from or write to the variable */
 113:CANopen/301/CO_ODinterface.h ****     ODA_TPDO = 0x04U,   /**< Variable is mappable into TPDO (can be read) */
 114:CANopen/301/CO_ODinterface.h ****     ODA_RPDO = 0x08U,   /**< Variable is mappable into RPDO (can be written) */
 115:CANopen/301/CO_ODinterface.h ****     ODA_TRPDO = 0x0CU,  /**< Variable is mappable into TPDO or RPDO */
 116:CANopen/301/CO_ODinterface.h ****     ODA_TSRDO = 0x10U,  /**< Variable is mappable into transmitting SRDO */
 117:CANopen/301/CO_ODinterface.h ****     ODA_RSRDO = 0x20U,  /**< Variable is mappable into receiving SRDO */
 118:CANopen/301/CO_ODinterface.h ****     ODA_TRSRDO = 0x30U, /**< Variable is mappable into tx or rx SRDO */
 119:CANopen/301/CO_ODinterface.h ****     ODA_MB = 0x40U,     /**< Variable is multi-byte ((u)int16_t to (u)int64_t) */
 120:CANopen/301/CO_ODinterface.h ****     ODA_STR = 0x80U     /**< Shorter value, than specified variable size, may be written to the var
 121:CANopen/301/CO_ODinterface.h ****                            fill remaining memory with zeroes. Attribute is used for VISIBLE_STRING 
 122:CANopen/301/CO_ODinterface.h **** } OD_attributes_t;
 123:CANopen/301/CO_ODinterface.h **** 
 124:CANopen/301/CO_ODinterface.h **** /**
 125:CANopen/301/CO_ODinterface.h ****  * Return codes from OD access functions.
 126:CANopen/301/CO_ODinterface.h ****  *
 127:CANopen/301/CO_ODinterface.h ****  * @ref OD_getSDOabCode() can be used to retrieve corresponding SDO abort code.
 128:CANopen/301/CO_ODinterface.h ****  */
 129:CANopen/301/CO_ODinterface.h **** typedef enum {
 130:CANopen/301/CO_ODinterface.h ****     /* !!!! WARNING !!!! If changing these values, change also OD_getSDOabCode() function! */
 131:CANopen/301/CO_ODinterface.h ****     ODR_PARTIAL = -1,        /**< Read/write is only partial, make more calls */
 132:CANopen/301/CO_ODinterface.h ****     ODR_OK = 0,              /**< SDO abort 0x00000000 - Read/write successfully finished */
 133:CANopen/301/CO_ODinterface.h ****     ODR_OUT_OF_MEM = 1,      /**< SDO abort 0x05040005 - Out of memory */
 134:CANopen/301/CO_ODinterface.h ****     ODR_UNSUPP_ACCESS = 2,   /**< SDO abort 0x06010000 - Unsupported access to an object */
 135:CANopen/301/CO_ODinterface.h ****     ODR_WRITEONLY = 3,       /**< SDO abort 0x06010001 - Attempt to read a write only object */
 136:CANopen/301/CO_ODinterface.h ****     ODR_READONLY = 4,        /**< SDO abort 0x06010002 - Attempt to write a read only object */
 137:CANopen/301/CO_ODinterface.h ****     ODR_IDX_NOT_EXIST = 5,   /**< SDO abort 0x06020000 - Object does not exist in the object dict. 
 138:CANopen/301/CO_ODinterface.h ****     ODR_NO_MAP = 6,          /**< SDO abort 0x06040041 - Object cannot be mapped to the PDO */
 139:CANopen/301/CO_ODinterface.h ****     ODR_MAP_LEN = 7,         /**< SDO abort 0x06040042 - PDO length exceeded */
 140:CANopen/301/CO_ODinterface.h ****     ODR_PAR_INCOMPAT = 8,    /**< SDO abort 0x06040043 - General parameter incompatibility reasons 
 141:CANopen/301/CO_ODinterface.h ****     ODR_DEV_INCOMPAT = 9,    /**< SDO abort 0x06040047 - General internal incompatibility in device
 142:CANopen/301/CO_ODinterface.h ****     ODR_HW = 10,             /**< SDO abort 0x06060000 - Access failed due to hardware error */
 143:CANopen/301/CO_ODinterface.h ****     ODR_TYPE_MISMATCH = 11,  /**< SDO abort 0x06070010 - Data type does not match */
 144:CANopen/301/CO_ODinterface.h ****     ODR_DATA_LONG = 12,      /**< SDO abort 0x06070012 - Data type does not match, length too high 
 145:CANopen/301/CO_ODinterface.h ****     ODR_DATA_SHORT = 13,     /**< SDO abort 0x06070013 - Data type does not match, length too short
 146:CANopen/301/CO_ODinterface.h ****     ODR_SUB_NOT_EXIST = 14,  /**< SDO abort 0x06090011 - Sub index does not exist */
 147:CANopen/301/CO_ODinterface.h ****     ODR_INVALID_VALUE = 15,  /**< SDO abort 0x06090030 - Invalid value for parameter (download only
 148:CANopen/301/CO_ODinterface.h ****     ODR_VALUE_HIGH = 16,     /**< SDO abort 0x06090031 - Value range of parameter written too high 
 149:CANopen/301/CO_ODinterface.h ****     ODR_VALUE_LOW = 17,      /**< SDO abort 0x06090032 - Value range of parameter written too low *
 150:CANopen/301/CO_ODinterface.h ****     ODR_MAX_LESS_MIN = 18,   /**< SDO abort 0x06090036 - Maximum value is less than minimum value *
 151:CANopen/301/CO_ODinterface.h ****     ODR_NO_RESOURCE = 19,    /**< SDO abort 0x060A0023 - Resource not available: SDO connection */
 152:CANopen/301/CO_ODinterface.h ****     ODR_GENERAL = 20,        /**< SDO abort 0x08000000 - General error */
 153:CANopen/301/CO_ODinterface.h ****     ODR_DATA_TRANSF = 21,    /**< SDO abort 0x08000020 - Data cannot be transferred or stored to ap
 154:CANopen/301/CO_ODinterface.h ****     ODR_DATA_LOC_CTRL = 22,  /**< SDO abort 0x08000021 - Data can't be transferred (local control) 
 155:CANopen/301/CO_ODinterface.h ****     ODR_DATA_DEV_STATE = 23, /**< SDO abort 0x08000022 - Data can't be transf. (present device stat
 156:CANopen/301/CO_ODinterface.h ****     ODR_OD_MISSING = 24,     /**< SDO abort 0x08000023 - Object dictionary not present */
 157:CANopen/301/CO_ODinterface.h ****     ODR_NO_DATA = 25,        /**< SDO abort 0x08000024 - No data available */
ARM GAS  C:\Users\Lenovo\AppData\Local\Temp\ccYFaKda.s 			page 22


 158:CANopen/301/CO_ODinterface.h ****     ODR_COUNT = 26           /**< Last element, number of responses */
 159:CANopen/301/CO_ODinterface.h **** } ODR_t;
 160:CANopen/301/CO_ODinterface.h **** 
 161:CANopen/301/CO_ODinterface.h **** /**
 162:CANopen/301/CO_ODinterface.h ****  * IO stream structure, used for read/write access to OD variable, part of @ref OD_IO_t.
 163:CANopen/301/CO_ODinterface.h ****  */
 164:CANopen/301/CO_ODinterface.h **** typedef struct {
 165:CANopen/301/CO_ODinterface.h ****     void* dataOrig; /**< Pointer to original data object, defined by Object Dictionary. Default rea
 166:CANopen/301/CO_ODinterface.h ****                      * operate on it. If memory for data object is not specified by Object Dictiona
 167:CANopen/301/CO_ODinterface.h ****                      * NULL. */
 168:CANopen/301/CO_ODinterface.h ****     void* object; /**< Pointer to object, passed by @ref OD_extension_init(). Can be used inside re
 169:CANopen/301/CO_ODinterface.h ****                    * from IO   extension. */
 170:CANopen/301/CO_ODinterface.h ****     OD_size_t dataLength; /**< Data length in bytes or 0, if length is not specified */
 171:CANopen/301/CO_ODinterface.h ****     OD_size_t dataOffset; /**< In case of large data, dataOffset indicates position of already tran
 172:CANopen/301/CO_ODinterface.h ****     OD_attr_t attribute;  /**< Attribute bit-field of the OD sub-object, see @ref OD_attributes_t *
 173:CANopen/301/CO_ODinterface.h ****     uint16_t index;       /**< Index of the OD object, informative */
 174:CANopen/301/CO_ODinterface.h ****     uint8_t subIndex;     /**< Sub index of the OD sub-object, informative */
 175:CANopen/301/CO_ODinterface.h **** } OD_stream_t;
 176:CANopen/301/CO_ODinterface.h **** 
 177:CANopen/301/CO_ODinterface.h **** /**
 178:CANopen/301/CO_ODinterface.h ****  * Structure for input / output on the OD variable. It is initialized with @ref OD_getSub() functio
 179:CANopen/301/CO_ODinterface.h ****  * to OD variable is via read/write functions operating on stream, similar as standard read/write.
 180:CANopen/301/CO_ODinterface.h ****  */
 181:CANopen/301/CO_ODinterface.h **** typedef struct {
 182:CANopen/301/CO_ODinterface.h ****     /** Object Dictionary stream object, passed to read or write */
 183:CANopen/301/CO_ODinterface.h ****     OD_stream_t stream;
 184:CANopen/301/CO_ODinterface.h ****     /**
 185:CANopen/301/CO_ODinterface.h ****      * Function pointer for reading value from specified variable from Object Dictionary. If OD var
 186:CANopen/301/CO_ODinterface.h ****      * buf, then this function must be called several times. After completed successful read functi
 187:CANopen/301/CO_ODinterface.h ****      * If read is partial, it returns 'ODR_PARTIAL'. In case of errors function returns code simila
 188:CANopen/301/CO_ODinterface.h ****      *
 189:CANopen/301/CO_ODinterface.h ****      * Read can be restarted with @ref OD_rwRestart() function.
 190:CANopen/301/CO_ODinterface.h ****      *
 191:CANopen/301/CO_ODinterface.h ****      * At the moment, when Object Dictionary is initialized, every variable has assigned the same "
 192:CANopen/301/CO_ODinterface.h ****      * default function simply copies data from Object Dictionary variable. Application can bind it
 193:CANopen/301/CO_ODinterface.h ****      * for specific object. In that case application is able to calculate data for reading from own
 194:CANopen/301/CO_ODinterface.h ****      * the moment of "read" function call. Own "read" function on OD object can be initialized with
 195:CANopen/301/CO_ODinterface.h ****      * OD_extension_init() function.
 196:CANopen/301/CO_ODinterface.h ****      *
 197:CANopen/301/CO_ODinterface.h ****      * "read" function must always copy all own data to buf, except if "buf" is not large enough. (
 198:CANopen/301/CO_ODinterface.h ****      * not return 'ODR_PARTIAL', if there is still space in "buf".)
 199:CANopen/301/CO_ODinterface.h ****      *
 200:CANopen/301/CO_ODinterface.h ****      * @warning Do not use @ref CO_LOCK_OD() and @ref CO_UNLOCK_OD() macros inside the read() funct
 201:CANopen/301/CO_ODinterface.h ****      * CO_critical_sections.
 202:CANopen/301/CO_ODinterface.h ****      *
 203:CANopen/301/CO_ODinterface.h ****      * @param stream Object Dictionary stream object.
 204:CANopen/301/CO_ODinterface.h ****      * @param buf Pointer to external buffer, where to data will be copied.
 205:CANopen/301/CO_ODinterface.h ****      * @param count Size of the external buffer in bytes.
 206:CANopen/301/CO_ODinterface.h ****      * @param [out] countRead If return value is "ODR_OK" or "ODR_PARTIAL", then number of bytes su
 207:CANopen/301/CO_ODinterface.h ****      * be returned here.
 208:CANopen/301/CO_ODinterface.h ****      *
 209:CANopen/301/CO_ODinterface.h ****      * @return Value from @ref ODR_t, "ODR_OK" in case of success.
 210:CANopen/301/CO_ODinterface.h ****      */
 211:CANopen/301/CO_ODinterface.h ****     ODR_t (*read)(OD_stream_t* stream, void* buf, OD_size_t count, OD_size_t* countRead);
 212:CANopen/301/CO_ODinterface.h ****     /**
 213:CANopen/301/CO_ODinterface.h ****      * Function pointer for writing value into specified variable inside Object Dictionary. If OD v
 214:CANopen/301/CO_ODinterface.h ****      * than buf, then this function must be called several times. After completed successful write 
ARM GAS  C:\Users\Lenovo\AppData\Local\Temp\ccYFaKda.s 			page 23


 215:CANopen/301/CO_ODinterface.h ****      * 'ODR_OK'. If write is partial, it returns 'ODR_PARTIAL'. In case of errors function returns 
 216:CANopen/301/CO_ODinterface.h ****      * abort code.
 217:CANopen/301/CO_ODinterface.h ****      *
 218:CANopen/301/CO_ODinterface.h ****      * Write can be restarted with @ref OD_rwRestart() function.
 219:CANopen/301/CO_ODinterface.h ****      *
 220:CANopen/301/CO_ODinterface.h ****      * At the moment, when Object Dictionary is initialized, every variable has assigned the same "
 221:CANopen/301/CO_ODinterface.h ****      * which simply copies data to Object Dictionary variable. Application can bind its own "write"
 222:CANopen/301/CO_ODinterface.h ****      * it can bind "read" function.
 223:CANopen/301/CO_ODinterface.h ****      *
 224:CANopen/301/CO_ODinterface.h ****      * "write" function must always copy all available data from buf. If OD variable expect more da
 225:CANopen/301/CO_ODinterface.h ****      * "*returnCode" must return 'ODR_PARTIAL'.
 226:CANopen/301/CO_ODinterface.h ****      *
 227:CANopen/301/CO_ODinterface.h ****      * @warning Do not use @ref CO_LOCK_OD() and @ref CO_UNLOCK_OD() macros inside the write() func
 228:CANopen/301/CO_ODinterface.h ****      * CO_critical_sections.
 229:CANopen/301/CO_ODinterface.h ****      *
 230:CANopen/301/CO_ODinterface.h ****      * @param stream Object Dictionary stream object.
 231:CANopen/301/CO_ODinterface.h ****      * @param buf Pointer to external buffer, from where data will be copied.
 232:CANopen/301/CO_ODinterface.h ****      * @param count Size of the external buffer in bytes.
 233:CANopen/301/CO_ODinterface.h ****      * @param [out] countWritten If return value is "ODR_OK" or "ODR_PARTIAL", then number of bytes
 234:CANopen/301/CO_ODinterface.h ****      * must be returned here.
 235:CANopen/301/CO_ODinterface.h ****      *
 236:CANopen/301/CO_ODinterface.h ****      * @return Value from @ref ODR_t, "ODR_OK" in case of success.
 237:CANopen/301/CO_ODinterface.h ****      */
 238:CANopen/301/CO_ODinterface.h ****     ODR_t (*write)(OD_stream_t* stream, const void* buf, OD_size_t count, OD_size_t* countWritten);
 239:CANopen/301/CO_ODinterface.h **** } OD_IO_t;
 240:CANopen/301/CO_ODinterface.h **** 
 241:CANopen/301/CO_ODinterface.h **** /**
 242:CANopen/301/CO_ODinterface.h ****  * Extension of OD object, which can optionally be specified by application in initialization phase
 243:CANopen/301/CO_ODinterface.h ****  * OD_extension_init() function.
 244:CANopen/301/CO_ODinterface.h ****  */
 245:CANopen/301/CO_ODinterface.h **** typedef struct {
 246:CANopen/301/CO_ODinterface.h ****     /** Object on which read and write will operate, part of @ref OD_stream_t */
 247:CANopen/301/CO_ODinterface.h ****     void* object;
 248:CANopen/301/CO_ODinterface.h ****     /** Application specified read function pointer. If NULL, then read will be disabled. @ref OD_r
 249:CANopen/301/CO_ODinterface.h ****      * used here to keep the original read function. For function description see @ref OD_IO_t. */
 250:CANopen/301/CO_ODinterface.h ****     ODR_t (*read)(OD_stream_t* stream, void* buf, OD_size_t count, OD_size_t* countRead);
 251:CANopen/301/CO_ODinterface.h ****     /** Application specified write function pointer. If NULL, then write will be disabled. @ref OD
 252:CANopen/301/CO_ODinterface.h ****      * used here to keep the original write function. For function description see @ref OD_IO_t. */
 253:CANopen/301/CO_ODinterface.h ****     ODR_t (*write)(OD_stream_t* stream, const void* buf, OD_size_t count, OD_size_t* countWritten);
 254:CANopen/301/CO_ODinterface.h **** #if OD_FLAGS_PDO_SIZE > 0
 255:CANopen/301/CO_ODinterface.h ****     /** PDO flags bit-field provides one bit for each OD variable, which exist inside OD object at 
 256:CANopen/301/CO_ODinterface.h ****      * If application clears that bit, and OD variable is mapped to an event driven TPDO, then TPDO
 257:CANopen/301/CO_ODinterface.h ****      *
 258:CANopen/301/CO_ODinterface.h ****      * @ref OD_FLAGS_PDO_SIZE can have a value from 0 to 32 bytes, which corresponds to 0 to 256 av
 259:CANopen/301/CO_ODinterface.h ****      * example, @ref OD_FLAGS_PDO_SIZE has value 4, then OD variables with sub index up to 31 will 
 260:CANopen/301/CO_ODinterface.h ****      * requesting functionality. See also @ref OD_requestTPDO and @ref OD_TPDOtransmitted. */
 261:CANopen/301/CO_ODinterface.h ****     uint8_t flagsPDO[OD_FLAGS_PDO_SIZE];
 262:CANopen/301/CO_ODinterface.h **** #endif
 263:CANopen/301/CO_ODinterface.h **** } OD_extension_t;
 264:CANopen/301/CO_ODinterface.h **** 
 265:CANopen/301/CO_ODinterface.h **** /**
 266:CANopen/301/CO_ODinterface.h ****  * Object Dictionary entry for one OD object.
 267:CANopen/301/CO_ODinterface.h ****  *
 268:CANopen/301/CO_ODinterface.h ****  * OD entries are collected inside OD_t as array (list). Each OD entry contains basic information a
 269:CANopen/301/CO_ODinterface.h ****  * and subEntriesCount), pointer to odObject with additional information about var, array or record
 270:CANopen/301/CO_ODinterface.h ****  * extension, configurable by application.
 271:CANopen/301/CO_ODinterface.h ****  */
ARM GAS  C:\Users\Lenovo\AppData\Local\Temp\ccYFaKda.s 			page 24


 272:CANopen/301/CO_ODinterface.h **** typedef struct {
 273:CANopen/301/CO_ODinterface.h ****     uint16_t index;            /**< Object Dictionary index */
 274:CANopen/301/CO_ODinterface.h ****     uint8_t subEntriesCount;   /**< Number of all sub-entries, including sub-entry at sub-index 0 *
 275:CANopen/301/CO_ODinterface.h ****     uint8_t odObjectType;      /**< Type of the odObject, indicated by @ref OD_objectTypes_t enumer
 276:CANopen/301/CO_ODinterface.h ****     CO_PROGMEM void* odObject; /**< OD object of type indicated by odObjectType, from which @ref OD
 277:CANopen/301/CO_ODinterface.h ****                                   information */
 278:CANopen/301/CO_ODinterface.h ****     OD_extension_t* extension; /**< Extension to OD, specified by application */
 279:CANopen/301/CO_ODinterface.h **** } OD_entry_t;
 280:CANopen/301/CO_ODinterface.h **** 
 281:CANopen/301/CO_ODinterface.h **** /**
 282:CANopen/301/CO_ODinterface.h ****  * Object Dictionary
 283:CANopen/301/CO_ODinterface.h ****  */
 284:CANopen/301/CO_ODinterface.h **** typedef struct {
 285:CANopen/301/CO_ODinterface.h ****     uint16_t size;    /**< Number of elements in the list, without last element, which is blank */
 286:CANopen/301/CO_ODinterface.h ****     OD_entry_t* list; /**< List OD entries (table of contents), ordered by index */
 287:CANopen/301/CO_ODinterface.h **** } OD_t;
 288:CANopen/301/CO_ODinterface.h **** 
 289:CANopen/301/CO_ODinterface.h **** /**
 290:CANopen/301/CO_ODinterface.h ****  * Read value from original OD location
 291:CANopen/301/CO_ODinterface.h ****  *
 292:CANopen/301/CO_ODinterface.h ****  * This function can be used inside read / write functions, specified by @ref OD_extension_init(). 
 293:CANopen/301/CO_ODinterface.h ****  * directly from memory location specified by Object dictionary. If no IO extension is used on OD e
 294:CANopen/301/CO_ODinterface.h ****  * returned by @ref OD_getSub() equals to this function. See also @ref OD_IO_t.
 295:CANopen/301/CO_ODinterface.h ****  */
 296:CANopen/301/CO_ODinterface.h **** ODR_t OD_readOriginal(OD_stream_t* stream, void* buf, OD_size_t count, OD_size_t* countRead);
 297:CANopen/301/CO_ODinterface.h **** 
 298:CANopen/301/CO_ODinterface.h **** /**
 299:CANopen/301/CO_ODinterface.h ****  * Write value to original OD location
 300:CANopen/301/CO_ODinterface.h ****  *
 301:CANopen/301/CO_ODinterface.h ****  * This function can be used inside read / write functions, specified by @ref OD_extension_init(). 
 302:CANopen/301/CO_ODinterface.h ****  * directly to memory location specified by Object dictionary. If no IO extension is used on OD ent
 303:CANopen/301/CO_ODinterface.h ****  * returned by @ref OD_getSub() equals to this function. See also @ref OD_IO_t.
 304:CANopen/301/CO_ODinterface.h ****  */
 305:CANopen/301/CO_ODinterface.h **** ODR_t OD_writeOriginal(OD_stream_t* stream, const void* buf, OD_size_t count, OD_size_t* countWritt
 306:CANopen/301/CO_ODinterface.h **** 
 307:CANopen/301/CO_ODinterface.h **** /**
 308:CANopen/301/CO_ODinterface.h ****  * Find OD entry in Object Dictionary
 309:CANopen/301/CO_ODinterface.h ****  *
 310:CANopen/301/CO_ODinterface.h ****  * @param od Object Dictionary
 311:CANopen/301/CO_ODinterface.h ****  * @param index CANopen Object Dictionary index of object in Object Dictionary
 312:CANopen/301/CO_ODinterface.h ****  *
 313:CANopen/301/CO_ODinterface.h ****  * @return Pointer to OD entry or NULL if not found
 314:CANopen/301/CO_ODinterface.h ****  */
 315:CANopen/301/CO_ODinterface.h **** OD_entry_t* OD_find(OD_t* od, uint16_t index);
 316:CANopen/301/CO_ODinterface.h **** 
 317:CANopen/301/CO_ODinterface.h **** /**
 318:CANopen/301/CO_ODinterface.h ****  * Find sub-object with specified sub-index on OD entry returned by OD_find. Function populates io 
 319:CANopen/301/CO_ODinterface.h ****  * sub-object data.
 320:CANopen/301/CO_ODinterface.h ****  *
 321:CANopen/301/CO_ODinterface.h ****  * @warning
 322:CANopen/301/CO_ODinterface.h ****  * Read and write functions may be called from different threads, so critical sections in custom fu
 323:CANopen/301/CO_ODinterface.h ****  * observed, see @ref CO_critical_sections.
 324:CANopen/301/CO_ODinterface.h ****  *
 325:CANopen/301/CO_ODinterface.h ****  * @param entry Object Dictionary entry.
 326:CANopen/301/CO_ODinterface.h ****  * @param subIndex Sub-index of the variable from the OD object.
 327:CANopen/301/CO_ODinterface.h ****  * @param [out] io Structure will be populated on success.
 328:CANopen/301/CO_ODinterface.h ****  * @param odOrig If true, then potential IO extension on entry will be ignored and access to data e
ARM GAS  C:\Users\Lenovo\AppData\Local\Temp\ccYFaKda.s 			page 25


 329:CANopen/301/CO_ODinterface.h ****  * OD location will be returned
 330:CANopen/301/CO_ODinterface.h ****  *
 331:CANopen/301/CO_ODinterface.h ****  * @return Value from @ref ODR_t, "ODR_OK" in case of success.
 332:CANopen/301/CO_ODinterface.h ****  */
 333:CANopen/301/CO_ODinterface.h **** ODR_t OD_getSub(const OD_entry_t* entry, uint8_t subIndex, OD_IO_t* io, bool_t odOrig);
 334:CANopen/301/CO_ODinterface.h **** 
 335:CANopen/301/CO_ODinterface.h **** /**
 336:CANopen/301/CO_ODinterface.h ****  * Return index from OD entry
 337:CANopen/301/CO_ODinterface.h ****  *
 338:CANopen/301/CO_ODinterface.h ****  * @param entry Object Dictionary entry.
 339:CANopen/301/CO_ODinterface.h ****  *
 340:CANopen/301/CO_ODinterface.h ****  * @return OD index
 341:CANopen/301/CO_ODinterface.h ****  */
 342:CANopen/301/CO_ODinterface.h **** static inline uint16_t
 343:CANopen/301/CO_ODinterface.h **** OD_getIndex(const OD_entry_t* entry) {
 344:CANopen/301/CO_ODinterface.h ****     return (entry != NULL) ? entry->index : 0U;
 345:CANopen/301/CO_ODinterface.h **** }
 346:CANopen/301/CO_ODinterface.h **** 
 347:CANopen/301/CO_ODinterface.h **** /**
 348:CANopen/301/CO_ODinterface.h ****  * Check, if OD variable is mappable to PDO or SRDO.
 349:CANopen/301/CO_ODinterface.h ****  *
 350:CANopen/301/CO_ODinterface.h ****  * If OD variable is mappable, then it may be necessary to protect read/write access from mainline 
 351:CANopen/301/CO_ODinterface.h ****  * CO_critical_sections.
 352:CANopen/301/CO_ODinterface.h ****  *
 353:CANopen/301/CO_ODinterface.h ****  * @param stream Object Dictionary stream object.
 354:CANopen/301/CO_ODinterface.h ****  *
 355:CANopen/301/CO_ODinterface.h ****  * @return true, if OD variable is mappable.
 356:CANopen/301/CO_ODinterface.h ****  */
 357:CANopen/301/CO_ODinterface.h **** static inline bool_t
 358:CANopen/301/CO_ODinterface.h **** OD_mappable(OD_stream_t* stream) {
 359:CANopen/301/CO_ODinterface.h ****     return (stream != NULL) ? ((stream->attribute & ((OD_attr_t)ODA_TRPDO | (OD_attr_t)ODA_TRSRDO))
 360:CANopen/301/CO_ODinterface.h **** }
 361:CANopen/301/CO_ODinterface.h **** 
 362:CANopen/301/CO_ODinterface.h **** /**
 363:CANopen/301/CO_ODinterface.h ****  * Restart read or write operation on OD variable
 364:CANopen/301/CO_ODinterface.h ****  *
 365:CANopen/301/CO_ODinterface.h ****  * It is not necessary to call this function, if stream was initialized by @ref OD_getSub(). It is 
 366:CANopen/301/CO_ODinterface.h ****  * call this function, if previous read or write was successfully finished.
 367:CANopen/301/CO_ODinterface.h ****  *
 368:CANopen/301/CO_ODinterface.h ****  * @param stream Object Dictionary stream object.
 369:CANopen/301/CO_ODinterface.h ****  */
 370:CANopen/301/CO_ODinterface.h **** static inline void
 371:CANopen/301/CO_ODinterface.h **** OD_rwRestart(OD_stream_t* stream) {
 372:CANopen/301/CO_ODinterface.h ****     if (stream != NULL) {
 373:CANopen/301/CO_ODinterface.h ****         stream->dataOffset = 0U;
 374:CANopen/301/CO_ODinterface.h ****     }
 375:CANopen/301/CO_ODinterface.h **** }
 376:CANopen/301/CO_ODinterface.h **** 
 377:CANopen/301/CO_ODinterface.h **** /**
 378:CANopen/301/CO_ODinterface.h ****  * Request TPDO, to which OD variable is mapped
 379:CANopen/301/CO_ODinterface.h ****  *
 380:CANopen/301/CO_ODinterface.h ****  * Function clears the flagPDO bit, which corresponds to OD variable at specific OD index and subin
 381:CANopen/301/CO_ODinterface.h ****  * functionality to work, @ref OD_extension_t must be enabled on OD variable. If OD variable is map
 382:CANopen/301/CO_ODinterface.h ****  * event driven transmission, then TPDO will be transmitted after this function call. If OD variabl
 383:CANopen/301/CO_ODinterface.h ****  * than one TPDO with event driven transmission, only the first matched TPDO will be transmitted.
 384:CANopen/301/CO_ODinterface.h ****  *
 385:CANopen/301/CO_ODinterface.h ****  * TPDO event driven transmission is enabled, if TPDO communication parameter, transmission type is
ARM GAS  C:\Users\Lenovo\AppData\Local\Temp\ccYFaKda.s 			page 26


 386:CANopen/301/CO_ODinterface.h ****  * or 255. For other transmission types (synchronous) flagPDO bit is ignored.
 387:CANopen/301/CO_ODinterface.h ****  *
 388:CANopen/301/CO_ODinterface.h ****  * @param entry Object Dictionary entry.
 389:CANopen/301/CO_ODinterface.h ****  * @param subIndex subIndex of the OD variable.
 390:CANopen/301/CO_ODinterface.h ****  */
 391:CANopen/301/CO_ODinterface.h **** static inline void
 392:CANopen/301/CO_ODinterface.h **** OD_requestTPDO(OD_entry_t* entry, uint8_t subIndex) {
 393:CANopen/301/CO_ODinterface.h **** #if OD_FLAGS_PDO_SIZE > 0
 394:CANopen/301/CO_ODinterface.h ****     if ((entry != NULL) && (entry->extension != NULL) && (subIndex < (OD_FLAGS_PDO_SIZE * 8U))) {
 395:CANopen/301/CO_ODinterface.h ****         /* clear subIndex-th bit */
 396:CANopen/301/CO_ODinterface.h ****         uint8_t mask = ~(1U << (subIndex & 0x07U));
 397:CANopen/301/CO_ODinterface.h ****         entry->extension->flagsPDO[subIndex >> 3] &= mask;
 398:CANopen/301/CO_ODinterface.h ****     }
 399:CANopen/301/CO_ODinterface.h **** #endif
 400:CANopen/301/CO_ODinterface.h **** }
 401:CANopen/301/CO_ODinterface.h **** 
 402:CANopen/301/CO_ODinterface.h **** /**
 403:CANopen/301/CO_ODinterface.h ****  * Check if requested TPDO was transmitted
 404:CANopen/301/CO_ODinterface.h ****  *
 405:CANopen/301/CO_ODinterface.h ****  * @param entry Object Dictionary entry.
 406:CANopen/301/CO_ODinterface.h ****  * @param subIndex subIndex of the OD variable.
 407:CANopen/301/CO_ODinterface.h ****  *
 408:CANopen/301/CO_ODinterface.h ****  * @return Return true if event driven TPDO with mapping to OD variable, indicated by entry and sub
 409:CANopen/301/CO_ODinterface.h ****  * transmitted since last @ref OD_requestTPDO call. If there was no @ref OD_requestTPDO call yet an
 410:CANopen/301/CO_ODinterface.h ****  * transmitted by other event, function also returns true.
 411:CANopen/301/CO_ODinterface.h ****  */
 412:CANopen/301/CO_ODinterface.h **** static inline bool_t
 413:CANopen/301/CO_ODinterface.h **** OD_TPDOtransmitted(OD_entry_t* entry, uint8_t subIndex) {
 414:CANopen/301/CO_ODinterface.h **** #if OD_FLAGS_PDO_SIZE > 0
 415:CANopen/301/CO_ODinterface.h ****     if ((entry != NULL) && (entry->extension != NULL) && (subIndex < (OD_FLAGS_PDO_SIZE * 8U))) {
 416:CANopen/301/CO_ODinterface.h ****         /* return true, if subIndex-th bit is set */
 417:CANopen/301/CO_ODinterface.h ****         uint8_t mask = 1U << (subIndex & 0x07U);
 418:CANopen/301/CO_ODinterface.h ****         if ((entry->extension->flagsPDO[subIndex >> 3] & mask) != 0U) {
 419:CANopen/301/CO_ODinterface.h ****             return true;
 420:CANopen/301/CO_ODinterface.h ****         }
 421:CANopen/301/CO_ODinterface.h ****     }
 422:CANopen/301/CO_ODinterface.h **** #endif
 423:CANopen/301/CO_ODinterface.h ****     return false;
 424:CANopen/301/CO_ODinterface.h **** }
 425:CANopen/301/CO_ODinterface.h **** 
 426:CANopen/301/CO_ODinterface.h **** /**
 427:CANopen/301/CO_ODinterface.h ****  * Get SDO abort code from returnCode
 428:CANopen/301/CO_ODinterface.h ****  *
 429:CANopen/301/CO_ODinterface.h ****  * @param returnCode Returned from some OD access functions
 430:CANopen/301/CO_ODinterface.h ****  *
 431:CANopen/301/CO_ODinterface.h ****  * @return Corresponding @ref CO_SDO_abortCode_t
 432:CANopen/301/CO_ODinterface.h ****  */
 433:CANopen/301/CO_ODinterface.h **** uint32_t OD_getSDOabCode(ODR_t returnCode);
 434:CANopen/301/CO_ODinterface.h **** 
 435:CANopen/301/CO_ODinterface.h **** /**
 436:CANopen/301/CO_ODinterface.h ****  * Extend OD object with own read/write functions and/or flagsPDO
 437:CANopen/301/CO_ODinterface.h ****  *
 438:CANopen/301/CO_ODinterface.h ****  * This function gives application very powerful tool: definition of own IO access on OD object. St
 439:CANopen/301/CO_ODinterface.h ****  * attributes are the same as defined in original OD object, but data are read directly from (or wr
 440:CANopen/301/CO_ODinterface.h ****  * application specified object via custom function calls.
 441:CANopen/301/CO_ODinterface.h ****  *
 442:CANopen/301/CO_ODinterface.h ****  * Before this function specifies extension, OD variables are accessed from original OD location. A
ARM GAS  C:\Users\Lenovo\AppData\Local\Temp\ccYFaKda.s 			page 27


 443:CANopen/301/CO_ODinterface.h ****  * specifies extension OD variables are accessed from read/write functions specified by extension. 
 444:CANopen/301/CO_ODinterface.h ****  * argument to @ref OD_getSub() is set to true.)
 445:CANopen/301/CO_ODinterface.h ****  *
 446:CANopen/301/CO_ODinterface.h ****  * This function must also be used, when flagsPDO needs to be enabled for specific entry.
 447:CANopen/301/CO_ODinterface.h ****  *
 448:CANopen/301/CO_ODinterface.h ****  * @warning
 449:CANopen/301/CO_ODinterface.h ****  * Object dictionary storage works only directly on OD variables. It does not access read function 
 450:CANopen/301/CO_ODinterface.h ****  * if extended OD objects needs to be preserved, then @ref OD_writeOriginal can be used inside cust
 451:CANopen/301/CO_ODinterface.h ****  *
 452:CANopen/301/CO_ODinterface.h ****  * @warning
 453:CANopen/301/CO_ODinterface.h ****  * Read and write functions may be called from different threads, so critical sections in custom fu
 454:CANopen/301/CO_ODinterface.h ****  * observed, see @ref CO_critical_sections.
 455:CANopen/301/CO_ODinterface.h ****  *
 456:CANopen/301/CO_ODinterface.h ****  * @param entry Object Dictionary entry.
 457:CANopen/301/CO_ODinterface.h ****  * @param extension Extension object, which must be initialized externally. Extension object must e
 458:CANopen/301/CO_ODinterface.h ****  * NULL, extension will be removed.
 459:CANopen/301/CO_ODinterface.h ****  *
 460:CANopen/301/CO_ODinterface.h ****  * @return "ODR_OK" on success, "ODR_IDX_NOT_EXIST" if OD object doesn't exist.
 461:CANopen/301/CO_ODinterface.h ****  */
 462:CANopen/301/CO_ODinterface.h **** static inline ODR_t
 463:CANopen/301/CO_ODinterface.h **** OD_extension_init(OD_entry_t* entry, OD_extension_t* extension) {
 464:CANopen/301/CO_ODinterface.h ****     if (entry == NULL) {
 465:CANopen/301/CO_ODinterface.h ****         return ODR_IDX_NOT_EXIST;
 466:CANopen/301/CO_ODinterface.h ****     }
 467:CANopen/301/CO_ODinterface.h ****     entry->extension = extension;
 468:CANopen/301/CO_ODinterface.h ****     return ODR_OK;
 469:CANopen/301/CO_ODinterface.h **** }
 470:CANopen/301/CO_ODinterface.h **** 
 471:CANopen/301/CO_ODinterface.h **** /**
 472:CANopen/301/CO_ODinterface.h ****  * @defgroup CO_ODgetSetters Getters and setters
 473:CANopen/301/CO_ODinterface.h ****  * @{
 474:CANopen/301/CO_ODinterface.h ****  *
 475:CANopen/301/CO_ODinterface.h ****  * Getter and setter helper functions for accessing different types of Object Dictionary variables.
 476:CANopen/301/CO_ODinterface.h ****  */
 477:CANopen/301/CO_ODinterface.h **** /**
 478:CANopen/301/CO_ODinterface.h ****  * Get variable from Object Dictionary
 479:CANopen/301/CO_ODinterface.h ****  *
 480:CANopen/301/CO_ODinterface.h ****  * @param entry Object Dictionary entry.
 481:CANopen/301/CO_ODinterface.h ****  * @param subIndex Sub-index of the variable from the OD object.
 482:CANopen/301/CO_ODinterface.h ****  * @param [out] val Value will be written here.
 483:CANopen/301/CO_ODinterface.h ****  * @param len Size of value to retrieve from OD.
 484:CANopen/301/CO_ODinterface.h ****  * @param odOrig If true, then potential IO extension on entry will be ignored and data in the orig
 485:CANopen/301/CO_ODinterface.h ****  * be returned.
 486:CANopen/301/CO_ODinterface.h ****  *
 487:CANopen/301/CO_ODinterface.h ****  * @return Value from @ref ODR_t, "ODR_OK" in case of success. Error, if variable does not exist in
 488:CANopen/301/CO_ODinterface.h ****  * it does not have the correct length or other reason.
 489:CANopen/301/CO_ODinterface.h ****  */
 490:CANopen/301/CO_ODinterface.h **** ODR_t OD_get_value(const OD_entry_t* entry, uint8_t subIndex, void* val, OD_size_t len, bool_t odOr
 491:CANopen/301/CO_ODinterface.h **** 
 492:CANopen/301/CO_ODinterface.h **** /** Get int8_t variable from Object Dictionary, see @ref OD_get_value */
 493:CANopen/301/CO_ODinterface.h **** static inline ODR_t
 494:CANopen/301/CO_ODinterface.h **** OD_get_i8(const OD_entry_t* entry, uint8_t subIndex, int8_t* val, bool_t odOrig) {
 495:CANopen/301/CO_ODinterface.h ****     return OD_get_value(entry, subIndex, val, sizeof(*val), odOrig);
 496:CANopen/301/CO_ODinterface.h **** }
 497:CANopen/301/CO_ODinterface.h **** 
 498:CANopen/301/CO_ODinterface.h **** /** Get int16_t variable from Object Dictionary, see @ref OD_get_value */
 499:CANopen/301/CO_ODinterface.h **** static inline ODR_t
ARM GAS  C:\Users\Lenovo\AppData\Local\Temp\ccYFaKda.s 			page 28


 500:CANopen/301/CO_ODinterface.h **** OD_get_i16(const OD_entry_t* entry, uint8_t subIndex, int16_t* val, bool_t odOrig) {
 501:CANopen/301/CO_ODinterface.h ****     return OD_get_value(entry, subIndex, val, sizeof(*val), odOrig);
 502:CANopen/301/CO_ODinterface.h **** }
 503:CANopen/301/CO_ODinterface.h **** 
 504:CANopen/301/CO_ODinterface.h **** /** Get int32_t variable from Object Dictionary, see @ref OD_get_value */
 505:CANopen/301/CO_ODinterface.h **** static inline ODR_t
 506:CANopen/301/CO_ODinterface.h **** OD_get_i32(const OD_entry_t* entry, uint8_t subIndex, int32_t* val, bool_t odOrig) {
 507:CANopen/301/CO_ODinterface.h ****     return OD_get_value(entry, subIndex, val, sizeof(*val), odOrig);
 508:CANopen/301/CO_ODinterface.h **** }
 509:CANopen/301/CO_ODinterface.h **** 
 510:CANopen/301/CO_ODinterface.h **** /** Get int64_t variable from Object Dictionary, see @ref OD_get_value */
 511:CANopen/301/CO_ODinterface.h **** static inline ODR_t
 512:CANopen/301/CO_ODinterface.h **** OD_get_i64(const OD_entry_t* entry, uint8_t subIndex, int64_t* val, bool_t odOrig) {
 513:CANopen/301/CO_ODinterface.h ****     return OD_get_value(entry, subIndex, val, sizeof(*val), odOrig);
 514:CANopen/301/CO_ODinterface.h **** }
 515:CANopen/301/CO_ODinterface.h **** 
 516:CANopen/301/CO_ODinterface.h **** /** Get uint8_t variable from Object Dictionary, see @ref OD_get_value */
 517:CANopen/301/CO_ODinterface.h **** static inline ODR_t
 518:CANopen/301/CO_ODinterface.h **** OD_get_u8(const OD_entry_t* entry, uint8_t subIndex, uint8_t* val, bool_t odOrig) {
 519:CANopen/301/CO_ODinterface.h ****     return OD_get_value(entry, subIndex, val, sizeof(*val), odOrig);
 520:CANopen/301/CO_ODinterface.h **** }
 521:CANopen/301/CO_ODinterface.h **** 
 522:CANopen/301/CO_ODinterface.h **** /** Get uint16_t variable from Object Dictionary, see @ref OD_get_value */
 523:CANopen/301/CO_ODinterface.h **** static inline ODR_t
 524:CANopen/301/CO_ODinterface.h **** OD_get_u16(const OD_entry_t* entry, uint8_t subIndex, uint16_t* val, bool_t odOrig) {
 525:CANopen/301/CO_ODinterface.h ****     return OD_get_value(entry, subIndex, val, sizeof(*val), odOrig);
 526:CANopen/301/CO_ODinterface.h **** }
 527:CANopen/301/CO_ODinterface.h **** 
 528:CANopen/301/CO_ODinterface.h **** /** Get uint32_t variable from Object Dictionary, see @ref OD_get_value */
 529:CANopen/301/CO_ODinterface.h **** static inline ODR_t
 530:CANopen/301/CO_ODinterface.h **** OD_get_u32(const OD_entry_t* entry, uint8_t subIndex, uint32_t* val, bool_t odOrig) {
 306              		.loc 3 530 1 view .LVU76
 307              	.LBB20:
 531:CANopen/301/CO_ODinterface.h ****     return OD_get_value(entry, subIndex, val, sizeof(*val), odOrig);
 308              		.loc 3 531 5 view .LVU77
 309              		.loc 3 531 12 is_stmt 0 view .LVU78
 310 0020 0123     		movs	r3, #1
 311 0022 0093     		str	r3, [sp]
 312 0024 0423     		movs	r3, #4
 313 0026 05AA     		add	r2, sp, #20
 314              	.LVL29:
 315              		.loc 3 531 12 view .LVU79
 316 0028 0021     		movs	r1, #0
 317 002a 2846     		mov	r0, r5
 318 002c FFF7FEFF 		bl	OD_get_value
 319              	.LVL30:
 320              		.loc 3 531 12 view .LVU80
 321              	.LBE20:
 322              	.LBE19:
 103:CANopen/301/CO_TIME.c ****     if (odRet != ODR_OK) {
 323              		.loc 1 103 5 is_stmt 1 view .LVU81
 324              		.loc 1 103 8 is_stmt 0 view .LVU82
 325 0030 A0B9     		cbnz	r0, .L33
 104:CANopen/301/CO_TIME.c ****         if (errInfo != NULL) {
 105:CANopen/301/CO_TIME.c ****             *errInfo = OD_getIndex(OD_1012_cobIdTimeStamp);
 106:CANopen/301/CO_TIME.c ****         }
 107:CANopen/301/CO_TIME.c ****         return CO_ERROR_OD_PARAMETERS;
ARM GAS  C:\Users\Lenovo\AppData\Local\Temp\ccYFaKda.s 			page 29


 108:CANopen/301/CO_TIME.c ****     }
 109:CANopen/301/CO_TIME.c **** #if ((CO_CONFIG_TIME)&CO_CONFIG_FLAG_OD_DYNAMIC) != 0
 110:CANopen/301/CO_TIME.c ****     TIME->OD_1012_extension.object = TIME;
 326              		.loc 1 110 5 is_stmt 1 view .LVU83
 327              		.loc 1 110 36 is_stmt 0 view .LVU84
 328 0032 E461     		str	r4, [r4, #28]
 111:CANopen/301/CO_TIME.c ****     TIME->OD_1012_extension.read = OD_readOriginal;
 329              		.loc 1 111 5 is_stmt 1 view .LVU85
 330              		.loc 1 111 34 is_stmt 0 view .LVU86
 331 0034 174B     		ldr	r3, .L35
 332 0036 2362     		str	r3, [r4, #32]
 112:CANopen/301/CO_TIME.c ****     TIME->OD_1012_extension.write = OD_write_1012;
 333              		.loc 1 112 5 is_stmt 1 view .LVU87
 334              		.loc 1 112 35 is_stmt 0 view .LVU88
 335 0038 174B     		ldr	r3, .L35+4
 336 003a 6362     		str	r3, [r4, #36]
 113:CANopen/301/CO_TIME.c ****     (void)OD_extension_init(OD_1012_cobIdTimeStamp, &TIME->OD_1012_extension);
 337              		.loc 1 113 5 is_stmt 1 view .LVU89
 338              		.loc 1 113 11 is_stmt 0 view .LVU90
 339 003c 04F11C03 		add	r3, r4, #28
 340              	.LVL31:
 341              	.LBB21:
 342              	.LBI21:
 463:CANopen/301/CO_ODinterface.h ****     if (entry == NULL) {
 343              		.loc 3 463 1 is_stmt 1 view .LVU91
 344              	.LBB22:
 464:CANopen/301/CO_ODinterface.h ****         return ODR_IDX_NOT_EXIST;
 345              		.loc 3 464 5 view .LVU92
 467:CANopen/301/CO_ODinterface.h ****     return ODR_OK;
 346              		.loc 3 467 5 view .LVU93
 467:CANopen/301/CO_ODinterface.h ****     return ODR_OK;
 347              		.loc 3 467 22 is_stmt 0 view .LVU94
 348 0040 AB60     		str	r3, [r5, #8]
 468:CANopen/301/CO_ODinterface.h **** }
 349              		.loc 3 468 5 is_stmt 1 view .LVU95
 350              	.LVL32:
 468:CANopen/301/CO_ODinterface.h **** }
 351              		.loc 3 468 5 is_stmt 0 view .LVU96
 352              	.LBE22:
 353              	.LBE21:
 114:CANopen/301/CO_TIME.c **** #endif
 115:CANopen/301/CO_TIME.c **** 
 116:CANopen/301/CO_TIME.c ****     /* Configure object variables */
 117:CANopen/301/CO_TIME.c ****     uint16_t cobId = (uint16_t)(cobIdTimeStamp & 0x7FFU);
 354              		.loc 1 117 5 is_stmt 1 view .LVU97
 355              		.loc 1 117 22 is_stmt 0 view .LVU98
 356 0042 059D     		ldr	r5, [sp, #20]
 357              	.LVL33:
 358              		.loc 1 117 14 view .LVU99
 359 0044 C5F30A02 		ubfx	r2, r5, #0, #11
 360              	.LVL34:
 118:CANopen/301/CO_TIME.c ****     TIME->isConsumer = (cobIdTimeStamp & 0x80000000UL) != 0U;
 361              		.loc 1 118 5 is_stmt 1 view .LVU100
 362              		.loc 1 118 56 is_stmt 0 view .LVU101
 363 0048 EB0F     		lsrs	r3, r5, #31
 364              		.loc 1 118 22 view .LVU102
 365 004a 2361     		str	r3, [r4, #16]
ARM GAS  C:\Users\Lenovo\AppData\Local\Temp\ccYFaKda.s 			page 30


 119:CANopen/301/CO_TIME.c ****     TIME->isProducer = (cobIdTimeStamp & 0x40000000UL) != 0U;
 366              		.loc 1 119 5 is_stmt 1 view .LVU103
 367              		.loc 1 119 56 is_stmt 0 view .LVU104
 368 004c C5F38075 		ubfx	r5, r5, #30, #1
 369              		.loc 1 119 22 view .LVU105
 370 0050 6561     		str	r5, [r4, #20]
 120:CANopen/301/CO_TIME.c ****     CO_FLAG_CLEAR(TIME->CANrxNew);
 371              		.loc 1 120 5 is_stmt 1 view .LVU106
 372              		.loc 1 120 5 view .LVU107
 373 0052 0021     		movs	r1, #0
 374 0054 A161     		str	r1, [r4, #24]
 375              		.loc 1 120 34 view .LVU108
 121:CANopen/301/CO_TIME.c **** 
 122:CANopen/301/CO_TIME.c ****     /* configure TIME consumer message reception */
 123:CANopen/301/CO_TIME.c ****     if (TIME->isConsumer) {
 376              		.loc 1 123 5 view .LVU109
 377              		.loc 1 123 8 is_stmt 0 view .LVU110
 378 0056 4BB9     		cbnz	r3, .L34
 379              	.LVL35:
 380              	.L23:
 124:CANopen/301/CO_TIME.c ****         CO_ReturnError_t ret = CO_CANrxBufferInit(CANdevRx, CANdevRxIdx, cobId, 0x7FF, false, (void
 125:CANopen/301/CO_TIME.c ****                                                   CO_TIME_receive);
 126:CANopen/301/CO_TIME.c ****         if (ret != CO_ERROR_NO) {
 127:CANopen/301/CO_TIME.c ****             return ret;
 128:CANopen/301/CO_TIME.c ****         }
 129:CANopen/301/CO_TIME.c ****     }
 130:CANopen/301/CO_TIME.c **** 
 131:CANopen/301/CO_TIME.c **** #if ((CO_CONFIG_TIME)&CO_CONFIG_TIME_PRODUCER) != 0
 132:CANopen/301/CO_TIME.c ****     /* configure TIME producer message transmission */
 133:CANopen/301/CO_TIME.c ****     TIME->CANdevTx = CANdevTx;
 134:CANopen/301/CO_TIME.c ****     TIME->CANtxBuff = CO_CANtxBufferInit(CANdevTx, CANdevTxIdx, cobId, false, CO_TIME_MSG_LENGTH, f
 135:CANopen/301/CO_TIME.c **** 
 136:CANopen/301/CO_TIME.c ****     if (TIME->CANtxBuff == NULL) {
 137:CANopen/301/CO_TIME.c ****         return CO_ERROR_ILLEGAL_ARGUMENT;
 138:CANopen/301/CO_TIME.c ****     }
 139:CANopen/301/CO_TIME.c **** #endif
 140:CANopen/301/CO_TIME.c **** 
 141:CANopen/301/CO_TIME.c ****     return CO_ERROR_NO;
 142:CANopen/301/CO_TIME.c **** }
 381              		.loc 1 142 1 view .LVU111
 382 0058 07B0     		add	sp, sp, #28
 383              	.LCFI5:
 384              		.cfi_remember_state
 385              		.cfi_def_cfa_offset 20
 386              		@ sp needed
 387 005a F0BD     		pop	{r4, r5, r6, r7, pc}
 388              	.LVL36:
 389              	.L33:
 390              	.LCFI6:
 391              		.cfi_restore_state
 104:CANopen/301/CO_TIME.c ****             *errInfo = OD_getIndex(OD_1012_cobIdTimeStamp);
 392              		.loc 1 104 9 is_stmt 1 view .LVU112
 104:CANopen/301/CO_TIME.c ****             *errInfo = OD_getIndex(OD_1012_cobIdTimeStamp);
 393              		.loc 1 104 12 is_stmt 0 view .LVU113
 394 005c 0C9B     		ldr	r3, [sp, #48]
 395 005e 13B1     		cbz	r3, .L25
 105:CANopen/301/CO_TIME.c ****         }
ARM GAS  C:\Users\Lenovo\AppData\Local\Temp\ccYFaKda.s 			page 31


 396              		.loc 1 105 13 is_stmt 1 view .LVU114
 397              	.LVL37:
 398              	.LBB23:
 399              	.LBI23:
 343:CANopen/301/CO_ODinterface.h ****     return (entry != NULL) ? entry->index : 0U;
 400              		.loc 3 343 1 view .LVU115
 401              	.LBB24:
 344:CANopen/301/CO_ODinterface.h **** }
 402              		.loc 3 344 5 view .LVU116
 344:CANopen/301/CO_ODinterface.h **** }
 403              		.loc 3 344 43 is_stmt 0 discriminator 1 view .LVU117
 404 0060 2B88     		ldrh	r3, [r5]
 405              	.LVL38:
 344:CANopen/301/CO_ODinterface.h **** }
 406              		.loc 3 344 43 discriminator 1 view .LVU118
 407              	.LBE24:
 408              	.LBE23:
 105:CANopen/301/CO_TIME.c ****         }
 409              		.loc 1 105 22 discriminator 1 view .LVU119
 410 0062 0C9A     		ldr	r2, [sp, #48]
 411 0064 1360     		str	r3, [r2]
 412              	.L25:
 107:CANopen/301/CO_TIME.c ****     }
 413              		.loc 1 107 9 is_stmt 1 view .LVU120
 107:CANopen/301/CO_TIME.c ****     }
 414              		.loc 1 107 16 is_stmt 0 view .LVU121
 415 0066 6FF00B00 		mvn	r0, #11
 416              	.LVL39:
 107:CANopen/301/CO_TIME.c ****     }
 417              		.loc 1 107 16 view .LVU122
 418 006a F5E7     		b	.L23
 419              	.LVL40:
 420              	.L34:
 421              	.LBB25:
 124:CANopen/301/CO_TIME.c ****                                                   CO_TIME_receive);
 422              		.loc 1 124 9 is_stmt 1 view .LVU123
 124:CANopen/301/CO_TIME.c ****                                                   CO_TIME_receive);
 423              		.loc 1 124 32 is_stmt 0 view .LVU124
 424 006c 0B4B     		ldr	r3, .L35+8
 425 006e 0293     		str	r3, [sp, #8]
 426 0070 0194     		str	r4, [sp, #4]
 427 0072 0091     		str	r1, [sp]
 428 0074 40F2FF73 		movw	r3, #2047
 429 0078 3946     		mov	r1, r7
 430 007a 3046     		mov	r0, r6
 431              	.LVL41:
 124:CANopen/301/CO_TIME.c ****                                                   CO_TIME_receive);
 432              		.loc 1 124 32 view .LVU125
 433 007c FFF7FEFF 		bl	CO_CANrxBufferInit
 434              	.LVL42:
 126:CANopen/301/CO_TIME.c ****             return ret;
 435              		.loc 1 126 9 is_stmt 1 view .LVU126
 436 0080 EAE7     		b	.L23
 437              	.LVL43:
 438              	.L26:
 439              	.LCFI7:
 440              		.cfi_def_cfa_offset 0
ARM GAS  C:\Users\Lenovo\AppData\Local\Temp\ccYFaKda.s 			page 32


 441              		.cfi_restore 4
 442              		.cfi_restore 5
 443              		.cfi_restore 6
 444              		.cfi_restore 7
 445              		.cfi_restore 14
 126:CANopen/301/CO_TIME.c ****             return ret;
 446              		.loc 1 126 9 is_stmt 0 view .LVU127
 447              	.LBE25:
  95:CANopen/301/CO_TIME.c ****     }
 448              		.loc 1 95 16 view .LVU128
 449 0082 4FF0FF30 		mov	r0, #-1
 450              	.LVL44:
 451              		.loc 1 142 1 view .LVU129
 452 0086 7047     		bx	lr
 453              	.LVL45:
 454              	.L27:
 455              	.LCFI8:
 456              		.cfi_def_cfa_offset 48
 457              		.cfi_offset 4, -20
 458              		.cfi_offset 5, -16
 459              		.cfi_offset 6, -12
 460              		.cfi_offset 7, -8
 461              		.cfi_offset 14, -4
  95:CANopen/301/CO_TIME.c ****     }
 462              		.loc 1 95 16 view .LVU130
 463 0088 4FF0FF30 		mov	r0, #-1
 464              	.LVL46:
  95:CANopen/301/CO_TIME.c ****     }
 465              		.loc 1 95 16 view .LVU131
 466 008c E4E7     		b	.L23
 467              	.LVL47:
 468              	.L28:
  95:CANopen/301/CO_TIME.c ****     }
 469              		.loc 1 95 16 view .LVU132
 470 008e 4FF0FF30 		mov	r0, #-1
 471              	.LVL48:
  95:CANopen/301/CO_TIME.c ****     }
 472              		.loc 1 95 16 view .LVU133
 473 0092 E1E7     		b	.L23
 474              	.L36:
 475              		.align	2
 476              	.L35:
 477 0094 00000000 		.word	OD_readOriginal
 478 0098 00000000 		.word	OD_write_1012
 479 009c 00000000 		.word	CO_TIME_receive
 480              		.cfi_endproc
 481              	.LFE39:
 483              		.section	.text.CO_TIME_process,"ax",%progbits
 484              		.align	1
 485              		.global	CO_TIME_process
 486              		.syntax unified
 487              		.thumb
 488              		.thumb_func
 490              	CO_TIME_process:
 491              	.LVL49:
 492              	.LFB40:
 143:CANopen/301/CO_TIME.c **** 
ARM GAS  C:\Users\Lenovo\AppData\Local\Temp\ccYFaKda.s 			page 33


 144:CANopen/301/CO_TIME.c **** #if ((CO_CONFIG_TIME)&CO_CONFIG_FLAG_CALLBACK_PRE) != 0
 145:CANopen/301/CO_TIME.c **** void
 146:CANopen/301/CO_TIME.c **** CO_TIME_initCallbackPre(CO_TIME_t* TIME, void* object, void (*pFunctSignalPre)(void* object)) {
 147:CANopen/301/CO_TIME.c ****     if (TIME != NULL) {
 148:CANopen/301/CO_TIME.c ****         TIME->functSignalObjectPre = object;
 149:CANopen/301/CO_TIME.c ****         TIME->pFunctSignalPre = pFunctSignalPre;
 150:CANopen/301/CO_TIME.c ****     }
 151:CANopen/301/CO_TIME.c **** }
 152:CANopen/301/CO_TIME.c **** #endif
 153:CANopen/301/CO_TIME.c **** 
 154:CANopen/301/CO_TIME.c **** bool_t
 155:CANopen/301/CO_TIME.c **** CO_TIME_process(CO_TIME_t* TIME, bool_t NMTisPreOrOperational, uint32_t timeDifference_us) {
 493              		.loc 1 155 92 is_stmt 1 view -0
 494              		.cfi_startproc
 495              		@ args = 0, pretend = 0, frame = 0
 496              		@ frame_needed = 0, uses_anonymous_args = 0
 497              		@ link register save eliminated.
 498              		.loc 1 155 92 is_stmt 0 view .LVU135
 499 0000 0346     		mov	r3, r0
 156:CANopen/301/CO_TIME.c ****     bool_t timestampReceived = false;
 500              		.loc 1 156 5 is_stmt 1 view .LVU136
 501              	.LVL50:
 157:CANopen/301/CO_TIME.c **** 
 158:CANopen/301/CO_TIME.c ****     /* Was TIME stamp message just received */
 159:CANopen/301/CO_TIME.c ****     if (NMTisPreOrOperational && TIME->isConsumer) {
 502              		.loc 1 159 5 view .LVU137
 503              		.loc 1 159 8 is_stmt 0 view .LVU138
 504 0002 71B1     		cbz	r1, .L38
 505              		.loc 1 159 38 discriminator 1 view .LVU139
 506 0004 0169     		ldr	r1, [r0, #16]
 507              	.LVL51:
 508              		.loc 1 159 31 discriminator 1 view .LVU140
 509 0006 61B1     		cbz	r1, .L38
 160:CANopen/301/CO_TIME.c ****         if (CO_FLAG_READ(TIME->CANrxNew)) {
 510              		.loc 1 160 9 is_stmt 1 view .LVU141
 511              		.loc 1 160 13 is_stmt 0 view .LVU142
 512 0008 8169     		ldr	r1, [r0, #24]
 513              		.loc 1 160 12 view .LVU143
 514 000a 61B1     		cbz	r1, .L39
 515              	.LBB26:
 161:CANopen/301/CO_TIME.c ****             uint32_t ms_swapped = CO_getUint32(&TIME->timeStamp[0]);
 516              		.loc 1 161 13 is_stmt 1 view .LVU144
 517              	.LVL52:
 518              	.LBB27:
 519              	.LBI27:
 617:CANopen/301/CO_driver.h ****     uint32_t value;
 520              		.loc 2 617 1 view .LVU145
 521              	.LBB28:
 618:CANopen/301/CO_driver.h ****     (void)memmove((void*)&value, buf, sizeof(value));
 522              		.loc 2 618 5 view .LVU146
 619:CANopen/301/CO_driver.h ****     return value;
 523              		.loc 2 619 5 view .LVU147
 619:CANopen/301/CO_driver.h ****     return value;
 524              		.loc 2 619 11 is_stmt 0 view .LVU148
 525 000c 0268     		ldr	r2, [r0]	@ unaligned
 526              	.LVL53:
 527              		.loc 2 620 5 is_stmt 1 view .LVU149
ARM GAS  C:\Users\Lenovo\AppData\Local\Temp\ccYFaKda.s 			page 34


 528              		.loc 2 620 5 is_stmt 0 view .LVU150
 529              	.LBE28:
 530              	.LBE27:
 162:CANopen/301/CO_TIME.c ****             uint16_t days_swapped = CO_getUint16(&TIME->timeStamp[4]);
 531              		.loc 1 162 13 is_stmt 1 view .LVU151
 532              	.LBB29:
 533              	.LBI29:
 609:CANopen/301/CO_driver.h ****     uint16_t value;
 534              		.loc 2 609 1 view .LVU152
 535              	.LBB30:
 610:CANopen/301/CO_driver.h ****     (void)memmove((void*)&value, buf, sizeof(value));
 536              		.loc 2 610 5 view .LVU153
 611:CANopen/301/CO_driver.h ****     return value;
 537              		.loc 2 611 5 view .LVU154
 611:CANopen/301/CO_driver.h ****     return value;
 538              		.loc 2 611 11 is_stmt 0 view .LVU155
 539 000e 8188     		ldrh	r1, [r0, #4]	@ unaligned
 540              	.LVL54:
 612:CANopen/301/CO_driver.h **** }
 541              		.loc 2 612 5 is_stmt 1 view .LVU156
 612:CANopen/301/CO_driver.h **** }
 542              		.loc 2 612 5 is_stmt 0 view .LVU157
 543              	.LBE30:
 544              	.LBE29:
 163:CANopen/301/CO_TIME.c ****             TIME->ms = CO_SWAP_32(ms_swapped) & 0x0FFFFFFFU;
 545              		.loc 1 163 13 is_stmt 1 view .LVU158
 546              		.loc 1 163 47 is_stmt 0 view .LVU159
 547 0010 22F07042 		bic	r2, r2, #-268435456
 548              	.LVL55:
 549              		.loc 1 163 22 view .LVU160
 550 0014 8260     		str	r2, [r0, #8]
 164:CANopen/301/CO_TIME.c ****             TIME->days = CO_SWAP_16(days_swapped);
 551              		.loc 1 164 13 is_stmt 1 view .LVU161
 552              		.loc 1 164 24 is_stmt 0 view .LVU162
 553 0016 8181     		strh	r1, [r0, #12]	@ movhi
 165:CANopen/301/CO_TIME.c ****             TIME->residual_us = 0;
 554              		.loc 1 165 13 is_stmt 1 view .LVU163
 555              		.loc 1 165 31 is_stmt 0 view .LVU164
 556 0018 0022     		movs	r2, #0
 557 001a C281     		strh	r2, [r0, #14]	@ movhi
 166:CANopen/301/CO_TIME.c ****             timestampReceived = true;
 558              		.loc 1 166 13 is_stmt 1 view .LVU165
 559              	.LVL56:
 167:CANopen/301/CO_TIME.c **** 
 168:CANopen/301/CO_TIME.c ****             CO_FLAG_CLEAR(TIME->CANrxNew);
 560              		.loc 1 168 13 view .LVU166
 561              		.loc 1 168 13 view .LVU167
 562 001c 8261     		str	r2, [r0, #24]
 563              		.loc 1 168 13 is_stmt 0 view .LVU168
 564              	.LBE26:
 169:CANopen/301/CO_TIME.c ****         }
 170:CANopen/301/CO_TIME.c ****     } else {
 171:CANopen/301/CO_TIME.c ****         CO_FLAG_CLEAR(TIME->CANrxNew);
 565              		.loc 1 171 38 is_stmt 1 view .LVU169
 172:CANopen/301/CO_TIME.c ****     }
 173:CANopen/301/CO_TIME.c **** 
 174:CANopen/301/CO_TIME.c ****     /* Update time */
ARM GAS  C:\Users\Lenovo\AppData\Local\Temp\ccYFaKda.s 			page 35


 175:CANopen/301/CO_TIME.c ****     uint32_t ms = 0;
 566              		.loc 1 175 5 view .LVU170
 567              	.LVL57:
 176:CANopen/301/CO_TIME.c ****     if (!timestampReceived && (timeDifference_us > 0U)) {
 568              		.loc 1 176 5 view .LVU171
 569              	.LBB31:
 166:CANopen/301/CO_TIME.c **** 
 570              		.loc 1 166 31 is_stmt 0 view .LVU172
 571 001e 0120     		movs	r0, #1
 572              	.LVL58:
 166:CANopen/301/CO_TIME.c **** 
 573              		.loc 1 166 31 view .LVU173
 574 0020 7047     		bx	lr
 575              	.LVL59:
 576              	.L38:
 166:CANopen/301/CO_TIME.c **** 
 577              		.loc 1 166 31 view .LVU174
 578              	.LBE31:
 171:CANopen/301/CO_TIME.c ****     }
 579              		.loc 1 171 9 is_stmt 1 view .LVU175
 171:CANopen/301/CO_TIME.c ****     }
 580              		.loc 1 171 9 view .LVU176
 581 0022 0021     		movs	r1, #0
 582 0024 9961     		str	r1, [r3, #24]
 171:CANopen/301/CO_TIME.c ****     }
 583              		.loc 1 171 38 view .LVU177
 175:CANopen/301/CO_TIME.c ****     if (!timestampReceived && (timeDifference_us > 0U)) {
 584              		.loc 1 175 5 view .LVU178
 585              	.LVL60:
 586              		.loc 1 176 5 view .LVU179
 587              	.L39:
 588              		.loc 1 176 28 is_stmt 0 discriminator 1 view .LVU180
 589 0026 C2B1     		cbz	r2, .L41
 590              	.LBB32:
 177:CANopen/301/CO_TIME.c ****         uint32_t us = timeDifference_us + TIME->residual_us;
 591              		.loc 1 177 9 is_stmt 1 view .LVU181
 592              		.loc 1 177 47 is_stmt 0 view .LVU182
 593 0028 D989     		ldrh	r1, [r3, #14]
 594              		.loc 1 177 18 view .LVU183
 595 002a 1144     		add	r1, r1, r2
 596              	.LVL61:
 178:CANopen/301/CO_TIME.c ****         ms = us / 1000U;
 597              		.loc 1 178 9 is_stmt 1 view .LVU184
 598              		.loc 1 178 12 is_stmt 0 view .LVU185
 599 002c 0D4A     		ldr	r2, .L43
 600              	.LVL62:
 601              		.loc 1 178 12 view .LVU186
 602 002e A2FB0102 		umull	r0, r2, r2, r1
 603              	.LVL63:
 604              		.loc 1 178 12 view .LVU187
 605 0032 9209     		lsrs	r2, r2, #6
 606              	.LVL64:
 179:CANopen/301/CO_TIME.c ****         TIME->residual_us = (uint16_t)(us % 1000U);
 607              		.loc 1 179 9 is_stmt 1 view .LVU188
 608              		.loc 1 179 43 is_stmt 0 view .LVU189
 609 0034 4FF47A70 		mov	r0, #1000
 610 0038 00FB1211 		mls	r1, r0, r2, r1
ARM GAS  C:\Users\Lenovo\AppData\Local\Temp\ccYFaKda.s 			page 36


 611              	.LVL65:
 612              		.loc 1 179 27 view .LVU190
 613 003c D981     		strh	r1, [r3, #14]	@ movhi
 614              	.LVL66:
 180:CANopen/301/CO_TIME.c ****         TIME->ms += ms;
 615              		.loc 1 180 9 is_stmt 1 view .LVU191
 616              		.loc 1 180 13 is_stmt 0 view .LVU192
 617 003e 9968     		ldr	r1, [r3, #8]
 618              		.loc 1 180 18 view .LVU193
 619 0040 0A44     		add	r2, r2, r1
 620              	.LVL67:
 621              		.loc 1 180 18 view .LVU194
 622 0042 9A60     		str	r2, [r3, #8]
 181:CANopen/301/CO_TIME.c ****         if (TIME->ms >= ((uint32_t)1000U * 60U * 60U * 24U)) {
 623              		.loc 1 181 9 is_stmt 1 view .LVU195
 624              		.loc 1 181 12 is_stmt 0 view .LVU196
 625 0044 0849     		ldr	r1, .L43+4
 626 0046 8A42     		cmp	r2, r1
 627 0048 09D9     		bls	.L42
 182:CANopen/301/CO_TIME.c ****             TIME->ms -= ((uint32_t)1000U * 60U * 60U * 24U);
 628              		.loc 1 182 13 is_stmt 1 view .LVU197
 629              		.loc 1 182 22 is_stmt 0 view .LVU198
 630 004a 0849     		ldr	r1, .L43+8
 631 004c 1144     		add	r1, r1, r2
 632 004e 9960     		str	r1, [r3, #8]
 183:CANopen/301/CO_TIME.c ****             TIME->days += 1U;
 633              		.loc 1 183 13 is_stmt 1 view .LVU199
 634              		.loc 1 183 17 is_stmt 0 view .LVU200
 635 0050 9A89     		ldrh	r2, [r3, #12]
 636              		.loc 1 183 24 view .LVU201
 637 0052 0132     		adds	r2, r2, #1
 638 0054 9A81     		strh	r2, [r3, #12]	@ movhi
 639 0056 0020     		movs	r0, #0
 640 0058 7047     		bx	lr
 641              	.LVL68:
 642              	.L41:
 643              		.loc 1 183 24 view .LVU202
 644 005a 1046     		mov	r0, r2
 645              	.LVL69:
 646              		.loc 1 183 24 view .LVU203
 647 005c 7047     		bx	lr
 648              	.LVL70:
 649              	.L42:
 650              		.loc 1 183 24 view .LVU204
 651 005e 0020     		movs	r0, #0
 652              	.LBE32:
 184:CANopen/301/CO_TIME.c ****         }
 185:CANopen/301/CO_TIME.c ****     }
 186:CANopen/301/CO_TIME.c **** 
 187:CANopen/301/CO_TIME.c **** #if ((CO_CONFIG_TIME)&CO_CONFIG_TIME_PRODUCER) != 0
 188:CANopen/301/CO_TIME.c ****     if (NMTisPreOrOperational && TIME->isProducer && TIME->producerInterval_ms > 0) {
 189:CANopen/301/CO_TIME.c ****         if (TIME->producerTimer_ms >= TIME->producerInterval_ms) {
 190:CANopen/301/CO_TIME.c ****             TIME->producerTimer_ms -= TIME->producerInterval_ms;
 191:CANopen/301/CO_TIME.c **** 
 192:CANopen/301/CO_TIME.c ****             uint32_t ms_swapped = CO_SWAP_32(TIME->ms);
 193:CANopen/301/CO_TIME.c ****             uint16_t days_swapped = CO_SWAP_16(TIME->days);
 194:CANopen/301/CO_TIME.c ****             (void)CO_setUint32(&TIME->CANtxBuff->data[0], ms_swapped);
ARM GAS  C:\Users\Lenovo\AppData\Local\Temp\ccYFaKda.s 			page 37


 195:CANopen/301/CO_TIME.c ****             (void)CO_setUint16(&TIME->CANtxBuff->data[4], days_swapped);
 196:CANopen/301/CO_TIME.c ****             (void)CO_CANsend(TIME->CANdevTx, TIME->CANtxBuff);
 197:CANopen/301/CO_TIME.c ****         } else {
 198:CANopen/301/CO_TIME.c ****             TIME->producerTimer_ms += ms;
 199:CANopen/301/CO_TIME.c ****         }
 200:CANopen/301/CO_TIME.c ****     } else {
 201:CANopen/301/CO_TIME.c ****         TIME->producerTimer_ms = TIME->producerInterval_ms;
 202:CANopen/301/CO_TIME.c ****     }
 203:CANopen/301/CO_TIME.c **** #endif
 204:CANopen/301/CO_TIME.c **** 
 205:CANopen/301/CO_TIME.c ****     return timestampReceived;
 653              		.loc 1 205 5 is_stmt 1 view .LVU205
 206:CANopen/301/CO_TIME.c **** }
 654              		.loc 1 206 1 is_stmt 0 view .LVU206
 655 0060 7047     		bx	lr
 656              	.L44:
 657 0062 00BF     		.align	2
 658              	.L43:
 659 0064 D34D6210 		.word	274877907
 660 0068 FF5B2605 		.word	86399999
 661 006c 00A4D9FA 		.word	-86400000
 662              		.cfi_endproc
 663              	.LFE40:
 665              		.text
 666              	.Letext0:
 667              		.file 4 "D:\\vscode\\stm32cubecltv122\\stm32cubeclt_1.22.0-Win-x86_64.exe\\anzhuang\\STM32CubeCLT_
 668              		.file 5 "D:\\vscode\\stm32cubecltv122\\stm32cubeclt_1.22.0-Win-x86_64.exe\\anzhuang\\STM32CubeCLT_
 669              		.file 6 "D:\\vscode\\stm32cubecltv122\\stm32cubeclt_1.22.0-Win-x86_64.exe\\anzhuang\\STM32CubeCLT_
 670              		.file 7 "CANopen/example/CO_driver_target.h"
 671              		.file 8 "CANopen/301/CO_TIME.h"
 672              		.file 9 "D:\\vscode\\stm32cubecltv122\\stm32cubeclt_1.22.0-Win-x86_64.exe\\anzhuang\\STM32CubeCLT_
 673              		.file 10 "<built-in>"
ARM GAS  C:\Users\Lenovo\AppData\Local\Temp\ccYFaKda.s 			page 38


DEFINED SYMBOLS
                            *ABS*:00000000 CO_TIME.c
C:\Users\Lenovo\AppData\Local\Temp\ccYFaKda.s:21     .text.CO_TIME_receive:00000000 $t
C:\Users\Lenovo\AppData\Local\Temp\ccYFaKda.s:26     .text.CO_TIME_receive:00000000 CO_TIME_receive
C:\Users\Lenovo\AppData\Local\Temp\ccYFaKda.s:45     .text.OD_write_1012:00000000 $t
C:\Users\Lenovo\AppData\Local\Temp\ccYFaKda.s:50     .text.OD_write_1012:00000000 OD_write_1012
C:\Users\Lenovo\AppData\Local\Temp\ccYFaKda.s:247    .text.OD_write_1012:000000a4 $d
C:\Users\Lenovo\AppData\Local\Temp\ccYFaKda.s:252    .text.CO_TIME_init:00000000 $t
C:\Users\Lenovo\AppData\Local\Temp\ccYFaKda.s:258    .text.CO_TIME_init:00000000 CO_TIME_init
C:\Users\Lenovo\AppData\Local\Temp\ccYFaKda.s:477    .text.CO_TIME_init:00000094 $d
C:\Users\Lenovo\AppData\Local\Temp\ccYFaKda.s:484    .text.CO_TIME_process:00000000 $t
C:\Users\Lenovo\AppData\Local\Temp\ccYFaKda.s:490    .text.CO_TIME_process:00000000 CO_TIME_process
C:\Users\Lenovo\AppData\Local\Temp\ccYFaKda.s:659    .text.CO_TIME_process:00000064 $d
                           .group:00000000 wm4.0.35f3e76e42575b99374c7d5ae37ca977
                           .group:00000000 wm4._newlib_version.h.4.0eb654b64686e2bd29646258853f6c22
                           .group:00000000 wm4.newlib.h.27.b904f6f8971bd921b436e5701877de32
                           .group:00000000 wm4.ieeefp.h.77.61a77db5804869b1dadd307a77cf78c9
                           .group:00000000 wm4.features.h.22.4b93ad64e0d80833c46a20ecae380bb0
                           .group:00000000 wm4.config.h.224.10ee1ad185d877c6e334e6581faab44d
                           .group:00000000 wm4._ansi.h.31.de524f58584151836e90d8620a16f8e8
                           .group:00000000 wm4.stddef.h.39.811583f327f35b0df7808fda70b062a0
                           .group:00000000 wm4._default_types.h.6.959254cf5f09734ea7516c89e8bb21bd
                           .group:00000000 wm4.cdefs.h.49.56fd742369e655e7e8a7e365e706e208
                           .group:00000000 wm4._types.h.20.dd0d04dca3800a0d2a6129b87f3adbb2
                           .group:00000000 wm4.stddef.h.173.4903093a50a8482cb062b176ea61fac3
                           .group:00000000 wm4._types.h.127.3bdfe3ff8ea2d0985b03d9cbe93480e3
                           .group:00000000 wm4.reent.h.18.25503cdc8b7e55dd0d6ea7b3e5af7a03
                           .group:00000000 wm4.lock.h.2.1461d1fff82dffe8bfddc23307f6484f
                           .group:00000000 wm4.reent.h.78.6d702f69a6d6435d2dbe915b10150b1a
                           .group:00000000 wm4.string.h.15.dab3980bf35408a4c507182805e2de3a
                           .group:00000000 wm4.stddef.h.173.1cea4f16a943c8e875db6791959c3141
                           .group:00000000 wm4.string.h.177.59a005921fa78485abc80a0267de5752
                           .group:00000000 wm4.CO_config.h.22.452d50582397b0b53966b3c1806ccf35
                           .group:00000000 wm4.stdbool.h.29.c08aa3eec75cf5b9b5003883f43253f0
                           .group:00000000 wm4._intsup.h.10.48bafbb683905c4daa4565a85aeeb264
                           .group:00000000 wm4._stdint.h.10.c24fa3af3bc1706662bb5593a907e841
                           .group:00000000 wm4.stdint.h.23.d53047a68f4a85177f80b422d52785ed
                           .group:00000000 wm4.CO_driver_target.h.41.ddd9ad301db6ca3aeb9eb6b4ba80bd58
                           .group:00000000 wm4.CO_driver.h.35.ff7c66b5b3baf7d65aef1dd87f3079c4
                           .group:00000000 wm4.CO_ODinterface.h.22.cd716bb058f440300efc08854f292063
                           .group:00000000 wm4.CO_Emergency.h.22.41b266f360f60ca97b32af88c96ba262
                           .group:00000000 wm4.CO_NMT_Heartbeat.h.30.2a9f5674d06b4835a49e26d6666c769b
                           .group:00000000 wm4.CO_TIME.h.30.d3ffc31101e67d7cf8f169bbd9a46353

UNDEFINED SYMBOLS
OD_writeOriginal
memset
OD_get_value
CO_CANrxBufferInit
OD_readOriginal
