ARM GAS  C:\Users\Lenovo\AppData\Local\Temp\cc7qXR7H.s 			page 1


   1              		.cpu cortex-m4
   2              		.arch armv7e-m
   3              		.fpu fpv4-sp-d16
   4              		.eabi_attribute 27, 1
   5              		.eabi_attribute 28, 1
   6              		.eabi_attribute 20, 1
   7              		.eabi_attribute 21, 1
   8              		.eabi_attribute 23, 3
   9              		.eabi_attribute 24, 1
  10              		.eabi_attribute 25, 1
  11              		.eabi_attribute 26, 1
  12              		.eabi_attribute 30, 1
  13              		.eabi_attribute 34, 1
  14              		.eabi_attribute 18, 4
  15              		.file	"stm32f4xx_hal_dma_ex.c"
  16              		.text
  17              	.Ltext0:
  18              		.cfi_sections	.debug_frame
  19              		.file 1 "Drivers/STM32F4xx_HAL_Driver/Src/stm32f4xx_hal_dma_ex.c"
  20              		.section	.text.DMA_MultiBufferSetConfig,"ax",%progbits
  21              		.align	1
  22              		.syntax unified
  23              		.thumb
  24              		.thumb_func
  26              	DMA_MultiBufferSetConfig:
  27              	.LVL0:
  28              	.LFB137:
   1:Drivers/STM32F4xx_HAL_Driver/Src/stm32f4xx_hal_dma_ex.c **** /**
   2:Drivers/STM32F4xx_HAL_Driver/Src/stm32f4xx_hal_dma_ex.c ****   ******************************************************************************
   3:Drivers/STM32F4xx_HAL_Driver/Src/stm32f4xx_hal_dma_ex.c ****   * @file    stm32f4xx_hal_dma_ex.c
   4:Drivers/STM32F4xx_HAL_Driver/Src/stm32f4xx_hal_dma_ex.c ****   * @author  MCD Application Team
   5:Drivers/STM32F4xx_HAL_Driver/Src/stm32f4xx_hal_dma_ex.c ****   * @brief   DMA Extension HAL module driver
   6:Drivers/STM32F4xx_HAL_Driver/Src/stm32f4xx_hal_dma_ex.c ****   *         This file provides firmware functions to manage the following 
   7:Drivers/STM32F4xx_HAL_Driver/Src/stm32f4xx_hal_dma_ex.c ****   *         functionalities of the DMA Extension peripheral:
   8:Drivers/STM32F4xx_HAL_Driver/Src/stm32f4xx_hal_dma_ex.c ****   *           + Extended features functions
   9:Drivers/STM32F4xx_HAL_Driver/Src/stm32f4xx_hal_dma_ex.c ****   *
  10:Drivers/STM32F4xx_HAL_Driver/Src/stm32f4xx_hal_dma_ex.c ****   @verbatim
  11:Drivers/STM32F4xx_HAL_Driver/Src/stm32f4xx_hal_dma_ex.c ****   ==============================================================================
  12:Drivers/STM32F4xx_HAL_Driver/Src/stm32f4xx_hal_dma_ex.c ****                         ##### How to use this driver #####
  13:Drivers/STM32F4xx_HAL_Driver/Src/stm32f4xx_hal_dma_ex.c ****   ==============================================================================
  14:Drivers/STM32F4xx_HAL_Driver/Src/stm32f4xx_hal_dma_ex.c ****   [..]
  15:Drivers/STM32F4xx_HAL_Driver/Src/stm32f4xx_hal_dma_ex.c ****   The DMA Extension HAL driver can be used as follows:
  16:Drivers/STM32F4xx_HAL_Driver/Src/stm32f4xx_hal_dma_ex.c ****    (#) Start a multi buffer transfer using the HAL_DMA_MultiBufferStart() function
  17:Drivers/STM32F4xx_HAL_Driver/Src/stm32f4xx_hal_dma_ex.c ****        for polling mode or HAL_DMA_MultiBufferStart_IT() for interrupt mode.
  18:Drivers/STM32F4xx_HAL_Driver/Src/stm32f4xx_hal_dma_ex.c ****                    
  19:Drivers/STM32F4xx_HAL_Driver/Src/stm32f4xx_hal_dma_ex.c ****      -@-  In Memory-to-Memory transfer mode, Multi (Double) Buffer mode is not allowed.
  20:Drivers/STM32F4xx_HAL_Driver/Src/stm32f4xx_hal_dma_ex.c ****      -@-  When Multi (Double) Buffer mode is enabled the, transfer is circular by default.
  21:Drivers/STM32F4xx_HAL_Driver/Src/stm32f4xx_hal_dma_ex.c ****      -@-  In Multi (Double) buffer mode, it is possible to update the base address for 
  22:Drivers/STM32F4xx_HAL_Driver/Src/stm32f4xx_hal_dma_ex.c ****           the AHB memory port on the fly (DMA_SxM0AR or DMA_SxM1AR) when the stream is enabled. 
  23:Drivers/STM32F4xx_HAL_Driver/Src/stm32f4xx_hal_dma_ex.c ****   
  24:Drivers/STM32F4xx_HAL_Driver/Src/stm32f4xx_hal_dma_ex.c ****   @endverbatim
  25:Drivers/STM32F4xx_HAL_Driver/Src/stm32f4xx_hal_dma_ex.c ****   ******************************************************************************
  26:Drivers/STM32F4xx_HAL_Driver/Src/stm32f4xx_hal_dma_ex.c ****   * @attention
  27:Drivers/STM32F4xx_HAL_Driver/Src/stm32f4xx_hal_dma_ex.c ****   *
  28:Drivers/STM32F4xx_HAL_Driver/Src/stm32f4xx_hal_dma_ex.c ****   * Copyright (c) 2017 STMicroelectronics.
  29:Drivers/STM32F4xx_HAL_Driver/Src/stm32f4xx_hal_dma_ex.c ****   * All rights reserved.
  30:Drivers/STM32F4xx_HAL_Driver/Src/stm32f4xx_hal_dma_ex.c ****   *
ARM GAS  C:\Users\Lenovo\AppData\Local\Temp\cc7qXR7H.s 			page 2


  31:Drivers/STM32F4xx_HAL_Driver/Src/stm32f4xx_hal_dma_ex.c ****   * This software is licensed under terms that can be found in the LICENSE file in
  32:Drivers/STM32F4xx_HAL_Driver/Src/stm32f4xx_hal_dma_ex.c ****   * the root directory of this software component.
  33:Drivers/STM32F4xx_HAL_Driver/Src/stm32f4xx_hal_dma_ex.c ****   * If no LICENSE file comes with this software, it is provided AS-IS.
  34:Drivers/STM32F4xx_HAL_Driver/Src/stm32f4xx_hal_dma_ex.c ****   *
  35:Drivers/STM32F4xx_HAL_Driver/Src/stm32f4xx_hal_dma_ex.c ****   ******************************************************************************
  36:Drivers/STM32F4xx_HAL_Driver/Src/stm32f4xx_hal_dma_ex.c ****   */
  37:Drivers/STM32F4xx_HAL_Driver/Src/stm32f4xx_hal_dma_ex.c **** 
  38:Drivers/STM32F4xx_HAL_Driver/Src/stm32f4xx_hal_dma_ex.c **** /* Includes ------------------------------------------------------------------*/
  39:Drivers/STM32F4xx_HAL_Driver/Src/stm32f4xx_hal_dma_ex.c **** #include "stm32f4xx_hal.h"
  40:Drivers/STM32F4xx_HAL_Driver/Src/stm32f4xx_hal_dma_ex.c **** 
  41:Drivers/STM32F4xx_HAL_Driver/Src/stm32f4xx_hal_dma_ex.c **** /** @addtogroup STM32F4xx_HAL_Driver
  42:Drivers/STM32F4xx_HAL_Driver/Src/stm32f4xx_hal_dma_ex.c ****   * @{
  43:Drivers/STM32F4xx_HAL_Driver/Src/stm32f4xx_hal_dma_ex.c ****   */
  44:Drivers/STM32F4xx_HAL_Driver/Src/stm32f4xx_hal_dma_ex.c **** 
  45:Drivers/STM32F4xx_HAL_Driver/Src/stm32f4xx_hal_dma_ex.c **** /** @defgroup DMAEx DMAEx
  46:Drivers/STM32F4xx_HAL_Driver/Src/stm32f4xx_hal_dma_ex.c ****   * @brief DMA Extended HAL module driver
  47:Drivers/STM32F4xx_HAL_Driver/Src/stm32f4xx_hal_dma_ex.c ****   * @{
  48:Drivers/STM32F4xx_HAL_Driver/Src/stm32f4xx_hal_dma_ex.c ****   */
  49:Drivers/STM32F4xx_HAL_Driver/Src/stm32f4xx_hal_dma_ex.c **** 
  50:Drivers/STM32F4xx_HAL_Driver/Src/stm32f4xx_hal_dma_ex.c **** #ifdef HAL_DMA_MODULE_ENABLED
  51:Drivers/STM32F4xx_HAL_Driver/Src/stm32f4xx_hal_dma_ex.c **** 
  52:Drivers/STM32F4xx_HAL_Driver/Src/stm32f4xx_hal_dma_ex.c **** /* Private types -------------------------------------------------------------*/
  53:Drivers/STM32F4xx_HAL_Driver/Src/stm32f4xx_hal_dma_ex.c **** /* Private variables ---------------------------------------------------------*/
  54:Drivers/STM32F4xx_HAL_Driver/Src/stm32f4xx_hal_dma_ex.c **** /* Private Constants ---------------------------------------------------------*/
  55:Drivers/STM32F4xx_HAL_Driver/Src/stm32f4xx_hal_dma_ex.c **** /* Private macros ------------------------------------------------------------*/
  56:Drivers/STM32F4xx_HAL_Driver/Src/stm32f4xx_hal_dma_ex.c **** /* Private functions ---------------------------------------------------------*/
  57:Drivers/STM32F4xx_HAL_Driver/Src/stm32f4xx_hal_dma_ex.c **** /** @addtogroup DMAEx_Private_Functions
  58:Drivers/STM32F4xx_HAL_Driver/Src/stm32f4xx_hal_dma_ex.c ****   * @{
  59:Drivers/STM32F4xx_HAL_Driver/Src/stm32f4xx_hal_dma_ex.c ****   */
  60:Drivers/STM32F4xx_HAL_Driver/Src/stm32f4xx_hal_dma_ex.c **** static void DMA_MultiBufferSetConfig(DMA_HandleTypeDef *hdma, uint32_t SrcAddress, uint32_t DstAddr
  61:Drivers/STM32F4xx_HAL_Driver/Src/stm32f4xx_hal_dma_ex.c **** /**
  62:Drivers/STM32F4xx_HAL_Driver/Src/stm32f4xx_hal_dma_ex.c ****   * @}
  63:Drivers/STM32F4xx_HAL_Driver/Src/stm32f4xx_hal_dma_ex.c ****   */
  64:Drivers/STM32F4xx_HAL_Driver/Src/stm32f4xx_hal_dma_ex.c **** 
  65:Drivers/STM32F4xx_HAL_Driver/Src/stm32f4xx_hal_dma_ex.c **** /* Exported functions ---------------------------------------------------------*/
  66:Drivers/STM32F4xx_HAL_Driver/Src/stm32f4xx_hal_dma_ex.c **** 
  67:Drivers/STM32F4xx_HAL_Driver/Src/stm32f4xx_hal_dma_ex.c **** /** @addtogroup DMAEx_Exported_Functions
  68:Drivers/STM32F4xx_HAL_Driver/Src/stm32f4xx_hal_dma_ex.c ****   * @{
  69:Drivers/STM32F4xx_HAL_Driver/Src/stm32f4xx_hal_dma_ex.c ****   */
  70:Drivers/STM32F4xx_HAL_Driver/Src/stm32f4xx_hal_dma_ex.c **** 
  71:Drivers/STM32F4xx_HAL_Driver/Src/stm32f4xx_hal_dma_ex.c **** 
  72:Drivers/STM32F4xx_HAL_Driver/Src/stm32f4xx_hal_dma_ex.c **** /** @addtogroup DMAEx_Exported_Functions_Group1
  73:Drivers/STM32F4xx_HAL_Driver/Src/stm32f4xx_hal_dma_ex.c ****   *
  74:Drivers/STM32F4xx_HAL_Driver/Src/stm32f4xx_hal_dma_ex.c **** @verbatim   
  75:Drivers/STM32F4xx_HAL_Driver/Src/stm32f4xx_hal_dma_ex.c ****  ===============================================================================
  76:Drivers/STM32F4xx_HAL_Driver/Src/stm32f4xx_hal_dma_ex.c ****                 #####  Extended features functions  #####
  77:Drivers/STM32F4xx_HAL_Driver/Src/stm32f4xx_hal_dma_ex.c ****  ===============================================================================  
  78:Drivers/STM32F4xx_HAL_Driver/Src/stm32f4xx_hal_dma_ex.c ****     [..]  This section provides functions allowing to:
  79:Drivers/STM32F4xx_HAL_Driver/Src/stm32f4xx_hal_dma_ex.c ****       (+) Configure the source, destination address and data length and 
  80:Drivers/STM32F4xx_HAL_Driver/Src/stm32f4xx_hal_dma_ex.c ****           Start MultiBuffer DMA transfer
  81:Drivers/STM32F4xx_HAL_Driver/Src/stm32f4xx_hal_dma_ex.c ****       (+) Configure the source, destination address and data length and 
  82:Drivers/STM32F4xx_HAL_Driver/Src/stm32f4xx_hal_dma_ex.c ****           Start MultiBuffer DMA transfer with interrupt
  83:Drivers/STM32F4xx_HAL_Driver/Src/stm32f4xx_hal_dma_ex.c ****       (+) Change on the fly the memory0 or memory1 address.
  84:Drivers/STM32F4xx_HAL_Driver/Src/stm32f4xx_hal_dma_ex.c ****       
  85:Drivers/STM32F4xx_HAL_Driver/Src/stm32f4xx_hal_dma_ex.c **** @endverbatim
  86:Drivers/STM32F4xx_HAL_Driver/Src/stm32f4xx_hal_dma_ex.c ****   * @{
  87:Drivers/STM32F4xx_HAL_Driver/Src/stm32f4xx_hal_dma_ex.c ****   */
ARM GAS  C:\Users\Lenovo\AppData\Local\Temp\cc7qXR7H.s 			page 3


  88:Drivers/STM32F4xx_HAL_Driver/Src/stm32f4xx_hal_dma_ex.c **** 
  89:Drivers/STM32F4xx_HAL_Driver/Src/stm32f4xx_hal_dma_ex.c **** 
  90:Drivers/STM32F4xx_HAL_Driver/Src/stm32f4xx_hal_dma_ex.c **** /**
  91:Drivers/STM32F4xx_HAL_Driver/Src/stm32f4xx_hal_dma_ex.c ****   * @brief  Starts the multi_buffer DMA Transfer.
  92:Drivers/STM32F4xx_HAL_Driver/Src/stm32f4xx_hal_dma_ex.c ****   * @param  hdma       pointer to a DMA_HandleTypeDef structure that contains
  93:Drivers/STM32F4xx_HAL_Driver/Src/stm32f4xx_hal_dma_ex.c ****   *                     the configuration information for the specified DMA Stream.  
  94:Drivers/STM32F4xx_HAL_Driver/Src/stm32f4xx_hal_dma_ex.c ****   * @param  SrcAddress The source memory Buffer address
  95:Drivers/STM32F4xx_HAL_Driver/Src/stm32f4xx_hal_dma_ex.c ****   * @param  DstAddress The destination memory Buffer address
  96:Drivers/STM32F4xx_HAL_Driver/Src/stm32f4xx_hal_dma_ex.c ****   * @param  SecondMemAddress The second memory Buffer address in case of multi buffer Transfer  
  97:Drivers/STM32F4xx_HAL_Driver/Src/stm32f4xx_hal_dma_ex.c ****   * @param  DataLength The length of data to be transferred from source to destination
  98:Drivers/STM32F4xx_HAL_Driver/Src/stm32f4xx_hal_dma_ex.c ****   * @retval HAL status
  99:Drivers/STM32F4xx_HAL_Driver/Src/stm32f4xx_hal_dma_ex.c ****   */
 100:Drivers/STM32F4xx_HAL_Driver/Src/stm32f4xx_hal_dma_ex.c **** HAL_StatusTypeDef HAL_DMAEx_MultiBufferStart(DMA_HandleTypeDef *hdma, uint32_t SrcAddress, uint32_t
 101:Drivers/STM32F4xx_HAL_Driver/Src/stm32f4xx_hal_dma_ex.c **** {
 102:Drivers/STM32F4xx_HAL_Driver/Src/stm32f4xx_hal_dma_ex.c ****   HAL_StatusTypeDef status = HAL_OK;
 103:Drivers/STM32F4xx_HAL_Driver/Src/stm32f4xx_hal_dma_ex.c ****   
 104:Drivers/STM32F4xx_HAL_Driver/Src/stm32f4xx_hal_dma_ex.c ****   /* Check the parameters */
 105:Drivers/STM32F4xx_HAL_Driver/Src/stm32f4xx_hal_dma_ex.c ****   assert_param(IS_DMA_BUFFER_SIZE(DataLength));
 106:Drivers/STM32F4xx_HAL_Driver/Src/stm32f4xx_hal_dma_ex.c ****   
 107:Drivers/STM32F4xx_HAL_Driver/Src/stm32f4xx_hal_dma_ex.c ****   /* Memory-to-memory transfer not supported in double buffering mode */
 108:Drivers/STM32F4xx_HAL_Driver/Src/stm32f4xx_hal_dma_ex.c ****   if (hdma->Init.Direction == DMA_MEMORY_TO_MEMORY)
 109:Drivers/STM32F4xx_HAL_Driver/Src/stm32f4xx_hal_dma_ex.c ****   {
 110:Drivers/STM32F4xx_HAL_Driver/Src/stm32f4xx_hal_dma_ex.c ****     hdma->ErrorCode = HAL_DMA_ERROR_NOT_SUPPORTED;
 111:Drivers/STM32F4xx_HAL_Driver/Src/stm32f4xx_hal_dma_ex.c ****     status = HAL_ERROR;
 112:Drivers/STM32F4xx_HAL_Driver/Src/stm32f4xx_hal_dma_ex.c ****   }
 113:Drivers/STM32F4xx_HAL_Driver/Src/stm32f4xx_hal_dma_ex.c ****   else
 114:Drivers/STM32F4xx_HAL_Driver/Src/stm32f4xx_hal_dma_ex.c ****   {
 115:Drivers/STM32F4xx_HAL_Driver/Src/stm32f4xx_hal_dma_ex.c ****     /* Process Locked */
 116:Drivers/STM32F4xx_HAL_Driver/Src/stm32f4xx_hal_dma_ex.c ****     __HAL_LOCK(hdma);
 117:Drivers/STM32F4xx_HAL_Driver/Src/stm32f4xx_hal_dma_ex.c ****     
 118:Drivers/STM32F4xx_HAL_Driver/Src/stm32f4xx_hal_dma_ex.c ****     if(HAL_DMA_STATE_READY == hdma->State)
 119:Drivers/STM32F4xx_HAL_Driver/Src/stm32f4xx_hal_dma_ex.c ****     {
 120:Drivers/STM32F4xx_HAL_Driver/Src/stm32f4xx_hal_dma_ex.c ****       /* Change DMA peripheral state */
 121:Drivers/STM32F4xx_HAL_Driver/Src/stm32f4xx_hal_dma_ex.c ****       hdma->State = HAL_DMA_STATE_BUSY; 
 122:Drivers/STM32F4xx_HAL_Driver/Src/stm32f4xx_hal_dma_ex.c ****       
 123:Drivers/STM32F4xx_HAL_Driver/Src/stm32f4xx_hal_dma_ex.c ****       /* Enable the double buffer mode */
 124:Drivers/STM32F4xx_HAL_Driver/Src/stm32f4xx_hal_dma_ex.c ****       hdma->Instance->CR |= (uint32_t)DMA_SxCR_DBM;
 125:Drivers/STM32F4xx_HAL_Driver/Src/stm32f4xx_hal_dma_ex.c ****       
 126:Drivers/STM32F4xx_HAL_Driver/Src/stm32f4xx_hal_dma_ex.c ****       /* Configure DMA Stream destination address */
 127:Drivers/STM32F4xx_HAL_Driver/Src/stm32f4xx_hal_dma_ex.c ****       hdma->Instance->M1AR = SecondMemAddress;
 128:Drivers/STM32F4xx_HAL_Driver/Src/stm32f4xx_hal_dma_ex.c ****       
 129:Drivers/STM32F4xx_HAL_Driver/Src/stm32f4xx_hal_dma_ex.c ****       /* Configure the source, destination address and the data length */
 130:Drivers/STM32F4xx_HAL_Driver/Src/stm32f4xx_hal_dma_ex.c ****       DMA_MultiBufferSetConfig(hdma, SrcAddress, DstAddress, DataLength);
 131:Drivers/STM32F4xx_HAL_Driver/Src/stm32f4xx_hal_dma_ex.c ****       
 132:Drivers/STM32F4xx_HAL_Driver/Src/stm32f4xx_hal_dma_ex.c ****       /* Enable the peripheral */
 133:Drivers/STM32F4xx_HAL_Driver/Src/stm32f4xx_hal_dma_ex.c ****       __HAL_DMA_ENABLE(hdma);
 134:Drivers/STM32F4xx_HAL_Driver/Src/stm32f4xx_hal_dma_ex.c ****     }
 135:Drivers/STM32F4xx_HAL_Driver/Src/stm32f4xx_hal_dma_ex.c ****     else
 136:Drivers/STM32F4xx_HAL_Driver/Src/stm32f4xx_hal_dma_ex.c ****     {
 137:Drivers/STM32F4xx_HAL_Driver/Src/stm32f4xx_hal_dma_ex.c ****       /* Return error status */
 138:Drivers/STM32F4xx_HAL_Driver/Src/stm32f4xx_hal_dma_ex.c ****       status = HAL_BUSY;
 139:Drivers/STM32F4xx_HAL_Driver/Src/stm32f4xx_hal_dma_ex.c ****     }
 140:Drivers/STM32F4xx_HAL_Driver/Src/stm32f4xx_hal_dma_ex.c ****   }
 141:Drivers/STM32F4xx_HAL_Driver/Src/stm32f4xx_hal_dma_ex.c ****   return status;
 142:Drivers/STM32F4xx_HAL_Driver/Src/stm32f4xx_hal_dma_ex.c **** }
 143:Drivers/STM32F4xx_HAL_Driver/Src/stm32f4xx_hal_dma_ex.c **** 
 144:Drivers/STM32F4xx_HAL_Driver/Src/stm32f4xx_hal_dma_ex.c **** /**
ARM GAS  C:\Users\Lenovo\AppData\Local\Temp\cc7qXR7H.s 			page 4


 145:Drivers/STM32F4xx_HAL_Driver/Src/stm32f4xx_hal_dma_ex.c ****   * @brief  Starts the multi_buffer DMA Transfer with interrupt enabled.
 146:Drivers/STM32F4xx_HAL_Driver/Src/stm32f4xx_hal_dma_ex.c ****   * @param  hdma       pointer to a DMA_HandleTypeDef structure that contains
 147:Drivers/STM32F4xx_HAL_Driver/Src/stm32f4xx_hal_dma_ex.c ****   *                     the configuration information for the specified DMA Stream.  
 148:Drivers/STM32F4xx_HAL_Driver/Src/stm32f4xx_hal_dma_ex.c ****   * @param  SrcAddress The source memory Buffer address
 149:Drivers/STM32F4xx_HAL_Driver/Src/stm32f4xx_hal_dma_ex.c ****   * @param  DstAddress The destination memory Buffer address
 150:Drivers/STM32F4xx_HAL_Driver/Src/stm32f4xx_hal_dma_ex.c ****   * @param  SecondMemAddress The second memory Buffer address in case of multi buffer Transfer  
 151:Drivers/STM32F4xx_HAL_Driver/Src/stm32f4xx_hal_dma_ex.c ****   * @param  DataLength The length of data to be transferred from source to destination
 152:Drivers/STM32F4xx_HAL_Driver/Src/stm32f4xx_hal_dma_ex.c ****   * @retval HAL status
 153:Drivers/STM32F4xx_HAL_Driver/Src/stm32f4xx_hal_dma_ex.c ****   */
 154:Drivers/STM32F4xx_HAL_Driver/Src/stm32f4xx_hal_dma_ex.c **** HAL_StatusTypeDef HAL_DMAEx_MultiBufferStart_IT(DMA_HandleTypeDef *hdma, uint32_t SrcAddress, uint3
 155:Drivers/STM32F4xx_HAL_Driver/Src/stm32f4xx_hal_dma_ex.c **** {
 156:Drivers/STM32F4xx_HAL_Driver/Src/stm32f4xx_hal_dma_ex.c ****   HAL_StatusTypeDef status = HAL_OK;
 157:Drivers/STM32F4xx_HAL_Driver/Src/stm32f4xx_hal_dma_ex.c ****   
 158:Drivers/STM32F4xx_HAL_Driver/Src/stm32f4xx_hal_dma_ex.c ****   /* Check the parameters */
 159:Drivers/STM32F4xx_HAL_Driver/Src/stm32f4xx_hal_dma_ex.c ****   assert_param(IS_DMA_BUFFER_SIZE(DataLength));
 160:Drivers/STM32F4xx_HAL_Driver/Src/stm32f4xx_hal_dma_ex.c ****   
 161:Drivers/STM32F4xx_HAL_Driver/Src/stm32f4xx_hal_dma_ex.c ****   /* Memory-to-memory transfer not supported in double buffering mode */
 162:Drivers/STM32F4xx_HAL_Driver/Src/stm32f4xx_hal_dma_ex.c ****   if (hdma->Init.Direction == DMA_MEMORY_TO_MEMORY)
 163:Drivers/STM32F4xx_HAL_Driver/Src/stm32f4xx_hal_dma_ex.c ****   {
 164:Drivers/STM32F4xx_HAL_Driver/Src/stm32f4xx_hal_dma_ex.c ****     hdma->ErrorCode = HAL_DMA_ERROR_NOT_SUPPORTED;
 165:Drivers/STM32F4xx_HAL_Driver/Src/stm32f4xx_hal_dma_ex.c ****     return HAL_ERROR;
 166:Drivers/STM32F4xx_HAL_Driver/Src/stm32f4xx_hal_dma_ex.c ****   }
 167:Drivers/STM32F4xx_HAL_Driver/Src/stm32f4xx_hal_dma_ex.c ****   
 168:Drivers/STM32F4xx_HAL_Driver/Src/stm32f4xx_hal_dma_ex.c ****   /* Check callback functions */
 169:Drivers/STM32F4xx_HAL_Driver/Src/stm32f4xx_hal_dma_ex.c ****   if ((NULL == hdma->XferCpltCallback) || (NULL == hdma->XferM1CpltCallback) || (NULL == hdma->Xfer
 170:Drivers/STM32F4xx_HAL_Driver/Src/stm32f4xx_hal_dma_ex.c ****   {
 171:Drivers/STM32F4xx_HAL_Driver/Src/stm32f4xx_hal_dma_ex.c ****     hdma->ErrorCode = HAL_DMA_ERROR_PARAM;
 172:Drivers/STM32F4xx_HAL_Driver/Src/stm32f4xx_hal_dma_ex.c ****     return HAL_ERROR;
 173:Drivers/STM32F4xx_HAL_Driver/Src/stm32f4xx_hal_dma_ex.c ****   }
 174:Drivers/STM32F4xx_HAL_Driver/Src/stm32f4xx_hal_dma_ex.c ****   
 175:Drivers/STM32F4xx_HAL_Driver/Src/stm32f4xx_hal_dma_ex.c ****   /* Process locked */
 176:Drivers/STM32F4xx_HAL_Driver/Src/stm32f4xx_hal_dma_ex.c ****   __HAL_LOCK(hdma);
 177:Drivers/STM32F4xx_HAL_Driver/Src/stm32f4xx_hal_dma_ex.c ****   
 178:Drivers/STM32F4xx_HAL_Driver/Src/stm32f4xx_hal_dma_ex.c ****   if(HAL_DMA_STATE_READY == hdma->State)
 179:Drivers/STM32F4xx_HAL_Driver/Src/stm32f4xx_hal_dma_ex.c ****   {
 180:Drivers/STM32F4xx_HAL_Driver/Src/stm32f4xx_hal_dma_ex.c ****     /* Change DMA peripheral state */
 181:Drivers/STM32F4xx_HAL_Driver/Src/stm32f4xx_hal_dma_ex.c ****     hdma->State = HAL_DMA_STATE_BUSY;
 182:Drivers/STM32F4xx_HAL_Driver/Src/stm32f4xx_hal_dma_ex.c ****     
 183:Drivers/STM32F4xx_HAL_Driver/Src/stm32f4xx_hal_dma_ex.c ****     /* Initialize the error code */
 184:Drivers/STM32F4xx_HAL_Driver/Src/stm32f4xx_hal_dma_ex.c ****     hdma->ErrorCode = HAL_DMA_ERROR_NONE;
 185:Drivers/STM32F4xx_HAL_Driver/Src/stm32f4xx_hal_dma_ex.c ****     
 186:Drivers/STM32F4xx_HAL_Driver/Src/stm32f4xx_hal_dma_ex.c ****     /* Enable the Double buffer mode */
 187:Drivers/STM32F4xx_HAL_Driver/Src/stm32f4xx_hal_dma_ex.c ****     hdma->Instance->CR |= (uint32_t)DMA_SxCR_DBM;
 188:Drivers/STM32F4xx_HAL_Driver/Src/stm32f4xx_hal_dma_ex.c ****     
 189:Drivers/STM32F4xx_HAL_Driver/Src/stm32f4xx_hal_dma_ex.c ****     /* Configure DMA Stream destination address */
 190:Drivers/STM32F4xx_HAL_Driver/Src/stm32f4xx_hal_dma_ex.c ****     hdma->Instance->M1AR = SecondMemAddress;
 191:Drivers/STM32F4xx_HAL_Driver/Src/stm32f4xx_hal_dma_ex.c ****     
 192:Drivers/STM32F4xx_HAL_Driver/Src/stm32f4xx_hal_dma_ex.c ****     /* Configure the source, destination address and the data length */
 193:Drivers/STM32F4xx_HAL_Driver/Src/stm32f4xx_hal_dma_ex.c ****     DMA_MultiBufferSetConfig(hdma, SrcAddress, DstAddress, DataLength); 
 194:Drivers/STM32F4xx_HAL_Driver/Src/stm32f4xx_hal_dma_ex.c ****     
 195:Drivers/STM32F4xx_HAL_Driver/Src/stm32f4xx_hal_dma_ex.c ****     /* Clear all flags */
 196:Drivers/STM32F4xx_HAL_Driver/Src/stm32f4xx_hal_dma_ex.c ****     __HAL_DMA_CLEAR_FLAG (hdma, __HAL_DMA_GET_TC_FLAG_INDEX(hdma));
 197:Drivers/STM32F4xx_HAL_Driver/Src/stm32f4xx_hal_dma_ex.c ****     __HAL_DMA_CLEAR_FLAG (hdma, __HAL_DMA_GET_HT_FLAG_INDEX(hdma));
 198:Drivers/STM32F4xx_HAL_Driver/Src/stm32f4xx_hal_dma_ex.c ****     __HAL_DMA_CLEAR_FLAG (hdma, __HAL_DMA_GET_TE_FLAG_INDEX(hdma));
 199:Drivers/STM32F4xx_HAL_Driver/Src/stm32f4xx_hal_dma_ex.c ****     __HAL_DMA_CLEAR_FLAG (hdma, __HAL_DMA_GET_DME_FLAG_INDEX(hdma));
 200:Drivers/STM32F4xx_HAL_Driver/Src/stm32f4xx_hal_dma_ex.c ****     __HAL_DMA_CLEAR_FLAG (hdma, __HAL_DMA_GET_FE_FLAG_INDEX(hdma));
 201:Drivers/STM32F4xx_HAL_Driver/Src/stm32f4xx_hal_dma_ex.c **** 
ARM GAS  C:\Users\Lenovo\AppData\Local\Temp\cc7qXR7H.s 			page 5


 202:Drivers/STM32F4xx_HAL_Driver/Src/stm32f4xx_hal_dma_ex.c ****     /* Enable Common interrupts*/
 203:Drivers/STM32F4xx_HAL_Driver/Src/stm32f4xx_hal_dma_ex.c ****     hdma->Instance->CR  |= DMA_IT_TC | DMA_IT_TE | DMA_IT_DME;
 204:Drivers/STM32F4xx_HAL_Driver/Src/stm32f4xx_hal_dma_ex.c ****     hdma->Instance->FCR |= DMA_IT_FE;
 205:Drivers/STM32F4xx_HAL_Driver/Src/stm32f4xx_hal_dma_ex.c ****     
 206:Drivers/STM32F4xx_HAL_Driver/Src/stm32f4xx_hal_dma_ex.c ****     if((hdma->XferHalfCpltCallback != NULL) || (hdma->XferM1HalfCpltCallback != NULL))
 207:Drivers/STM32F4xx_HAL_Driver/Src/stm32f4xx_hal_dma_ex.c ****     {
 208:Drivers/STM32F4xx_HAL_Driver/Src/stm32f4xx_hal_dma_ex.c ****       hdma->Instance->CR  |= DMA_IT_HT;
 209:Drivers/STM32F4xx_HAL_Driver/Src/stm32f4xx_hal_dma_ex.c ****     }
 210:Drivers/STM32F4xx_HAL_Driver/Src/stm32f4xx_hal_dma_ex.c ****     
 211:Drivers/STM32F4xx_HAL_Driver/Src/stm32f4xx_hal_dma_ex.c ****     /* Enable the peripheral */
 212:Drivers/STM32F4xx_HAL_Driver/Src/stm32f4xx_hal_dma_ex.c ****     __HAL_DMA_ENABLE(hdma); 
 213:Drivers/STM32F4xx_HAL_Driver/Src/stm32f4xx_hal_dma_ex.c ****   }
 214:Drivers/STM32F4xx_HAL_Driver/Src/stm32f4xx_hal_dma_ex.c ****   else
 215:Drivers/STM32F4xx_HAL_Driver/Src/stm32f4xx_hal_dma_ex.c ****   {     
 216:Drivers/STM32F4xx_HAL_Driver/Src/stm32f4xx_hal_dma_ex.c ****     /* Process unlocked */
 217:Drivers/STM32F4xx_HAL_Driver/Src/stm32f4xx_hal_dma_ex.c ****     __HAL_UNLOCK(hdma);	  
 218:Drivers/STM32F4xx_HAL_Driver/Src/stm32f4xx_hal_dma_ex.c ****     
 219:Drivers/STM32F4xx_HAL_Driver/Src/stm32f4xx_hal_dma_ex.c ****     /* Return error status */
 220:Drivers/STM32F4xx_HAL_Driver/Src/stm32f4xx_hal_dma_ex.c ****     status = HAL_BUSY;
 221:Drivers/STM32F4xx_HAL_Driver/Src/stm32f4xx_hal_dma_ex.c ****   }  
 222:Drivers/STM32F4xx_HAL_Driver/Src/stm32f4xx_hal_dma_ex.c ****   return status; 
 223:Drivers/STM32F4xx_HAL_Driver/Src/stm32f4xx_hal_dma_ex.c **** }
 224:Drivers/STM32F4xx_HAL_Driver/Src/stm32f4xx_hal_dma_ex.c **** 
 225:Drivers/STM32F4xx_HAL_Driver/Src/stm32f4xx_hal_dma_ex.c **** /**
 226:Drivers/STM32F4xx_HAL_Driver/Src/stm32f4xx_hal_dma_ex.c ****   * @brief  Change the memory0 or memory1 address on the fly.
 227:Drivers/STM32F4xx_HAL_Driver/Src/stm32f4xx_hal_dma_ex.c ****   * @param  hdma       pointer to a DMA_HandleTypeDef structure that contains
 228:Drivers/STM32F4xx_HAL_Driver/Src/stm32f4xx_hal_dma_ex.c ****   *                     the configuration information for the specified DMA Stream.  
 229:Drivers/STM32F4xx_HAL_Driver/Src/stm32f4xx_hal_dma_ex.c ****   * @param  Address    The new address
 230:Drivers/STM32F4xx_HAL_Driver/Src/stm32f4xx_hal_dma_ex.c ****   * @param  memory     the memory to be changed, This parameter can be one of 
 231:Drivers/STM32F4xx_HAL_Driver/Src/stm32f4xx_hal_dma_ex.c ****   *                     the following values:
 232:Drivers/STM32F4xx_HAL_Driver/Src/stm32f4xx_hal_dma_ex.c ****   *                      MEMORY0 /
 233:Drivers/STM32F4xx_HAL_Driver/Src/stm32f4xx_hal_dma_ex.c ****   *                      MEMORY1
 234:Drivers/STM32F4xx_HAL_Driver/Src/stm32f4xx_hal_dma_ex.c ****   * @note   The MEMORY0 address can be changed only when the current transfer use
 235:Drivers/STM32F4xx_HAL_Driver/Src/stm32f4xx_hal_dma_ex.c ****   *         MEMORY1 and the MEMORY1 address can be changed only when the current 
 236:Drivers/STM32F4xx_HAL_Driver/Src/stm32f4xx_hal_dma_ex.c ****   *         transfer use MEMORY0.
 237:Drivers/STM32F4xx_HAL_Driver/Src/stm32f4xx_hal_dma_ex.c ****   * @retval HAL status
 238:Drivers/STM32F4xx_HAL_Driver/Src/stm32f4xx_hal_dma_ex.c ****   */
 239:Drivers/STM32F4xx_HAL_Driver/Src/stm32f4xx_hal_dma_ex.c **** HAL_StatusTypeDef HAL_DMAEx_ChangeMemory(DMA_HandleTypeDef *hdma, uint32_t Address, HAL_DMA_MemoryT
 240:Drivers/STM32F4xx_HAL_Driver/Src/stm32f4xx_hal_dma_ex.c **** {
 241:Drivers/STM32F4xx_HAL_Driver/Src/stm32f4xx_hal_dma_ex.c ****   if(memory == MEMORY0)
 242:Drivers/STM32F4xx_HAL_Driver/Src/stm32f4xx_hal_dma_ex.c ****   {
 243:Drivers/STM32F4xx_HAL_Driver/Src/stm32f4xx_hal_dma_ex.c ****     /* change the memory0 address */
 244:Drivers/STM32F4xx_HAL_Driver/Src/stm32f4xx_hal_dma_ex.c ****     hdma->Instance->M0AR = Address;
 245:Drivers/STM32F4xx_HAL_Driver/Src/stm32f4xx_hal_dma_ex.c ****   }
 246:Drivers/STM32F4xx_HAL_Driver/Src/stm32f4xx_hal_dma_ex.c ****   else
 247:Drivers/STM32F4xx_HAL_Driver/Src/stm32f4xx_hal_dma_ex.c ****   {
 248:Drivers/STM32F4xx_HAL_Driver/Src/stm32f4xx_hal_dma_ex.c ****     /* change the memory1 address */
 249:Drivers/STM32F4xx_HAL_Driver/Src/stm32f4xx_hal_dma_ex.c ****     hdma->Instance->M1AR = Address;
 250:Drivers/STM32F4xx_HAL_Driver/Src/stm32f4xx_hal_dma_ex.c ****   }
 251:Drivers/STM32F4xx_HAL_Driver/Src/stm32f4xx_hal_dma_ex.c **** 
 252:Drivers/STM32F4xx_HAL_Driver/Src/stm32f4xx_hal_dma_ex.c ****   return HAL_OK;
 253:Drivers/STM32F4xx_HAL_Driver/Src/stm32f4xx_hal_dma_ex.c **** }
 254:Drivers/STM32F4xx_HAL_Driver/Src/stm32f4xx_hal_dma_ex.c **** 
 255:Drivers/STM32F4xx_HAL_Driver/Src/stm32f4xx_hal_dma_ex.c **** /**
 256:Drivers/STM32F4xx_HAL_Driver/Src/stm32f4xx_hal_dma_ex.c ****   * @}
 257:Drivers/STM32F4xx_HAL_Driver/Src/stm32f4xx_hal_dma_ex.c ****   */
 258:Drivers/STM32F4xx_HAL_Driver/Src/stm32f4xx_hal_dma_ex.c **** 
ARM GAS  C:\Users\Lenovo\AppData\Local\Temp\cc7qXR7H.s 			page 6


 259:Drivers/STM32F4xx_HAL_Driver/Src/stm32f4xx_hal_dma_ex.c **** /**
 260:Drivers/STM32F4xx_HAL_Driver/Src/stm32f4xx_hal_dma_ex.c ****   * @}
 261:Drivers/STM32F4xx_HAL_Driver/Src/stm32f4xx_hal_dma_ex.c ****   */
 262:Drivers/STM32F4xx_HAL_Driver/Src/stm32f4xx_hal_dma_ex.c **** 
 263:Drivers/STM32F4xx_HAL_Driver/Src/stm32f4xx_hal_dma_ex.c **** /** @addtogroup DMAEx_Private_Functions
 264:Drivers/STM32F4xx_HAL_Driver/Src/stm32f4xx_hal_dma_ex.c ****   * @{
 265:Drivers/STM32F4xx_HAL_Driver/Src/stm32f4xx_hal_dma_ex.c ****   */
 266:Drivers/STM32F4xx_HAL_Driver/Src/stm32f4xx_hal_dma_ex.c **** 
 267:Drivers/STM32F4xx_HAL_Driver/Src/stm32f4xx_hal_dma_ex.c **** /**
 268:Drivers/STM32F4xx_HAL_Driver/Src/stm32f4xx_hal_dma_ex.c ****   * @brief  Set the DMA Transfer parameter.
 269:Drivers/STM32F4xx_HAL_Driver/Src/stm32f4xx_hal_dma_ex.c ****   * @param  hdma       pointer to a DMA_HandleTypeDef structure that contains
 270:Drivers/STM32F4xx_HAL_Driver/Src/stm32f4xx_hal_dma_ex.c ****   *                     the configuration information for the specified DMA Stream.  
 271:Drivers/STM32F4xx_HAL_Driver/Src/stm32f4xx_hal_dma_ex.c ****   * @param  SrcAddress The source memory Buffer address
 272:Drivers/STM32F4xx_HAL_Driver/Src/stm32f4xx_hal_dma_ex.c ****   * @param  DstAddress The destination memory Buffer address
 273:Drivers/STM32F4xx_HAL_Driver/Src/stm32f4xx_hal_dma_ex.c ****   * @param  DataLength The length of data to be transferred from source to destination
 274:Drivers/STM32F4xx_HAL_Driver/Src/stm32f4xx_hal_dma_ex.c ****   * @retval HAL status
 275:Drivers/STM32F4xx_HAL_Driver/Src/stm32f4xx_hal_dma_ex.c ****   */
 276:Drivers/STM32F4xx_HAL_Driver/Src/stm32f4xx_hal_dma_ex.c **** static void DMA_MultiBufferSetConfig(DMA_HandleTypeDef *hdma, uint32_t SrcAddress, uint32_t DstAddr
 277:Drivers/STM32F4xx_HAL_Driver/Src/stm32f4xx_hal_dma_ex.c **** {  
  29              		.loc 1 277 1 view -0
  30              		.cfi_startproc
  31              		@ args = 0, pretend = 0, frame = 0
  32              		@ frame_needed = 0, uses_anonymous_args = 0
  33              		@ link register save eliminated.
  34              		.loc 1 277 1 is_stmt 0 view .LVU1
  35 0000 10B4     		push	{r4}
  36              	.LCFI0:
  37              		.cfi_def_cfa_offset 4
  38              		.cfi_offset 4, -4
 278:Drivers/STM32F4xx_HAL_Driver/Src/stm32f4xx_hal_dma_ex.c ****   /* Configure DMA Stream data length */
 279:Drivers/STM32F4xx_HAL_Driver/Src/stm32f4xx_hal_dma_ex.c ****   hdma->Instance->NDTR = DataLength;
  39              		.loc 1 279 3 is_stmt 1 view .LVU2
  40              		.loc 1 279 24 is_stmt 0 view .LVU3
  41 0002 0468     		ldr	r4, [r0]
  42 0004 6360     		str	r3, [r4, #4]
 280:Drivers/STM32F4xx_HAL_Driver/Src/stm32f4xx_hal_dma_ex.c ****   
 281:Drivers/STM32F4xx_HAL_Driver/Src/stm32f4xx_hal_dma_ex.c ****   /* Peripheral to Memory */
 282:Drivers/STM32F4xx_HAL_Driver/Src/stm32f4xx_hal_dma_ex.c ****   if((hdma->Init.Direction) == DMA_MEMORY_TO_PERIPH)
  43              		.loc 1 282 3 is_stmt 1 view .LVU4
  44              		.loc 1 282 17 is_stmt 0 view .LVU5
  45 0006 8368     		ldr	r3, [r0, #8]
  46              	.LVL1:
  47              		.loc 1 282 5 view .LVU6
  48 0008 402B     		cmp	r3, #64
  49 000a 06D0     		beq	.L5
 283:Drivers/STM32F4xx_HAL_Driver/Src/stm32f4xx_hal_dma_ex.c ****   {   
 284:Drivers/STM32F4xx_HAL_Driver/Src/stm32f4xx_hal_dma_ex.c ****     /* Configure DMA Stream destination address */
 285:Drivers/STM32F4xx_HAL_Driver/Src/stm32f4xx_hal_dma_ex.c ****     hdma->Instance->PAR = DstAddress;
 286:Drivers/STM32F4xx_HAL_Driver/Src/stm32f4xx_hal_dma_ex.c ****     
 287:Drivers/STM32F4xx_HAL_Driver/Src/stm32f4xx_hal_dma_ex.c ****     /* Configure DMA Stream source address */
 288:Drivers/STM32F4xx_HAL_Driver/Src/stm32f4xx_hal_dma_ex.c ****     hdma->Instance->M0AR = SrcAddress;
 289:Drivers/STM32F4xx_HAL_Driver/Src/stm32f4xx_hal_dma_ex.c ****   }
 290:Drivers/STM32F4xx_HAL_Driver/Src/stm32f4xx_hal_dma_ex.c ****   /* Memory to Peripheral */
 291:Drivers/STM32F4xx_HAL_Driver/Src/stm32f4xx_hal_dma_ex.c ****   else
 292:Drivers/STM32F4xx_HAL_Driver/Src/stm32f4xx_hal_dma_ex.c ****   {
 293:Drivers/STM32F4xx_HAL_Driver/Src/stm32f4xx_hal_dma_ex.c ****     /* Configure DMA Stream source address */
 294:Drivers/STM32F4xx_HAL_Driver/Src/stm32f4xx_hal_dma_ex.c ****     hdma->Instance->PAR = SrcAddress;
ARM GAS  C:\Users\Lenovo\AppData\Local\Temp\cc7qXR7H.s 			page 7


  50              		.loc 1 294 5 is_stmt 1 view .LVU7
  51              		.loc 1 294 9 is_stmt 0 view .LVU8
  52 000c 0368     		ldr	r3, [r0]
  53              		.loc 1 294 25 view .LVU9
  54 000e 9960     		str	r1, [r3, #8]
  55              	.LVL2:
 295:Drivers/STM32F4xx_HAL_Driver/Src/stm32f4xx_hal_dma_ex.c ****     
 296:Drivers/STM32F4xx_HAL_Driver/Src/stm32f4xx_hal_dma_ex.c ****     /* Configure DMA Stream destination address */
 297:Drivers/STM32F4xx_HAL_Driver/Src/stm32f4xx_hal_dma_ex.c ****     hdma->Instance->M0AR = DstAddress;
  56              		.loc 1 297 5 is_stmt 1 view .LVU10
  57              		.loc 1 297 9 is_stmt 0 view .LVU11
  58 0010 0368     		ldr	r3, [r0]
  59              		.loc 1 297 26 view .LVU12
  60 0012 DA60     		str	r2, [r3, #12]
  61              	.L1:
 298:Drivers/STM32F4xx_HAL_Driver/Src/stm32f4xx_hal_dma_ex.c ****   }
 299:Drivers/STM32F4xx_HAL_Driver/Src/stm32f4xx_hal_dma_ex.c **** }
  62              		.loc 1 299 1 view .LVU13
  63 0014 5DF8044B 		ldr	r4, [sp], #4
  64 0018 7047     		bx	lr
  65              	.LVL3:
  66              	.L5:
 285:Drivers/STM32F4xx_HAL_Driver/Src/stm32f4xx_hal_dma_ex.c ****     
  67              		.loc 1 285 5 is_stmt 1 view .LVU14
 285:Drivers/STM32F4xx_HAL_Driver/Src/stm32f4xx_hal_dma_ex.c ****     
  68              		.loc 1 285 9 is_stmt 0 view .LVU15
  69 001a 0368     		ldr	r3, [r0]
 285:Drivers/STM32F4xx_HAL_Driver/Src/stm32f4xx_hal_dma_ex.c ****     
  70              		.loc 1 285 25 view .LVU16
  71 001c 9A60     		str	r2, [r3, #8]
  72              	.LVL4:
 288:Drivers/STM32F4xx_HAL_Driver/Src/stm32f4xx_hal_dma_ex.c ****   }
  73              		.loc 1 288 5 is_stmt 1 view .LVU17
 288:Drivers/STM32F4xx_HAL_Driver/Src/stm32f4xx_hal_dma_ex.c ****   }
  74              		.loc 1 288 9 is_stmt 0 view .LVU18
  75 001e 0368     		ldr	r3, [r0]
 288:Drivers/STM32F4xx_HAL_Driver/Src/stm32f4xx_hal_dma_ex.c ****   }
  76              		.loc 1 288 26 view .LVU19
  77 0020 D960     		str	r1, [r3, #12]
  78 0022 F7E7     		b	.L1
  79              		.cfi_endproc
  80              	.LFE137:
  82              		.section	.text.HAL_DMAEx_MultiBufferStart,"ax",%progbits
  83              		.align	1
  84              		.global	HAL_DMAEx_MultiBufferStart
  85              		.syntax unified
  86              		.thumb
  87              		.thumb_func
  89              	HAL_DMAEx_MultiBufferStart:
  90              	.LVL5:
  91              	.LFB134:
 101:Drivers/STM32F4xx_HAL_Driver/Src/stm32f4xx_hal_dma_ex.c ****   HAL_StatusTypeDef status = HAL_OK;
  92              		.loc 1 101 1 is_stmt 1 view -0
  93              		.cfi_startproc
  94              		@ args = 4, pretend = 0, frame = 0
  95              		@ frame_needed = 0, uses_anonymous_args = 0
 101:Drivers/STM32F4xx_HAL_Driver/Src/stm32f4xx_hal_dma_ex.c ****   HAL_StatusTypeDef status = HAL_OK;
ARM GAS  C:\Users\Lenovo\AppData\Local\Temp\cc7qXR7H.s 			page 8


  96              		.loc 1 101 1 is_stmt 0 view .LVU21
  97 0000 38B5     		push	{r3, r4, r5, lr}
  98              	.LCFI1:
  99              		.cfi_def_cfa_offset 16
 100              		.cfi_offset 3, -16
 101              		.cfi_offset 4, -12
 102              		.cfi_offset 5, -8
 103              		.cfi_offset 14, -4
 104 0002 0446     		mov	r4, r0
 102:Drivers/STM32F4xx_HAL_Driver/Src/stm32f4xx_hal_dma_ex.c ****   
 105              		.loc 1 102 3 is_stmt 1 view .LVU22
 106              	.LVL6:
 105:Drivers/STM32F4xx_HAL_Driver/Src/stm32f4xx_hal_dma_ex.c ****   
 107              		.loc 1 105 3 view .LVU23
 108:Drivers/STM32F4xx_HAL_Driver/Src/stm32f4xx_hal_dma_ex.c ****   {
 108              		.loc 1 108 3 view .LVU24
 108:Drivers/STM32F4xx_HAL_Driver/Src/stm32f4xx_hal_dma_ex.c ****   {
 109              		.loc 1 108 17 is_stmt 0 view .LVU25
 110 0004 8068     		ldr	r0, [r0, #8]
 111              	.LVL7:
 108:Drivers/STM32F4xx_HAL_Driver/Src/stm32f4xx_hal_dma_ex.c ****   {
 112              		.loc 1 108 6 view .LVU26
 113 0006 8028     		cmp	r0, #128
 114 0008 0CD0     		beq	.L12
 116:Drivers/STM32F4xx_HAL_Driver/Src/stm32f4xx_hal_dma_ex.c ****     
 115              		.loc 1 116 5 is_stmt 1 view .LVU27
 116:Drivers/STM32F4xx_HAL_Driver/Src/stm32f4xx_hal_dma_ex.c ****     
 116              		.loc 1 116 5 view .LVU28
 117 000a 94F83400 		ldrb	r0, [r4, #52]	@ zero_extendqisi2
 118 000e 0128     		cmp	r0, #1
 119 0010 22D0     		beq	.L9
 116:Drivers/STM32F4xx_HAL_Driver/Src/stm32f4xx_hal_dma_ex.c ****     
 120              		.loc 1 116 5 discriminator 2 view .LVU29
 121 0012 0120     		movs	r0, #1
 122 0014 84F83400 		strb	r0, [r4, #52]
 116:Drivers/STM32F4xx_HAL_Driver/Src/stm32f4xx_hal_dma_ex.c ****     
 123              		.loc 1 116 5 view .LVU30
 118:Drivers/STM32F4xx_HAL_Driver/Src/stm32f4xx_hal_dma_ex.c ****     {
 124              		.loc 1 118 5 view .LVU31
 118:Drivers/STM32F4xx_HAL_Driver/Src/stm32f4xx_hal_dma_ex.c ****     {
 125              		.loc 1 118 35 is_stmt 0 view .LVU32
 126 0018 94F83500 		ldrb	r0, [r4, #53]	@ zero_extendqisi2
 118:Drivers/STM32F4xx_HAL_Driver/Src/stm32f4xx_hal_dma_ex.c ****     {
 127              		.loc 1 118 7 view .LVU33
 128 001c 0128     		cmp	r0, #1
 129 001e 06D0     		beq	.L13
 138:Drivers/STM32F4xx_HAL_Driver/Src/stm32f4xx_hal_dma_ex.c ****     }
 130              		.loc 1 138 14 view .LVU34
 131 0020 0220     		movs	r0, #2
 132              	.LVL8:
 133              	.L8:
 142:Drivers/STM32F4xx_HAL_Driver/Src/stm32f4xx_hal_dma_ex.c **** 
 134              		.loc 1 142 1 view .LVU35
 135 0022 38BD     		pop	{r3, r4, r5, pc}
 136              	.LVL9:
 137              	.L12:
 110:Drivers/STM32F4xx_HAL_Driver/Src/stm32f4xx_hal_dma_ex.c ****     status = HAL_ERROR;
ARM GAS  C:\Users\Lenovo\AppData\Local\Temp\cc7qXR7H.s 			page 9


 138              		.loc 1 110 5 is_stmt 1 view .LVU36
 110:Drivers/STM32F4xx_HAL_Driver/Src/stm32f4xx_hal_dma_ex.c ****     status = HAL_ERROR;
 139              		.loc 1 110 21 is_stmt 0 view .LVU37
 140 0024 4FF48073 		mov	r3, #256
 141              	.LVL10:
 110:Drivers/STM32F4xx_HAL_Driver/Src/stm32f4xx_hal_dma_ex.c ****     status = HAL_ERROR;
 142              		.loc 1 110 21 view .LVU38
 143 0028 6365     		str	r3, [r4, #84]
 111:Drivers/STM32F4xx_HAL_Driver/Src/stm32f4xx_hal_dma_ex.c ****   }
 144              		.loc 1 111 5 is_stmt 1 view .LVU39
 145              	.LVL11:
 111:Drivers/STM32F4xx_HAL_Driver/Src/stm32f4xx_hal_dma_ex.c ****   }
 146              		.loc 1 111 12 is_stmt 0 view .LVU40
 147 002a 0120     		movs	r0, #1
 148 002c F9E7     		b	.L8
 149              	.LVL12:
 150              	.L13:
 121:Drivers/STM32F4xx_HAL_Driver/Src/stm32f4xx_hal_dma_ex.c ****       
 151              		.loc 1 121 7 is_stmt 1 view .LVU41
 121:Drivers/STM32F4xx_HAL_Driver/Src/stm32f4xx_hal_dma_ex.c ****       
 152              		.loc 1 121 19 is_stmt 0 view .LVU42
 153 002e 0220     		movs	r0, #2
 154 0030 84F83500 		strb	r0, [r4, #53]
 124:Drivers/STM32F4xx_HAL_Driver/Src/stm32f4xx_hal_dma_ex.c ****       
 155              		.loc 1 124 7 is_stmt 1 view .LVU43
 124:Drivers/STM32F4xx_HAL_Driver/Src/stm32f4xx_hal_dma_ex.c ****       
 156              		.loc 1 124 11 is_stmt 0 view .LVU44
 157 0034 2568     		ldr	r5, [r4]
 124:Drivers/STM32F4xx_HAL_Driver/Src/stm32f4xx_hal_dma_ex.c ****       
 158              		.loc 1 124 21 view .LVU45
 159 0036 2868     		ldr	r0, [r5]
 124:Drivers/STM32F4xx_HAL_Driver/Src/stm32f4xx_hal_dma_ex.c ****       
 160              		.loc 1 124 26 view .LVU46
 161 0038 40F48020 		orr	r0, r0, #262144
 162 003c 2860     		str	r0, [r5]
 127:Drivers/STM32F4xx_HAL_Driver/Src/stm32f4xx_hal_dma_ex.c ****       
 163              		.loc 1 127 7 is_stmt 1 view .LVU47
 127:Drivers/STM32F4xx_HAL_Driver/Src/stm32f4xx_hal_dma_ex.c ****       
 164              		.loc 1 127 11 is_stmt 0 view .LVU48
 165 003e 2068     		ldr	r0, [r4]
 127:Drivers/STM32F4xx_HAL_Driver/Src/stm32f4xx_hal_dma_ex.c ****       
 166              		.loc 1 127 28 view .LVU49
 167 0040 0361     		str	r3, [r0, #16]
 130:Drivers/STM32F4xx_HAL_Driver/Src/stm32f4xx_hal_dma_ex.c ****       
 168              		.loc 1 130 7 is_stmt 1 view .LVU50
 169 0042 049B     		ldr	r3, [sp, #16]
 170              	.LVL13:
 130:Drivers/STM32F4xx_HAL_Driver/Src/stm32f4xx_hal_dma_ex.c ****       
 171              		.loc 1 130 7 is_stmt 0 view .LVU51
 172 0044 2046     		mov	r0, r4
 173              	.LVL14:
 130:Drivers/STM32F4xx_HAL_Driver/Src/stm32f4xx_hal_dma_ex.c ****       
 174              		.loc 1 130 7 view .LVU52
 175 0046 FFF7FEFF 		bl	DMA_MultiBufferSetConfig
 176              	.LVL15:
 133:Drivers/STM32F4xx_HAL_Driver/Src/stm32f4xx_hal_dma_ex.c ****     }
 177              		.loc 1 133 7 is_stmt 1 view .LVU53
ARM GAS  C:\Users\Lenovo\AppData\Local\Temp\cc7qXR7H.s 			page 10


 178 004a 2268     		ldr	r2, [r4]
 179 004c 1368     		ldr	r3, [r2]
 180 004e 43F00103 		orr	r3, r3, #1
 181 0052 1360     		str	r3, [r2]
 102:Drivers/STM32F4xx_HAL_Driver/Src/stm32f4xx_hal_dma_ex.c ****   
 182              		.loc 1 102 21 is_stmt 0 view .LVU54
 183 0054 0020     		movs	r0, #0
 184 0056 E4E7     		b	.L8
 185              	.LVL16:
 186              	.L9:
 116:Drivers/STM32F4xx_HAL_Driver/Src/stm32f4xx_hal_dma_ex.c ****     
 187              		.loc 1 116 5 discriminator 1 view .LVU55
 188 0058 0220     		movs	r0, #2
 189 005a E2E7     		b	.L8
 190              		.cfi_endproc
 191              	.LFE134:
 193              		.section	.text.HAL_DMAEx_MultiBufferStart_IT,"ax",%progbits
 194              		.align	1
 195              		.global	HAL_DMAEx_MultiBufferStart_IT
 196              		.syntax unified
 197              		.thumb
 198              		.thumb_func
 200              	HAL_DMAEx_MultiBufferStart_IT:
 201              	.LVL17:
 202              	.LFB135:
 155:Drivers/STM32F4xx_HAL_Driver/Src/stm32f4xx_hal_dma_ex.c ****   HAL_StatusTypeDef status = HAL_OK;
 203              		.loc 1 155 1 is_stmt 1 view -0
 204              		.cfi_startproc
 205              		@ args = 4, pretend = 0, frame = 0
 206              		@ frame_needed = 0, uses_anonymous_args = 0
 155:Drivers/STM32F4xx_HAL_Driver/Src/stm32f4xx_hal_dma_ex.c ****   HAL_StatusTypeDef status = HAL_OK;
 207              		.loc 1 155 1 is_stmt 0 view .LVU57
 208 0000 38B5     		push	{r3, r4, r5, lr}
 209              	.LCFI2:
 210              		.cfi_def_cfa_offset 16
 211              		.cfi_offset 3, -16
 212              		.cfi_offset 4, -12
 213              		.cfi_offset 5, -8
 214              		.cfi_offset 14, -4
 215 0002 0446     		mov	r4, r0
 156:Drivers/STM32F4xx_HAL_Driver/Src/stm32f4xx_hal_dma_ex.c ****   
 216              		.loc 1 156 3 is_stmt 1 view .LVU58
 217              	.LVL18:
 159:Drivers/STM32F4xx_HAL_Driver/Src/stm32f4xx_hal_dma_ex.c ****   
 218              		.loc 1 159 3 view .LVU59
 162:Drivers/STM32F4xx_HAL_Driver/Src/stm32f4xx_hal_dma_ex.c ****   {
 219              		.loc 1 162 3 view .LVU60
 162:Drivers/STM32F4xx_HAL_Driver/Src/stm32f4xx_hal_dma_ex.c ****   {
 220              		.loc 1 162 17 is_stmt 0 view .LVU61
 221 0004 8068     		ldr	r0, [r0, #8]
 222              	.LVL19:
 162:Drivers/STM32F4xx_HAL_Driver/Src/stm32f4xx_hal_dma_ex.c ****   {
 223              		.loc 1 162 6 view .LVU62
 224 0006 8028     		cmp	r0, #128
 225 0008 16D0     		beq	.L304
 169:Drivers/STM32F4xx_HAL_Driver/Src/stm32f4xx_hal_dma_ex.c ****   {
 226              		.loc 1 169 3 is_stmt 1 view .LVU63
ARM GAS  C:\Users\Lenovo\AppData\Local\Temp\cc7qXR7H.s 			page 11


 169:Drivers/STM32F4xx_HAL_Driver/Src/stm32f4xx_hal_dma_ex.c ****   {
 227              		.loc 1 169 20 is_stmt 0 view .LVU64
 228 000a E06B     		ldr	r0, [r4, #60]
 169:Drivers/STM32F4xx_HAL_Driver/Src/stm32f4xx_hal_dma_ex.c ****   {
 229              		.loc 1 169 6 view .LVU65
 230 000c C8B1     		cbz	r0, .L17
 169:Drivers/STM32F4xx_HAL_Driver/Src/stm32f4xx_hal_dma_ex.c ****   {
 231              		.loc 1 169 56 discriminator 1 view .LVU66
 232 000e 606C     		ldr	r0, [r4, #68]
 169:Drivers/STM32F4xx_HAL_Driver/Src/stm32f4xx_hal_dma_ex.c ****   {
 233              		.loc 1 169 40 discriminator 1 view .LVU67
 234 0010 B8B1     		cbz	r0, .L17
 169:Drivers/STM32F4xx_HAL_Driver/Src/stm32f4xx_hal_dma_ex.c ****   {
 235              		.loc 1 169 94 discriminator 2 view .LVU68
 236 0012 E06C     		ldr	r0, [r4, #76]
 169:Drivers/STM32F4xx_HAL_Driver/Src/stm32f4xx_hal_dma_ex.c ****   {
 237              		.loc 1 169 78 discriminator 2 view .LVU69
 238 0014 A8B1     		cbz	r0, .L17
 176:Drivers/STM32F4xx_HAL_Driver/Src/stm32f4xx_hal_dma_ex.c ****   
 239              		.loc 1 176 3 is_stmt 1 view .LVU70
 176:Drivers/STM32F4xx_HAL_Driver/Src/stm32f4xx_hal_dma_ex.c ****   
 240              		.loc 1 176 3 view .LVU71
 241 0016 94F83400 		ldrb	r0, [r4, #52]	@ zero_extendqisi2
 242 001a 0128     		cmp	r0, #1
 243 001c 00F06787 		beq	.L62
 176:Drivers/STM32F4xx_HAL_Driver/Src/stm32f4xx_hal_dma_ex.c ****   
 244              		.loc 1 176 3 discriminator 2 view .LVU72
 245 0020 0120     		movs	r0, #1
 246 0022 84F83400 		strb	r0, [r4, #52]
 176:Drivers/STM32F4xx_HAL_Driver/Src/stm32f4xx_hal_dma_ex.c ****   
 247              		.loc 1 176 3 view .LVU73
 178:Drivers/STM32F4xx_HAL_Driver/Src/stm32f4xx_hal_dma_ex.c ****   {
 248              		.loc 1 178 3 view .LVU74
 178:Drivers/STM32F4xx_HAL_Driver/Src/stm32f4xx_hal_dma_ex.c ****   {
 249              		.loc 1 178 33 is_stmt 0 view .LVU75
 250 0026 94F83500 		ldrb	r0, [r4, #53]	@ zero_extendqisi2
 178:Drivers/STM32F4xx_HAL_Driver/Src/stm32f4xx_hal_dma_ex.c ****   {
 251              		.loc 1 178 5 view .LVU76
 252 002a 0128     		cmp	r0, #1
 253 002c 0DD0     		beq	.L305
 217:Drivers/STM32F4xx_HAL_Driver/Src/stm32f4xx_hal_dma_ex.c ****     
 254              		.loc 1 217 5 is_stmt 1 view .LVU77
 217:Drivers/STM32F4xx_HAL_Driver/Src/stm32f4xx_hal_dma_ex.c ****     
 255              		.loc 1 217 5 view .LVU78
 256 002e 0023     		movs	r3, #0
 257              	.LVL20:
 217:Drivers/STM32F4xx_HAL_Driver/Src/stm32f4xx_hal_dma_ex.c ****     
 258              		.loc 1 217 5 is_stmt 0 view .LVU79
 259 0030 84F83430 		strb	r3, [r4, #52]
 217:Drivers/STM32F4xx_HAL_Driver/Src/stm32f4xx_hal_dma_ex.c ****     
 260              		.loc 1 217 5 is_stmt 1 view .LVU80
 220:Drivers/STM32F4xx_HAL_Driver/Src/stm32f4xx_hal_dma_ex.c ****   }  
 261              		.loc 1 220 5 view .LVU81
 262              	.LVL21:
 220:Drivers/STM32F4xx_HAL_Driver/Src/stm32f4xx_hal_dma_ex.c ****   }  
 263              		.loc 1 220 12 is_stmt 0 view .LVU82
 264 0034 0220     		movs	r0, #2
ARM GAS  C:\Users\Lenovo\AppData\Local\Temp\cc7qXR7H.s 			page 12


 265 0036 07E0     		b	.L16
 266              	.LVL22:
 267              	.L304:
 164:Drivers/STM32F4xx_HAL_Driver/Src/stm32f4xx_hal_dma_ex.c ****     return HAL_ERROR;
 268              		.loc 1 164 5 is_stmt 1 view .LVU83
 164:Drivers/STM32F4xx_HAL_Driver/Src/stm32f4xx_hal_dma_ex.c ****     return HAL_ERROR;
 269              		.loc 1 164 21 is_stmt 0 view .LVU84
 270 0038 4FF48073 		mov	r3, #256
 271              	.LVL23:
 164:Drivers/STM32F4xx_HAL_Driver/Src/stm32f4xx_hal_dma_ex.c ****     return HAL_ERROR;
 272              		.loc 1 164 21 view .LVU85
 273 003c 6365     		str	r3, [r4, #84]
 165:Drivers/STM32F4xx_HAL_Driver/Src/stm32f4xx_hal_dma_ex.c ****   }
 274              		.loc 1 165 5 is_stmt 1 view .LVU86
 165:Drivers/STM32F4xx_HAL_Driver/Src/stm32f4xx_hal_dma_ex.c ****   }
 275              		.loc 1 165 12 is_stmt 0 view .LVU87
 276 003e 0120     		movs	r0, #1
 277 0040 02E0     		b	.L16
 278              	.LVL24:
 279              	.L17:
 171:Drivers/STM32F4xx_HAL_Driver/Src/stm32f4xx_hal_dma_ex.c ****     return HAL_ERROR;
 280              		.loc 1 171 5 is_stmt 1 view .LVU88
 171:Drivers/STM32F4xx_HAL_Driver/Src/stm32f4xx_hal_dma_ex.c ****     return HAL_ERROR;
 281              		.loc 1 171 21 is_stmt 0 view .LVU89
 282 0042 4023     		movs	r3, #64
 283              	.LVL25:
 171:Drivers/STM32F4xx_HAL_Driver/Src/stm32f4xx_hal_dma_ex.c ****     return HAL_ERROR;
 284              		.loc 1 171 21 view .LVU90
 285 0044 6365     		str	r3, [r4, #84]
 172:Drivers/STM32F4xx_HAL_Driver/Src/stm32f4xx_hal_dma_ex.c ****   }
 286              		.loc 1 172 5 is_stmt 1 view .LVU91
 172:Drivers/STM32F4xx_HAL_Driver/Src/stm32f4xx_hal_dma_ex.c ****   }
 287              		.loc 1 172 12 is_stmt 0 view .LVU92
 288 0046 0120     		movs	r0, #1
 289              	.LVL26:
 290              	.L16:
 223:Drivers/STM32F4xx_HAL_Driver/Src/stm32f4xx_hal_dma_ex.c **** 
 291              		.loc 1 223 1 view .LVU93
 292 0048 38BD     		pop	{r3, r4, r5, pc}
 293              	.LVL27:
 294              	.L305:
 181:Drivers/STM32F4xx_HAL_Driver/Src/stm32f4xx_hal_dma_ex.c ****     
 295              		.loc 1 181 5 is_stmt 1 view .LVU94
 181:Drivers/STM32F4xx_HAL_Driver/Src/stm32f4xx_hal_dma_ex.c ****     
 296              		.loc 1 181 17 is_stmt 0 view .LVU95
 297 004a 0220     		movs	r0, #2
 298 004c 84F83500 		strb	r0, [r4, #53]
 184:Drivers/STM32F4xx_HAL_Driver/Src/stm32f4xx_hal_dma_ex.c ****     
 299              		.loc 1 184 5 is_stmt 1 view .LVU96
 184:Drivers/STM32F4xx_HAL_Driver/Src/stm32f4xx_hal_dma_ex.c ****     
 300              		.loc 1 184 21 is_stmt 0 view .LVU97
 301 0050 0020     		movs	r0, #0
 302 0052 6065     		str	r0, [r4, #84]
 187:Drivers/STM32F4xx_HAL_Driver/Src/stm32f4xx_hal_dma_ex.c ****     
 303              		.loc 1 187 5 is_stmt 1 view .LVU98
 187:Drivers/STM32F4xx_HAL_Driver/Src/stm32f4xx_hal_dma_ex.c ****     
 304              		.loc 1 187 9 is_stmt 0 view .LVU99
ARM GAS  C:\Users\Lenovo\AppData\Local\Temp\cc7qXR7H.s 			page 13


 305 0054 2568     		ldr	r5, [r4]
 187:Drivers/STM32F4xx_HAL_Driver/Src/stm32f4xx_hal_dma_ex.c ****     
 306              		.loc 1 187 19 view .LVU100
 307 0056 2868     		ldr	r0, [r5]
 187:Drivers/STM32F4xx_HAL_Driver/Src/stm32f4xx_hal_dma_ex.c ****     
 308              		.loc 1 187 24 view .LVU101
 309 0058 40F48020 		orr	r0, r0, #262144
 310 005c 2860     		str	r0, [r5]
 190:Drivers/STM32F4xx_HAL_Driver/Src/stm32f4xx_hal_dma_ex.c ****     
 311              		.loc 1 190 5 is_stmt 1 view .LVU102
 190:Drivers/STM32F4xx_HAL_Driver/Src/stm32f4xx_hal_dma_ex.c ****     
 312              		.loc 1 190 9 is_stmt 0 view .LVU103
 313 005e 2068     		ldr	r0, [r4]
 190:Drivers/STM32F4xx_HAL_Driver/Src/stm32f4xx_hal_dma_ex.c ****     
 314              		.loc 1 190 26 view .LVU104
 315 0060 0361     		str	r3, [r0, #16]
 193:Drivers/STM32F4xx_HAL_Driver/Src/stm32f4xx_hal_dma_ex.c ****     
 316              		.loc 1 193 5 is_stmt 1 view .LVU105
 317 0062 049B     		ldr	r3, [sp, #16]
 318              	.LVL28:
 193:Drivers/STM32F4xx_HAL_Driver/Src/stm32f4xx_hal_dma_ex.c ****     
 319              		.loc 1 193 5 is_stmt 0 view .LVU106
 320 0064 2046     		mov	r0, r4
 321              	.LVL29:
 193:Drivers/STM32F4xx_HAL_Driver/Src/stm32f4xx_hal_dma_ex.c ****     
 322              		.loc 1 193 5 view .LVU107
 323 0066 FFF7FEFF 		bl	DMA_MultiBufferSetConfig
 324              	.LVL30:
 196:Drivers/STM32F4xx_HAL_Driver/Src/stm32f4xx_hal_dma_ex.c ****     __HAL_DMA_CLEAR_FLAG (hdma, __HAL_DMA_GET_HT_FLAG_INDEX(hdma));
 325              		.loc 1 196 5 is_stmt 1 view .LVU108
 326 006a 2368     		ldr	r3, [r4]
 327 006c A44A     		ldr	r2, .L327
 328 006e 9342     		cmp	r3, r2
 329 0070 40F29880 		bls	.L20
 196:Drivers/STM32F4xx_HAL_Driver/Src/stm32f4xx_hal_dma_ex.c ****     __HAL_DMA_CLEAR_FLAG (hdma, __HAL_DMA_GET_HT_FLAG_INDEX(hdma));
 330              		.loc 1 196 5 is_stmt 0 discriminator 1 view .LVU109
 331 0074 A2F58962 		sub	r2, r2, #1096
 332 0078 9342     		cmp	r3, r2
 333 007a 31D0     		beq	.L63
 196:Drivers/STM32F4xx_HAL_Driver/Src/stm32f4xx_hal_dma_ex.c ****     __HAL_DMA_CLEAR_FLAG (hdma, __HAL_DMA_GET_HT_FLAG_INDEX(hdma));
 334              		.loc 1 196 5 discriminator 3 view .LVU110
 335 007c 02F58062 		add	r2, r2, #1024
 336 0080 9342     		cmp	r3, r2
 337 0082 74D0     		beq	.L64
 196:Drivers/STM32F4xx_HAL_Driver/Src/stm32f4xx_hal_dma_ex.c ****     __HAL_DMA_CLEAR_FLAG (hdma, __HAL_DMA_GET_HT_FLAG_INDEX(hdma));
 338              		.loc 1 196 5 discriminator 5 view .LVU111
 339 0084 A2F56872 		sub	r2, r2, #928
 340 0088 9342     		cmp	r3, r2
 341 008a 72D0     		beq	.L65
 196:Drivers/STM32F4xx_HAL_Driver/Src/stm32f4xx_hal_dma_ex.c ****     __HAL_DMA_CLEAR_FLAG (hdma, __HAL_DMA_GET_HT_FLAG_INDEX(hdma));
 342              		.loc 1 196 5 discriminator 7 view .LVU112
 343 008c 02F58062 		add	r2, r2, #1024
 344 0090 9342     		cmp	r3, r2
 345 0092 70D0     		beq	.L66
 196:Drivers/STM32F4xx_HAL_Driver/Src/stm32f4xx_hal_dma_ex.c ****     __HAL_DMA_CLEAR_FLAG (hdma, __HAL_DMA_GET_HT_FLAG_INDEX(hdma));
 346              		.loc 1 196 5 discriminator 9 view .LVU113
 347 0094 A2F58962 		sub	r2, r2, #1096
ARM GAS  C:\Users\Lenovo\AppData\Local\Temp\cc7qXR7H.s 			page 14


 348 0098 9342     		cmp	r3, r2
 349 009a 6ED0     		beq	.L67
 196:Drivers/STM32F4xx_HAL_Driver/Src/stm32f4xx_hal_dma_ex.c ****     __HAL_DMA_CLEAR_FLAG (hdma, __HAL_DMA_GET_HT_FLAG_INDEX(hdma));
 350              		.loc 1 196 5 discriminator 11 view .LVU114
 351 009c 02F58062 		add	r2, r2, #1024
 352 00a0 9342     		cmp	r3, r2
 353 00a2 6DD0     		beq	.L68
 196:Drivers/STM32F4xx_HAL_Driver/Src/stm32f4xx_hal_dma_ex.c ****     __HAL_DMA_CLEAR_FLAG (hdma, __HAL_DMA_GET_HT_FLAG_INDEX(hdma));
 354              		.loc 1 196 5 discriminator 13 view .LVU115
 355 00a4 A2F56872 		sub	r2, r2, #928
 356 00a8 9342     		cmp	r3, r2
 357 00aa 6CD0     		beq	.L69
 196:Drivers/STM32F4xx_HAL_Driver/Src/stm32f4xx_hal_dma_ex.c ****     __HAL_DMA_CLEAR_FLAG (hdma, __HAL_DMA_GET_HT_FLAG_INDEX(hdma));
 358              		.loc 1 196 5 discriminator 15 view .LVU116
 359 00ac 02F58062 		add	r2, r2, #1024
 360 00b0 9342     		cmp	r3, r2
 361 00b2 6BD0     		beq	.L70
 196:Drivers/STM32F4xx_HAL_Driver/Src/stm32f4xx_hal_dma_ex.c ****     __HAL_DMA_CLEAR_FLAG (hdma, __HAL_DMA_GET_HT_FLAG_INDEX(hdma));
 362              		.loc 1 196 5 discriminator 17 view .LVU117
 363 00b4 A2F58962 		sub	r2, r2, #1096
 364 00b8 9342     		cmp	r3, r2
 365 00ba 6AD0     		beq	.L71
 196:Drivers/STM32F4xx_HAL_Driver/Src/stm32f4xx_hal_dma_ex.c ****     __HAL_DMA_CLEAR_FLAG (hdma, __HAL_DMA_GET_HT_FLAG_INDEX(hdma));
 366              		.loc 1 196 5 discriminator 19 view .LVU118
 367 00bc 02F58062 		add	r2, r2, #1024
 368 00c0 9342     		cmp	r3, r2
 369 00c2 69D0     		beq	.L72
 196:Drivers/STM32F4xx_HAL_Driver/Src/stm32f4xx_hal_dma_ex.c ****     __HAL_DMA_CLEAR_FLAG (hdma, __HAL_DMA_GET_HT_FLAG_INDEX(hdma));
 370              		.loc 1 196 5 discriminator 21 view .LVU119
 371 00c4 A2F56872 		sub	r2, r2, #928
 372 00c8 9342     		cmp	r3, r2
 373 00ca 68D0     		beq	.L73
 196:Drivers/STM32F4xx_HAL_Driver/Src/stm32f4xx_hal_dma_ex.c ****     __HAL_DMA_CLEAR_FLAG (hdma, __HAL_DMA_GET_HT_FLAG_INDEX(hdma));
 374              		.loc 1 196 5 discriminator 23 view .LVU120
 375 00cc 02F58062 		add	r2, r2, #1024
 376 00d0 9342     		cmp	r3, r2
 377 00d2 02D0     		beq	.L306
 196:Drivers/STM32F4xx_HAL_Driver/Src/stm32f4xx_hal_dma_ex.c ****     __HAL_DMA_CLEAR_FLAG (hdma, __HAL_DMA_GET_HT_FLAG_INDEX(hdma));
 378              		.loc 1 196 5 discriminator 26 view .LVU121
 379 00d4 4FF00062 		mov	r2, #134217728
 380 00d8 03E0     		b	.L21
 381              	.L306:
 196:Drivers/STM32F4xx_HAL_Driver/Src/stm32f4xx_hal_dma_ex.c ****     __HAL_DMA_CLEAR_FLAG (hdma, __HAL_DMA_GET_HT_FLAG_INDEX(hdma));
 382              		.loc 1 196 5 discriminator 25 view .LVU122
 383 00da 4FF40012 		mov	r2, #2097152
 384 00de 00E0     		b	.L21
 385              	.L63:
 196:Drivers/STM32F4xx_HAL_Driver/Src/stm32f4xx_hal_dma_ex.c ****     __HAL_DMA_CLEAR_FLAG (hdma, __HAL_DMA_GET_HT_FLAG_INDEX(hdma));
 386              		.loc 1 196 5 discriminator 4 view .LVU123
 387 00e0 2022     		movs	r2, #32
 388              	.L21:
 196:Drivers/STM32F4xx_HAL_Driver/Src/stm32f4xx_hal_dma_ex.c ****     __HAL_DMA_CLEAR_FLAG (hdma, __HAL_DMA_GET_HT_FLAG_INDEX(hdma));
 389              		.loc 1 196 5 discriminator 50 view .LVU124
 390 00e2 884B     		ldr	r3, .L327+4
 391 00e4 DA60     		str	r2, [r3, #12]
 392              	.LVL31:
 393              	.L22:
ARM GAS  C:\Users\Lenovo\AppData\Local\Temp\cc7qXR7H.s 			page 15


 197:Drivers/STM32F4xx_HAL_Driver/Src/stm32f4xx_hal_dma_ex.c ****     __HAL_DMA_CLEAR_FLAG (hdma, __HAL_DMA_GET_TE_FLAG_INDEX(hdma));
 394              		.loc 1 197 5 is_stmt 1 view .LVU125
 395 00e6 2368     		ldr	r3, [r4]
 396 00e8 854A     		ldr	r2, .L327
 397 00ea 9342     		cmp	r3, r2
 398 00ec 40F2CB81 		bls	.L28
 197:Drivers/STM32F4xx_HAL_Driver/Src/stm32f4xx_hal_dma_ex.c ****     __HAL_DMA_CLEAR_FLAG (hdma, __HAL_DMA_GET_TE_FLAG_INDEX(hdma));
 399              		.loc 1 197 5 is_stmt 0 discriminator 1 view .LVU126
 400 00f0 A2F58962 		sub	r2, r2, #1096
 401 00f4 9342     		cmp	r3, r2
 402 00f6 00F06481 		beq	.L111
 197:Drivers/STM32F4xx_HAL_Driver/Src/stm32f4xx_hal_dma_ex.c ****     __HAL_DMA_CLEAR_FLAG (hdma, __HAL_DMA_GET_TE_FLAG_INDEX(hdma));
 403              		.loc 1 197 5 discriminator 3 view .LVU127
 404 00fa 02F58062 		add	r2, r2, #1024
 405 00fe 9342     		cmp	r3, r2
 406 0100 00F0A681 		beq	.L112
 197:Drivers/STM32F4xx_HAL_Driver/Src/stm32f4xx_hal_dma_ex.c ****     __HAL_DMA_CLEAR_FLAG (hdma, __HAL_DMA_GET_TE_FLAG_INDEX(hdma));
 407              		.loc 1 197 5 discriminator 5 view .LVU128
 408 0104 A2F56872 		sub	r2, r2, #928
 409 0108 9342     		cmp	r3, r2
 410 010a 00F0A381 		beq	.L113
 197:Drivers/STM32F4xx_HAL_Driver/Src/stm32f4xx_hal_dma_ex.c ****     __HAL_DMA_CLEAR_FLAG (hdma, __HAL_DMA_GET_TE_FLAG_INDEX(hdma));
 411              		.loc 1 197 5 discriminator 7 view .LVU129
 412 010e 02F58062 		add	r2, r2, #1024
 413 0112 9342     		cmp	r3, r2
 414 0114 00F0A081 		beq	.L114
 197:Drivers/STM32F4xx_HAL_Driver/Src/stm32f4xx_hal_dma_ex.c ****     __HAL_DMA_CLEAR_FLAG (hdma, __HAL_DMA_GET_TE_FLAG_INDEX(hdma));
 415              		.loc 1 197 5 discriminator 9 view .LVU130
 416 0118 A2F58962 		sub	r2, r2, #1096
 417 011c 9342     		cmp	r3, r2
 418 011e 00F09D81 		beq	.L115
 197:Drivers/STM32F4xx_HAL_Driver/Src/stm32f4xx_hal_dma_ex.c ****     __HAL_DMA_CLEAR_FLAG (hdma, __HAL_DMA_GET_TE_FLAG_INDEX(hdma));
 419              		.loc 1 197 5 discriminator 11 view .LVU131
 420 0122 02F58062 		add	r2, r2, #1024
 421 0126 9342     		cmp	r3, r2
 422 0128 00F09B81 		beq	.L116
 197:Drivers/STM32F4xx_HAL_Driver/Src/stm32f4xx_hal_dma_ex.c ****     __HAL_DMA_CLEAR_FLAG (hdma, __HAL_DMA_GET_TE_FLAG_INDEX(hdma));
 423              		.loc 1 197 5 discriminator 13 view .LVU132
 424 012c A2F56872 		sub	r2, r2, #928
 425 0130 9342     		cmp	r3, r2
 426 0132 00F09981 		beq	.L117
 197:Drivers/STM32F4xx_HAL_Driver/Src/stm32f4xx_hal_dma_ex.c ****     __HAL_DMA_CLEAR_FLAG (hdma, __HAL_DMA_GET_TE_FLAG_INDEX(hdma));
 427              		.loc 1 197 5 discriminator 15 view .LVU133
 428 0136 02F58062 		add	r2, r2, #1024
 429 013a 9342     		cmp	r3, r2
 430 013c 00F09781 		beq	.L118
 197:Drivers/STM32F4xx_HAL_Driver/Src/stm32f4xx_hal_dma_ex.c ****     __HAL_DMA_CLEAR_FLAG (hdma, __HAL_DMA_GET_TE_FLAG_INDEX(hdma));
 431              		.loc 1 197 5 discriminator 17 view .LVU134
 432 0140 A2F58962 		sub	r2, r2, #1096
 433 0144 9342     		cmp	r3, r2
 434 0146 00F09581 		beq	.L119
 197:Drivers/STM32F4xx_HAL_Driver/Src/stm32f4xx_hal_dma_ex.c ****     __HAL_DMA_CLEAR_FLAG (hdma, __HAL_DMA_GET_TE_FLAG_INDEX(hdma));
 435              		.loc 1 197 5 discriminator 19 view .LVU135
 436 014a 02F58062 		add	r2, r2, #1024
 437 014e 9342     		cmp	r3, r2
 438 0150 00F09381 		beq	.L120
 197:Drivers/STM32F4xx_HAL_Driver/Src/stm32f4xx_hal_dma_ex.c ****     __HAL_DMA_CLEAR_FLAG (hdma, __HAL_DMA_GET_TE_FLAG_INDEX(hdma));
ARM GAS  C:\Users\Lenovo\AppData\Local\Temp\cc7qXR7H.s 			page 16


 439              		.loc 1 197 5 discriminator 21 view .LVU136
 440 0154 A2F56872 		sub	r2, r2, #928
 441 0158 9342     		cmp	r3, r2
 442 015a 00F09181 		beq	.L121
 197:Drivers/STM32F4xx_HAL_Driver/Src/stm32f4xx_hal_dma_ex.c ****     __HAL_DMA_CLEAR_FLAG (hdma, __HAL_DMA_GET_TE_FLAG_INDEX(hdma));
 443              		.loc 1 197 5 discriminator 23 view .LVU137
 444 015e 02F58062 		add	r2, r2, #1024
 445 0162 9342     		cmp	r3, r2
 446 0164 00F02A81 		beq	.L307
 197:Drivers/STM32F4xx_HAL_Driver/Src/stm32f4xx_hal_dma_ex.c ****     __HAL_DMA_CLEAR_FLAG (hdma, __HAL_DMA_GET_TE_FLAG_INDEX(hdma));
 447              		.loc 1 197 5 discriminator 26 view .LVU138
 448 0168 4FF08062 		mov	r2, #67108864
 449 016c 2AE1     		b	.L29
 450              	.LVL32:
 451              	.L64:
 196:Drivers/STM32F4xx_HAL_Driver/Src/stm32f4xx_hal_dma_ex.c ****     __HAL_DMA_CLEAR_FLAG (hdma, __HAL_DMA_GET_HT_FLAG_INDEX(hdma));
 452              		.loc 1 196 5 discriminator 6 view .LVU139
 453 016e 2022     		movs	r2, #32
 454 0170 B7E7     		b	.L21
 455              	.L65:
 196:Drivers/STM32F4xx_HAL_Driver/Src/stm32f4xx_hal_dma_ex.c ****     __HAL_DMA_CLEAR_FLAG (hdma, __HAL_DMA_GET_HT_FLAG_INDEX(hdma));
 456              		.loc 1 196 5 discriminator 8 view .LVU140
 457 0172 2022     		movs	r2, #32
 458 0174 B5E7     		b	.L21
 459              	.L66:
 196:Drivers/STM32F4xx_HAL_Driver/Src/stm32f4xx_hal_dma_ex.c ****     __HAL_DMA_CLEAR_FLAG (hdma, __HAL_DMA_GET_HT_FLAG_INDEX(hdma));
 460              		.loc 1 196 5 discriminator 10 view .LVU141
 461 0176 2022     		movs	r2, #32
 462 0178 B3E7     		b	.L21
 463              	.L67:
 196:Drivers/STM32F4xx_HAL_Driver/Src/stm32f4xx_hal_dma_ex.c ****     __HAL_DMA_CLEAR_FLAG (hdma, __HAL_DMA_GET_HT_FLAG_INDEX(hdma));
 464              		.loc 1 196 5 discriminator 12 view .LVU142
 465 017a 4FF40062 		mov	r2, #2048
 466 017e B0E7     		b	.L21
 467              	.L68:
 196:Drivers/STM32F4xx_HAL_Driver/Src/stm32f4xx_hal_dma_ex.c ****     __HAL_DMA_CLEAR_FLAG (hdma, __HAL_DMA_GET_HT_FLAG_INDEX(hdma));
 468              		.loc 1 196 5 discriminator 14 view .LVU143
 469 0180 4FF40062 		mov	r2, #2048
 470 0184 ADE7     		b	.L21
 471              	.L69:
 196:Drivers/STM32F4xx_HAL_Driver/Src/stm32f4xx_hal_dma_ex.c ****     __HAL_DMA_CLEAR_FLAG (hdma, __HAL_DMA_GET_HT_FLAG_INDEX(hdma));
 472              		.loc 1 196 5 discriminator 16 view .LVU144
 473 0186 4FF40062 		mov	r2, #2048
 474 018a AAE7     		b	.L21
 475              	.L70:
 196:Drivers/STM32F4xx_HAL_Driver/Src/stm32f4xx_hal_dma_ex.c ****     __HAL_DMA_CLEAR_FLAG (hdma, __HAL_DMA_GET_HT_FLAG_INDEX(hdma));
 476              		.loc 1 196 5 discriminator 18 view .LVU145
 477 018c 4FF40062 		mov	r2, #2048
 478 0190 A7E7     		b	.L21
 479              	.L71:
 196:Drivers/STM32F4xx_HAL_Driver/Src/stm32f4xx_hal_dma_ex.c ****     __HAL_DMA_CLEAR_FLAG (hdma, __HAL_DMA_GET_HT_FLAG_INDEX(hdma));
 480              		.loc 1 196 5 discriminator 20 view .LVU146
 481 0192 4FF40012 		mov	r2, #2097152
 482 0196 A4E7     		b	.L21
 483              	.L72:
 196:Drivers/STM32F4xx_HAL_Driver/Src/stm32f4xx_hal_dma_ex.c ****     __HAL_DMA_CLEAR_FLAG (hdma, __HAL_DMA_GET_HT_FLAG_INDEX(hdma));
 484              		.loc 1 196 5 discriminator 22 view .LVU147
ARM GAS  C:\Users\Lenovo\AppData\Local\Temp\cc7qXR7H.s 			page 17


 485 0198 4FF40012 		mov	r2, #2097152
 486 019c A1E7     		b	.L21
 487              	.L73:
 196:Drivers/STM32F4xx_HAL_Driver/Src/stm32f4xx_hal_dma_ex.c ****     __HAL_DMA_CLEAR_FLAG (hdma, __HAL_DMA_GET_HT_FLAG_INDEX(hdma));
 488              		.loc 1 196 5 discriminator 24 view .LVU148
 489 019e 4FF40012 		mov	r2, #2097152
 490 01a2 9EE7     		b	.L21
 491              	.L20:
 196:Drivers/STM32F4xx_HAL_Driver/Src/stm32f4xx_hal_dma_ex.c ****     __HAL_DMA_CLEAR_FLAG (hdma, __HAL_DMA_GET_HT_FLAG_INDEX(hdma));
 492              		.loc 1 196 5 discriminator 2 view .LVU149
 493 01a4 584A     		ldr	r2, .L327+8
 494 01a6 9342     		cmp	r3, r2
 495 01a8 53D9     		bls	.L23
 196:Drivers/STM32F4xx_HAL_Driver/Src/stm32f4xx_hal_dma_ex.c ****     __HAL_DMA_CLEAR_FLAG (hdma, __HAL_DMA_GET_HT_FLAG_INDEX(hdma));
 496              		.loc 1 196 5 discriminator 51 view .LVU150
 497 01aa A83A     		subs	r2, r2, #168
 498 01ac 9342     		cmp	r3, r2
 499 01ae 31D0     		beq	.L75
 196:Drivers/STM32F4xx_HAL_Driver/Src/stm32f4xx_hal_dma_ex.c ****     __HAL_DMA_CLEAR_FLAG (hdma, __HAL_DMA_GET_HT_FLAG_INDEX(hdma));
 500              		.loc 1 196 5 discriminator 53 view .LVU151
 501 01b0 02F58062 		add	r2, r2, #1024
 502 01b4 9342     		cmp	r3, r2
 503 01b6 31D0     		beq	.L76
 196:Drivers/STM32F4xx_HAL_Driver/Src/stm32f4xx_hal_dma_ex.c ****     __HAL_DMA_CLEAR_FLAG (hdma, __HAL_DMA_GET_HT_FLAG_INDEX(hdma));
 504              		.loc 1 196 5 discriminator 55 view .LVU152
 505 01b8 A2F56872 		sub	r2, r2, #928
 506 01bc 9342     		cmp	r3, r2
 507 01be 2FD0     		beq	.L77
 196:Drivers/STM32F4xx_HAL_Driver/Src/stm32f4xx_hal_dma_ex.c ****     __HAL_DMA_CLEAR_FLAG (hdma, __HAL_DMA_GET_HT_FLAG_INDEX(hdma));
 508              		.loc 1 196 5 discriminator 57 view .LVU153
 509 01c0 02F58062 		add	r2, r2, #1024
 510 01c4 9342     		cmp	r3, r2
 511 01c6 2DD0     		beq	.L78
 196:Drivers/STM32F4xx_HAL_Driver/Src/stm32f4xx_hal_dma_ex.c ****     __HAL_DMA_CLEAR_FLAG (hdma, __HAL_DMA_GET_HT_FLAG_INDEX(hdma));
 512              		.loc 1 196 5 discriminator 59 view .LVU154
 513 01c8 A2F58962 		sub	r2, r2, #1096
 514 01cc 9342     		cmp	r3, r2
 515 01ce 2BD0     		beq	.L79
 196:Drivers/STM32F4xx_HAL_Driver/Src/stm32f4xx_hal_dma_ex.c ****     __HAL_DMA_CLEAR_FLAG (hdma, __HAL_DMA_GET_HT_FLAG_INDEX(hdma));
 516              		.loc 1 196 5 discriminator 61 view .LVU155
 517 01d0 02F58062 		add	r2, r2, #1024
 518 01d4 9342     		cmp	r3, r2
 519 01d6 2AD0     		beq	.L80
 196:Drivers/STM32F4xx_HAL_Driver/Src/stm32f4xx_hal_dma_ex.c ****     __HAL_DMA_CLEAR_FLAG (hdma, __HAL_DMA_GET_HT_FLAG_INDEX(hdma));
 520              		.loc 1 196 5 discriminator 63 view .LVU156
 521 01d8 A2F56872 		sub	r2, r2, #928
 522 01dc 9342     		cmp	r3, r2
 523 01de 29D0     		beq	.L81
 196:Drivers/STM32F4xx_HAL_Driver/Src/stm32f4xx_hal_dma_ex.c ****     __HAL_DMA_CLEAR_FLAG (hdma, __HAL_DMA_GET_HT_FLAG_INDEX(hdma));
 524              		.loc 1 196 5 discriminator 65 view .LVU157
 525 01e0 02F58062 		add	r2, r2, #1024
 526 01e4 9342     		cmp	r3, r2
 527 01e6 28D0     		beq	.L82
 196:Drivers/STM32F4xx_HAL_Driver/Src/stm32f4xx_hal_dma_ex.c ****     __HAL_DMA_CLEAR_FLAG (hdma, __HAL_DMA_GET_HT_FLAG_INDEX(hdma));
 528              		.loc 1 196 5 discriminator 67 view .LVU158
 529 01e8 A2F58962 		sub	r2, r2, #1096
 530 01ec 9342     		cmp	r3, r2
ARM GAS  C:\Users\Lenovo\AppData\Local\Temp\cc7qXR7H.s 			page 18


 531 01ee 27D0     		beq	.L83
 196:Drivers/STM32F4xx_HAL_Driver/Src/stm32f4xx_hal_dma_ex.c ****     __HAL_DMA_CLEAR_FLAG (hdma, __HAL_DMA_GET_HT_FLAG_INDEX(hdma));
 532              		.loc 1 196 5 discriminator 69 view .LVU159
 533 01f0 02F58062 		add	r2, r2, #1024
 534 01f4 9342     		cmp	r3, r2
 535 01f6 26D0     		beq	.L84
 196:Drivers/STM32F4xx_HAL_Driver/Src/stm32f4xx_hal_dma_ex.c ****     __HAL_DMA_CLEAR_FLAG (hdma, __HAL_DMA_GET_HT_FLAG_INDEX(hdma));
 536              		.loc 1 196 5 discriminator 71 view .LVU160
 537 01f8 A2F56872 		sub	r2, r2, #928
 538 01fc 9342     		cmp	r3, r2
 539 01fe 25D0     		beq	.L85
 196:Drivers/STM32F4xx_HAL_Driver/Src/stm32f4xx_hal_dma_ex.c ****     __HAL_DMA_CLEAR_FLAG (hdma, __HAL_DMA_GET_HT_FLAG_INDEX(hdma));
 540              		.loc 1 196 5 discriminator 73 view .LVU161
 541 0200 02F58062 		add	r2, r2, #1024
 542 0204 9342     		cmp	r3, r2
 543 0206 02D0     		beq	.L308
 196:Drivers/STM32F4xx_HAL_Driver/Src/stm32f4xx_hal_dma_ex.c ****     __HAL_DMA_CLEAR_FLAG (hdma, __HAL_DMA_GET_HT_FLAG_INDEX(hdma));
 544              		.loc 1 196 5 discriminator 76 view .LVU162
 545 0208 4FF00063 		mov	r3, #134217728
 546 020c 03E0     		b	.L24
 547              	.L308:
 196:Drivers/STM32F4xx_HAL_Driver/Src/stm32f4xx_hal_dma_ex.c ****     __HAL_DMA_CLEAR_FLAG (hdma, __HAL_DMA_GET_HT_FLAG_INDEX(hdma));
 548              		.loc 1 196 5 discriminator 75 view .LVU163
 549 020e 4FF40013 		mov	r3, #2097152
 550 0212 00E0     		b	.L24
 551              	.L75:
 196:Drivers/STM32F4xx_HAL_Driver/Src/stm32f4xx_hal_dma_ex.c ****     __HAL_DMA_CLEAR_FLAG (hdma, __HAL_DMA_GET_HT_FLAG_INDEX(hdma));
 552              		.loc 1 196 5 discriminator 54 view .LVU164
 553 0214 2023     		movs	r3, #32
 554              	.L24:
 196:Drivers/STM32F4xx_HAL_Driver/Src/stm32f4xx_hal_dma_ex.c ****     __HAL_DMA_CLEAR_FLAG (hdma, __HAL_DMA_GET_HT_FLAG_INDEX(hdma));
 555              		.loc 1 196 5 discriminator 100 view .LVU165
 556 0216 3B4A     		ldr	r2, .L327+4
 557 0218 9360     		str	r3, [r2, #8]
 558              	.LVL33:
 196:Drivers/STM32F4xx_HAL_Driver/Src/stm32f4xx_hal_dma_ex.c ****     __HAL_DMA_CLEAR_FLAG (hdma, __HAL_DMA_GET_HT_FLAG_INDEX(hdma));
 559              		.loc 1 196 5 discriminator 100 view .LVU166
 560 021a 64E7     		b	.L22
 561              	.LVL34:
 562              	.L76:
 196:Drivers/STM32F4xx_HAL_Driver/Src/stm32f4xx_hal_dma_ex.c ****     __HAL_DMA_CLEAR_FLAG (hdma, __HAL_DMA_GET_HT_FLAG_INDEX(hdma));
 563              		.loc 1 196 5 discriminator 56 view .LVU167
 564 021c 2023     		movs	r3, #32
 565 021e FAE7     		b	.L24
 566              	.L77:
 196:Drivers/STM32F4xx_HAL_Driver/Src/stm32f4xx_hal_dma_ex.c ****     __HAL_DMA_CLEAR_FLAG (hdma, __HAL_DMA_GET_HT_FLAG_INDEX(hdma));
 567              		.loc 1 196 5 discriminator 58 view .LVU168
 568 0220 2023     		movs	r3, #32
 569 0222 F8E7     		b	.L24
 570              	.L78:
 196:Drivers/STM32F4xx_HAL_Driver/Src/stm32f4xx_hal_dma_ex.c ****     __HAL_DMA_CLEAR_FLAG (hdma, __HAL_DMA_GET_HT_FLAG_INDEX(hdma));
 571              		.loc 1 196 5 discriminator 60 view .LVU169
 572 0224 2023     		movs	r3, #32
 573 0226 F6E7     		b	.L24
 574              	.L79:
 196:Drivers/STM32F4xx_HAL_Driver/Src/stm32f4xx_hal_dma_ex.c ****     __HAL_DMA_CLEAR_FLAG (hdma, __HAL_DMA_GET_HT_FLAG_INDEX(hdma));
 575              		.loc 1 196 5 discriminator 62 view .LVU170
ARM GAS  C:\Users\Lenovo\AppData\Local\Temp\cc7qXR7H.s 			page 19


 576 0228 4FF40063 		mov	r3, #2048
 577 022c F3E7     		b	.L24
 578              	.L80:
 196:Drivers/STM32F4xx_HAL_Driver/Src/stm32f4xx_hal_dma_ex.c ****     __HAL_DMA_CLEAR_FLAG (hdma, __HAL_DMA_GET_HT_FLAG_INDEX(hdma));
 579              		.loc 1 196 5 discriminator 64 view .LVU171
 580 022e 4FF40063 		mov	r3, #2048
 581 0232 F0E7     		b	.L24
 582              	.L81:
 196:Drivers/STM32F4xx_HAL_Driver/Src/stm32f4xx_hal_dma_ex.c ****     __HAL_DMA_CLEAR_FLAG (hdma, __HAL_DMA_GET_HT_FLAG_INDEX(hdma));
 583              		.loc 1 196 5 discriminator 66 view .LVU172
 584 0234 4FF40063 		mov	r3, #2048
 585 0238 EDE7     		b	.L24
 586              	.L82:
 196:Drivers/STM32F4xx_HAL_Driver/Src/stm32f4xx_hal_dma_ex.c ****     __HAL_DMA_CLEAR_FLAG (hdma, __HAL_DMA_GET_HT_FLAG_INDEX(hdma));
 587              		.loc 1 196 5 discriminator 68 view .LVU173
 588 023a 4FF40063 		mov	r3, #2048
 589 023e EAE7     		b	.L24
 590              	.L83:
 196:Drivers/STM32F4xx_HAL_Driver/Src/stm32f4xx_hal_dma_ex.c ****     __HAL_DMA_CLEAR_FLAG (hdma, __HAL_DMA_GET_HT_FLAG_INDEX(hdma));
 591              		.loc 1 196 5 discriminator 70 view .LVU174
 592 0240 4FF40013 		mov	r3, #2097152
 593 0244 E7E7     		b	.L24
 594              	.L84:
 196:Drivers/STM32F4xx_HAL_Driver/Src/stm32f4xx_hal_dma_ex.c ****     __HAL_DMA_CLEAR_FLAG (hdma, __HAL_DMA_GET_HT_FLAG_INDEX(hdma));
 595              		.loc 1 196 5 discriminator 72 view .LVU175
 596 0246 4FF40013 		mov	r3, #2097152
 597 024a E4E7     		b	.L24
 598              	.L85:
 196:Drivers/STM32F4xx_HAL_Driver/Src/stm32f4xx_hal_dma_ex.c ****     __HAL_DMA_CLEAR_FLAG (hdma, __HAL_DMA_GET_HT_FLAG_INDEX(hdma));
 599              		.loc 1 196 5 discriminator 74 view .LVU176
 600 024c 4FF40013 		mov	r3, #2097152
 601 0250 E1E7     		b	.L24
 602              	.L23:
 196:Drivers/STM32F4xx_HAL_Driver/Src/stm32f4xx_hal_dma_ex.c ****     __HAL_DMA_CLEAR_FLAG (hdma, __HAL_DMA_GET_HT_FLAG_INDEX(hdma));
 603              		.loc 1 196 5 discriminator 52 view .LVU177
 604 0252 2E4A     		ldr	r2, .L327+12
 605 0254 9342     		cmp	r3, r2
 606 0256 5DD9     		bls	.L25
 196:Drivers/STM32F4xx_HAL_Driver/Src/stm32f4xx_hal_dma_ex.c ****     __HAL_DMA_CLEAR_FLAG (hdma, __HAL_DMA_GET_HT_FLAG_INDEX(hdma));
 607              		.loc 1 196 5 discriminator 102 view .LVU178
 608 0258 483A     		subs	r2, r2, #72
 609 025a 9342     		cmp	r3, r2
 610 025c 31D0     		beq	.L87
 196:Drivers/STM32F4xx_HAL_Driver/Src/stm32f4xx_hal_dma_ex.c ****     __HAL_DMA_CLEAR_FLAG (hdma, __HAL_DMA_GET_HT_FLAG_INDEX(hdma));
 611              		.loc 1 196 5 discriminator 104 view .LVU179
 612 025e 02F58062 		add	r2, r2, #1024
 613 0262 9342     		cmp	r3, r2
 614 0264 31D0     		beq	.L88
 196:Drivers/STM32F4xx_HAL_Driver/Src/stm32f4xx_hal_dma_ex.c ****     __HAL_DMA_CLEAR_FLAG (hdma, __HAL_DMA_GET_HT_FLAG_INDEX(hdma));
 615              		.loc 1 196 5 discriminator 106 view .LVU180
 616 0266 A2F56872 		sub	r2, r2, #928
 617 026a 9342     		cmp	r3, r2
 618 026c 2FD0     		beq	.L89
 196:Drivers/STM32F4xx_HAL_Driver/Src/stm32f4xx_hal_dma_ex.c ****     __HAL_DMA_CLEAR_FLAG (hdma, __HAL_DMA_GET_HT_FLAG_INDEX(hdma));
 619              		.loc 1 196 5 discriminator 108 view .LVU181
 620 026e 02F58062 		add	r2, r2, #1024
 621 0272 9342     		cmp	r3, r2
ARM GAS  C:\Users\Lenovo\AppData\Local\Temp\cc7qXR7H.s 			page 20


 622 0274 2DD0     		beq	.L90
 196:Drivers/STM32F4xx_HAL_Driver/Src/stm32f4xx_hal_dma_ex.c ****     __HAL_DMA_CLEAR_FLAG (hdma, __HAL_DMA_GET_HT_FLAG_INDEX(hdma));
 623              		.loc 1 196 5 discriminator 110 view .LVU182
 624 0276 A2F58962 		sub	r2, r2, #1096
 625 027a 9342     		cmp	r3, r2
 626 027c 2BD0     		beq	.L91
 196:Drivers/STM32F4xx_HAL_Driver/Src/stm32f4xx_hal_dma_ex.c ****     __HAL_DMA_CLEAR_FLAG (hdma, __HAL_DMA_GET_HT_FLAG_INDEX(hdma));
 627              		.loc 1 196 5 discriminator 112 view .LVU183
 628 027e 02F58062 		add	r2, r2, #1024
 629 0282 9342     		cmp	r3, r2
 630 0284 2AD0     		beq	.L92
 196:Drivers/STM32F4xx_HAL_Driver/Src/stm32f4xx_hal_dma_ex.c ****     __HAL_DMA_CLEAR_FLAG (hdma, __HAL_DMA_GET_HT_FLAG_INDEX(hdma));
 631              		.loc 1 196 5 discriminator 114 view .LVU184
 632 0286 A2F56872 		sub	r2, r2, #928
 633 028a 9342     		cmp	r3, r2
 634 028c 29D0     		beq	.L93
 196:Drivers/STM32F4xx_HAL_Driver/Src/stm32f4xx_hal_dma_ex.c ****     __HAL_DMA_CLEAR_FLAG (hdma, __HAL_DMA_GET_HT_FLAG_INDEX(hdma));
 635              		.loc 1 196 5 discriminator 116 view .LVU185
 636 028e 02F58062 		add	r2, r2, #1024
 637 0292 9342     		cmp	r3, r2
 638 0294 28D0     		beq	.L94
 196:Drivers/STM32F4xx_HAL_Driver/Src/stm32f4xx_hal_dma_ex.c ****     __HAL_DMA_CLEAR_FLAG (hdma, __HAL_DMA_GET_HT_FLAG_INDEX(hdma));
 639              		.loc 1 196 5 discriminator 118 view .LVU186
 640 0296 A2F58962 		sub	r2, r2, #1096
 641 029a 9342     		cmp	r3, r2
 642 029c 27D0     		beq	.L95
 196:Drivers/STM32F4xx_HAL_Driver/Src/stm32f4xx_hal_dma_ex.c ****     __HAL_DMA_CLEAR_FLAG (hdma, __HAL_DMA_GET_HT_FLAG_INDEX(hdma));
 643              		.loc 1 196 5 discriminator 120 view .LVU187
 644 029e 02F58062 		add	r2, r2, #1024
 645 02a2 9342     		cmp	r3, r2
 646 02a4 26D0     		beq	.L96
 196:Drivers/STM32F4xx_HAL_Driver/Src/stm32f4xx_hal_dma_ex.c ****     __HAL_DMA_CLEAR_FLAG (hdma, __HAL_DMA_GET_HT_FLAG_INDEX(hdma));
 647              		.loc 1 196 5 discriminator 122 view .LVU188
 648 02a6 A2F56872 		sub	r2, r2, #928
 649 02aa 9342     		cmp	r3, r2
 650 02ac 25D0     		beq	.L97
 196:Drivers/STM32F4xx_HAL_Driver/Src/stm32f4xx_hal_dma_ex.c ****     __HAL_DMA_CLEAR_FLAG (hdma, __HAL_DMA_GET_HT_FLAG_INDEX(hdma));
 651              		.loc 1 196 5 discriminator 124 view .LVU189
 652 02ae 02F58062 		add	r2, r2, #1024
 653 02b2 9342     		cmp	r3, r2
 654 02b4 02D0     		beq	.L309
 196:Drivers/STM32F4xx_HAL_Driver/Src/stm32f4xx_hal_dma_ex.c ****     __HAL_DMA_CLEAR_FLAG (hdma, __HAL_DMA_GET_HT_FLAG_INDEX(hdma));
 655              		.loc 1 196 5 discriminator 127 view .LVU190
 656 02b6 4FF00063 		mov	r3, #134217728
 657 02ba 03E0     		b	.L26
 658              	.L309:
 196:Drivers/STM32F4xx_HAL_Driver/Src/stm32f4xx_hal_dma_ex.c ****     __HAL_DMA_CLEAR_FLAG (hdma, __HAL_DMA_GET_HT_FLAG_INDEX(hdma));
 659              		.loc 1 196 5 discriminator 126 view .LVU191
 660 02bc 4FF40013 		mov	r3, #2097152
 661 02c0 00E0     		b	.L26
 662              	.L87:
 196:Drivers/STM32F4xx_HAL_Driver/Src/stm32f4xx_hal_dma_ex.c ****     __HAL_DMA_CLEAR_FLAG (hdma, __HAL_DMA_GET_HT_FLAG_INDEX(hdma));
 663              		.loc 1 196 5 discriminator 105 view .LVU192
 664 02c2 2023     		movs	r3, #32
 665              	.L26:
 196:Drivers/STM32F4xx_HAL_Driver/Src/stm32f4xx_hal_dma_ex.c ****     __HAL_DMA_CLEAR_FLAG (hdma, __HAL_DMA_GET_HT_FLAG_INDEX(hdma));
 666              		.loc 1 196 5 discriminator 151 view .LVU193
ARM GAS  C:\Users\Lenovo\AppData\Local\Temp\cc7qXR7H.s 			page 21


 667 02c4 124A     		ldr	r2, .L327+16
 668 02c6 D360     		str	r3, [r2, #12]
 669              	.LVL35:
 196:Drivers/STM32F4xx_HAL_Driver/Src/stm32f4xx_hal_dma_ex.c ****     __HAL_DMA_CLEAR_FLAG (hdma, __HAL_DMA_GET_HT_FLAG_INDEX(hdma));
 670              		.loc 1 196 5 discriminator 151 view .LVU194
 671 02c8 0DE7     		b	.L22
 672              	.LVL36:
 673              	.L88:
 196:Drivers/STM32F4xx_HAL_Driver/Src/stm32f4xx_hal_dma_ex.c ****     __HAL_DMA_CLEAR_FLAG (hdma, __HAL_DMA_GET_HT_FLAG_INDEX(hdma));
 674              		.loc 1 196 5 discriminator 107 view .LVU195
 675 02ca 2023     		movs	r3, #32
 676 02cc FAE7     		b	.L26
 677              	.L89:
 196:Drivers/STM32F4xx_HAL_Driver/Src/stm32f4xx_hal_dma_ex.c ****     __HAL_DMA_CLEAR_FLAG (hdma, __HAL_DMA_GET_HT_FLAG_INDEX(hdma));
 678              		.loc 1 196 5 discriminator 109 view .LVU196
 679 02ce 2023     		movs	r3, #32
 680 02d0 F8E7     		b	.L26
 681              	.L90:
 196:Drivers/STM32F4xx_HAL_Driver/Src/stm32f4xx_hal_dma_ex.c ****     __HAL_DMA_CLEAR_FLAG (hdma, __HAL_DMA_GET_HT_FLAG_INDEX(hdma));
 682              		.loc 1 196 5 discriminator 111 view .LVU197
 683 02d2 2023     		movs	r3, #32
 684 02d4 F6E7     		b	.L26
 685              	.L91:
 196:Drivers/STM32F4xx_HAL_Driver/Src/stm32f4xx_hal_dma_ex.c ****     __HAL_DMA_CLEAR_FLAG (hdma, __HAL_DMA_GET_HT_FLAG_INDEX(hdma));
 686              		.loc 1 196 5 discriminator 113 view .LVU198
 687 02d6 4FF40063 		mov	r3, #2048
 688 02da F3E7     		b	.L26
 689              	.L92:
 196:Drivers/STM32F4xx_HAL_Driver/Src/stm32f4xx_hal_dma_ex.c ****     __HAL_DMA_CLEAR_FLAG (hdma, __HAL_DMA_GET_HT_FLAG_INDEX(hdma));
 690              		.loc 1 196 5 discriminator 115 view .LVU199
 691 02dc 4FF40063 		mov	r3, #2048
 692 02e0 F0E7     		b	.L26
 693              	.L93:
 196:Drivers/STM32F4xx_HAL_Driver/Src/stm32f4xx_hal_dma_ex.c ****     __HAL_DMA_CLEAR_FLAG (hdma, __HAL_DMA_GET_HT_FLAG_INDEX(hdma));
 694              		.loc 1 196 5 discriminator 117 view .LVU200
 695 02e2 4FF40063 		mov	r3, #2048
 696 02e6 EDE7     		b	.L26
 697              	.L94:
 196:Drivers/STM32F4xx_HAL_Driver/Src/stm32f4xx_hal_dma_ex.c ****     __HAL_DMA_CLEAR_FLAG (hdma, __HAL_DMA_GET_HT_FLAG_INDEX(hdma));
 698              		.loc 1 196 5 discriminator 119 view .LVU201
 699 02e8 4FF40063 		mov	r3, #2048
 700 02ec EAE7     		b	.L26
 701              	.L95:
 196:Drivers/STM32F4xx_HAL_Driver/Src/stm32f4xx_hal_dma_ex.c ****     __HAL_DMA_CLEAR_FLAG (hdma, __HAL_DMA_GET_HT_FLAG_INDEX(hdma));
 702              		.loc 1 196 5 discriminator 121 view .LVU202
 703 02ee 4FF40013 		mov	r3, #2097152
 704 02f2 E7E7     		b	.L26
 705              	.L96:
 196:Drivers/STM32F4xx_HAL_Driver/Src/stm32f4xx_hal_dma_ex.c ****     __HAL_DMA_CLEAR_FLAG (hdma, __HAL_DMA_GET_HT_FLAG_INDEX(hdma));
 706              		.loc 1 196 5 discriminator 123 view .LVU203
 707 02f4 4FF40013 		mov	r3, #2097152
 708 02f8 E4E7     		b	.L26
 709              	.L97:
 196:Drivers/STM32F4xx_HAL_Driver/Src/stm32f4xx_hal_dma_ex.c ****     __HAL_DMA_CLEAR_FLAG (hdma, __HAL_DMA_GET_HT_FLAG_INDEX(hdma));
 710              		.loc 1 196 5 discriminator 125 view .LVU204
 711 02fa 4FF40013 		mov	r3, #2097152
 712 02fe E1E7     		b	.L26
ARM GAS  C:\Users\Lenovo\AppData\Local\Temp\cc7qXR7H.s 			page 22


 713              	.L328:
 714              		.align	2
 715              	.L327:
 716 0300 58640240 		.word	1073898584
 717 0304 00640240 		.word	1073898496
 718 0308 B8600240 		.word	1073897656
 719 030c 58600240 		.word	1073897560
 720 0310 00600240 		.word	1073897472
 721              	.L25:
 196:Drivers/STM32F4xx_HAL_Driver/Src/stm32f4xx_hal_dma_ex.c ****     __HAL_DMA_CLEAR_FLAG (hdma, __HAL_DMA_GET_HT_FLAG_INDEX(hdma));
 722              		.loc 1 196 5 discriminator 103 view .LVU205
 723 0314 B14A     		ldr	r2, .L329
 724 0316 9342     		cmp	r3, r2
 725 0318 31D0     		beq	.L99
 196:Drivers/STM32F4xx_HAL_Driver/Src/stm32f4xx_hal_dma_ex.c ****     __HAL_DMA_CLEAR_FLAG (hdma, __HAL_DMA_GET_HT_FLAG_INDEX(hdma));
 726              		.loc 1 196 5 discriminator 153 view .LVU206
 727 031a 02F58062 		add	r2, r2, #1024
 728 031e 9342     		cmp	r3, r2
 729 0320 31D0     		beq	.L100
 196:Drivers/STM32F4xx_HAL_Driver/Src/stm32f4xx_hal_dma_ex.c ****     __HAL_DMA_CLEAR_FLAG (hdma, __HAL_DMA_GET_HT_FLAG_INDEX(hdma));
 730              		.loc 1 196 5 discriminator 155 view .LVU207
 731 0322 A2F56872 		sub	r2, r2, #928
 732 0326 9342     		cmp	r3, r2
 733 0328 2FD0     		beq	.L101
 196:Drivers/STM32F4xx_HAL_Driver/Src/stm32f4xx_hal_dma_ex.c ****     __HAL_DMA_CLEAR_FLAG (hdma, __HAL_DMA_GET_HT_FLAG_INDEX(hdma));
 734              		.loc 1 196 5 discriminator 157 view .LVU208
 735 032a 02F58062 		add	r2, r2, #1024
 736 032e 9342     		cmp	r3, r2
 737 0330 2DD0     		beq	.L102
 196:Drivers/STM32F4xx_HAL_Driver/Src/stm32f4xx_hal_dma_ex.c ****     __HAL_DMA_CLEAR_FLAG (hdma, __HAL_DMA_GET_HT_FLAG_INDEX(hdma));
 738              		.loc 1 196 5 discriminator 159 view .LVU209
 739 0332 A2F58962 		sub	r2, r2, #1096
 740 0336 9342     		cmp	r3, r2
 741 0338 2BD0     		beq	.L103
 196:Drivers/STM32F4xx_HAL_Driver/Src/stm32f4xx_hal_dma_ex.c ****     __HAL_DMA_CLEAR_FLAG (hdma, __HAL_DMA_GET_HT_FLAG_INDEX(hdma));
 742              		.loc 1 196 5 discriminator 161 view .LVU210
 743 033a 02F58062 		add	r2, r2, #1024
 744 033e 9342     		cmp	r3, r2
 745 0340 2AD0     		beq	.L104
 196:Drivers/STM32F4xx_HAL_Driver/Src/stm32f4xx_hal_dma_ex.c ****     __HAL_DMA_CLEAR_FLAG (hdma, __HAL_DMA_GET_HT_FLAG_INDEX(hdma));
 746              		.loc 1 196 5 discriminator 163 view .LVU211
 747 0342 A2F56872 		sub	r2, r2, #928
 748 0346 9342     		cmp	r3, r2
 749 0348 29D0     		beq	.L105
 196:Drivers/STM32F4xx_HAL_Driver/Src/stm32f4xx_hal_dma_ex.c ****     __HAL_DMA_CLEAR_FLAG (hdma, __HAL_DMA_GET_HT_FLAG_INDEX(hdma));
 750              		.loc 1 196 5 discriminator 165 view .LVU212
 751 034a 02F58062 		add	r2, r2, #1024
 752 034e 9342     		cmp	r3, r2
 753 0350 28D0     		beq	.L106
 196:Drivers/STM32F4xx_HAL_Driver/Src/stm32f4xx_hal_dma_ex.c ****     __HAL_DMA_CLEAR_FLAG (hdma, __HAL_DMA_GET_HT_FLAG_INDEX(hdma));
 754              		.loc 1 196 5 discriminator 167 view .LVU213
 755 0352 A2F58962 		sub	r2, r2, #1096
 756 0356 9342     		cmp	r3, r2
 757 0358 27D0     		beq	.L107
 196:Drivers/STM32F4xx_HAL_Driver/Src/stm32f4xx_hal_dma_ex.c ****     __HAL_DMA_CLEAR_FLAG (hdma, __HAL_DMA_GET_HT_FLAG_INDEX(hdma));
 758              		.loc 1 196 5 discriminator 169 view .LVU214
 759 035a 02F58062 		add	r2, r2, #1024
ARM GAS  C:\Users\Lenovo\AppData\Local\Temp\cc7qXR7H.s 			page 23


 760 035e 9342     		cmp	r3, r2
 761 0360 26D0     		beq	.L108
 196:Drivers/STM32F4xx_HAL_Driver/Src/stm32f4xx_hal_dma_ex.c ****     __HAL_DMA_CLEAR_FLAG (hdma, __HAL_DMA_GET_HT_FLAG_INDEX(hdma));
 762              		.loc 1 196 5 discriminator 171 view .LVU215
 763 0362 A2F56872 		sub	r2, r2, #928
 764 0366 9342     		cmp	r3, r2
 765 0368 25D0     		beq	.L109
 196:Drivers/STM32F4xx_HAL_Driver/Src/stm32f4xx_hal_dma_ex.c ****     __HAL_DMA_CLEAR_FLAG (hdma, __HAL_DMA_GET_HT_FLAG_INDEX(hdma));
 766              		.loc 1 196 5 discriminator 173 view .LVU216
 767 036a 02F58062 		add	r2, r2, #1024
 768 036e 9342     		cmp	r3, r2
 769 0370 02D0     		beq	.L310
 196:Drivers/STM32F4xx_HAL_Driver/Src/stm32f4xx_hal_dma_ex.c ****     __HAL_DMA_CLEAR_FLAG (hdma, __HAL_DMA_GET_HT_FLAG_INDEX(hdma));
 770              		.loc 1 196 5 discriminator 176 view .LVU217
 771 0372 4FF00063 		mov	r3, #134217728
 772 0376 03E0     		b	.L27
 773              	.L310:
 196:Drivers/STM32F4xx_HAL_Driver/Src/stm32f4xx_hal_dma_ex.c ****     __HAL_DMA_CLEAR_FLAG (hdma, __HAL_DMA_GET_HT_FLAG_INDEX(hdma));
 774              		.loc 1 196 5 discriminator 175 view .LVU218
 775 0378 4FF40013 		mov	r3, #2097152
 776 037c 00E0     		b	.L27
 777              	.L99:
 196:Drivers/STM32F4xx_HAL_Driver/Src/stm32f4xx_hal_dma_ex.c ****     __HAL_DMA_CLEAR_FLAG (hdma, __HAL_DMA_GET_HT_FLAG_INDEX(hdma));
 778              		.loc 1 196 5 discriminator 154 view .LVU219
 779 037e 2023     		movs	r3, #32
 780              	.L27:
 196:Drivers/STM32F4xx_HAL_Driver/Src/stm32f4xx_hal_dma_ex.c ****     __HAL_DMA_CLEAR_FLAG (hdma, __HAL_DMA_GET_HT_FLAG_INDEX(hdma));
 781              		.loc 1 196 5 discriminator 200 view .LVU220
 782 0380 974A     		ldr	r2, .L329+4
 783 0382 9360     		str	r3, [r2, #8]
 784              	.LVL37:
 196:Drivers/STM32F4xx_HAL_Driver/Src/stm32f4xx_hal_dma_ex.c ****     __HAL_DMA_CLEAR_FLAG (hdma, __HAL_DMA_GET_HT_FLAG_INDEX(hdma));
 785              		.loc 1 196 5 discriminator 200 view .LVU221
 786 0384 AFE6     		b	.L22
 787              	.LVL38:
 788              	.L100:
 196:Drivers/STM32F4xx_HAL_Driver/Src/stm32f4xx_hal_dma_ex.c ****     __HAL_DMA_CLEAR_FLAG (hdma, __HAL_DMA_GET_HT_FLAG_INDEX(hdma));
 789              		.loc 1 196 5 discriminator 156 view .LVU222
 790 0386 2023     		movs	r3, #32
 791 0388 FAE7     		b	.L27
 792              	.L101:
 196:Drivers/STM32F4xx_HAL_Driver/Src/stm32f4xx_hal_dma_ex.c ****     __HAL_DMA_CLEAR_FLAG (hdma, __HAL_DMA_GET_HT_FLAG_INDEX(hdma));
 793              		.loc 1 196 5 discriminator 158 view .LVU223
 794 038a 2023     		movs	r3, #32
 795 038c F8E7     		b	.L27
 796              	.L102:
 196:Drivers/STM32F4xx_HAL_Driver/Src/stm32f4xx_hal_dma_ex.c ****     __HAL_DMA_CLEAR_FLAG (hdma, __HAL_DMA_GET_HT_FLAG_INDEX(hdma));
 797              		.loc 1 196 5 discriminator 160 view .LVU224
 798 038e 2023     		movs	r3, #32
 799 0390 F6E7     		b	.L27
 800              	.L103:
 196:Drivers/STM32F4xx_HAL_Driver/Src/stm32f4xx_hal_dma_ex.c ****     __HAL_DMA_CLEAR_FLAG (hdma, __HAL_DMA_GET_HT_FLAG_INDEX(hdma));
 801              		.loc 1 196 5 discriminator 162 view .LVU225
 802 0392 4FF40063 		mov	r3, #2048
 803 0396 F3E7     		b	.L27
 804              	.L104:
 196:Drivers/STM32F4xx_HAL_Driver/Src/stm32f4xx_hal_dma_ex.c ****     __HAL_DMA_CLEAR_FLAG (hdma, __HAL_DMA_GET_HT_FLAG_INDEX(hdma));
ARM GAS  C:\Users\Lenovo\AppData\Local\Temp\cc7qXR7H.s 			page 24


 805              		.loc 1 196 5 discriminator 164 view .LVU226
 806 0398 4FF40063 		mov	r3, #2048
 807 039c F0E7     		b	.L27
 808              	.L105:
 196:Drivers/STM32F4xx_HAL_Driver/Src/stm32f4xx_hal_dma_ex.c ****     __HAL_DMA_CLEAR_FLAG (hdma, __HAL_DMA_GET_HT_FLAG_INDEX(hdma));
 809              		.loc 1 196 5 discriminator 166 view .LVU227
 810 039e 4FF40063 		mov	r3, #2048
 811 03a2 EDE7     		b	.L27
 812              	.L106:
 196:Drivers/STM32F4xx_HAL_Driver/Src/stm32f4xx_hal_dma_ex.c ****     __HAL_DMA_CLEAR_FLAG (hdma, __HAL_DMA_GET_HT_FLAG_INDEX(hdma));
 813              		.loc 1 196 5 discriminator 168 view .LVU228
 814 03a4 4FF40063 		mov	r3, #2048
 815 03a8 EAE7     		b	.L27
 816              	.L107:
 196:Drivers/STM32F4xx_HAL_Driver/Src/stm32f4xx_hal_dma_ex.c ****     __HAL_DMA_CLEAR_FLAG (hdma, __HAL_DMA_GET_HT_FLAG_INDEX(hdma));
 817              		.loc 1 196 5 discriminator 170 view .LVU229
 818 03aa 4FF40013 		mov	r3, #2097152
 819 03ae E7E7     		b	.L27
 820              	.L108:
 196:Drivers/STM32F4xx_HAL_Driver/Src/stm32f4xx_hal_dma_ex.c ****     __HAL_DMA_CLEAR_FLAG (hdma, __HAL_DMA_GET_HT_FLAG_INDEX(hdma));
 821              		.loc 1 196 5 discriminator 172 view .LVU230
 822 03b0 4FF40013 		mov	r3, #2097152
 823 03b4 E4E7     		b	.L27
 824              	.L109:
 196:Drivers/STM32F4xx_HAL_Driver/Src/stm32f4xx_hal_dma_ex.c ****     __HAL_DMA_CLEAR_FLAG (hdma, __HAL_DMA_GET_HT_FLAG_INDEX(hdma));
 825              		.loc 1 196 5 discriminator 174 view .LVU231
 826 03b6 4FF40013 		mov	r3, #2097152
 827 03ba E1E7     		b	.L27
 828              	.LVL39:
 829              	.L307:
 197:Drivers/STM32F4xx_HAL_Driver/Src/stm32f4xx_hal_dma_ex.c ****     __HAL_DMA_CLEAR_FLAG (hdma, __HAL_DMA_GET_TE_FLAG_INDEX(hdma));
 830              		.loc 1 197 5 discriminator 25 view .LVU232
 831 03bc 4FF48012 		mov	r2, #1048576
 832 03c0 00E0     		b	.L29
 833              	.L111:
 197:Drivers/STM32F4xx_HAL_Driver/Src/stm32f4xx_hal_dma_ex.c ****     __HAL_DMA_CLEAR_FLAG (hdma, __HAL_DMA_GET_TE_FLAG_INDEX(hdma));
 834              		.loc 1 197 5 discriminator 4 view .LVU233
 835 03c2 1022     		movs	r2, #16
 836              	.L29:
 197:Drivers/STM32F4xx_HAL_Driver/Src/stm32f4xx_hal_dma_ex.c ****     __HAL_DMA_CLEAR_FLAG (hdma, __HAL_DMA_GET_TE_FLAG_INDEX(hdma));
 837              		.loc 1 197 5 discriminator 50 view .LVU234
 838 03c4 874B     		ldr	r3, .L329+8
 839 03c6 DA60     		str	r2, [r3, #12]
 840              	.L30:
 198:Drivers/STM32F4xx_HAL_Driver/Src/stm32f4xx_hal_dma_ex.c ****     __HAL_DMA_CLEAR_FLAG (hdma, __HAL_DMA_GET_DME_FLAG_INDEX(hdma));
 841              		.loc 1 198 5 is_stmt 1 view .LVU235
 842 03c8 2368     		ldr	r3, [r4]
 843 03ca 874A     		ldr	r2, .L329+12
 844 03cc 9342     		cmp	r3, r2
 845 03ce 40F2CD81 		bls	.L36
 198:Drivers/STM32F4xx_HAL_Driver/Src/stm32f4xx_hal_dma_ex.c ****     __HAL_DMA_CLEAR_FLAG (hdma, __HAL_DMA_GET_DME_FLAG_INDEX(hdma));
 846              		.loc 1 198 5 is_stmt 0 discriminator 1 view .LVU236
 847 03d2 A2F58962 		sub	r2, r2, #1096
 848 03d6 9342     		cmp	r3, r2
 849 03d8 00F06681 		beq	.L159
 198:Drivers/STM32F4xx_HAL_Driver/Src/stm32f4xx_hal_dma_ex.c ****     __HAL_DMA_CLEAR_FLAG (hdma, __HAL_DMA_GET_DME_FLAG_INDEX(hdma));
 850              		.loc 1 198 5 discriminator 3 view .LVU237
ARM GAS  C:\Users\Lenovo\AppData\Local\Temp\cc7qXR7H.s 			page 25


 851 03dc 02F58062 		add	r2, r2, #1024
 852 03e0 9342     		cmp	r3, r2
 853 03e2 00F0A881 		beq	.L160
 198:Drivers/STM32F4xx_HAL_Driver/Src/stm32f4xx_hal_dma_ex.c ****     __HAL_DMA_CLEAR_FLAG (hdma, __HAL_DMA_GET_DME_FLAG_INDEX(hdma));
 854              		.loc 1 198 5 discriminator 5 view .LVU238
 855 03e6 A2F56872 		sub	r2, r2, #928
 856 03ea 9342     		cmp	r3, r2
 857 03ec 00F0A581 		beq	.L161
 198:Drivers/STM32F4xx_HAL_Driver/Src/stm32f4xx_hal_dma_ex.c ****     __HAL_DMA_CLEAR_FLAG (hdma, __HAL_DMA_GET_DME_FLAG_INDEX(hdma));
 858              		.loc 1 198 5 discriminator 7 view .LVU239
 859 03f0 02F58062 		add	r2, r2, #1024
 860 03f4 9342     		cmp	r3, r2
 861 03f6 00F0A281 		beq	.L162
 198:Drivers/STM32F4xx_HAL_Driver/Src/stm32f4xx_hal_dma_ex.c ****     __HAL_DMA_CLEAR_FLAG (hdma, __HAL_DMA_GET_DME_FLAG_INDEX(hdma));
 862              		.loc 1 198 5 discriminator 9 view .LVU240
 863 03fa A2F58962 		sub	r2, r2, #1096
 864 03fe 9342     		cmp	r3, r2
 865 0400 00F09F81 		beq	.L163
 198:Drivers/STM32F4xx_HAL_Driver/Src/stm32f4xx_hal_dma_ex.c ****     __HAL_DMA_CLEAR_FLAG (hdma, __HAL_DMA_GET_DME_FLAG_INDEX(hdma));
 866              		.loc 1 198 5 discriminator 11 view .LVU241
 867 0404 02F58062 		add	r2, r2, #1024
 868 0408 9342     		cmp	r3, r2
 869 040a 00F09D81 		beq	.L164
 198:Drivers/STM32F4xx_HAL_Driver/Src/stm32f4xx_hal_dma_ex.c ****     __HAL_DMA_CLEAR_FLAG (hdma, __HAL_DMA_GET_DME_FLAG_INDEX(hdma));
 870              		.loc 1 198 5 discriminator 13 view .LVU242
 871 040e A2F56872 		sub	r2, r2, #928
 872 0412 9342     		cmp	r3, r2
 873 0414 00F09B81 		beq	.L165
 198:Drivers/STM32F4xx_HAL_Driver/Src/stm32f4xx_hal_dma_ex.c ****     __HAL_DMA_CLEAR_FLAG (hdma, __HAL_DMA_GET_DME_FLAG_INDEX(hdma));
 874              		.loc 1 198 5 discriminator 15 view .LVU243
 875 0418 02F58062 		add	r2, r2, #1024
 876 041c 9342     		cmp	r3, r2
 877 041e 00F09981 		beq	.L166
 198:Drivers/STM32F4xx_HAL_Driver/Src/stm32f4xx_hal_dma_ex.c ****     __HAL_DMA_CLEAR_FLAG (hdma, __HAL_DMA_GET_DME_FLAG_INDEX(hdma));
 878              		.loc 1 198 5 discriminator 17 view .LVU244
 879 0422 A2F58962 		sub	r2, r2, #1096
 880 0426 9342     		cmp	r3, r2
 881 0428 00F09781 		beq	.L167
 198:Drivers/STM32F4xx_HAL_Driver/Src/stm32f4xx_hal_dma_ex.c ****     __HAL_DMA_CLEAR_FLAG (hdma, __HAL_DMA_GET_DME_FLAG_INDEX(hdma));
 882              		.loc 1 198 5 discriminator 19 view .LVU245
 883 042c 02F58062 		add	r2, r2, #1024
 884 0430 9342     		cmp	r3, r2
 885 0432 00F09581 		beq	.L168
 198:Drivers/STM32F4xx_HAL_Driver/Src/stm32f4xx_hal_dma_ex.c ****     __HAL_DMA_CLEAR_FLAG (hdma, __HAL_DMA_GET_DME_FLAG_INDEX(hdma));
 886              		.loc 1 198 5 discriminator 21 view .LVU246
 887 0436 A2F56872 		sub	r2, r2, #928
 888 043a 9342     		cmp	r3, r2
 889 043c 00F09381 		beq	.L169
 198:Drivers/STM32F4xx_HAL_Driver/Src/stm32f4xx_hal_dma_ex.c ****     __HAL_DMA_CLEAR_FLAG (hdma, __HAL_DMA_GET_DME_FLAG_INDEX(hdma));
 890              		.loc 1 198 5 discriminator 23 view .LVU247
 891 0440 02F58062 		add	r2, r2, #1024
 892 0444 9342     		cmp	r3, r2
 893 0446 00F02C81 		beq	.L311
 198:Drivers/STM32F4xx_HAL_Driver/Src/stm32f4xx_hal_dma_ex.c ****     __HAL_DMA_CLEAR_FLAG (hdma, __HAL_DMA_GET_DME_FLAG_INDEX(hdma));
 894              		.loc 1 198 5 discriminator 26 view .LVU248
 895 044a 4FF00072 		mov	r2, #33554432
 896 044e 2CE1     		b	.L37
ARM GAS  C:\Users\Lenovo\AppData\Local\Temp\cc7qXR7H.s 			page 26


 897              	.L112:
 197:Drivers/STM32F4xx_HAL_Driver/Src/stm32f4xx_hal_dma_ex.c ****     __HAL_DMA_CLEAR_FLAG (hdma, __HAL_DMA_GET_TE_FLAG_INDEX(hdma));
 898              		.loc 1 197 5 discriminator 6 view .LVU249
 899 0450 1022     		movs	r2, #16
 900 0452 B7E7     		b	.L29
 901              	.L113:
 197:Drivers/STM32F4xx_HAL_Driver/Src/stm32f4xx_hal_dma_ex.c ****     __HAL_DMA_CLEAR_FLAG (hdma, __HAL_DMA_GET_TE_FLAG_INDEX(hdma));
 902              		.loc 1 197 5 discriminator 8 view .LVU250
 903 0454 1022     		movs	r2, #16
 904 0456 B5E7     		b	.L29
 905              	.L114:
 197:Drivers/STM32F4xx_HAL_Driver/Src/stm32f4xx_hal_dma_ex.c ****     __HAL_DMA_CLEAR_FLAG (hdma, __HAL_DMA_GET_TE_FLAG_INDEX(hdma));
 906              		.loc 1 197 5 discriminator 10 view .LVU251
 907 0458 1022     		movs	r2, #16
 908 045a B3E7     		b	.L29
 909              	.L115:
 197:Drivers/STM32F4xx_HAL_Driver/Src/stm32f4xx_hal_dma_ex.c ****     __HAL_DMA_CLEAR_FLAG (hdma, __HAL_DMA_GET_TE_FLAG_INDEX(hdma));
 910              		.loc 1 197 5 discriminator 12 view .LVU252
 911 045c 4FF48062 		mov	r2, #1024
 912 0460 B0E7     		b	.L29
 913              	.L116:
 197:Drivers/STM32F4xx_HAL_Driver/Src/stm32f4xx_hal_dma_ex.c ****     __HAL_DMA_CLEAR_FLAG (hdma, __HAL_DMA_GET_TE_FLAG_INDEX(hdma));
 914              		.loc 1 197 5 discriminator 14 view .LVU253
 915 0462 4FF48062 		mov	r2, #1024
 916 0466 ADE7     		b	.L29
 917              	.L117:
 197:Drivers/STM32F4xx_HAL_Driver/Src/stm32f4xx_hal_dma_ex.c ****     __HAL_DMA_CLEAR_FLAG (hdma, __HAL_DMA_GET_TE_FLAG_INDEX(hdma));
 918              		.loc 1 197 5 discriminator 16 view .LVU254
 919 0468 4FF48062 		mov	r2, #1024
 920 046c AAE7     		b	.L29
 921              	.L118:
 197:Drivers/STM32F4xx_HAL_Driver/Src/stm32f4xx_hal_dma_ex.c ****     __HAL_DMA_CLEAR_FLAG (hdma, __HAL_DMA_GET_TE_FLAG_INDEX(hdma));
 922              		.loc 1 197 5 discriminator 18 view .LVU255
 923 046e 4FF48062 		mov	r2, #1024
 924 0472 A7E7     		b	.L29
 925              	.L119:
 197:Drivers/STM32F4xx_HAL_Driver/Src/stm32f4xx_hal_dma_ex.c ****     __HAL_DMA_CLEAR_FLAG (hdma, __HAL_DMA_GET_TE_FLAG_INDEX(hdma));
 926              		.loc 1 197 5 discriminator 20 view .LVU256
 927 0474 4FF48012 		mov	r2, #1048576
 928 0478 A4E7     		b	.L29
 929              	.L120:
 197:Drivers/STM32F4xx_HAL_Driver/Src/stm32f4xx_hal_dma_ex.c ****     __HAL_DMA_CLEAR_FLAG (hdma, __HAL_DMA_GET_TE_FLAG_INDEX(hdma));
 930              		.loc 1 197 5 discriminator 22 view .LVU257
 931 047a 4FF48012 		mov	r2, #1048576
 932 047e A1E7     		b	.L29
 933              	.L121:
 197:Drivers/STM32F4xx_HAL_Driver/Src/stm32f4xx_hal_dma_ex.c ****     __HAL_DMA_CLEAR_FLAG (hdma, __HAL_DMA_GET_TE_FLAG_INDEX(hdma));
 934              		.loc 1 197 5 discriminator 24 view .LVU258
 935 0480 4FF48012 		mov	r2, #1048576
 936 0484 9EE7     		b	.L29
 937              	.L28:
 197:Drivers/STM32F4xx_HAL_Driver/Src/stm32f4xx_hal_dma_ex.c ****     __HAL_DMA_CLEAR_FLAG (hdma, __HAL_DMA_GET_TE_FLAG_INDEX(hdma));
 938              		.loc 1 197 5 discriminator 2 view .LVU259
 939 0486 594A     		ldr	r2, .L329+16
 940 0488 9342     		cmp	r3, r2
 941 048a 53D9     		bls	.L31
 197:Drivers/STM32F4xx_HAL_Driver/Src/stm32f4xx_hal_dma_ex.c ****     __HAL_DMA_CLEAR_FLAG (hdma, __HAL_DMA_GET_TE_FLAG_INDEX(hdma));
ARM GAS  C:\Users\Lenovo\AppData\Local\Temp\cc7qXR7H.s 			page 27


 942              		.loc 1 197 5 discriminator 51 view .LVU260
 943 048c A83A     		subs	r2, r2, #168
 944 048e 9342     		cmp	r3, r2
 945 0490 31D0     		beq	.L123
 197:Drivers/STM32F4xx_HAL_Driver/Src/stm32f4xx_hal_dma_ex.c ****     __HAL_DMA_CLEAR_FLAG (hdma, __HAL_DMA_GET_TE_FLAG_INDEX(hdma));
 946              		.loc 1 197 5 discriminator 53 view .LVU261
 947 0492 02F58062 		add	r2, r2, #1024
 948 0496 9342     		cmp	r3, r2
 949 0498 31D0     		beq	.L124
 197:Drivers/STM32F4xx_HAL_Driver/Src/stm32f4xx_hal_dma_ex.c ****     __HAL_DMA_CLEAR_FLAG (hdma, __HAL_DMA_GET_TE_FLAG_INDEX(hdma));
 950              		.loc 1 197 5 discriminator 55 view .LVU262
 951 049a A2F56872 		sub	r2, r2, #928
 952 049e 9342     		cmp	r3, r2
 953 04a0 2FD0     		beq	.L125
 197:Drivers/STM32F4xx_HAL_Driver/Src/stm32f4xx_hal_dma_ex.c ****     __HAL_DMA_CLEAR_FLAG (hdma, __HAL_DMA_GET_TE_FLAG_INDEX(hdma));
 954              		.loc 1 197 5 discriminator 57 view .LVU263
 955 04a2 02F58062 		add	r2, r2, #1024
 956 04a6 9342     		cmp	r3, r2
 957 04a8 2DD0     		beq	.L126
 197:Drivers/STM32F4xx_HAL_Driver/Src/stm32f4xx_hal_dma_ex.c ****     __HAL_DMA_CLEAR_FLAG (hdma, __HAL_DMA_GET_TE_FLAG_INDEX(hdma));
 958              		.loc 1 197 5 discriminator 59 view .LVU264
 959 04aa A2F58962 		sub	r2, r2, #1096
 960 04ae 9342     		cmp	r3, r2
 961 04b0 2BD0     		beq	.L127
 197:Drivers/STM32F4xx_HAL_Driver/Src/stm32f4xx_hal_dma_ex.c ****     __HAL_DMA_CLEAR_FLAG (hdma, __HAL_DMA_GET_TE_FLAG_INDEX(hdma));
 962              		.loc 1 197 5 discriminator 61 view .LVU265
 963 04b2 02F58062 		add	r2, r2, #1024
 964 04b6 9342     		cmp	r3, r2
 965 04b8 2AD0     		beq	.L128
 197:Drivers/STM32F4xx_HAL_Driver/Src/stm32f4xx_hal_dma_ex.c ****     __HAL_DMA_CLEAR_FLAG (hdma, __HAL_DMA_GET_TE_FLAG_INDEX(hdma));
 966              		.loc 1 197 5 discriminator 63 view .LVU266
 967 04ba A2F56872 		sub	r2, r2, #928
 968 04be 9342     		cmp	r3, r2
 969 04c0 29D0     		beq	.L129
 197:Drivers/STM32F4xx_HAL_Driver/Src/stm32f4xx_hal_dma_ex.c ****     __HAL_DMA_CLEAR_FLAG (hdma, __HAL_DMA_GET_TE_FLAG_INDEX(hdma));
 970              		.loc 1 197 5 discriminator 65 view .LVU267
 971 04c2 02F58062 		add	r2, r2, #1024
 972 04c6 9342     		cmp	r3, r2
 973 04c8 28D0     		beq	.L130
 197:Drivers/STM32F4xx_HAL_Driver/Src/stm32f4xx_hal_dma_ex.c ****     __HAL_DMA_CLEAR_FLAG (hdma, __HAL_DMA_GET_TE_FLAG_INDEX(hdma));
 974              		.loc 1 197 5 discriminator 67 view .LVU268
 975 04ca A2F58962 		sub	r2, r2, #1096
 976 04ce 9342     		cmp	r3, r2
 977 04d0 27D0     		beq	.L131
 197:Drivers/STM32F4xx_HAL_Driver/Src/stm32f4xx_hal_dma_ex.c ****     __HAL_DMA_CLEAR_FLAG (hdma, __HAL_DMA_GET_TE_FLAG_INDEX(hdma));
 978              		.loc 1 197 5 discriminator 69 view .LVU269
 979 04d2 02F58062 		add	r2, r2, #1024
 980 04d6 9342     		cmp	r3, r2
 981 04d8 26D0     		beq	.L132
 197:Drivers/STM32F4xx_HAL_Driver/Src/stm32f4xx_hal_dma_ex.c ****     __HAL_DMA_CLEAR_FLAG (hdma, __HAL_DMA_GET_TE_FLAG_INDEX(hdma));
 982              		.loc 1 197 5 discriminator 71 view .LVU270
 983 04da A2F56872 		sub	r2, r2, #928
 984 04de 9342     		cmp	r3, r2
 985 04e0 25D0     		beq	.L133
 197:Drivers/STM32F4xx_HAL_Driver/Src/stm32f4xx_hal_dma_ex.c ****     __HAL_DMA_CLEAR_FLAG (hdma, __HAL_DMA_GET_TE_FLAG_INDEX(hdma));
 986              		.loc 1 197 5 discriminator 73 view .LVU271
 987 04e2 02F58062 		add	r2, r2, #1024
ARM GAS  C:\Users\Lenovo\AppData\Local\Temp\cc7qXR7H.s 			page 28


 988 04e6 9342     		cmp	r3, r2
 989 04e8 02D0     		beq	.L312
 197:Drivers/STM32F4xx_HAL_Driver/Src/stm32f4xx_hal_dma_ex.c ****     __HAL_DMA_CLEAR_FLAG (hdma, __HAL_DMA_GET_TE_FLAG_INDEX(hdma));
 990              		.loc 1 197 5 discriminator 76 view .LVU272
 991 04ea 4FF08063 		mov	r3, #67108864
 992 04ee 03E0     		b	.L32
 993              	.L312:
 197:Drivers/STM32F4xx_HAL_Driver/Src/stm32f4xx_hal_dma_ex.c ****     __HAL_DMA_CLEAR_FLAG (hdma, __HAL_DMA_GET_TE_FLAG_INDEX(hdma));
 994              		.loc 1 197 5 discriminator 75 view .LVU273
 995 04f0 4FF48013 		mov	r3, #1048576
 996 04f4 00E0     		b	.L32
 997              	.L123:
 197:Drivers/STM32F4xx_HAL_Driver/Src/stm32f4xx_hal_dma_ex.c ****     __HAL_DMA_CLEAR_FLAG (hdma, __HAL_DMA_GET_TE_FLAG_INDEX(hdma));
 998              		.loc 1 197 5 discriminator 54 view .LVU274
 999 04f6 1023     		movs	r3, #16
 1000              	.L32:
 197:Drivers/STM32F4xx_HAL_Driver/Src/stm32f4xx_hal_dma_ex.c ****     __HAL_DMA_CLEAR_FLAG (hdma, __HAL_DMA_GET_TE_FLAG_INDEX(hdma));
 1001              		.loc 1 197 5 discriminator 100 view .LVU275
 1002 04f8 3A4A     		ldr	r2, .L329+8
 1003 04fa 9360     		str	r3, [r2, #8]
 1004 04fc 64E7     		b	.L30
 1005              	.L124:
 197:Drivers/STM32F4xx_HAL_Driver/Src/stm32f4xx_hal_dma_ex.c ****     __HAL_DMA_CLEAR_FLAG (hdma, __HAL_DMA_GET_TE_FLAG_INDEX(hdma));
 1006              		.loc 1 197 5 discriminator 56 view .LVU276
 1007 04fe 1023     		movs	r3, #16
 1008 0500 FAE7     		b	.L32
 1009              	.L125:
 197:Drivers/STM32F4xx_HAL_Driver/Src/stm32f4xx_hal_dma_ex.c ****     __HAL_DMA_CLEAR_FLAG (hdma, __HAL_DMA_GET_TE_FLAG_INDEX(hdma));
 1010              		.loc 1 197 5 discriminator 58 view .LVU277
 1011 0502 1023     		movs	r3, #16
 1012 0504 F8E7     		b	.L32
 1013              	.L126:
 197:Drivers/STM32F4xx_HAL_Driver/Src/stm32f4xx_hal_dma_ex.c ****     __HAL_DMA_CLEAR_FLAG (hdma, __HAL_DMA_GET_TE_FLAG_INDEX(hdma));
 1014              		.loc 1 197 5 discriminator 60 view .LVU278
 1015 0506 1023     		movs	r3, #16
 1016 0508 F6E7     		b	.L32
 1017              	.L127:
 197:Drivers/STM32F4xx_HAL_Driver/Src/stm32f4xx_hal_dma_ex.c ****     __HAL_DMA_CLEAR_FLAG (hdma, __HAL_DMA_GET_TE_FLAG_INDEX(hdma));
 1018              		.loc 1 197 5 discriminator 62 view .LVU279
 1019 050a 4FF48063 		mov	r3, #1024
 1020 050e F3E7     		b	.L32
 1021              	.L128:
 197:Drivers/STM32F4xx_HAL_Driver/Src/stm32f4xx_hal_dma_ex.c ****     __HAL_DMA_CLEAR_FLAG (hdma, __HAL_DMA_GET_TE_FLAG_INDEX(hdma));
 1022              		.loc 1 197 5 discriminator 64 view .LVU280
 1023 0510 4FF48063 		mov	r3, #1024
 1024 0514 F0E7     		b	.L32
 1025              	.L129:
 197:Drivers/STM32F4xx_HAL_Driver/Src/stm32f4xx_hal_dma_ex.c ****     __HAL_DMA_CLEAR_FLAG (hdma, __HAL_DMA_GET_TE_FLAG_INDEX(hdma));
 1026              		.loc 1 197 5 discriminator 66 view .LVU281
 1027 0516 4FF48063 		mov	r3, #1024
 1028 051a EDE7     		b	.L32
 1029              	.L130:
 197:Drivers/STM32F4xx_HAL_Driver/Src/stm32f4xx_hal_dma_ex.c ****     __HAL_DMA_CLEAR_FLAG (hdma, __HAL_DMA_GET_TE_FLAG_INDEX(hdma));
 1030              		.loc 1 197 5 discriminator 68 view .LVU282
 1031 051c 4FF48063 		mov	r3, #1024
 1032 0520 EAE7     		b	.L32
 1033              	.L131:
ARM GAS  C:\Users\Lenovo\AppData\Local\Temp\cc7qXR7H.s 			page 29


 197:Drivers/STM32F4xx_HAL_Driver/Src/stm32f4xx_hal_dma_ex.c ****     __HAL_DMA_CLEAR_FLAG (hdma, __HAL_DMA_GET_TE_FLAG_INDEX(hdma));
 1034              		.loc 1 197 5 discriminator 70 view .LVU283
 1035 0522 4FF48013 		mov	r3, #1048576
 1036 0526 E7E7     		b	.L32
 1037              	.L132:
 197:Drivers/STM32F4xx_HAL_Driver/Src/stm32f4xx_hal_dma_ex.c ****     __HAL_DMA_CLEAR_FLAG (hdma, __HAL_DMA_GET_TE_FLAG_INDEX(hdma));
 1038              		.loc 1 197 5 discriminator 72 view .LVU284
 1039 0528 4FF48013 		mov	r3, #1048576
 1040 052c E4E7     		b	.L32
 1041              	.L133:
 197:Drivers/STM32F4xx_HAL_Driver/Src/stm32f4xx_hal_dma_ex.c ****     __HAL_DMA_CLEAR_FLAG (hdma, __HAL_DMA_GET_TE_FLAG_INDEX(hdma));
 1042              		.loc 1 197 5 discriminator 74 view .LVU285
 1043 052e 4FF48013 		mov	r3, #1048576
 1044 0532 E1E7     		b	.L32
 1045              	.L31:
 197:Drivers/STM32F4xx_HAL_Driver/Src/stm32f4xx_hal_dma_ex.c ****     __HAL_DMA_CLEAR_FLAG (hdma, __HAL_DMA_GET_TE_FLAG_INDEX(hdma));
 1046              		.loc 1 197 5 discriminator 52 view .LVU286
 1047 0534 2E4A     		ldr	r2, .L329+20
 1048 0536 9342     		cmp	r3, r2
 1049 0538 5FD9     		bls	.L33
 197:Drivers/STM32F4xx_HAL_Driver/Src/stm32f4xx_hal_dma_ex.c ****     __HAL_DMA_CLEAR_FLAG (hdma, __HAL_DMA_GET_TE_FLAG_INDEX(hdma));
 1050              		.loc 1 197 5 discriminator 102 view .LVU287
 1051 053a 483A     		subs	r2, r2, #72
 1052 053c 9342     		cmp	r3, r2
 1053 053e 31D0     		beq	.L135
 197:Drivers/STM32F4xx_HAL_Driver/Src/stm32f4xx_hal_dma_ex.c ****     __HAL_DMA_CLEAR_FLAG (hdma, __HAL_DMA_GET_TE_FLAG_INDEX(hdma));
 1054              		.loc 1 197 5 discriminator 104 view .LVU288
 1055 0540 02F58062 		add	r2, r2, #1024
 1056 0544 9342     		cmp	r3, r2
 1057 0546 31D0     		beq	.L136
 197:Drivers/STM32F4xx_HAL_Driver/Src/stm32f4xx_hal_dma_ex.c ****     __HAL_DMA_CLEAR_FLAG (hdma, __HAL_DMA_GET_TE_FLAG_INDEX(hdma));
 1058              		.loc 1 197 5 discriminator 106 view .LVU289
 1059 0548 A2F56872 		sub	r2, r2, #928
 1060 054c 9342     		cmp	r3, r2
 1061 054e 2FD0     		beq	.L137
 197:Drivers/STM32F4xx_HAL_Driver/Src/stm32f4xx_hal_dma_ex.c ****     __HAL_DMA_CLEAR_FLAG (hdma, __HAL_DMA_GET_TE_FLAG_INDEX(hdma));
 1062              		.loc 1 197 5 discriminator 108 view .LVU290
 1063 0550 02F58062 		add	r2, r2, #1024
 1064 0554 9342     		cmp	r3, r2
 1065 0556 2DD0     		beq	.L138
 197:Drivers/STM32F4xx_HAL_Driver/Src/stm32f4xx_hal_dma_ex.c ****     __HAL_DMA_CLEAR_FLAG (hdma, __HAL_DMA_GET_TE_FLAG_INDEX(hdma));
 1066              		.loc 1 197 5 discriminator 110 view .LVU291
 1067 0558 A2F58962 		sub	r2, r2, #1096
 1068 055c 9342     		cmp	r3, r2
 1069 055e 2BD0     		beq	.L139
 197:Drivers/STM32F4xx_HAL_Driver/Src/stm32f4xx_hal_dma_ex.c ****     __HAL_DMA_CLEAR_FLAG (hdma, __HAL_DMA_GET_TE_FLAG_INDEX(hdma));
 1070              		.loc 1 197 5 discriminator 112 view .LVU292
 1071 0560 02F58062 		add	r2, r2, #1024
 1072 0564 9342     		cmp	r3, r2
 1073 0566 2AD0     		beq	.L140
 197:Drivers/STM32F4xx_HAL_Driver/Src/stm32f4xx_hal_dma_ex.c ****     __HAL_DMA_CLEAR_FLAG (hdma, __HAL_DMA_GET_TE_FLAG_INDEX(hdma));
 1074              		.loc 1 197 5 discriminator 114 view .LVU293
 1075 0568 A2F56872 		sub	r2, r2, #928
 1076 056c 9342     		cmp	r3, r2
 1077 056e 29D0     		beq	.L141
 197:Drivers/STM32F4xx_HAL_Driver/Src/stm32f4xx_hal_dma_ex.c ****     __HAL_DMA_CLEAR_FLAG (hdma, __HAL_DMA_GET_TE_FLAG_INDEX(hdma));
 1078              		.loc 1 197 5 discriminator 116 view .LVU294
ARM GAS  C:\Users\Lenovo\AppData\Local\Temp\cc7qXR7H.s 			page 30


 1079 0570 02F58062 		add	r2, r2, #1024
 1080 0574 9342     		cmp	r3, r2
 1081 0576 28D0     		beq	.L142
 197:Drivers/STM32F4xx_HAL_Driver/Src/stm32f4xx_hal_dma_ex.c ****     __HAL_DMA_CLEAR_FLAG (hdma, __HAL_DMA_GET_TE_FLAG_INDEX(hdma));
 1082              		.loc 1 197 5 discriminator 118 view .LVU295
 1083 0578 A2F58962 		sub	r2, r2, #1096
 1084 057c 9342     		cmp	r3, r2
 1085 057e 27D0     		beq	.L143
 197:Drivers/STM32F4xx_HAL_Driver/Src/stm32f4xx_hal_dma_ex.c ****     __HAL_DMA_CLEAR_FLAG (hdma, __HAL_DMA_GET_TE_FLAG_INDEX(hdma));
 1086              		.loc 1 197 5 discriminator 120 view .LVU296
 1087 0580 02F58062 		add	r2, r2, #1024
 1088 0584 9342     		cmp	r3, r2
 1089 0586 26D0     		beq	.L144
 197:Drivers/STM32F4xx_HAL_Driver/Src/stm32f4xx_hal_dma_ex.c ****     __HAL_DMA_CLEAR_FLAG (hdma, __HAL_DMA_GET_TE_FLAG_INDEX(hdma));
 1090              		.loc 1 197 5 discriminator 122 view .LVU297
 1091 0588 A2F56872 		sub	r2, r2, #928
 1092 058c 9342     		cmp	r3, r2
 1093 058e 31D0     		beq	.L145
 197:Drivers/STM32F4xx_HAL_Driver/Src/stm32f4xx_hal_dma_ex.c ****     __HAL_DMA_CLEAR_FLAG (hdma, __HAL_DMA_GET_TE_FLAG_INDEX(hdma));
 1094              		.loc 1 197 5 discriminator 124 view .LVU298
 1095 0590 02F58062 		add	r2, r2, #1024
 1096 0594 9342     		cmp	r3, r2
 1097 0596 02D0     		beq	.L313
 197:Drivers/STM32F4xx_HAL_Driver/Src/stm32f4xx_hal_dma_ex.c ****     __HAL_DMA_CLEAR_FLAG (hdma, __HAL_DMA_GET_TE_FLAG_INDEX(hdma));
 1098              		.loc 1 197 5 discriminator 127 view .LVU299
 1099 0598 4FF08063 		mov	r3, #67108864
 1100 059c 03E0     		b	.L34
 1101              	.L313:
 197:Drivers/STM32F4xx_HAL_Driver/Src/stm32f4xx_hal_dma_ex.c ****     __HAL_DMA_CLEAR_FLAG (hdma, __HAL_DMA_GET_TE_FLAG_INDEX(hdma));
 1102              		.loc 1 197 5 discriminator 126 view .LVU300
 1103 059e 4FF48013 		mov	r3, #1048576
 1104 05a2 00E0     		b	.L34
 1105              	.L135:
 197:Drivers/STM32F4xx_HAL_Driver/Src/stm32f4xx_hal_dma_ex.c ****     __HAL_DMA_CLEAR_FLAG (hdma, __HAL_DMA_GET_TE_FLAG_INDEX(hdma));
 1106              		.loc 1 197 5 discriminator 105 view .LVU301
 1107 05a4 1023     		movs	r3, #16
 1108              	.L34:
 197:Drivers/STM32F4xx_HAL_Driver/Src/stm32f4xx_hal_dma_ex.c ****     __HAL_DMA_CLEAR_FLAG (hdma, __HAL_DMA_GET_TE_FLAG_INDEX(hdma));
 1109              		.loc 1 197 5 discriminator 151 view .LVU302
 1110 05a6 0E4A     		ldr	r2, .L329+4
 1111 05a8 D360     		str	r3, [r2, #12]
 1112 05aa 0DE7     		b	.L30
 1113              	.L136:
 197:Drivers/STM32F4xx_HAL_Driver/Src/stm32f4xx_hal_dma_ex.c ****     __HAL_DMA_CLEAR_FLAG (hdma, __HAL_DMA_GET_TE_FLAG_INDEX(hdma));
 1114              		.loc 1 197 5 discriminator 107 view .LVU303
 1115 05ac 1023     		movs	r3, #16
 1116 05ae FAE7     		b	.L34
 1117              	.L137:
 197:Drivers/STM32F4xx_HAL_Driver/Src/stm32f4xx_hal_dma_ex.c ****     __HAL_DMA_CLEAR_FLAG (hdma, __HAL_DMA_GET_TE_FLAG_INDEX(hdma));
 1118              		.loc 1 197 5 discriminator 109 view .LVU304
 1119 05b0 1023     		movs	r3, #16
 1120 05b2 F8E7     		b	.L34
 1121              	.L138:
 197:Drivers/STM32F4xx_HAL_Driver/Src/stm32f4xx_hal_dma_ex.c ****     __HAL_DMA_CLEAR_FLAG (hdma, __HAL_DMA_GET_TE_FLAG_INDEX(hdma));
 1122              		.loc 1 197 5 discriminator 111 view .LVU305
 1123 05b4 1023     		movs	r3, #16
 1124 05b6 F6E7     		b	.L34
ARM GAS  C:\Users\Lenovo\AppData\Local\Temp\cc7qXR7H.s 			page 31


 1125              	.L139:
 197:Drivers/STM32F4xx_HAL_Driver/Src/stm32f4xx_hal_dma_ex.c ****     __HAL_DMA_CLEAR_FLAG (hdma, __HAL_DMA_GET_TE_FLAG_INDEX(hdma));
 1126              		.loc 1 197 5 discriminator 113 view .LVU306
 1127 05b8 4FF48063 		mov	r3, #1024
 1128 05bc F3E7     		b	.L34
 1129              	.L140:
 197:Drivers/STM32F4xx_HAL_Driver/Src/stm32f4xx_hal_dma_ex.c ****     __HAL_DMA_CLEAR_FLAG (hdma, __HAL_DMA_GET_TE_FLAG_INDEX(hdma));
 1130              		.loc 1 197 5 discriminator 115 view .LVU307
 1131 05be 4FF48063 		mov	r3, #1024
 1132 05c2 F0E7     		b	.L34
 1133              	.L141:
 197:Drivers/STM32F4xx_HAL_Driver/Src/stm32f4xx_hal_dma_ex.c ****     __HAL_DMA_CLEAR_FLAG (hdma, __HAL_DMA_GET_TE_FLAG_INDEX(hdma));
 1134              		.loc 1 197 5 discriminator 117 view .LVU308
 1135 05c4 4FF48063 		mov	r3, #1024
 1136 05c8 EDE7     		b	.L34
 1137              	.L142:
 197:Drivers/STM32F4xx_HAL_Driver/Src/stm32f4xx_hal_dma_ex.c ****     __HAL_DMA_CLEAR_FLAG (hdma, __HAL_DMA_GET_TE_FLAG_INDEX(hdma));
 1138              		.loc 1 197 5 discriminator 119 view .LVU309
 1139 05ca 4FF48063 		mov	r3, #1024
 1140 05ce EAE7     		b	.L34
 1141              	.L143:
 197:Drivers/STM32F4xx_HAL_Driver/Src/stm32f4xx_hal_dma_ex.c ****     __HAL_DMA_CLEAR_FLAG (hdma, __HAL_DMA_GET_TE_FLAG_INDEX(hdma));
 1142              		.loc 1 197 5 discriminator 121 view .LVU310
 1143 05d0 4FF48013 		mov	r3, #1048576
 1144 05d4 E7E7     		b	.L34
 1145              	.L144:
 197:Drivers/STM32F4xx_HAL_Driver/Src/stm32f4xx_hal_dma_ex.c ****     __HAL_DMA_CLEAR_FLAG (hdma, __HAL_DMA_GET_TE_FLAG_INDEX(hdma));
 1146              		.loc 1 197 5 discriminator 123 view .LVU311
 1147 05d6 4FF48013 		mov	r3, #1048576
 1148 05da E4E7     		b	.L34
 1149              	.L330:
 1150              		.align	2
 1151              	.L329:
 1152 05dc 10600240 		.word	1073897488
 1153 05e0 00600240 		.word	1073897472
 1154 05e4 00640240 		.word	1073898496
 1155 05e8 58640240 		.word	1073898584
 1156 05ec B8600240 		.word	1073897656
 1157 05f0 58600240 		.word	1073897560
 1158              	.L145:
 197:Drivers/STM32F4xx_HAL_Driver/Src/stm32f4xx_hal_dma_ex.c ****     __HAL_DMA_CLEAR_FLAG (hdma, __HAL_DMA_GET_TE_FLAG_INDEX(hdma));
 1159              		.loc 1 197 5 discriminator 125 view .LVU312
 1160 05f4 4FF48013 		mov	r3, #1048576
 1161 05f8 D5E7     		b	.L34
 1162              	.L33:
 197:Drivers/STM32F4xx_HAL_Driver/Src/stm32f4xx_hal_dma_ex.c ****     __HAL_DMA_CLEAR_FLAG (hdma, __HAL_DMA_GET_TE_FLAG_INDEX(hdma));
 1163              		.loc 1 197 5 discriminator 103 view .LVU313
 1164 05fa B24A     		ldr	r2, .L331
 1165 05fc 9342     		cmp	r3, r2
 1166 05fe 31D0     		beq	.L147
 197:Drivers/STM32F4xx_HAL_Driver/Src/stm32f4xx_hal_dma_ex.c ****     __HAL_DMA_CLEAR_FLAG (hdma, __HAL_DMA_GET_TE_FLAG_INDEX(hdma));
 1167              		.loc 1 197 5 discriminator 153 view .LVU314
 1168 0600 02F58062 		add	r2, r2, #1024
 1169 0604 9342     		cmp	r3, r2
 1170 0606 31D0     		beq	.L148
 197:Drivers/STM32F4xx_HAL_Driver/Src/stm32f4xx_hal_dma_ex.c ****     __HAL_DMA_CLEAR_FLAG (hdma, __HAL_DMA_GET_TE_FLAG_INDEX(hdma));
 1171              		.loc 1 197 5 discriminator 155 view .LVU315
ARM GAS  C:\Users\Lenovo\AppData\Local\Temp\cc7qXR7H.s 			page 32


 1172 0608 A2F56872 		sub	r2, r2, #928
 1173 060c 9342     		cmp	r3, r2
 1174 060e 2FD0     		beq	.L149
 197:Drivers/STM32F4xx_HAL_Driver/Src/stm32f4xx_hal_dma_ex.c ****     __HAL_DMA_CLEAR_FLAG (hdma, __HAL_DMA_GET_TE_FLAG_INDEX(hdma));
 1175              		.loc 1 197 5 discriminator 157 view .LVU316
 1176 0610 02F58062 		add	r2, r2, #1024
 1177 0614 9342     		cmp	r3, r2
 1178 0616 2DD0     		beq	.L150
 197:Drivers/STM32F4xx_HAL_Driver/Src/stm32f4xx_hal_dma_ex.c ****     __HAL_DMA_CLEAR_FLAG (hdma, __HAL_DMA_GET_TE_FLAG_INDEX(hdma));
 1179              		.loc 1 197 5 discriminator 159 view .LVU317
 1180 0618 A2F58962 		sub	r2, r2, #1096
 1181 061c 9342     		cmp	r3, r2
 1182 061e 2BD0     		beq	.L151
 197:Drivers/STM32F4xx_HAL_Driver/Src/stm32f4xx_hal_dma_ex.c ****     __HAL_DMA_CLEAR_FLAG (hdma, __HAL_DMA_GET_TE_FLAG_INDEX(hdma));
 1183              		.loc 1 197 5 discriminator 161 view .LVU318
 1184 0620 02F58062 		add	r2, r2, #1024
 1185 0624 9342     		cmp	r3, r2
 1186 0626 2AD0     		beq	.L152
 197:Drivers/STM32F4xx_HAL_Driver/Src/stm32f4xx_hal_dma_ex.c ****     __HAL_DMA_CLEAR_FLAG (hdma, __HAL_DMA_GET_TE_FLAG_INDEX(hdma));
 1187              		.loc 1 197 5 discriminator 163 view .LVU319
 1188 0628 A2F56872 		sub	r2, r2, #928
 1189 062c 9342     		cmp	r3, r2
 1190 062e 29D0     		beq	.L153
 197:Drivers/STM32F4xx_HAL_Driver/Src/stm32f4xx_hal_dma_ex.c ****     __HAL_DMA_CLEAR_FLAG (hdma, __HAL_DMA_GET_TE_FLAG_INDEX(hdma));
 1191              		.loc 1 197 5 discriminator 165 view .LVU320
 1192 0630 02F58062 		add	r2, r2, #1024
 1193 0634 9342     		cmp	r3, r2
 1194 0636 28D0     		beq	.L154
 197:Drivers/STM32F4xx_HAL_Driver/Src/stm32f4xx_hal_dma_ex.c ****     __HAL_DMA_CLEAR_FLAG (hdma, __HAL_DMA_GET_TE_FLAG_INDEX(hdma));
 1195              		.loc 1 197 5 discriminator 167 view .LVU321
 1196 0638 A2F58962 		sub	r2, r2, #1096
 1197 063c 9342     		cmp	r3, r2
 1198 063e 27D0     		beq	.L155
 197:Drivers/STM32F4xx_HAL_Driver/Src/stm32f4xx_hal_dma_ex.c ****     __HAL_DMA_CLEAR_FLAG (hdma, __HAL_DMA_GET_TE_FLAG_INDEX(hdma));
 1199              		.loc 1 197 5 discriminator 169 view .LVU322
 1200 0640 02F58062 		add	r2, r2, #1024
 1201 0644 9342     		cmp	r3, r2
 1202 0646 26D0     		beq	.L156
 197:Drivers/STM32F4xx_HAL_Driver/Src/stm32f4xx_hal_dma_ex.c ****     __HAL_DMA_CLEAR_FLAG (hdma, __HAL_DMA_GET_TE_FLAG_INDEX(hdma));
 1203              		.loc 1 197 5 discriminator 171 view .LVU323
 1204 0648 A2F56872 		sub	r2, r2, #928
 1205 064c 9342     		cmp	r3, r2
 1206 064e 25D0     		beq	.L157
 197:Drivers/STM32F4xx_HAL_Driver/Src/stm32f4xx_hal_dma_ex.c ****     __HAL_DMA_CLEAR_FLAG (hdma, __HAL_DMA_GET_TE_FLAG_INDEX(hdma));
 1207              		.loc 1 197 5 discriminator 173 view .LVU324
 1208 0650 02F58062 		add	r2, r2, #1024
 1209 0654 9342     		cmp	r3, r2
 1210 0656 02D0     		beq	.L314
 197:Drivers/STM32F4xx_HAL_Driver/Src/stm32f4xx_hal_dma_ex.c ****     __HAL_DMA_CLEAR_FLAG (hdma, __HAL_DMA_GET_TE_FLAG_INDEX(hdma));
 1211              		.loc 1 197 5 discriminator 176 view .LVU325
 1212 0658 4FF08063 		mov	r3, #67108864
 1213 065c 03E0     		b	.L35
 1214              	.L314:
 197:Drivers/STM32F4xx_HAL_Driver/Src/stm32f4xx_hal_dma_ex.c ****     __HAL_DMA_CLEAR_FLAG (hdma, __HAL_DMA_GET_TE_FLAG_INDEX(hdma));
 1215              		.loc 1 197 5 discriminator 175 view .LVU326
 1216 065e 4FF48013 		mov	r3, #1048576
 1217 0662 00E0     		b	.L35
ARM GAS  C:\Users\Lenovo\AppData\Local\Temp\cc7qXR7H.s 			page 33


 1218              	.L147:
 197:Drivers/STM32F4xx_HAL_Driver/Src/stm32f4xx_hal_dma_ex.c ****     __HAL_DMA_CLEAR_FLAG (hdma, __HAL_DMA_GET_TE_FLAG_INDEX(hdma));
 1219              		.loc 1 197 5 discriminator 154 view .LVU327
 1220 0664 1023     		movs	r3, #16
 1221              	.L35:
 197:Drivers/STM32F4xx_HAL_Driver/Src/stm32f4xx_hal_dma_ex.c ****     __HAL_DMA_CLEAR_FLAG (hdma, __HAL_DMA_GET_TE_FLAG_INDEX(hdma));
 1222              		.loc 1 197 5 discriminator 200 view .LVU328
 1223 0666 984A     		ldr	r2, .L331+4
 1224 0668 9360     		str	r3, [r2, #8]
 1225 066a ADE6     		b	.L30
 1226              	.L148:
 197:Drivers/STM32F4xx_HAL_Driver/Src/stm32f4xx_hal_dma_ex.c ****     __HAL_DMA_CLEAR_FLAG (hdma, __HAL_DMA_GET_TE_FLAG_INDEX(hdma));
 1227              		.loc 1 197 5 discriminator 156 view .LVU329
 1228 066c 1023     		movs	r3, #16
 1229 066e FAE7     		b	.L35
 1230              	.L149:
 197:Drivers/STM32F4xx_HAL_Driver/Src/stm32f4xx_hal_dma_ex.c ****     __HAL_DMA_CLEAR_FLAG (hdma, __HAL_DMA_GET_TE_FLAG_INDEX(hdma));
 1231              		.loc 1 197 5 discriminator 158 view .LVU330
 1232 0670 1023     		movs	r3, #16
 1233 0672 F8E7     		b	.L35
 1234              	.L150:
 197:Drivers/STM32F4xx_HAL_Driver/Src/stm32f4xx_hal_dma_ex.c ****     __HAL_DMA_CLEAR_FLAG (hdma, __HAL_DMA_GET_TE_FLAG_INDEX(hdma));
 1235              		.loc 1 197 5 discriminator 160 view .LVU331
 1236 0674 1023     		movs	r3, #16
 1237 0676 F6E7     		b	.L35
 1238              	.L151:
 197:Drivers/STM32F4xx_HAL_Driver/Src/stm32f4xx_hal_dma_ex.c ****     __HAL_DMA_CLEAR_FLAG (hdma, __HAL_DMA_GET_TE_FLAG_INDEX(hdma));
 1239              		.loc 1 197 5 discriminator 162 view .LVU332
 1240 0678 4FF48063 		mov	r3, #1024
 1241 067c F3E7     		b	.L35
 1242              	.L152:
 197:Drivers/STM32F4xx_HAL_Driver/Src/stm32f4xx_hal_dma_ex.c ****     __HAL_DMA_CLEAR_FLAG (hdma, __HAL_DMA_GET_TE_FLAG_INDEX(hdma));
 1243              		.loc 1 197 5 discriminator 164 view .LVU333
 1244 067e 4FF48063 		mov	r3, #1024
 1245 0682 F0E7     		b	.L35
 1246              	.L153:
 197:Drivers/STM32F4xx_HAL_Driver/Src/stm32f4xx_hal_dma_ex.c ****     __HAL_DMA_CLEAR_FLAG (hdma, __HAL_DMA_GET_TE_FLAG_INDEX(hdma));
 1247              		.loc 1 197 5 discriminator 166 view .LVU334
 1248 0684 4FF48063 		mov	r3, #1024
 1249 0688 EDE7     		b	.L35
 1250              	.L154:
 197:Drivers/STM32F4xx_HAL_Driver/Src/stm32f4xx_hal_dma_ex.c ****     __HAL_DMA_CLEAR_FLAG (hdma, __HAL_DMA_GET_TE_FLAG_INDEX(hdma));
 1251              		.loc 1 197 5 discriminator 168 view .LVU335
 1252 068a 4FF48063 		mov	r3, #1024
 1253 068e EAE7     		b	.L35
 1254              	.L155:
 197:Drivers/STM32F4xx_HAL_Driver/Src/stm32f4xx_hal_dma_ex.c ****     __HAL_DMA_CLEAR_FLAG (hdma, __HAL_DMA_GET_TE_FLAG_INDEX(hdma));
 1255              		.loc 1 197 5 discriminator 170 view .LVU336
 1256 0690 4FF48013 		mov	r3, #1048576
 1257 0694 E7E7     		b	.L35
 1258              	.L156:
 197:Drivers/STM32F4xx_HAL_Driver/Src/stm32f4xx_hal_dma_ex.c ****     __HAL_DMA_CLEAR_FLAG (hdma, __HAL_DMA_GET_TE_FLAG_INDEX(hdma));
 1259              		.loc 1 197 5 discriminator 172 view .LVU337
 1260 0696 4FF48013 		mov	r3, #1048576
 1261 069a E4E7     		b	.L35
 1262              	.L157:
 197:Drivers/STM32F4xx_HAL_Driver/Src/stm32f4xx_hal_dma_ex.c ****     __HAL_DMA_CLEAR_FLAG (hdma, __HAL_DMA_GET_TE_FLAG_INDEX(hdma));
ARM GAS  C:\Users\Lenovo\AppData\Local\Temp\cc7qXR7H.s 			page 34


 1263              		.loc 1 197 5 discriminator 174 view .LVU338
 1264 069c 4FF48013 		mov	r3, #1048576
 1265 06a0 E1E7     		b	.L35
 1266              	.L311:
 198:Drivers/STM32F4xx_HAL_Driver/Src/stm32f4xx_hal_dma_ex.c ****     __HAL_DMA_CLEAR_FLAG (hdma, __HAL_DMA_GET_DME_FLAG_INDEX(hdma));
 1267              		.loc 1 198 5 discriminator 25 view .LVU339
 1268 06a2 4FF40022 		mov	r2, #524288
 1269 06a6 00E0     		b	.L37
 1270              	.L159:
 198:Drivers/STM32F4xx_HAL_Driver/Src/stm32f4xx_hal_dma_ex.c ****     __HAL_DMA_CLEAR_FLAG (hdma, __HAL_DMA_GET_DME_FLAG_INDEX(hdma));
 1271              		.loc 1 198 5 discriminator 4 view .LVU340
 1272 06a8 0822     		movs	r2, #8
 1273              	.L37:
 198:Drivers/STM32F4xx_HAL_Driver/Src/stm32f4xx_hal_dma_ex.c ****     __HAL_DMA_CLEAR_FLAG (hdma, __HAL_DMA_GET_DME_FLAG_INDEX(hdma));
 1274              		.loc 1 198 5 discriminator 50 view .LVU341
 1275 06aa 884B     		ldr	r3, .L331+8
 1276 06ac DA60     		str	r2, [r3, #12]
 1277              	.L38:
 199:Drivers/STM32F4xx_HAL_Driver/Src/stm32f4xx_hal_dma_ex.c ****     __HAL_DMA_CLEAR_FLAG (hdma, __HAL_DMA_GET_FE_FLAG_INDEX(hdma));
 1278              		.loc 1 199 5 is_stmt 1 view .LVU342
 1279 06ae 2368     		ldr	r3, [r4]
 1280 06b0 874A     		ldr	r2, .L331+12
 1281 06b2 9342     		cmp	r3, r2
 1282 06b4 40F2CE81 		bls	.L44
 199:Drivers/STM32F4xx_HAL_Driver/Src/stm32f4xx_hal_dma_ex.c ****     __HAL_DMA_CLEAR_FLAG (hdma, __HAL_DMA_GET_FE_FLAG_INDEX(hdma));
 1283              		.loc 1 199 5 is_stmt 0 discriminator 1 view .LVU343
 1284 06b8 A2F58962 		sub	r2, r2, #1096
 1285 06bc 9342     		cmp	r3, r2
 1286 06be 00F06781 		beq	.L207
 199:Drivers/STM32F4xx_HAL_Driver/Src/stm32f4xx_hal_dma_ex.c ****     __HAL_DMA_CLEAR_FLAG (hdma, __HAL_DMA_GET_FE_FLAG_INDEX(hdma));
 1287              		.loc 1 199 5 discriminator 3 view .LVU344
 1288 06c2 02F58062 		add	r2, r2, #1024
 1289 06c6 9342     		cmp	r3, r2
 1290 06c8 00F0A981 		beq	.L208
 199:Drivers/STM32F4xx_HAL_Driver/Src/stm32f4xx_hal_dma_ex.c ****     __HAL_DMA_CLEAR_FLAG (hdma, __HAL_DMA_GET_FE_FLAG_INDEX(hdma));
 1291              		.loc 1 199 5 discriminator 5 view .LVU345
 1292 06cc A2F56872 		sub	r2, r2, #928
 1293 06d0 9342     		cmp	r3, r2
 1294 06d2 00F0A681 		beq	.L209
 199:Drivers/STM32F4xx_HAL_Driver/Src/stm32f4xx_hal_dma_ex.c ****     __HAL_DMA_CLEAR_FLAG (hdma, __HAL_DMA_GET_FE_FLAG_INDEX(hdma));
 1295              		.loc 1 199 5 discriminator 7 view .LVU346
 1296 06d6 02F58062 		add	r2, r2, #1024
 1297 06da 9342     		cmp	r3, r2
 1298 06dc 00F0A381 		beq	.L210
 199:Drivers/STM32F4xx_HAL_Driver/Src/stm32f4xx_hal_dma_ex.c ****     __HAL_DMA_CLEAR_FLAG (hdma, __HAL_DMA_GET_FE_FLAG_INDEX(hdma));
 1299              		.loc 1 199 5 discriminator 9 view .LVU347
 1300 06e0 A2F58962 		sub	r2, r2, #1096
 1301 06e4 9342     		cmp	r3, r2
 1302 06e6 00F0A081 		beq	.L211
 199:Drivers/STM32F4xx_HAL_Driver/Src/stm32f4xx_hal_dma_ex.c ****     __HAL_DMA_CLEAR_FLAG (hdma, __HAL_DMA_GET_FE_FLAG_INDEX(hdma));
 1303              		.loc 1 199 5 discriminator 11 view .LVU348
 1304 06ea 02F58062 		add	r2, r2, #1024
 1305 06ee 9342     		cmp	r3, r2
 1306 06f0 00F09E81 		beq	.L212
 199:Drivers/STM32F4xx_HAL_Driver/Src/stm32f4xx_hal_dma_ex.c ****     __HAL_DMA_CLEAR_FLAG (hdma, __HAL_DMA_GET_FE_FLAG_INDEX(hdma));
 1307              		.loc 1 199 5 discriminator 13 view .LVU349
 1308 06f4 A2F56872 		sub	r2, r2, #928
ARM GAS  C:\Users\Lenovo\AppData\Local\Temp\cc7qXR7H.s 			page 35


 1309 06f8 9342     		cmp	r3, r2
 1310 06fa 00F09C81 		beq	.L213
 199:Drivers/STM32F4xx_HAL_Driver/Src/stm32f4xx_hal_dma_ex.c ****     __HAL_DMA_CLEAR_FLAG (hdma, __HAL_DMA_GET_FE_FLAG_INDEX(hdma));
 1311              		.loc 1 199 5 discriminator 15 view .LVU350
 1312 06fe 02F58062 		add	r2, r2, #1024
 1313 0702 9342     		cmp	r3, r2
 1314 0704 00F09A81 		beq	.L214
 199:Drivers/STM32F4xx_HAL_Driver/Src/stm32f4xx_hal_dma_ex.c ****     __HAL_DMA_CLEAR_FLAG (hdma, __HAL_DMA_GET_FE_FLAG_INDEX(hdma));
 1315              		.loc 1 199 5 discriminator 17 view .LVU351
 1316 0708 A2F58962 		sub	r2, r2, #1096
 1317 070c 9342     		cmp	r3, r2
 1318 070e 00F09881 		beq	.L215
 199:Drivers/STM32F4xx_HAL_Driver/Src/stm32f4xx_hal_dma_ex.c ****     __HAL_DMA_CLEAR_FLAG (hdma, __HAL_DMA_GET_FE_FLAG_INDEX(hdma));
 1319              		.loc 1 199 5 discriminator 19 view .LVU352
 1320 0712 02F58062 		add	r2, r2, #1024
 1321 0716 9342     		cmp	r3, r2
 1322 0718 00F09681 		beq	.L216
 199:Drivers/STM32F4xx_HAL_Driver/Src/stm32f4xx_hal_dma_ex.c ****     __HAL_DMA_CLEAR_FLAG (hdma, __HAL_DMA_GET_FE_FLAG_INDEX(hdma));
 1323              		.loc 1 199 5 discriminator 21 view .LVU353
 1324 071c A2F56872 		sub	r2, r2, #928
 1325 0720 9342     		cmp	r3, r2
 1326 0722 00F09481 		beq	.L217
 199:Drivers/STM32F4xx_HAL_Driver/Src/stm32f4xx_hal_dma_ex.c ****     __HAL_DMA_CLEAR_FLAG (hdma, __HAL_DMA_GET_FE_FLAG_INDEX(hdma));
 1327              		.loc 1 199 5 discriminator 23 view .LVU354
 1328 0726 02F58062 		add	r2, r2, #1024
 1329 072a 9342     		cmp	r3, r2
 1330 072c 00F02D81 		beq	.L315
 199:Drivers/STM32F4xx_HAL_Driver/Src/stm32f4xx_hal_dma_ex.c ****     __HAL_DMA_CLEAR_FLAG (hdma, __HAL_DMA_GET_FE_FLAG_INDEX(hdma));
 1331              		.loc 1 199 5 discriminator 26 view .LVU355
 1332 0730 4FF08072 		mov	r2, #16777216
 1333 0734 2DE1     		b	.L45
 1334              	.L160:
 198:Drivers/STM32F4xx_HAL_Driver/Src/stm32f4xx_hal_dma_ex.c ****     __HAL_DMA_CLEAR_FLAG (hdma, __HAL_DMA_GET_DME_FLAG_INDEX(hdma));
 1335              		.loc 1 198 5 discriminator 6 view .LVU356
 1336 0736 0822     		movs	r2, #8
 1337 0738 B7E7     		b	.L37
 1338              	.L161:
 198:Drivers/STM32F4xx_HAL_Driver/Src/stm32f4xx_hal_dma_ex.c ****     __HAL_DMA_CLEAR_FLAG (hdma, __HAL_DMA_GET_DME_FLAG_INDEX(hdma));
 1339              		.loc 1 198 5 discriminator 8 view .LVU357
 1340 073a 0822     		movs	r2, #8
 1341 073c B5E7     		b	.L37
 1342              	.L162:
 198:Drivers/STM32F4xx_HAL_Driver/Src/stm32f4xx_hal_dma_ex.c ****     __HAL_DMA_CLEAR_FLAG (hdma, __HAL_DMA_GET_DME_FLAG_INDEX(hdma));
 1343              		.loc 1 198 5 discriminator 10 view .LVU358
 1344 073e 0822     		movs	r2, #8
 1345 0740 B3E7     		b	.L37
 1346              	.L163:
 198:Drivers/STM32F4xx_HAL_Driver/Src/stm32f4xx_hal_dma_ex.c ****     __HAL_DMA_CLEAR_FLAG (hdma, __HAL_DMA_GET_DME_FLAG_INDEX(hdma));
 1347              		.loc 1 198 5 discriminator 12 view .LVU359
 1348 0742 4FF40072 		mov	r2, #512
 1349 0746 B0E7     		b	.L37
 1350              	.L164:
 198:Drivers/STM32F4xx_HAL_Driver/Src/stm32f4xx_hal_dma_ex.c ****     __HAL_DMA_CLEAR_FLAG (hdma, __HAL_DMA_GET_DME_FLAG_INDEX(hdma));
 1351              		.loc 1 198 5 discriminator 14 view .LVU360
 1352 0748 4FF40072 		mov	r2, #512
 1353 074c ADE7     		b	.L37
 1354              	.L165:
ARM GAS  C:\Users\Lenovo\AppData\Local\Temp\cc7qXR7H.s 			page 36


 198:Drivers/STM32F4xx_HAL_Driver/Src/stm32f4xx_hal_dma_ex.c ****     __HAL_DMA_CLEAR_FLAG (hdma, __HAL_DMA_GET_DME_FLAG_INDEX(hdma));
 1355              		.loc 1 198 5 discriminator 16 view .LVU361
 1356 074e 4FF40072 		mov	r2, #512
 1357 0752 AAE7     		b	.L37
 1358              	.L166:
 198:Drivers/STM32F4xx_HAL_Driver/Src/stm32f4xx_hal_dma_ex.c ****     __HAL_DMA_CLEAR_FLAG (hdma, __HAL_DMA_GET_DME_FLAG_INDEX(hdma));
 1359              		.loc 1 198 5 discriminator 18 view .LVU362
 1360 0754 4FF40072 		mov	r2, #512
 1361 0758 A7E7     		b	.L37
 1362              	.L167:
 198:Drivers/STM32F4xx_HAL_Driver/Src/stm32f4xx_hal_dma_ex.c ****     __HAL_DMA_CLEAR_FLAG (hdma, __HAL_DMA_GET_DME_FLAG_INDEX(hdma));
 1363              		.loc 1 198 5 discriminator 20 view .LVU363
 1364 075a 4FF40022 		mov	r2, #524288
 1365 075e A4E7     		b	.L37
 1366              	.L168:
 198:Drivers/STM32F4xx_HAL_Driver/Src/stm32f4xx_hal_dma_ex.c ****     __HAL_DMA_CLEAR_FLAG (hdma, __HAL_DMA_GET_DME_FLAG_INDEX(hdma));
 1367              		.loc 1 198 5 discriminator 22 view .LVU364
 1368 0760 4FF40022 		mov	r2, #524288
 1369 0764 A1E7     		b	.L37
 1370              	.L169:
 198:Drivers/STM32F4xx_HAL_Driver/Src/stm32f4xx_hal_dma_ex.c ****     __HAL_DMA_CLEAR_FLAG (hdma, __HAL_DMA_GET_DME_FLAG_INDEX(hdma));
 1371              		.loc 1 198 5 discriminator 24 view .LVU365
 1372 0766 4FF40022 		mov	r2, #524288
 1373 076a 9EE7     		b	.L37
 1374              	.L36:
 198:Drivers/STM32F4xx_HAL_Driver/Src/stm32f4xx_hal_dma_ex.c ****     __HAL_DMA_CLEAR_FLAG (hdma, __HAL_DMA_GET_DME_FLAG_INDEX(hdma));
 1375              		.loc 1 198 5 discriminator 2 view .LVU366
 1376 076c 594A     		ldr	r2, .L331+16
 1377 076e 9342     		cmp	r3, r2
 1378 0770 53D9     		bls	.L39
 198:Drivers/STM32F4xx_HAL_Driver/Src/stm32f4xx_hal_dma_ex.c ****     __HAL_DMA_CLEAR_FLAG (hdma, __HAL_DMA_GET_DME_FLAG_INDEX(hdma));
 1379              		.loc 1 198 5 discriminator 51 view .LVU367
 1380 0772 A83A     		subs	r2, r2, #168
 1381 0774 9342     		cmp	r3, r2
 1382 0776 31D0     		beq	.L171
 198:Drivers/STM32F4xx_HAL_Driver/Src/stm32f4xx_hal_dma_ex.c ****     __HAL_DMA_CLEAR_FLAG (hdma, __HAL_DMA_GET_DME_FLAG_INDEX(hdma));
 1383              		.loc 1 198 5 discriminator 53 view .LVU368
 1384 0778 02F58062 		add	r2, r2, #1024
 1385 077c 9342     		cmp	r3, r2
 1386 077e 31D0     		beq	.L172
 198:Drivers/STM32F4xx_HAL_Driver/Src/stm32f4xx_hal_dma_ex.c ****     __HAL_DMA_CLEAR_FLAG (hdma, __HAL_DMA_GET_DME_FLAG_INDEX(hdma));
 1387              		.loc 1 198 5 discriminator 55 view .LVU369
 1388 0780 A2F56872 		sub	r2, r2, #928
 1389 0784 9342     		cmp	r3, r2
 1390 0786 2FD0     		beq	.L173
 198:Drivers/STM32F4xx_HAL_Driver/Src/stm32f4xx_hal_dma_ex.c ****     __HAL_DMA_CLEAR_FLAG (hdma, __HAL_DMA_GET_DME_FLAG_INDEX(hdma));
 1391              		.loc 1 198 5 discriminator 57 view .LVU370
 1392 0788 02F58062 		add	r2, r2, #1024
 1393 078c 9342     		cmp	r3, r2
 1394 078e 2DD0     		beq	.L174
 198:Drivers/STM32F4xx_HAL_Driver/Src/stm32f4xx_hal_dma_ex.c ****     __HAL_DMA_CLEAR_FLAG (hdma, __HAL_DMA_GET_DME_FLAG_INDEX(hdma));
 1395              		.loc 1 198 5 discriminator 59 view .LVU371
 1396 0790 A2F58962 		sub	r2, r2, #1096
 1397 0794 9342     		cmp	r3, r2
 1398 0796 2BD0     		beq	.L175
 198:Drivers/STM32F4xx_HAL_Driver/Src/stm32f4xx_hal_dma_ex.c ****     __HAL_DMA_CLEAR_FLAG (hdma, __HAL_DMA_GET_DME_FLAG_INDEX(hdma));
 1399              		.loc 1 198 5 discriminator 61 view .LVU372
ARM GAS  C:\Users\Lenovo\AppData\Local\Temp\cc7qXR7H.s 			page 37


 1400 0798 02F58062 		add	r2, r2, #1024
 1401 079c 9342     		cmp	r3, r2
 1402 079e 2AD0     		beq	.L176
 198:Drivers/STM32F4xx_HAL_Driver/Src/stm32f4xx_hal_dma_ex.c ****     __HAL_DMA_CLEAR_FLAG (hdma, __HAL_DMA_GET_DME_FLAG_INDEX(hdma));
 1403              		.loc 1 198 5 discriminator 63 view .LVU373
 1404 07a0 A2F56872 		sub	r2, r2, #928
 1405 07a4 9342     		cmp	r3, r2
 1406 07a6 29D0     		beq	.L177
 198:Drivers/STM32F4xx_HAL_Driver/Src/stm32f4xx_hal_dma_ex.c ****     __HAL_DMA_CLEAR_FLAG (hdma, __HAL_DMA_GET_DME_FLAG_INDEX(hdma));
 1407              		.loc 1 198 5 discriminator 65 view .LVU374
 1408 07a8 02F58062 		add	r2, r2, #1024
 1409 07ac 9342     		cmp	r3, r2
 1410 07ae 28D0     		beq	.L178
 198:Drivers/STM32F4xx_HAL_Driver/Src/stm32f4xx_hal_dma_ex.c ****     __HAL_DMA_CLEAR_FLAG (hdma, __HAL_DMA_GET_DME_FLAG_INDEX(hdma));
 1411              		.loc 1 198 5 discriminator 67 view .LVU375
 1412 07b0 A2F58962 		sub	r2, r2, #1096
 1413 07b4 9342     		cmp	r3, r2
 1414 07b6 27D0     		beq	.L179
 198:Drivers/STM32F4xx_HAL_Driver/Src/stm32f4xx_hal_dma_ex.c ****     __HAL_DMA_CLEAR_FLAG (hdma, __HAL_DMA_GET_DME_FLAG_INDEX(hdma));
 1415              		.loc 1 198 5 discriminator 69 view .LVU376
 1416 07b8 02F58062 		add	r2, r2, #1024
 1417 07bc 9342     		cmp	r3, r2
 1418 07be 26D0     		beq	.L180
 198:Drivers/STM32F4xx_HAL_Driver/Src/stm32f4xx_hal_dma_ex.c ****     __HAL_DMA_CLEAR_FLAG (hdma, __HAL_DMA_GET_DME_FLAG_INDEX(hdma));
 1419              		.loc 1 198 5 discriminator 71 view .LVU377
 1420 07c0 A2F56872 		sub	r2, r2, #928
 1421 07c4 9342     		cmp	r3, r2
 1422 07c6 25D0     		beq	.L181
 198:Drivers/STM32F4xx_HAL_Driver/Src/stm32f4xx_hal_dma_ex.c ****     __HAL_DMA_CLEAR_FLAG (hdma, __HAL_DMA_GET_DME_FLAG_INDEX(hdma));
 1423              		.loc 1 198 5 discriminator 73 view .LVU378
 1424 07c8 02F58062 		add	r2, r2, #1024
 1425 07cc 9342     		cmp	r3, r2
 1426 07ce 02D0     		beq	.L316
 198:Drivers/STM32F4xx_HAL_Driver/Src/stm32f4xx_hal_dma_ex.c ****     __HAL_DMA_CLEAR_FLAG (hdma, __HAL_DMA_GET_DME_FLAG_INDEX(hdma));
 1427              		.loc 1 198 5 discriminator 76 view .LVU379
 1428 07d0 4FF00073 		mov	r3, #33554432
 1429 07d4 03E0     		b	.L40
 1430              	.L316:
 198:Drivers/STM32F4xx_HAL_Driver/Src/stm32f4xx_hal_dma_ex.c ****     __HAL_DMA_CLEAR_FLAG (hdma, __HAL_DMA_GET_DME_FLAG_INDEX(hdma));
 1431              		.loc 1 198 5 discriminator 75 view .LVU380
 1432 07d6 4FF40023 		mov	r3, #524288
 1433 07da 00E0     		b	.L40
 1434              	.L171:
 198:Drivers/STM32F4xx_HAL_Driver/Src/stm32f4xx_hal_dma_ex.c ****     __HAL_DMA_CLEAR_FLAG (hdma, __HAL_DMA_GET_DME_FLAG_INDEX(hdma));
 1435              		.loc 1 198 5 discriminator 54 view .LVU381
 1436 07dc 0823     		movs	r3, #8
 1437              	.L40:
 198:Drivers/STM32F4xx_HAL_Driver/Src/stm32f4xx_hal_dma_ex.c ****     __HAL_DMA_CLEAR_FLAG (hdma, __HAL_DMA_GET_DME_FLAG_INDEX(hdma));
 1438              		.loc 1 198 5 discriminator 100 view .LVU382
 1439 07de 3B4A     		ldr	r2, .L331+8
 1440 07e0 9360     		str	r3, [r2, #8]
 1441 07e2 64E7     		b	.L38
 1442              	.L172:
 198:Drivers/STM32F4xx_HAL_Driver/Src/stm32f4xx_hal_dma_ex.c ****     __HAL_DMA_CLEAR_FLAG (hdma, __HAL_DMA_GET_DME_FLAG_INDEX(hdma));
 1443              		.loc 1 198 5 discriminator 56 view .LVU383
 1444 07e4 0823     		movs	r3, #8
 1445 07e6 FAE7     		b	.L40
ARM GAS  C:\Users\Lenovo\AppData\Local\Temp\cc7qXR7H.s 			page 38


 1446              	.L173:
 198:Drivers/STM32F4xx_HAL_Driver/Src/stm32f4xx_hal_dma_ex.c ****     __HAL_DMA_CLEAR_FLAG (hdma, __HAL_DMA_GET_DME_FLAG_INDEX(hdma));
 1447              		.loc 1 198 5 discriminator 58 view .LVU384
 1448 07e8 0823     		movs	r3, #8
 1449 07ea F8E7     		b	.L40
 1450              	.L174:
 198:Drivers/STM32F4xx_HAL_Driver/Src/stm32f4xx_hal_dma_ex.c ****     __HAL_DMA_CLEAR_FLAG (hdma, __HAL_DMA_GET_DME_FLAG_INDEX(hdma));
 1451              		.loc 1 198 5 discriminator 60 view .LVU385
 1452 07ec 0823     		movs	r3, #8
 1453 07ee F6E7     		b	.L40
 1454              	.L175:
 198:Drivers/STM32F4xx_HAL_Driver/Src/stm32f4xx_hal_dma_ex.c ****     __HAL_DMA_CLEAR_FLAG (hdma, __HAL_DMA_GET_DME_FLAG_INDEX(hdma));
 1455              		.loc 1 198 5 discriminator 62 view .LVU386
 1456 07f0 4FF40073 		mov	r3, #512
 1457 07f4 F3E7     		b	.L40
 1458              	.L176:
 198:Drivers/STM32F4xx_HAL_Driver/Src/stm32f4xx_hal_dma_ex.c ****     __HAL_DMA_CLEAR_FLAG (hdma, __HAL_DMA_GET_DME_FLAG_INDEX(hdma));
 1459              		.loc 1 198 5 discriminator 64 view .LVU387
 1460 07f6 4FF40073 		mov	r3, #512
 1461 07fa F0E7     		b	.L40
 1462              	.L177:
 198:Drivers/STM32F4xx_HAL_Driver/Src/stm32f4xx_hal_dma_ex.c ****     __HAL_DMA_CLEAR_FLAG (hdma, __HAL_DMA_GET_DME_FLAG_INDEX(hdma));
 1463              		.loc 1 198 5 discriminator 66 view .LVU388
 1464 07fc 4FF40073 		mov	r3, #512
 1465 0800 EDE7     		b	.L40
 1466              	.L178:
 198:Drivers/STM32F4xx_HAL_Driver/Src/stm32f4xx_hal_dma_ex.c ****     __HAL_DMA_CLEAR_FLAG (hdma, __HAL_DMA_GET_DME_FLAG_INDEX(hdma));
 1467              		.loc 1 198 5 discriminator 68 view .LVU389
 1468 0802 4FF40073 		mov	r3, #512
 1469 0806 EAE7     		b	.L40
 1470              	.L179:
 198:Drivers/STM32F4xx_HAL_Driver/Src/stm32f4xx_hal_dma_ex.c ****     __HAL_DMA_CLEAR_FLAG (hdma, __HAL_DMA_GET_DME_FLAG_INDEX(hdma));
 1471              		.loc 1 198 5 discriminator 70 view .LVU390
 1472 0808 4FF40023 		mov	r3, #524288
 1473 080c E7E7     		b	.L40
 1474              	.L180:
 198:Drivers/STM32F4xx_HAL_Driver/Src/stm32f4xx_hal_dma_ex.c ****     __HAL_DMA_CLEAR_FLAG (hdma, __HAL_DMA_GET_DME_FLAG_INDEX(hdma));
 1475              		.loc 1 198 5 discriminator 72 view .LVU391
 1476 080e 4FF40023 		mov	r3, #524288
 1477 0812 E4E7     		b	.L40
 1478              	.L181:
 198:Drivers/STM32F4xx_HAL_Driver/Src/stm32f4xx_hal_dma_ex.c ****     __HAL_DMA_CLEAR_FLAG (hdma, __HAL_DMA_GET_DME_FLAG_INDEX(hdma));
 1479              		.loc 1 198 5 discriminator 74 view .LVU392
 1480 0814 4FF40023 		mov	r3, #524288
 1481 0818 E1E7     		b	.L40
 1482              	.L39:
 198:Drivers/STM32F4xx_HAL_Driver/Src/stm32f4xx_hal_dma_ex.c ****     __HAL_DMA_CLEAR_FLAG (hdma, __HAL_DMA_GET_DME_FLAG_INDEX(hdma));
 1483              		.loc 1 198 5 discriminator 52 view .LVU393
 1484 081a 2F4A     		ldr	r2, .L331+20
 1485 081c 9342     		cmp	r3, r2
 1486 081e 60D9     		bls	.L41
 198:Drivers/STM32F4xx_HAL_Driver/Src/stm32f4xx_hal_dma_ex.c ****     __HAL_DMA_CLEAR_FLAG (hdma, __HAL_DMA_GET_DME_FLAG_INDEX(hdma));
 1487              		.loc 1 198 5 discriminator 102 view .LVU394
 1488 0820 483A     		subs	r2, r2, #72
 1489 0822 9342     		cmp	r3, r2
 1490 0824 31D0     		beq	.L183
 198:Drivers/STM32F4xx_HAL_Driver/Src/stm32f4xx_hal_dma_ex.c ****     __HAL_DMA_CLEAR_FLAG (hdma, __HAL_DMA_GET_DME_FLAG_INDEX(hdma));
ARM GAS  C:\Users\Lenovo\AppData\Local\Temp\cc7qXR7H.s 			page 39


 1491              		.loc 1 198 5 discriminator 104 view .LVU395
 1492 0826 02F58062 		add	r2, r2, #1024
 1493 082a 9342     		cmp	r3, r2
 1494 082c 31D0     		beq	.L184
 198:Drivers/STM32F4xx_HAL_Driver/Src/stm32f4xx_hal_dma_ex.c ****     __HAL_DMA_CLEAR_FLAG (hdma, __HAL_DMA_GET_DME_FLAG_INDEX(hdma));
 1495              		.loc 1 198 5 discriminator 106 view .LVU396
 1496 082e A2F56872 		sub	r2, r2, #928
 1497 0832 9342     		cmp	r3, r2
 1498 0834 2FD0     		beq	.L185
 198:Drivers/STM32F4xx_HAL_Driver/Src/stm32f4xx_hal_dma_ex.c ****     __HAL_DMA_CLEAR_FLAG (hdma, __HAL_DMA_GET_DME_FLAG_INDEX(hdma));
 1499              		.loc 1 198 5 discriminator 108 view .LVU397
 1500 0836 02F58062 		add	r2, r2, #1024
 1501 083a 9342     		cmp	r3, r2
 1502 083c 2DD0     		beq	.L186
 198:Drivers/STM32F4xx_HAL_Driver/Src/stm32f4xx_hal_dma_ex.c ****     __HAL_DMA_CLEAR_FLAG (hdma, __HAL_DMA_GET_DME_FLAG_INDEX(hdma));
 1503              		.loc 1 198 5 discriminator 110 view .LVU398
 1504 083e A2F58962 		sub	r2, r2, #1096
 1505 0842 9342     		cmp	r3, r2
 1506 0844 2BD0     		beq	.L187
 198:Drivers/STM32F4xx_HAL_Driver/Src/stm32f4xx_hal_dma_ex.c ****     __HAL_DMA_CLEAR_FLAG (hdma, __HAL_DMA_GET_DME_FLAG_INDEX(hdma));
 1507              		.loc 1 198 5 discriminator 112 view .LVU399
 1508 0846 02F58062 		add	r2, r2, #1024
 1509 084a 9342     		cmp	r3, r2
 1510 084c 2AD0     		beq	.L188
 198:Drivers/STM32F4xx_HAL_Driver/Src/stm32f4xx_hal_dma_ex.c ****     __HAL_DMA_CLEAR_FLAG (hdma, __HAL_DMA_GET_DME_FLAG_INDEX(hdma));
 1511              		.loc 1 198 5 discriminator 114 view .LVU400
 1512 084e A2F56872 		sub	r2, r2, #928
 1513 0852 9342     		cmp	r3, r2
 1514 0854 29D0     		beq	.L189
 198:Drivers/STM32F4xx_HAL_Driver/Src/stm32f4xx_hal_dma_ex.c ****     __HAL_DMA_CLEAR_FLAG (hdma, __HAL_DMA_GET_DME_FLAG_INDEX(hdma));
 1515              		.loc 1 198 5 discriminator 116 view .LVU401
 1516 0856 02F58062 		add	r2, r2, #1024
 1517 085a 9342     		cmp	r3, r2
 1518 085c 28D0     		beq	.L190
 198:Drivers/STM32F4xx_HAL_Driver/Src/stm32f4xx_hal_dma_ex.c ****     __HAL_DMA_CLEAR_FLAG (hdma, __HAL_DMA_GET_DME_FLAG_INDEX(hdma));
 1519              		.loc 1 198 5 discriminator 118 view .LVU402
 1520 085e A2F58962 		sub	r2, r2, #1096
 1521 0862 9342     		cmp	r3, r2
 1522 0864 27D0     		beq	.L191
 198:Drivers/STM32F4xx_HAL_Driver/Src/stm32f4xx_hal_dma_ex.c ****     __HAL_DMA_CLEAR_FLAG (hdma, __HAL_DMA_GET_DME_FLAG_INDEX(hdma));
 1523              		.loc 1 198 5 discriminator 120 view .LVU403
 1524 0866 02F58062 		add	r2, r2, #1024
 1525 086a 9342     		cmp	r3, r2
 1526 086c 26D0     		beq	.L192
 198:Drivers/STM32F4xx_HAL_Driver/Src/stm32f4xx_hal_dma_ex.c ****     __HAL_DMA_CLEAR_FLAG (hdma, __HAL_DMA_GET_DME_FLAG_INDEX(hdma));
 1527              		.loc 1 198 5 discriminator 122 view .LVU404
 1528 086e A2F56872 		sub	r2, r2, #928
 1529 0872 9342     		cmp	r3, r2
 1530 0874 32D0     		beq	.L193
 198:Drivers/STM32F4xx_HAL_Driver/Src/stm32f4xx_hal_dma_ex.c ****     __HAL_DMA_CLEAR_FLAG (hdma, __HAL_DMA_GET_DME_FLAG_INDEX(hdma));
 1531              		.loc 1 198 5 discriminator 124 view .LVU405
 1532 0876 02F58062 		add	r2, r2, #1024
 1533 087a 9342     		cmp	r3, r2
 1534 087c 02D0     		beq	.L317
 198:Drivers/STM32F4xx_HAL_Driver/Src/stm32f4xx_hal_dma_ex.c ****     __HAL_DMA_CLEAR_FLAG (hdma, __HAL_DMA_GET_DME_FLAG_INDEX(hdma));
 1535              		.loc 1 198 5 discriminator 127 view .LVU406
 1536 087e 4FF00073 		mov	r3, #33554432
ARM GAS  C:\Users\Lenovo\AppData\Local\Temp\cc7qXR7H.s 			page 40


 1537 0882 03E0     		b	.L42
 1538              	.L317:
 198:Drivers/STM32F4xx_HAL_Driver/Src/stm32f4xx_hal_dma_ex.c ****     __HAL_DMA_CLEAR_FLAG (hdma, __HAL_DMA_GET_DME_FLAG_INDEX(hdma));
 1539              		.loc 1 198 5 discriminator 126 view .LVU407
 1540 0884 4FF40023 		mov	r3, #524288
 1541 0888 00E0     		b	.L42
 1542              	.L183:
 198:Drivers/STM32F4xx_HAL_Driver/Src/stm32f4xx_hal_dma_ex.c ****     __HAL_DMA_CLEAR_FLAG (hdma, __HAL_DMA_GET_DME_FLAG_INDEX(hdma));
 1543              		.loc 1 198 5 discriminator 105 view .LVU408
 1544 088a 0823     		movs	r3, #8
 1545              	.L42:
 198:Drivers/STM32F4xx_HAL_Driver/Src/stm32f4xx_hal_dma_ex.c ****     __HAL_DMA_CLEAR_FLAG (hdma, __HAL_DMA_GET_DME_FLAG_INDEX(hdma));
 1546              		.loc 1 198 5 discriminator 151 view .LVU409
 1547 088c 0E4A     		ldr	r2, .L331+4
 1548 088e D360     		str	r3, [r2, #12]
 1549 0890 0DE7     		b	.L38
 1550              	.L184:
 198:Drivers/STM32F4xx_HAL_Driver/Src/stm32f4xx_hal_dma_ex.c ****     __HAL_DMA_CLEAR_FLAG (hdma, __HAL_DMA_GET_DME_FLAG_INDEX(hdma));
 1551              		.loc 1 198 5 discriminator 107 view .LVU410
 1552 0892 0823     		movs	r3, #8
 1553 0894 FAE7     		b	.L42
 1554              	.L185:
 198:Drivers/STM32F4xx_HAL_Driver/Src/stm32f4xx_hal_dma_ex.c ****     __HAL_DMA_CLEAR_FLAG (hdma, __HAL_DMA_GET_DME_FLAG_INDEX(hdma));
 1555              		.loc 1 198 5 discriminator 109 view .LVU411
 1556 0896 0823     		movs	r3, #8
 1557 0898 F8E7     		b	.L42
 1558              	.L186:
 198:Drivers/STM32F4xx_HAL_Driver/Src/stm32f4xx_hal_dma_ex.c ****     __HAL_DMA_CLEAR_FLAG (hdma, __HAL_DMA_GET_DME_FLAG_INDEX(hdma));
 1559              		.loc 1 198 5 discriminator 111 view .LVU412
 1560 089a 0823     		movs	r3, #8
 1561 089c F6E7     		b	.L42
 1562              	.L187:
 198:Drivers/STM32F4xx_HAL_Driver/Src/stm32f4xx_hal_dma_ex.c ****     __HAL_DMA_CLEAR_FLAG (hdma, __HAL_DMA_GET_DME_FLAG_INDEX(hdma));
 1563              		.loc 1 198 5 discriminator 113 view .LVU413
 1564 089e 4FF40073 		mov	r3, #512
 1565 08a2 F3E7     		b	.L42
 1566              	.L188:
 198:Drivers/STM32F4xx_HAL_Driver/Src/stm32f4xx_hal_dma_ex.c ****     __HAL_DMA_CLEAR_FLAG (hdma, __HAL_DMA_GET_DME_FLAG_INDEX(hdma));
 1567              		.loc 1 198 5 discriminator 115 view .LVU414
 1568 08a4 4FF40073 		mov	r3, #512
 1569 08a8 F0E7     		b	.L42
 1570              	.L189:
 198:Drivers/STM32F4xx_HAL_Driver/Src/stm32f4xx_hal_dma_ex.c ****     __HAL_DMA_CLEAR_FLAG (hdma, __HAL_DMA_GET_DME_FLAG_INDEX(hdma));
 1571              		.loc 1 198 5 discriminator 117 view .LVU415
 1572 08aa 4FF40073 		mov	r3, #512
 1573 08ae EDE7     		b	.L42
 1574              	.L190:
 198:Drivers/STM32F4xx_HAL_Driver/Src/stm32f4xx_hal_dma_ex.c ****     __HAL_DMA_CLEAR_FLAG (hdma, __HAL_DMA_GET_DME_FLAG_INDEX(hdma));
 1575              		.loc 1 198 5 discriminator 119 view .LVU416
 1576 08b0 4FF40073 		mov	r3, #512
 1577 08b4 EAE7     		b	.L42
 1578              	.L191:
 198:Drivers/STM32F4xx_HAL_Driver/Src/stm32f4xx_hal_dma_ex.c ****     __HAL_DMA_CLEAR_FLAG (hdma, __HAL_DMA_GET_DME_FLAG_INDEX(hdma));
 1579              		.loc 1 198 5 discriminator 121 view .LVU417
 1580 08b6 4FF40023 		mov	r3, #524288
 1581 08ba E7E7     		b	.L42
 1582              	.L192:
ARM GAS  C:\Users\Lenovo\AppData\Local\Temp\cc7qXR7H.s 			page 41


 198:Drivers/STM32F4xx_HAL_Driver/Src/stm32f4xx_hal_dma_ex.c ****     __HAL_DMA_CLEAR_FLAG (hdma, __HAL_DMA_GET_DME_FLAG_INDEX(hdma));
 1583              		.loc 1 198 5 discriminator 123 view .LVU418
 1584 08bc 4FF40023 		mov	r3, #524288
 1585 08c0 E4E7     		b	.L42
 1586              	.L332:
 1587 08c2 00BF     		.align	2
 1588              	.L331:
 1589 08c4 10600240 		.word	1073897488
 1590 08c8 00600240 		.word	1073897472
 1591 08cc 00640240 		.word	1073898496
 1592 08d0 58640240 		.word	1073898584
 1593 08d4 B8600240 		.word	1073897656
 1594 08d8 58600240 		.word	1073897560
 1595              	.L193:
 198:Drivers/STM32F4xx_HAL_Driver/Src/stm32f4xx_hal_dma_ex.c ****     __HAL_DMA_CLEAR_FLAG (hdma, __HAL_DMA_GET_DME_FLAG_INDEX(hdma));
 1596              		.loc 1 198 5 discriminator 125 view .LVU419
 1597 08dc 4FF40023 		mov	r3, #524288
 1598 08e0 D4E7     		b	.L42
 1599              	.L41:
 198:Drivers/STM32F4xx_HAL_Driver/Src/stm32f4xx_hal_dma_ex.c ****     __HAL_DMA_CLEAR_FLAG (hdma, __HAL_DMA_GET_DME_FLAG_INDEX(hdma));
 1600              		.loc 1 198 5 discriminator 103 view .LVU420
 1601 08e2 B24A     		ldr	r2, .L333
 1602 08e4 9342     		cmp	r3, r2
 1603 08e6 31D0     		beq	.L195
 198:Drivers/STM32F4xx_HAL_Driver/Src/stm32f4xx_hal_dma_ex.c ****     __HAL_DMA_CLEAR_FLAG (hdma, __HAL_DMA_GET_DME_FLAG_INDEX(hdma));
 1604              		.loc 1 198 5 discriminator 153 view .LVU421
 1605 08e8 02F58062 		add	r2, r2, #1024
 1606 08ec 9342     		cmp	r3, r2
 1607 08ee 31D0     		beq	.L196
 198:Drivers/STM32F4xx_HAL_Driver/Src/stm32f4xx_hal_dma_ex.c ****     __HAL_DMA_CLEAR_FLAG (hdma, __HAL_DMA_GET_DME_FLAG_INDEX(hdma));
 1608              		.loc 1 198 5 discriminator 155 view .LVU422
 1609 08f0 A2F56872 		sub	r2, r2, #928
 1610 08f4 9342     		cmp	r3, r2
 1611 08f6 2FD0     		beq	.L197
 198:Drivers/STM32F4xx_HAL_Driver/Src/stm32f4xx_hal_dma_ex.c ****     __HAL_DMA_CLEAR_FLAG (hdma, __HAL_DMA_GET_DME_FLAG_INDEX(hdma));
 1612              		.loc 1 198 5 discriminator 157 view .LVU423
 1613 08f8 02F58062 		add	r2, r2, #1024
 1614 08fc 9342     		cmp	r3, r2
 1615 08fe 2DD0     		beq	.L198
 198:Drivers/STM32F4xx_HAL_Driver/Src/stm32f4xx_hal_dma_ex.c ****     __HAL_DMA_CLEAR_FLAG (hdma, __HAL_DMA_GET_DME_FLAG_INDEX(hdma));
 1616              		.loc 1 198 5 discriminator 159 view .LVU424
 1617 0900 A2F58962 		sub	r2, r2, #1096
 1618 0904 9342     		cmp	r3, r2
 1619 0906 2BD0     		beq	.L199
 198:Drivers/STM32F4xx_HAL_Driver/Src/stm32f4xx_hal_dma_ex.c ****     __HAL_DMA_CLEAR_FLAG (hdma, __HAL_DMA_GET_DME_FLAG_INDEX(hdma));
 1620              		.loc 1 198 5 discriminator 161 view .LVU425
 1621 0908 02F58062 		add	r2, r2, #1024
 1622 090c 9342     		cmp	r3, r2
 1623 090e 2AD0     		beq	.L200
 198:Drivers/STM32F4xx_HAL_Driver/Src/stm32f4xx_hal_dma_ex.c ****     __HAL_DMA_CLEAR_FLAG (hdma, __HAL_DMA_GET_DME_FLAG_INDEX(hdma));
 1624              		.loc 1 198 5 discriminator 163 view .LVU426
 1625 0910 A2F56872 		sub	r2, r2, #928
 1626 0914 9342     		cmp	r3, r2
 1627 0916 29D0     		beq	.L201
 198:Drivers/STM32F4xx_HAL_Driver/Src/stm32f4xx_hal_dma_ex.c ****     __HAL_DMA_CLEAR_FLAG (hdma, __HAL_DMA_GET_DME_FLAG_INDEX(hdma));
 1628              		.loc 1 198 5 discriminator 165 view .LVU427
 1629 0918 02F58062 		add	r2, r2, #1024
ARM GAS  C:\Users\Lenovo\AppData\Local\Temp\cc7qXR7H.s 			page 42


 1630 091c 9342     		cmp	r3, r2
 1631 091e 28D0     		beq	.L202
 198:Drivers/STM32F4xx_HAL_Driver/Src/stm32f4xx_hal_dma_ex.c ****     __HAL_DMA_CLEAR_FLAG (hdma, __HAL_DMA_GET_DME_FLAG_INDEX(hdma));
 1632              		.loc 1 198 5 discriminator 167 view .LVU428
 1633 0920 A2F58962 		sub	r2, r2, #1096
 1634 0924 9342     		cmp	r3, r2
 1635 0926 27D0     		beq	.L203
 198:Drivers/STM32F4xx_HAL_Driver/Src/stm32f4xx_hal_dma_ex.c ****     __HAL_DMA_CLEAR_FLAG (hdma, __HAL_DMA_GET_DME_FLAG_INDEX(hdma));
 1636              		.loc 1 198 5 discriminator 169 view .LVU429
 1637 0928 02F58062 		add	r2, r2, #1024
 1638 092c 9342     		cmp	r3, r2
 1639 092e 26D0     		beq	.L204
 198:Drivers/STM32F4xx_HAL_Driver/Src/stm32f4xx_hal_dma_ex.c ****     __HAL_DMA_CLEAR_FLAG (hdma, __HAL_DMA_GET_DME_FLAG_INDEX(hdma));
 1640              		.loc 1 198 5 discriminator 171 view .LVU430
 1641 0930 A2F56872 		sub	r2, r2, #928
 1642 0934 9342     		cmp	r3, r2
 1643 0936 25D0     		beq	.L205
 198:Drivers/STM32F4xx_HAL_Driver/Src/stm32f4xx_hal_dma_ex.c ****     __HAL_DMA_CLEAR_FLAG (hdma, __HAL_DMA_GET_DME_FLAG_INDEX(hdma));
 1644              		.loc 1 198 5 discriminator 173 view .LVU431
 1645 0938 02F58062 		add	r2, r2, #1024
 1646 093c 9342     		cmp	r3, r2
 1647 093e 02D0     		beq	.L318
 198:Drivers/STM32F4xx_HAL_Driver/Src/stm32f4xx_hal_dma_ex.c ****     __HAL_DMA_CLEAR_FLAG (hdma, __HAL_DMA_GET_DME_FLAG_INDEX(hdma));
 1648              		.loc 1 198 5 discriminator 176 view .LVU432
 1649 0940 4FF00073 		mov	r3, #33554432
 1650 0944 03E0     		b	.L43
 1651              	.L318:
 198:Drivers/STM32F4xx_HAL_Driver/Src/stm32f4xx_hal_dma_ex.c ****     __HAL_DMA_CLEAR_FLAG (hdma, __HAL_DMA_GET_DME_FLAG_INDEX(hdma));
 1652              		.loc 1 198 5 discriminator 175 view .LVU433
 1653 0946 4FF40023 		mov	r3, #524288
 1654 094a 00E0     		b	.L43
 1655              	.L195:
 198:Drivers/STM32F4xx_HAL_Driver/Src/stm32f4xx_hal_dma_ex.c ****     __HAL_DMA_CLEAR_FLAG (hdma, __HAL_DMA_GET_DME_FLAG_INDEX(hdma));
 1656              		.loc 1 198 5 discriminator 154 view .LVU434
 1657 094c 0823     		movs	r3, #8
 1658              	.L43:
 198:Drivers/STM32F4xx_HAL_Driver/Src/stm32f4xx_hal_dma_ex.c ****     __HAL_DMA_CLEAR_FLAG (hdma, __HAL_DMA_GET_DME_FLAG_INDEX(hdma));
 1659              		.loc 1 198 5 discriminator 200 view .LVU435
 1660 094e 984A     		ldr	r2, .L333+4
 1661 0950 9360     		str	r3, [r2, #8]
 1662 0952 ACE6     		b	.L38
 1663              	.L196:
 198:Drivers/STM32F4xx_HAL_Driver/Src/stm32f4xx_hal_dma_ex.c ****     __HAL_DMA_CLEAR_FLAG (hdma, __HAL_DMA_GET_DME_FLAG_INDEX(hdma));
 1664              		.loc 1 198 5 discriminator 156 view .LVU436
 1665 0954 0823     		movs	r3, #8
 1666 0956 FAE7     		b	.L43
 1667              	.L197:
 198:Drivers/STM32F4xx_HAL_Driver/Src/stm32f4xx_hal_dma_ex.c ****     __HAL_DMA_CLEAR_FLAG (hdma, __HAL_DMA_GET_DME_FLAG_INDEX(hdma));
 1668              		.loc 1 198 5 discriminator 158 view .LVU437
 1669 0958 0823     		movs	r3, #8
 1670 095a F8E7     		b	.L43
 1671              	.L198:
 198:Drivers/STM32F4xx_HAL_Driver/Src/stm32f4xx_hal_dma_ex.c ****     __HAL_DMA_CLEAR_FLAG (hdma, __HAL_DMA_GET_DME_FLAG_INDEX(hdma));
 1672              		.loc 1 198 5 discriminator 160 view .LVU438
 1673 095c 0823     		movs	r3, #8
 1674 095e F6E7     		b	.L43
 1675              	.L199:
ARM GAS  C:\Users\Lenovo\AppData\Local\Temp\cc7qXR7H.s 			page 43


 198:Drivers/STM32F4xx_HAL_Driver/Src/stm32f4xx_hal_dma_ex.c ****     __HAL_DMA_CLEAR_FLAG (hdma, __HAL_DMA_GET_DME_FLAG_INDEX(hdma));
 1676              		.loc 1 198 5 discriminator 162 view .LVU439
 1677 0960 4FF40073 		mov	r3, #512
 1678 0964 F3E7     		b	.L43
 1679              	.L200:
 198:Drivers/STM32F4xx_HAL_Driver/Src/stm32f4xx_hal_dma_ex.c ****     __HAL_DMA_CLEAR_FLAG (hdma, __HAL_DMA_GET_DME_FLAG_INDEX(hdma));
 1680              		.loc 1 198 5 discriminator 164 view .LVU440
 1681 0966 4FF40073 		mov	r3, #512
 1682 096a F0E7     		b	.L43
 1683              	.L201:
 198:Drivers/STM32F4xx_HAL_Driver/Src/stm32f4xx_hal_dma_ex.c ****     __HAL_DMA_CLEAR_FLAG (hdma, __HAL_DMA_GET_DME_FLAG_INDEX(hdma));
 1684              		.loc 1 198 5 discriminator 166 view .LVU441
 1685 096c 4FF40073 		mov	r3, #512
 1686 0970 EDE7     		b	.L43
 1687              	.L202:
 198:Drivers/STM32F4xx_HAL_Driver/Src/stm32f4xx_hal_dma_ex.c ****     __HAL_DMA_CLEAR_FLAG (hdma, __HAL_DMA_GET_DME_FLAG_INDEX(hdma));
 1688              		.loc 1 198 5 discriminator 168 view .LVU442
 1689 0972 4FF40073 		mov	r3, #512
 1690 0976 EAE7     		b	.L43
 1691              	.L203:
 198:Drivers/STM32F4xx_HAL_Driver/Src/stm32f4xx_hal_dma_ex.c ****     __HAL_DMA_CLEAR_FLAG (hdma, __HAL_DMA_GET_DME_FLAG_INDEX(hdma));
 1692              		.loc 1 198 5 discriminator 170 view .LVU443
 1693 0978 4FF40023 		mov	r3, #524288
 1694 097c E7E7     		b	.L43
 1695              	.L204:
 198:Drivers/STM32F4xx_HAL_Driver/Src/stm32f4xx_hal_dma_ex.c ****     __HAL_DMA_CLEAR_FLAG (hdma, __HAL_DMA_GET_DME_FLAG_INDEX(hdma));
 1696              		.loc 1 198 5 discriminator 172 view .LVU444
 1697 097e 4FF40023 		mov	r3, #524288
 1698 0982 E4E7     		b	.L43
 1699              	.L205:
 198:Drivers/STM32F4xx_HAL_Driver/Src/stm32f4xx_hal_dma_ex.c ****     __HAL_DMA_CLEAR_FLAG (hdma, __HAL_DMA_GET_DME_FLAG_INDEX(hdma));
 1700              		.loc 1 198 5 discriminator 174 view .LVU445
 1701 0984 4FF40023 		mov	r3, #524288
 1702 0988 E1E7     		b	.L43
 1703              	.L315:
 199:Drivers/STM32F4xx_HAL_Driver/Src/stm32f4xx_hal_dma_ex.c ****     __HAL_DMA_CLEAR_FLAG (hdma, __HAL_DMA_GET_FE_FLAG_INDEX(hdma));
 1704              		.loc 1 199 5 discriminator 25 view .LVU446
 1705 098a 4FF48022 		mov	r2, #262144
 1706 098e 00E0     		b	.L45
 1707              	.L207:
 199:Drivers/STM32F4xx_HAL_Driver/Src/stm32f4xx_hal_dma_ex.c ****     __HAL_DMA_CLEAR_FLAG (hdma, __HAL_DMA_GET_FE_FLAG_INDEX(hdma));
 1708              		.loc 1 199 5 discriminator 4 view .LVU447
 1709 0990 0422     		movs	r2, #4
 1710              	.L45:
 199:Drivers/STM32F4xx_HAL_Driver/Src/stm32f4xx_hal_dma_ex.c ****     __HAL_DMA_CLEAR_FLAG (hdma, __HAL_DMA_GET_FE_FLAG_INDEX(hdma));
 1711              		.loc 1 199 5 discriminator 50 view .LVU448
 1712 0992 884B     		ldr	r3, .L333+8
 1713 0994 DA60     		str	r2, [r3, #12]
 1714              	.L46:
 200:Drivers/STM32F4xx_HAL_Driver/Src/stm32f4xx_hal_dma_ex.c **** 
 1715              		.loc 1 200 5 is_stmt 1 view .LVU449
 1716 0996 2368     		ldr	r3, [r4]
 1717 0998 874A     		ldr	r2, .L333+12
 1718 099a 9342     		cmp	r3, r2
 1719 099c 40F2A181 		bls	.L52
 200:Drivers/STM32F4xx_HAL_Driver/Src/stm32f4xx_hal_dma_ex.c **** 
 1720              		.loc 1 200 5 is_stmt 0 discriminator 1 view .LVU450
ARM GAS  C:\Users\Lenovo\AppData\Local\Temp\cc7qXR7H.s 			page 44


 1721 09a0 A2F58962 		sub	r2, r2, #1096
 1722 09a4 9342     		cmp	r3, r2
 1723 09a6 00F06781 		beq	.L255
 200:Drivers/STM32F4xx_HAL_Driver/Src/stm32f4xx_hal_dma_ex.c **** 
 1724              		.loc 1 200 5 discriminator 3 view .LVU451
 1725 09aa 02F58062 		add	r2, r2, #1024
 1726 09ae 9342     		cmp	r3, r2
 1727 09b0 00F08081 		beq	.L256
 200:Drivers/STM32F4xx_HAL_Driver/Src/stm32f4xx_hal_dma_ex.c **** 
 1728              		.loc 1 200 5 discriminator 5 view .LVU452
 1729 09b4 A2F56872 		sub	r2, r2, #928
 1730 09b8 9342     		cmp	r3, r2
 1731 09ba 00F07D81 		beq	.L257
 200:Drivers/STM32F4xx_HAL_Driver/Src/stm32f4xx_hal_dma_ex.c **** 
 1732              		.loc 1 200 5 discriminator 7 view .LVU453
 1733 09be 02F58062 		add	r2, r2, #1024
 1734 09c2 9342     		cmp	r3, r2
 1735 09c4 00F07A81 		beq	.L258
 200:Drivers/STM32F4xx_HAL_Driver/Src/stm32f4xx_hal_dma_ex.c **** 
 1736              		.loc 1 200 5 discriminator 9 view .LVU454
 1737 09c8 A2F58962 		sub	r2, r2, #1096
 1738 09cc 9342     		cmp	r3, r2
 1739 09ce 00F07781 		beq	.L259
 200:Drivers/STM32F4xx_HAL_Driver/Src/stm32f4xx_hal_dma_ex.c **** 
 1740              		.loc 1 200 5 discriminator 11 view .LVU455
 1741 09d2 02F58062 		add	r2, r2, #1024
 1742 09d6 9342     		cmp	r3, r2
 1743 09d8 00F07481 		beq	.L260
 200:Drivers/STM32F4xx_HAL_Driver/Src/stm32f4xx_hal_dma_ex.c **** 
 1744              		.loc 1 200 5 discriminator 13 view .LVU456
 1745 09dc A2F56872 		sub	r2, r2, #928
 1746 09e0 9342     		cmp	r3, r2
 1747 09e2 00F07181 		beq	.L261
 200:Drivers/STM32F4xx_HAL_Driver/Src/stm32f4xx_hal_dma_ex.c **** 
 1748              		.loc 1 200 5 discriminator 15 view .LVU457
 1749 09e6 02F58062 		add	r2, r2, #1024
 1750 09ea 9342     		cmp	r3, r2
 1751 09ec 00F06E81 		beq	.L262
 200:Drivers/STM32F4xx_HAL_Driver/Src/stm32f4xx_hal_dma_ex.c **** 
 1752              		.loc 1 200 5 discriminator 17 view .LVU458
 1753 09f0 A2F58962 		sub	r2, r2, #1096
 1754 09f4 9342     		cmp	r3, r2
 1755 09f6 00F06B81 		beq	.L263
 200:Drivers/STM32F4xx_HAL_Driver/Src/stm32f4xx_hal_dma_ex.c **** 
 1756              		.loc 1 200 5 discriminator 19 view .LVU459
 1757 09fa 02F58062 		add	r2, r2, #1024
 1758 09fe 9342     		cmp	r3, r2
 1759 0a00 00F06981 		beq	.L264
 200:Drivers/STM32F4xx_HAL_Driver/Src/stm32f4xx_hal_dma_ex.c **** 
 1760              		.loc 1 200 5 discriminator 21 view .LVU460
 1761 0a04 A2F56872 		sub	r2, r2, #928
 1762 0a08 9342     		cmp	r3, r2
 1763 0a0a 00F06781 		beq	.L265
 200:Drivers/STM32F4xx_HAL_Driver/Src/stm32f4xx_hal_dma_ex.c **** 
 1764              		.loc 1 200 5 discriminator 23 view .LVU461
 1765 0a0e 02F58062 		add	r2, r2, #1024
 1766 0a12 9342     		cmp	r3, r2
ARM GAS  C:\Users\Lenovo\AppData\Local\Temp\cc7qXR7H.s 			page 45


 1767 0a14 00F02D81 		beq	.L319
 200:Drivers/STM32F4xx_HAL_Driver/Src/stm32f4xx_hal_dma_ex.c **** 
 1768              		.loc 1 200 5 discriminator 26 view .LVU462
 1769 0a18 4FF48002 		mov	r2, #4194304
 1770 0a1c 2DE1     		b	.L53
 1771              	.L208:
 199:Drivers/STM32F4xx_HAL_Driver/Src/stm32f4xx_hal_dma_ex.c ****     __HAL_DMA_CLEAR_FLAG (hdma, __HAL_DMA_GET_FE_FLAG_INDEX(hdma));
 1772              		.loc 1 199 5 discriminator 6 view .LVU463
 1773 0a1e 0422     		movs	r2, #4
 1774 0a20 B7E7     		b	.L45
 1775              	.L209:
 199:Drivers/STM32F4xx_HAL_Driver/Src/stm32f4xx_hal_dma_ex.c ****     __HAL_DMA_CLEAR_FLAG (hdma, __HAL_DMA_GET_FE_FLAG_INDEX(hdma));
 1776              		.loc 1 199 5 discriminator 8 view .LVU464
 1777 0a22 0422     		movs	r2, #4
 1778 0a24 B5E7     		b	.L45
 1779              	.L210:
 199:Drivers/STM32F4xx_HAL_Driver/Src/stm32f4xx_hal_dma_ex.c ****     __HAL_DMA_CLEAR_FLAG (hdma, __HAL_DMA_GET_FE_FLAG_INDEX(hdma));
 1780              		.loc 1 199 5 discriminator 10 view .LVU465
 1781 0a26 0422     		movs	r2, #4
 1782 0a28 B3E7     		b	.L45
 1783              	.L211:
 199:Drivers/STM32F4xx_HAL_Driver/Src/stm32f4xx_hal_dma_ex.c ****     __HAL_DMA_CLEAR_FLAG (hdma, __HAL_DMA_GET_FE_FLAG_INDEX(hdma));
 1784              		.loc 1 199 5 discriminator 12 view .LVU466
 1785 0a2a 4FF48072 		mov	r2, #256
 1786 0a2e B0E7     		b	.L45
 1787              	.L212:
 199:Drivers/STM32F4xx_HAL_Driver/Src/stm32f4xx_hal_dma_ex.c ****     __HAL_DMA_CLEAR_FLAG (hdma, __HAL_DMA_GET_FE_FLAG_INDEX(hdma));
 1788              		.loc 1 199 5 discriminator 14 view .LVU467
 1789 0a30 4FF48072 		mov	r2, #256
 1790 0a34 ADE7     		b	.L45
 1791              	.L213:
 199:Drivers/STM32F4xx_HAL_Driver/Src/stm32f4xx_hal_dma_ex.c ****     __HAL_DMA_CLEAR_FLAG (hdma, __HAL_DMA_GET_FE_FLAG_INDEX(hdma));
 1792              		.loc 1 199 5 discriminator 16 view .LVU468
 1793 0a36 4FF48072 		mov	r2, #256
 1794 0a3a AAE7     		b	.L45
 1795              	.L214:
 199:Drivers/STM32F4xx_HAL_Driver/Src/stm32f4xx_hal_dma_ex.c ****     __HAL_DMA_CLEAR_FLAG (hdma, __HAL_DMA_GET_FE_FLAG_INDEX(hdma));
 1796              		.loc 1 199 5 discriminator 18 view .LVU469
 1797 0a3c 4FF48072 		mov	r2, #256
 1798 0a40 A7E7     		b	.L45
 1799              	.L215:
 199:Drivers/STM32F4xx_HAL_Driver/Src/stm32f4xx_hal_dma_ex.c ****     __HAL_DMA_CLEAR_FLAG (hdma, __HAL_DMA_GET_FE_FLAG_INDEX(hdma));
 1800              		.loc 1 199 5 discriminator 20 view .LVU470
 1801 0a42 4FF48022 		mov	r2, #262144
 1802 0a46 A4E7     		b	.L45
 1803              	.L216:
 199:Drivers/STM32F4xx_HAL_Driver/Src/stm32f4xx_hal_dma_ex.c ****     __HAL_DMA_CLEAR_FLAG (hdma, __HAL_DMA_GET_FE_FLAG_INDEX(hdma));
 1804              		.loc 1 199 5 discriminator 22 view .LVU471
 1805 0a48 4FF48022 		mov	r2, #262144
 1806 0a4c A1E7     		b	.L45
 1807              	.L217:
 199:Drivers/STM32F4xx_HAL_Driver/Src/stm32f4xx_hal_dma_ex.c ****     __HAL_DMA_CLEAR_FLAG (hdma, __HAL_DMA_GET_FE_FLAG_INDEX(hdma));
 1808              		.loc 1 199 5 discriminator 24 view .LVU472
 1809 0a4e 4FF48022 		mov	r2, #262144
 1810 0a52 9EE7     		b	.L45
 1811              	.L44:
 199:Drivers/STM32F4xx_HAL_Driver/Src/stm32f4xx_hal_dma_ex.c ****     __HAL_DMA_CLEAR_FLAG (hdma, __HAL_DMA_GET_FE_FLAG_INDEX(hdma));
ARM GAS  C:\Users\Lenovo\AppData\Local\Temp\cc7qXR7H.s 			page 46


 1812              		.loc 1 199 5 discriminator 2 view .LVU473
 1813 0a54 594A     		ldr	r2, .L333+16
 1814 0a56 9342     		cmp	r3, r2
 1815 0a58 53D9     		bls	.L47
 199:Drivers/STM32F4xx_HAL_Driver/Src/stm32f4xx_hal_dma_ex.c ****     __HAL_DMA_CLEAR_FLAG (hdma, __HAL_DMA_GET_FE_FLAG_INDEX(hdma));
 1816              		.loc 1 199 5 discriminator 51 view .LVU474
 1817 0a5a A83A     		subs	r2, r2, #168
 1818 0a5c 9342     		cmp	r3, r2
 1819 0a5e 31D0     		beq	.L219
 199:Drivers/STM32F4xx_HAL_Driver/Src/stm32f4xx_hal_dma_ex.c ****     __HAL_DMA_CLEAR_FLAG (hdma, __HAL_DMA_GET_FE_FLAG_INDEX(hdma));
 1820              		.loc 1 199 5 discriminator 53 view .LVU475
 1821 0a60 02F58062 		add	r2, r2, #1024
 1822 0a64 9342     		cmp	r3, r2
 1823 0a66 31D0     		beq	.L220
 199:Drivers/STM32F4xx_HAL_Driver/Src/stm32f4xx_hal_dma_ex.c ****     __HAL_DMA_CLEAR_FLAG (hdma, __HAL_DMA_GET_FE_FLAG_INDEX(hdma));
 1824              		.loc 1 199 5 discriminator 55 view .LVU476
 1825 0a68 A2F56872 		sub	r2, r2, #928
 1826 0a6c 9342     		cmp	r3, r2
 1827 0a6e 2FD0     		beq	.L221
 199:Drivers/STM32F4xx_HAL_Driver/Src/stm32f4xx_hal_dma_ex.c ****     __HAL_DMA_CLEAR_FLAG (hdma, __HAL_DMA_GET_FE_FLAG_INDEX(hdma));
 1828              		.loc 1 199 5 discriminator 57 view .LVU477
 1829 0a70 02F58062 		add	r2, r2, #1024
 1830 0a74 9342     		cmp	r3, r2
 1831 0a76 2DD0     		beq	.L222
 199:Drivers/STM32F4xx_HAL_Driver/Src/stm32f4xx_hal_dma_ex.c ****     __HAL_DMA_CLEAR_FLAG (hdma, __HAL_DMA_GET_FE_FLAG_INDEX(hdma));
 1832              		.loc 1 199 5 discriminator 59 view .LVU478
 1833 0a78 A2F58962 		sub	r2, r2, #1096
 1834 0a7c 9342     		cmp	r3, r2
 1835 0a7e 2BD0     		beq	.L223
 199:Drivers/STM32F4xx_HAL_Driver/Src/stm32f4xx_hal_dma_ex.c ****     __HAL_DMA_CLEAR_FLAG (hdma, __HAL_DMA_GET_FE_FLAG_INDEX(hdma));
 1836              		.loc 1 199 5 discriminator 61 view .LVU479
 1837 0a80 02F58062 		add	r2, r2, #1024
 1838 0a84 9342     		cmp	r3, r2
 1839 0a86 2AD0     		beq	.L224
 199:Drivers/STM32F4xx_HAL_Driver/Src/stm32f4xx_hal_dma_ex.c ****     __HAL_DMA_CLEAR_FLAG (hdma, __HAL_DMA_GET_FE_FLAG_INDEX(hdma));
 1840              		.loc 1 199 5 discriminator 63 view .LVU480
 1841 0a88 A2F56872 		sub	r2, r2, #928
 1842 0a8c 9342     		cmp	r3, r2
 1843 0a8e 29D0     		beq	.L225
 199:Drivers/STM32F4xx_HAL_Driver/Src/stm32f4xx_hal_dma_ex.c ****     __HAL_DMA_CLEAR_FLAG (hdma, __HAL_DMA_GET_FE_FLAG_INDEX(hdma));
 1844              		.loc 1 199 5 discriminator 65 view .LVU481
 1845 0a90 02F58062 		add	r2, r2, #1024
 1846 0a94 9342     		cmp	r3, r2
 1847 0a96 28D0     		beq	.L226
 199:Drivers/STM32F4xx_HAL_Driver/Src/stm32f4xx_hal_dma_ex.c ****     __HAL_DMA_CLEAR_FLAG (hdma, __HAL_DMA_GET_FE_FLAG_INDEX(hdma));
 1848              		.loc 1 199 5 discriminator 67 view .LVU482
 1849 0a98 A2F58962 		sub	r2, r2, #1096
 1850 0a9c 9342     		cmp	r3, r2
 1851 0a9e 27D0     		beq	.L227
 199:Drivers/STM32F4xx_HAL_Driver/Src/stm32f4xx_hal_dma_ex.c ****     __HAL_DMA_CLEAR_FLAG (hdma, __HAL_DMA_GET_FE_FLAG_INDEX(hdma));
 1852              		.loc 1 199 5 discriminator 69 view .LVU483
 1853 0aa0 02F58062 		add	r2, r2, #1024
 1854 0aa4 9342     		cmp	r3, r2
 1855 0aa6 26D0     		beq	.L228
 199:Drivers/STM32F4xx_HAL_Driver/Src/stm32f4xx_hal_dma_ex.c ****     __HAL_DMA_CLEAR_FLAG (hdma, __HAL_DMA_GET_FE_FLAG_INDEX(hdma));
 1856              		.loc 1 199 5 discriminator 71 view .LVU484
 1857 0aa8 A2F56872 		sub	r2, r2, #928
ARM GAS  C:\Users\Lenovo\AppData\Local\Temp\cc7qXR7H.s 			page 47


 1858 0aac 9342     		cmp	r3, r2
 1859 0aae 25D0     		beq	.L229
 199:Drivers/STM32F4xx_HAL_Driver/Src/stm32f4xx_hal_dma_ex.c ****     __HAL_DMA_CLEAR_FLAG (hdma, __HAL_DMA_GET_FE_FLAG_INDEX(hdma));
 1860              		.loc 1 199 5 discriminator 73 view .LVU485
 1861 0ab0 02F58062 		add	r2, r2, #1024
 1862 0ab4 9342     		cmp	r3, r2
 1863 0ab6 02D0     		beq	.L320
 199:Drivers/STM32F4xx_HAL_Driver/Src/stm32f4xx_hal_dma_ex.c ****     __HAL_DMA_CLEAR_FLAG (hdma, __HAL_DMA_GET_FE_FLAG_INDEX(hdma));
 1864              		.loc 1 199 5 discriminator 76 view .LVU486
 1865 0ab8 4FF08073 		mov	r3, #16777216
 1866 0abc 03E0     		b	.L48
 1867              	.L320:
 199:Drivers/STM32F4xx_HAL_Driver/Src/stm32f4xx_hal_dma_ex.c ****     __HAL_DMA_CLEAR_FLAG (hdma, __HAL_DMA_GET_FE_FLAG_INDEX(hdma));
 1868              		.loc 1 199 5 discriminator 75 view .LVU487
 1869 0abe 4FF48023 		mov	r3, #262144
 1870 0ac2 00E0     		b	.L48
 1871              	.L219:
 199:Drivers/STM32F4xx_HAL_Driver/Src/stm32f4xx_hal_dma_ex.c ****     __HAL_DMA_CLEAR_FLAG (hdma, __HAL_DMA_GET_FE_FLAG_INDEX(hdma));
 1872              		.loc 1 199 5 discriminator 54 view .LVU488
 1873 0ac4 0423     		movs	r3, #4
 1874              	.L48:
 199:Drivers/STM32F4xx_HAL_Driver/Src/stm32f4xx_hal_dma_ex.c ****     __HAL_DMA_CLEAR_FLAG (hdma, __HAL_DMA_GET_FE_FLAG_INDEX(hdma));
 1875              		.loc 1 199 5 discriminator 100 view .LVU489
 1876 0ac6 3B4A     		ldr	r2, .L333+8
 1877 0ac8 9360     		str	r3, [r2, #8]
 1878 0aca 64E7     		b	.L46
 1879              	.L220:
 199:Drivers/STM32F4xx_HAL_Driver/Src/stm32f4xx_hal_dma_ex.c ****     __HAL_DMA_CLEAR_FLAG (hdma, __HAL_DMA_GET_FE_FLAG_INDEX(hdma));
 1880              		.loc 1 199 5 discriminator 56 view .LVU490
 1881 0acc 0423     		movs	r3, #4
 1882 0ace FAE7     		b	.L48
 1883              	.L221:
 199:Drivers/STM32F4xx_HAL_Driver/Src/stm32f4xx_hal_dma_ex.c ****     __HAL_DMA_CLEAR_FLAG (hdma, __HAL_DMA_GET_FE_FLAG_INDEX(hdma));
 1884              		.loc 1 199 5 discriminator 58 view .LVU491
 1885 0ad0 0423     		movs	r3, #4
 1886 0ad2 F8E7     		b	.L48
 1887              	.L222:
 199:Drivers/STM32F4xx_HAL_Driver/Src/stm32f4xx_hal_dma_ex.c ****     __HAL_DMA_CLEAR_FLAG (hdma, __HAL_DMA_GET_FE_FLAG_INDEX(hdma));
 1888              		.loc 1 199 5 discriminator 60 view .LVU492
 1889 0ad4 0423     		movs	r3, #4
 1890 0ad6 F6E7     		b	.L48
 1891              	.L223:
 199:Drivers/STM32F4xx_HAL_Driver/Src/stm32f4xx_hal_dma_ex.c ****     __HAL_DMA_CLEAR_FLAG (hdma, __HAL_DMA_GET_FE_FLAG_INDEX(hdma));
 1892              		.loc 1 199 5 discriminator 62 view .LVU493
 1893 0ad8 4FF48073 		mov	r3, #256
 1894 0adc F3E7     		b	.L48
 1895              	.L224:
 199:Drivers/STM32F4xx_HAL_Driver/Src/stm32f4xx_hal_dma_ex.c ****     __HAL_DMA_CLEAR_FLAG (hdma, __HAL_DMA_GET_FE_FLAG_INDEX(hdma));
 1896              		.loc 1 199 5 discriminator 64 view .LVU494
 1897 0ade 4FF48073 		mov	r3, #256
 1898 0ae2 F0E7     		b	.L48
 1899              	.L225:
 199:Drivers/STM32F4xx_HAL_Driver/Src/stm32f4xx_hal_dma_ex.c ****     __HAL_DMA_CLEAR_FLAG (hdma, __HAL_DMA_GET_FE_FLAG_INDEX(hdma));
 1900              		.loc 1 199 5 discriminator 66 view .LVU495
 1901 0ae4 4FF48073 		mov	r3, #256
 1902 0ae8 EDE7     		b	.L48
 1903              	.L226:
ARM GAS  C:\Users\Lenovo\AppData\Local\Temp\cc7qXR7H.s 			page 48


 199:Drivers/STM32F4xx_HAL_Driver/Src/stm32f4xx_hal_dma_ex.c ****     __HAL_DMA_CLEAR_FLAG (hdma, __HAL_DMA_GET_FE_FLAG_INDEX(hdma));
 1904              		.loc 1 199 5 discriminator 68 view .LVU496
 1905 0aea 4FF48073 		mov	r3, #256
 1906 0aee EAE7     		b	.L48
 1907              	.L227:
 199:Drivers/STM32F4xx_HAL_Driver/Src/stm32f4xx_hal_dma_ex.c ****     __HAL_DMA_CLEAR_FLAG (hdma, __HAL_DMA_GET_FE_FLAG_INDEX(hdma));
 1908              		.loc 1 199 5 discriminator 70 view .LVU497
 1909 0af0 4FF48023 		mov	r3, #262144
 1910 0af4 E7E7     		b	.L48
 1911              	.L228:
 199:Drivers/STM32F4xx_HAL_Driver/Src/stm32f4xx_hal_dma_ex.c ****     __HAL_DMA_CLEAR_FLAG (hdma, __HAL_DMA_GET_FE_FLAG_INDEX(hdma));
 1912              		.loc 1 199 5 discriminator 72 view .LVU498
 1913 0af6 4FF48023 		mov	r3, #262144
 1914 0afa E4E7     		b	.L48
 1915              	.L229:
 199:Drivers/STM32F4xx_HAL_Driver/Src/stm32f4xx_hal_dma_ex.c ****     __HAL_DMA_CLEAR_FLAG (hdma, __HAL_DMA_GET_FE_FLAG_INDEX(hdma));
 1916              		.loc 1 199 5 discriminator 74 view .LVU499
 1917 0afc 4FF48023 		mov	r3, #262144
 1918 0b00 E1E7     		b	.L48
 1919              	.L47:
 199:Drivers/STM32F4xx_HAL_Driver/Src/stm32f4xx_hal_dma_ex.c ****     __HAL_DMA_CLEAR_FLAG (hdma, __HAL_DMA_GET_FE_FLAG_INDEX(hdma));
 1920              		.loc 1 199 5 discriminator 52 view .LVU500
 1921 0b02 2F4A     		ldr	r2, .L333+20
 1922 0b04 9342     		cmp	r3, r2
 1923 0b06 60D9     		bls	.L49
 199:Drivers/STM32F4xx_HAL_Driver/Src/stm32f4xx_hal_dma_ex.c ****     __HAL_DMA_CLEAR_FLAG (hdma, __HAL_DMA_GET_FE_FLAG_INDEX(hdma));
 1924              		.loc 1 199 5 discriminator 102 view .LVU501
 1925 0b08 483A     		subs	r2, r2, #72
 1926 0b0a 9342     		cmp	r3, r2
 1927 0b0c 31D0     		beq	.L231
 199:Drivers/STM32F4xx_HAL_Driver/Src/stm32f4xx_hal_dma_ex.c ****     __HAL_DMA_CLEAR_FLAG (hdma, __HAL_DMA_GET_FE_FLAG_INDEX(hdma));
 1928              		.loc 1 199 5 discriminator 104 view .LVU502
 1929 0b0e 02F58062 		add	r2, r2, #1024
 1930 0b12 9342     		cmp	r3, r2
 1931 0b14 31D0     		beq	.L232
 199:Drivers/STM32F4xx_HAL_Driver/Src/stm32f4xx_hal_dma_ex.c ****     __HAL_DMA_CLEAR_FLAG (hdma, __HAL_DMA_GET_FE_FLAG_INDEX(hdma));
 1932              		.loc 1 199 5 discriminator 106 view .LVU503
 1933 0b16 A2F56872 		sub	r2, r2, #928
 1934 0b1a 9342     		cmp	r3, r2
 1935 0b1c 2FD0     		beq	.L233
 199:Drivers/STM32F4xx_HAL_Driver/Src/stm32f4xx_hal_dma_ex.c ****     __HAL_DMA_CLEAR_FLAG (hdma, __HAL_DMA_GET_FE_FLAG_INDEX(hdma));
 1936              		.loc 1 199 5 discriminator 108 view .LVU504
 1937 0b1e 02F58062 		add	r2, r2, #1024
 1938 0b22 9342     		cmp	r3, r2
 1939 0b24 2DD0     		beq	.L234
 199:Drivers/STM32F4xx_HAL_Driver/Src/stm32f4xx_hal_dma_ex.c ****     __HAL_DMA_CLEAR_FLAG (hdma, __HAL_DMA_GET_FE_FLAG_INDEX(hdma));
 1940              		.loc 1 199 5 discriminator 110 view .LVU505
 1941 0b26 A2F58962 		sub	r2, r2, #1096
 1942 0b2a 9342     		cmp	r3, r2
 1943 0b2c 2BD0     		beq	.L235
 199:Drivers/STM32F4xx_HAL_Driver/Src/stm32f4xx_hal_dma_ex.c ****     __HAL_DMA_CLEAR_FLAG (hdma, __HAL_DMA_GET_FE_FLAG_INDEX(hdma));
 1944              		.loc 1 199 5 discriminator 112 view .LVU506
 1945 0b2e 02F58062 		add	r2, r2, #1024
 1946 0b32 9342     		cmp	r3, r2
 1947 0b34 2AD0     		beq	.L236
 199:Drivers/STM32F4xx_HAL_Driver/Src/stm32f4xx_hal_dma_ex.c ****     __HAL_DMA_CLEAR_FLAG (hdma, __HAL_DMA_GET_FE_FLAG_INDEX(hdma));
 1948              		.loc 1 199 5 discriminator 114 view .LVU507
ARM GAS  C:\Users\Lenovo\AppData\Local\Temp\cc7qXR7H.s 			page 49


 1949 0b36 A2F56872 		sub	r2, r2, #928
 1950 0b3a 9342     		cmp	r3, r2
 1951 0b3c 29D0     		beq	.L237
 199:Drivers/STM32F4xx_HAL_Driver/Src/stm32f4xx_hal_dma_ex.c ****     __HAL_DMA_CLEAR_FLAG (hdma, __HAL_DMA_GET_FE_FLAG_INDEX(hdma));
 1952              		.loc 1 199 5 discriminator 116 view .LVU508
 1953 0b3e 02F58062 		add	r2, r2, #1024
 1954 0b42 9342     		cmp	r3, r2
 1955 0b44 28D0     		beq	.L238
 199:Drivers/STM32F4xx_HAL_Driver/Src/stm32f4xx_hal_dma_ex.c ****     __HAL_DMA_CLEAR_FLAG (hdma, __HAL_DMA_GET_FE_FLAG_INDEX(hdma));
 1956              		.loc 1 199 5 discriminator 118 view .LVU509
 1957 0b46 A2F58962 		sub	r2, r2, #1096
 1958 0b4a 9342     		cmp	r3, r2
 1959 0b4c 27D0     		beq	.L239
 199:Drivers/STM32F4xx_HAL_Driver/Src/stm32f4xx_hal_dma_ex.c ****     __HAL_DMA_CLEAR_FLAG (hdma, __HAL_DMA_GET_FE_FLAG_INDEX(hdma));
 1960              		.loc 1 199 5 discriminator 120 view .LVU510
 1961 0b4e 02F58062 		add	r2, r2, #1024
 1962 0b52 9342     		cmp	r3, r2
 1963 0b54 26D0     		beq	.L240
 199:Drivers/STM32F4xx_HAL_Driver/Src/stm32f4xx_hal_dma_ex.c ****     __HAL_DMA_CLEAR_FLAG (hdma, __HAL_DMA_GET_FE_FLAG_INDEX(hdma));
 1964              		.loc 1 199 5 discriminator 122 view .LVU511
 1965 0b56 A2F56872 		sub	r2, r2, #928
 1966 0b5a 9342     		cmp	r3, r2
 1967 0b5c 32D0     		beq	.L241
 199:Drivers/STM32F4xx_HAL_Driver/Src/stm32f4xx_hal_dma_ex.c ****     __HAL_DMA_CLEAR_FLAG (hdma, __HAL_DMA_GET_FE_FLAG_INDEX(hdma));
 1968              		.loc 1 199 5 discriminator 124 view .LVU512
 1969 0b5e 02F58062 		add	r2, r2, #1024
 1970 0b62 9342     		cmp	r3, r2
 1971 0b64 02D0     		beq	.L321
 199:Drivers/STM32F4xx_HAL_Driver/Src/stm32f4xx_hal_dma_ex.c ****     __HAL_DMA_CLEAR_FLAG (hdma, __HAL_DMA_GET_FE_FLAG_INDEX(hdma));
 1972              		.loc 1 199 5 discriminator 127 view .LVU513
 1973 0b66 4FF08073 		mov	r3, #16777216
 1974 0b6a 03E0     		b	.L50
 1975              	.L321:
 199:Drivers/STM32F4xx_HAL_Driver/Src/stm32f4xx_hal_dma_ex.c ****     __HAL_DMA_CLEAR_FLAG (hdma, __HAL_DMA_GET_FE_FLAG_INDEX(hdma));
 1976              		.loc 1 199 5 discriminator 126 view .LVU514
 1977 0b6c 4FF48023 		mov	r3, #262144
 1978 0b70 00E0     		b	.L50
 1979              	.L231:
 199:Drivers/STM32F4xx_HAL_Driver/Src/stm32f4xx_hal_dma_ex.c ****     __HAL_DMA_CLEAR_FLAG (hdma, __HAL_DMA_GET_FE_FLAG_INDEX(hdma));
 1980              		.loc 1 199 5 discriminator 105 view .LVU515
 1981 0b72 0423     		movs	r3, #4
 1982              	.L50:
 199:Drivers/STM32F4xx_HAL_Driver/Src/stm32f4xx_hal_dma_ex.c ****     __HAL_DMA_CLEAR_FLAG (hdma, __HAL_DMA_GET_FE_FLAG_INDEX(hdma));
 1983              		.loc 1 199 5 discriminator 151 view .LVU516
 1984 0b74 0E4A     		ldr	r2, .L333+4
 1985 0b76 D360     		str	r3, [r2, #12]
 1986 0b78 0DE7     		b	.L46
 1987              	.L232:
 199:Drivers/STM32F4xx_HAL_Driver/Src/stm32f4xx_hal_dma_ex.c ****     __HAL_DMA_CLEAR_FLAG (hdma, __HAL_DMA_GET_FE_FLAG_INDEX(hdma));
 1988              		.loc 1 199 5 discriminator 107 view .LVU517
 1989 0b7a 0423     		movs	r3, #4
 1990 0b7c FAE7     		b	.L50
 1991              	.L233:
 199:Drivers/STM32F4xx_HAL_Driver/Src/stm32f4xx_hal_dma_ex.c ****     __HAL_DMA_CLEAR_FLAG (hdma, __HAL_DMA_GET_FE_FLAG_INDEX(hdma));
 1992              		.loc 1 199 5 discriminator 109 view .LVU518
 1993 0b7e 0423     		movs	r3, #4
 1994 0b80 F8E7     		b	.L50
ARM GAS  C:\Users\Lenovo\AppData\Local\Temp\cc7qXR7H.s 			page 50


 1995              	.L234:
 199:Drivers/STM32F4xx_HAL_Driver/Src/stm32f4xx_hal_dma_ex.c ****     __HAL_DMA_CLEAR_FLAG (hdma, __HAL_DMA_GET_FE_FLAG_INDEX(hdma));
 1996              		.loc 1 199 5 discriminator 111 view .LVU519
 1997 0b82 0423     		movs	r3, #4
 1998 0b84 F6E7     		b	.L50
 1999              	.L235:
 199:Drivers/STM32F4xx_HAL_Driver/Src/stm32f4xx_hal_dma_ex.c ****     __HAL_DMA_CLEAR_FLAG (hdma, __HAL_DMA_GET_FE_FLAG_INDEX(hdma));
 2000              		.loc 1 199 5 discriminator 113 view .LVU520
 2001 0b86 4FF48073 		mov	r3, #256
 2002 0b8a F3E7     		b	.L50
 2003              	.L236:
 199:Drivers/STM32F4xx_HAL_Driver/Src/stm32f4xx_hal_dma_ex.c ****     __HAL_DMA_CLEAR_FLAG (hdma, __HAL_DMA_GET_FE_FLAG_INDEX(hdma));
 2004              		.loc 1 199 5 discriminator 115 view .LVU521
 2005 0b8c 4FF48073 		mov	r3, #256
 2006 0b90 F0E7     		b	.L50
 2007              	.L237:
 199:Drivers/STM32F4xx_HAL_Driver/Src/stm32f4xx_hal_dma_ex.c ****     __HAL_DMA_CLEAR_FLAG (hdma, __HAL_DMA_GET_FE_FLAG_INDEX(hdma));
 2008              		.loc 1 199 5 discriminator 117 view .LVU522
 2009 0b92 4FF48073 		mov	r3, #256
 2010 0b96 EDE7     		b	.L50
 2011              	.L238:
 199:Drivers/STM32F4xx_HAL_Driver/Src/stm32f4xx_hal_dma_ex.c ****     __HAL_DMA_CLEAR_FLAG (hdma, __HAL_DMA_GET_FE_FLAG_INDEX(hdma));
 2012              		.loc 1 199 5 discriminator 119 view .LVU523
 2013 0b98 4FF48073 		mov	r3, #256
 2014 0b9c EAE7     		b	.L50
 2015              	.L239:
 199:Drivers/STM32F4xx_HAL_Driver/Src/stm32f4xx_hal_dma_ex.c ****     __HAL_DMA_CLEAR_FLAG (hdma, __HAL_DMA_GET_FE_FLAG_INDEX(hdma));
 2016              		.loc 1 199 5 discriminator 121 view .LVU524
 2017 0b9e 4FF48023 		mov	r3, #262144
 2018 0ba2 E7E7     		b	.L50
 2019              	.L240:
 199:Drivers/STM32F4xx_HAL_Driver/Src/stm32f4xx_hal_dma_ex.c ****     __HAL_DMA_CLEAR_FLAG (hdma, __HAL_DMA_GET_FE_FLAG_INDEX(hdma));
 2020              		.loc 1 199 5 discriminator 123 view .LVU525
 2021 0ba4 4FF48023 		mov	r3, #262144
 2022 0ba8 E4E7     		b	.L50
 2023              	.L334:
 2024 0baa 00BF     		.align	2
 2025              	.L333:
 2026 0bac 10600240 		.word	1073897488
 2027 0bb0 00600240 		.word	1073897472
 2028 0bb4 00640240 		.word	1073898496
 2029 0bb8 58640240 		.word	1073898584
 2030 0bbc B8600240 		.word	1073897656
 2031 0bc0 58600240 		.word	1073897560
 2032              	.L241:
 199:Drivers/STM32F4xx_HAL_Driver/Src/stm32f4xx_hal_dma_ex.c ****     __HAL_DMA_CLEAR_FLAG (hdma, __HAL_DMA_GET_FE_FLAG_INDEX(hdma));
 2033              		.loc 1 199 5 discriminator 125 view .LVU526
 2034 0bc4 4FF48023 		mov	r3, #262144
 2035 0bc8 D4E7     		b	.L50
 2036              	.L49:
 199:Drivers/STM32F4xx_HAL_Driver/Src/stm32f4xx_hal_dma_ex.c ****     __HAL_DMA_CLEAR_FLAG (hdma, __HAL_DMA_GET_FE_FLAG_INDEX(hdma));
 2037              		.loc 1 199 5 discriminator 103 view .LVU527
 2038 0bca 994A     		ldr	r2, .L335
 2039 0bcc 9342     		cmp	r3, r2
 2040 0bce 31D0     		beq	.L243
 199:Drivers/STM32F4xx_HAL_Driver/Src/stm32f4xx_hal_dma_ex.c ****     __HAL_DMA_CLEAR_FLAG (hdma, __HAL_DMA_GET_FE_FLAG_INDEX(hdma));
 2041              		.loc 1 199 5 discriminator 153 view .LVU528
ARM GAS  C:\Users\Lenovo\AppData\Local\Temp\cc7qXR7H.s 			page 51


 2042 0bd0 02F58062 		add	r2, r2, #1024
 2043 0bd4 9342     		cmp	r3, r2
 2044 0bd6 31D0     		beq	.L244
 199:Drivers/STM32F4xx_HAL_Driver/Src/stm32f4xx_hal_dma_ex.c ****     __HAL_DMA_CLEAR_FLAG (hdma, __HAL_DMA_GET_FE_FLAG_INDEX(hdma));
 2045              		.loc 1 199 5 discriminator 155 view .LVU529
 2046 0bd8 A2F56872 		sub	r2, r2, #928
 2047 0bdc 9342     		cmp	r3, r2
 2048 0bde 2FD0     		beq	.L245
 199:Drivers/STM32F4xx_HAL_Driver/Src/stm32f4xx_hal_dma_ex.c ****     __HAL_DMA_CLEAR_FLAG (hdma, __HAL_DMA_GET_FE_FLAG_INDEX(hdma));
 2049              		.loc 1 199 5 discriminator 157 view .LVU530
 2050 0be0 02F58062 		add	r2, r2, #1024
 2051 0be4 9342     		cmp	r3, r2
 2052 0be6 2DD0     		beq	.L246
 199:Drivers/STM32F4xx_HAL_Driver/Src/stm32f4xx_hal_dma_ex.c ****     __HAL_DMA_CLEAR_FLAG (hdma, __HAL_DMA_GET_FE_FLAG_INDEX(hdma));
 2053              		.loc 1 199 5 discriminator 159 view .LVU531
 2054 0be8 A2F58962 		sub	r2, r2, #1096
 2055 0bec 9342     		cmp	r3, r2
 2056 0bee 2BD0     		beq	.L247
 199:Drivers/STM32F4xx_HAL_Driver/Src/stm32f4xx_hal_dma_ex.c ****     __HAL_DMA_CLEAR_FLAG (hdma, __HAL_DMA_GET_FE_FLAG_INDEX(hdma));
 2057              		.loc 1 199 5 discriminator 161 view .LVU532
 2058 0bf0 02F58062 		add	r2, r2, #1024
 2059 0bf4 9342     		cmp	r3, r2
 2060 0bf6 2AD0     		beq	.L248
 199:Drivers/STM32F4xx_HAL_Driver/Src/stm32f4xx_hal_dma_ex.c ****     __HAL_DMA_CLEAR_FLAG (hdma, __HAL_DMA_GET_FE_FLAG_INDEX(hdma));
 2061              		.loc 1 199 5 discriminator 163 view .LVU533
 2062 0bf8 A2F56872 		sub	r2, r2, #928
 2063 0bfc 9342     		cmp	r3, r2
 2064 0bfe 29D0     		beq	.L249
 199:Drivers/STM32F4xx_HAL_Driver/Src/stm32f4xx_hal_dma_ex.c ****     __HAL_DMA_CLEAR_FLAG (hdma, __HAL_DMA_GET_FE_FLAG_INDEX(hdma));
 2065              		.loc 1 199 5 discriminator 165 view .LVU534
 2066 0c00 02F58062 		add	r2, r2, #1024
 2067 0c04 9342     		cmp	r3, r2
 2068 0c06 28D0     		beq	.L250
 199:Drivers/STM32F4xx_HAL_Driver/Src/stm32f4xx_hal_dma_ex.c ****     __HAL_DMA_CLEAR_FLAG (hdma, __HAL_DMA_GET_FE_FLAG_INDEX(hdma));
 2069              		.loc 1 199 5 discriminator 167 view .LVU535
 2070 0c08 A2F58962 		sub	r2, r2, #1096
 2071 0c0c 9342     		cmp	r3, r2
 2072 0c0e 27D0     		beq	.L251
 199:Drivers/STM32F4xx_HAL_Driver/Src/stm32f4xx_hal_dma_ex.c ****     __HAL_DMA_CLEAR_FLAG (hdma, __HAL_DMA_GET_FE_FLAG_INDEX(hdma));
 2073              		.loc 1 199 5 discriminator 169 view .LVU536
 2074 0c10 02F58062 		add	r2, r2, #1024
 2075 0c14 9342     		cmp	r3, r2
 2076 0c16 26D0     		beq	.L252
 199:Drivers/STM32F4xx_HAL_Driver/Src/stm32f4xx_hal_dma_ex.c ****     __HAL_DMA_CLEAR_FLAG (hdma, __HAL_DMA_GET_FE_FLAG_INDEX(hdma));
 2077              		.loc 1 199 5 discriminator 171 view .LVU537
 2078 0c18 A2F56872 		sub	r2, r2, #928
 2079 0c1c 9342     		cmp	r3, r2
 2080 0c1e 25D0     		beq	.L253
 199:Drivers/STM32F4xx_HAL_Driver/Src/stm32f4xx_hal_dma_ex.c ****     __HAL_DMA_CLEAR_FLAG (hdma, __HAL_DMA_GET_FE_FLAG_INDEX(hdma));
 2081              		.loc 1 199 5 discriminator 173 view .LVU538
 2082 0c20 02F58062 		add	r2, r2, #1024
 2083 0c24 9342     		cmp	r3, r2
 2084 0c26 02D0     		beq	.L322
 199:Drivers/STM32F4xx_HAL_Driver/Src/stm32f4xx_hal_dma_ex.c ****     __HAL_DMA_CLEAR_FLAG (hdma, __HAL_DMA_GET_FE_FLAG_INDEX(hdma));
 2085              		.loc 1 199 5 discriminator 176 view .LVU539
 2086 0c28 4FF08073 		mov	r3, #16777216
 2087 0c2c 03E0     		b	.L51
ARM GAS  C:\Users\Lenovo\AppData\Local\Temp\cc7qXR7H.s 			page 52


 2088              	.L322:
 199:Drivers/STM32F4xx_HAL_Driver/Src/stm32f4xx_hal_dma_ex.c ****     __HAL_DMA_CLEAR_FLAG (hdma, __HAL_DMA_GET_FE_FLAG_INDEX(hdma));
 2089              		.loc 1 199 5 discriminator 175 view .LVU540
 2090 0c2e 4FF48023 		mov	r3, #262144
 2091 0c32 00E0     		b	.L51
 2092              	.L243:
 199:Drivers/STM32F4xx_HAL_Driver/Src/stm32f4xx_hal_dma_ex.c ****     __HAL_DMA_CLEAR_FLAG (hdma, __HAL_DMA_GET_FE_FLAG_INDEX(hdma));
 2093              		.loc 1 199 5 discriminator 154 view .LVU541
 2094 0c34 0423     		movs	r3, #4
 2095              	.L51:
 199:Drivers/STM32F4xx_HAL_Driver/Src/stm32f4xx_hal_dma_ex.c ****     __HAL_DMA_CLEAR_FLAG (hdma, __HAL_DMA_GET_FE_FLAG_INDEX(hdma));
 2096              		.loc 1 199 5 discriminator 200 view .LVU542
 2097 0c36 7F4A     		ldr	r2, .L335+4
 2098 0c38 9360     		str	r3, [r2, #8]
 2099 0c3a ACE6     		b	.L46
 2100              	.L244:
 199:Drivers/STM32F4xx_HAL_Driver/Src/stm32f4xx_hal_dma_ex.c ****     __HAL_DMA_CLEAR_FLAG (hdma, __HAL_DMA_GET_FE_FLAG_INDEX(hdma));
 2101              		.loc 1 199 5 discriminator 156 view .LVU543
 2102 0c3c 0423     		movs	r3, #4
 2103 0c3e FAE7     		b	.L51
 2104              	.L245:
 199:Drivers/STM32F4xx_HAL_Driver/Src/stm32f4xx_hal_dma_ex.c ****     __HAL_DMA_CLEAR_FLAG (hdma, __HAL_DMA_GET_FE_FLAG_INDEX(hdma));
 2105              		.loc 1 199 5 discriminator 158 view .LVU544
 2106 0c40 0423     		movs	r3, #4
 2107 0c42 F8E7     		b	.L51
 2108              	.L246:
 199:Drivers/STM32F4xx_HAL_Driver/Src/stm32f4xx_hal_dma_ex.c ****     __HAL_DMA_CLEAR_FLAG (hdma, __HAL_DMA_GET_FE_FLAG_INDEX(hdma));
 2109              		.loc 1 199 5 discriminator 160 view .LVU545
 2110 0c44 0423     		movs	r3, #4
 2111 0c46 F6E7     		b	.L51
 2112              	.L247:
 199:Drivers/STM32F4xx_HAL_Driver/Src/stm32f4xx_hal_dma_ex.c ****     __HAL_DMA_CLEAR_FLAG (hdma, __HAL_DMA_GET_FE_FLAG_INDEX(hdma));
 2113              		.loc 1 199 5 discriminator 162 view .LVU546
 2114 0c48 4FF48073 		mov	r3, #256
 2115 0c4c F3E7     		b	.L51
 2116              	.L248:
 199:Drivers/STM32F4xx_HAL_Driver/Src/stm32f4xx_hal_dma_ex.c ****     __HAL_DMA_CLEAR_FLAG (hdma, __HAL_DMA_GET_FE_FLAG_INDEX(hdma));
 2117              		.loc 1 199 5 discriminator 164 view .LVU547
 2118 0c4e 4FF48073 		mov	r3, #256
 2119 0c52 F0E7     		b	.L51
 2120              	.L249:
 199:Drivers/STM32F4xx_HAL_Driver/Src/stm32f4xx_hal_dma_ex.c ****     __HAL_DMA_CLEAR_FLAG (hdma, __HAL_DMA_GET_FE_FLAG_INDEX(hdma));
 2121              		.loc 1 199 5 discriminator 166 view .LVU548
 2122 0c54 4FF48073 		mov	r3, #256
 2123 0c58 EDE7     		b	.L51
 2124              	.L250:
 199:Drivers/STM32F4xx_HAL_Driver/Src/stm32f4xx_hal_dma_ex.c ****     __HAL_DMA_CLEAR_FLAG (hdma, __HAL_DMA_GET_FE_FLAG_INDEX(hdma));
 2125              		.loc 1 199 5 discriminator 168 view .LVU549
 2126 0c5a 4FF48073 		mov	r3, #256
 2127 0c5e EAE7     		b	.L51
 2128              	.L251:
 199:Drivers/STM32F4xx_HAL_Driver/Src/stm32f4xx_hal_dma_ex.c ****     __HAL_DMA_CLEAR_FLAG (hdma, __HAL_DMA_GET_FE_FLAG_INDEX(hdma));
 2129              		.loc 1 199 5 discriminator 170 view .LVU550
 2130 0c60 4FF48023 		mov	r3, #262144
 2131 0c64 E7E7     		b	.L51
 2132              	.L252:
 199:Drivers/STM32F4xx_HAL_Driver/Src/stm32f4xx_hal_dma_ex.c ****     __HAL_DMA_CLEAR_FLAG (hdma, __HAL_DMA_GET_FE_FLAG_INDEX(hdma));
ARM GAS  C:\Users\Lenovo\AppData\Local\Temp\cc7qXR7H.s 			page 53


 2133              		.loc 1 199 5 discriminator 172 view .LVU551
 2134 0c66 4FF48023 		mov	r3, #262144
 2135 0c6a E4E7     		b	.L51
 2136              	.L253:
 199:Drivers/STM32F4xx_HAL_Driver/Src/stm32f4xx_hal_dma_ex.c ****     __HAL_DMA_CLEAR_FLAG (hdma, __HAL_DMA_GET_FE_FLAG_INDEX(hdma));
 2137              		.loc 1 199 5 discriminator 174 view .LVU552
 2138 0c6c 4FF48023 		mov	r3, #262144
 2139 0c70 E1E7     		b	.L51
 2140              	.L319:
 200:Drivers/STM32F4xx_HAL_Driver/Src/stm32f4xx_hal_dma_ex.c **** 
 2141              		.loc 1 200 5 discriminator 25 view .LVU553
 2142 0c72 4FF48032 		mov	r2, #65536
 2143 0c76 00E0     		b	.L53
 2144              	.L255:
 200:Drivers/STM32F4xx_HAL_Driver/Src/stm32f4xx_hal_dma_ex.c **** 
 2145              		.loc 1 200 5 discriminator 4 view .LVU554
 2146 0c78 0122     		movs	r2, #1
 2147              	.L53:
 200:Drivers/STM32F4xx_HAL_Driver/Src/stm32f4xx_hal_dma_ex.c **** 
 2148              		.loc 1 200 5 discriminator 50 view .LVU555
 2149 0c7a 6F4B     		ldr	r3, .L335+8
 2150 0c7c DA60     		str	r2, [r3, #12]
 2151              	.L54:
 203:Drivers/STM32F4xx_HAL_Driver/Src/stm32f4xx_hal_dma_ex.c ****     hdma->Instance->FCR |= DMA_IT_FE;
 2152              		.loc 1 203 5 is_stmt 1 view .LVU556
 203:Drivers/STM32F4xx_HAL_Driver/Src/stm32f4xx_hal_dma_ex.c ****     hdma->Instance->FCR |= DMA_IT_FE;
 2153              		.loc 1 203 9 is_stmt 0 view .LVU557
 2154 0c7e 2268     		ldr	r2, [r4]
 203:Drivers/STM32F4xx_HAL_Driver/Src/stm32f4xx_hal_dma_ex.c ****     hdma->Instance->FCR |= DMA_IT_FE;
 2155              		.loc 1 203 19 view .LVU558
 2156 0c80 1368     		ldr	r3, [r2]
 203:Drivers/STM32F4xx_HAL_Driver/Src/stm32f4xx_hal_dma_ex.c ****     hdma->Instance->FCR |= DMA_IT_FE;
 2157              		.loc 1 203 25 view .LVU559
 2158 0c82 43F01603 		orr	r3, r3, #22
 2159 0c86 1360     		str	r3, [r2]
 204:Drivers/STM32F4xx_HAL_Driver/Src/stm32f4xx_hal_dma_ex.c ****     
 2160              		.loc 1 204 5 is_stmt 1 view .LVU560
 204:Drivers/STM32F4xx_HAL_Driver/Src/stm32f4xx_hal_dma_ex.c ****     
 2161              		.loc 1 204 9 is_stmt 0 view .LVU561
 2162 0c88 2268     		ldr	r2, [r4]
 204:Drivers/STM32F4xx_HAL_Driver/Src/stm32f4xx_hal_dma_ex.c ****     
 2163              		.loc 1 204 19 view .LVU562
 2164 0c8a 5369     		ldr	r3, [r2, #20]
 204:Drivers/STM32F4xx_HAL_Driver/Src/stm32f4xx_hal_dma_ex.c ****     
 2165              		.loc 1 204 25 view .LVU563
 2166 0c8c 43F08003 		orr	r3, r3, #128
 2167 0c90 5361     		str	r3, [r2, #20]
 206:Drivers/STM32F4xx_HAL_Driver/Src/stm32f4xx_hal_dma_ex.c ****     {
 2168              		.loc 1 206 5 is_stmt 1 view .LVU564
 206:Drivers/STM32F4xx_HAL_Driver/Src/stm32f4xx_hal_dma_ex.c ****     {
 2169              		.loc 1 206 13 is_stmt 0 view .LVU565
 2170 0c92 236C     		ldr	r3, [r4, #64]
 206:Drivers/STM32F4xx_HAL_Driver/Src/stm32f4xx_hal_dma_ex.c ****     {
 2171              		.loc 1 206 7 view .LVU566
 2172 0c94 002B     		cmp	r3, #0
 2173 0c96 00F02581 		beq	.L323
 2174              	.L60:
ARM GAS  C:\Users\Lenovo\AppData\Local\Temp\cc7qXR7H.s 			page 54


 208:Drivers/STM32F4xx_HAL_Driver/Src/stm32f4xx_hal_dma_ex.c ****     }
 2175              		.loc 1 208 7 is_stmt 1 view .LVU567
 208:Drivers/STM32F4xx_HAL_Driver/Src/stm32f4xx_hal_dma_ex.c ****     }
 2176              		.loc 1 208 11 is_stmt 0 view .LVU568
 2177 0c9a 2268     		ldr	r2, [r4]
 208:Drivers/STM32F4xx_HAL_Driver/Src/stm32f4xx_hal_dma_ex.c ****     }
 2178              		.loc 1 208 21 view .LVU569
 2179 0c9c 1368     		ldr	r3, [r2]
 208:Drivers/STM32F4xx_HAL_Driver/Src/stm32f4xx_hal_dma_ex.c ****     }
 2180              		.loc 1 208 27 view .LVU570
 2181 0c9e 43F00803 		orr	r3, r3, #8
 2182 0ca2 1360     		str	r3, [r2]
 2183              	.L61:
 212:Drivers/STM32F4xx_HAL_Driver/Src/stm32f4xx_hal_dma_ex.c ****   }
 2184              		.loc 1 212 5 is_stmt 1 view .LVU571
 2185 0ca4 2268     		ldr	r2, [r4]
 2186 0ca6 1368     		ldr	r3, [r2]
 2187 0ca8 43F00103 		orr	r3, r3, #1
 2188 0cac 1360     		str	r3, [r2]
 156:Drivers/STM32F4xx_HAL_Driver/Src/stm32f4xx_hal_dma_ex.c ****   
 2189              		.loc 1 156 21 is_stmt 0 view .LVU572
 2190 0cae 0020     		movs	r0, #0
 2191 0cb0 FFF7CAB9 		b	.L16
 2192              	.L256:
 200:Drivers/STM32F4xx_HAL_Driver/Src/stm32f4xx_hal_dma_ex.c **** 
 2193              		.loc 1 200 5 discriminator 6 view .LVU573
 2194 0cb4 0122     		movs	r2, #1
 2195 0cb6 E0E7     		b	.L53
 2196              	.L257:
 200:Drivers/STM32F4xx_HAL_Driver/Src/stm32f4xx_hal_dma_ex.c **** 
 2197              		.loc 1 200 5 discriminator 8 view .LVU574
 2198 0cb8 0122     		movs	r2, #1
 2199 0cba DEE7     		b	.L53
 2200              	.L258:
 200:Drivers/STM32F4xx_HAL_Driver/Src/stm32f4xx_hal_dma_ex.c **** 
 2201              		.loc 1 200 5 discriminator 10 view .LVU575
 2202 0cbc 0122     		movs	r2, #1
 2203 0cbe DCE7     		b	.L53
 2204              	.L259:
 200:Drivers/STM32F4xx_HAL_Driver/Src/stm32f4xx_hal_dma_ex.c **** 
 2205              		.loc 1 200 5 discriminator 12 view .LVU576
 2206 0cc0 4022     		movs	r2, #64
 2207 0cc2 DAE7     		b	.L53
 2208              	.L260:
 200:Drivers/STM32F4xx_HAL_Driver/Src/stm32f4xx_hal_dma_ex.c **** 
 2209              		.loc 1 200 5 discriminator 14 view .LVU577
 2210 0cc4 4022     		movs	r2, #64
 2211 0cc6 D8E7     		b	.L53
 2212              	.L261:
 200:Drivers/STM32F4xx_HAL_Driver/Src/stm32f4xx_hal_dma_ex.c **** 
 2213              		.loc 1 200 5 discriminator 16 view .LVU578
 2214 0cc8 4022     		movs	r2, #64
 2215 0cca D6E7     		b	.L53
 2216              	.L262:
 200:Drivers/STM32F4xx_HAL_Driver/Src/stm32f4xx_hal_dma_ex.c **** 
 2217              		.loc 1 200 5 discriminator 18 view .LVU579
 2218 0ccc 4022     		movs	r2, #64
ARM GAS  C:\Users\Lenovo\AppData\Local\Temp\cc7qXR7H.s 			page 55


 2219 0cce D4E7     		b	.L53
 2220              	.L263:
 200:Drivers/STM32F4xx_HAL_Driver/Src/stm32f4xx_hal_dma_ex.c **** 
 2221              		.loc 1 200 5 discriminator 20 view .LVU580
 2222 0cd0 4FF48032 		mov	r2, #65536
 2223 0cd4 D1E7     		b	.L53
 2224              	.L264:
 200:Drivers/STM32F4xx_HAL_Driver/Src/stm32f4xx_hal_dma_ex.c **** 
 2225              		.loc 1 200 5 discriminator 22 view .LVU581
 2226 0cd6 4FF48032 		mov	r2, #65536
 2227 0cda CEE7     		b	.L53
 2228              	.L265:
 200:Drivers/STM32F4xx_HAL_Driver/Src/stm32f4xx_hal_dma_ex.c **** 
 2229              		.loc 1 200 5 discriminator 24 view .LVU582
 2230 0cdc 4FF48032 		mov	r2, #65536
 2231 0ce0 CBE7     		b	.L53
 2232              	.L52:
 200:Drivers/STM32F4xx_HAL_Driver/Src/stm32f4xx_hal_dma_ex.c **** 
 2233              		.loc 1 200 5 discriminator 2 view .LVU583
 2234 0ce2 564A     		ldr	r2, .L335+12
 2235 0ce4 9342     		cmp	r3, r2
 2236 0ce6 4FD9     		bls	.L55
 200:Drivers/STM32F4xx_HAL_Driver/Src/stm32f4xx_hal_dma_ex.c **** 
 2237              		.loc 1 200 5 discriminator 51 view .LVU584
 2238 0ce8 A83A     		subs	r2, r2, #168
 2239 0cea 9342     		cmp	r3, r2
 2240 0cec 31D0     		beq	.L267
 200:Drivers/STM32F4xx_HAL_Driver/Src/stm32f4xx_hal_dma_ex.c **** 
 2241              		.loc 1 200 5 discriminator 53 view .LVU585
 2242 0cee 02F58062 		add	r2, r2, #1024
 2243 0cf2 9342     		cmp	r3, r2
 2244 0cf4 31D0     		beq	.L268
 200:Drivers/STM32F4xx_HAL_Driver/Src/stm32f4xx_hal_dma_ex.c **** 
 2245              		.loc 1 200 5 discriminator 55 view .LVU586
 2246 0cf6 A2F56872 		sub	r2, r2, #928
 2247 0cfa 9342     		cmp	r3, r2
 2248 0cfc 2FD0     		beq	.L269
 200:Drivers/STM32F4xx_HAL_Driver/Src/stm32f4xx_hal_dma_ex.c **** 
 2249              		.loc 1 200 5 discriminator 57 view .LVU587
 2250 0cfe 02F58062 		add	r2, r2, #1024
 2251 0d02 9342     		cmp	r3, r2
 2252 0d04 2DD0     		beq	.L270
 200:Drivers/STM32F4xx_HAL_Driver/Src/stm32f4xx_hal_dma_ex.c **** 
 2253              		.loc 1 200 5 discriminator 59 view .LVU588
 2254 0d06 A2F58962 		sub	r2, r2, #1096
 2255 0d0a 9342     		cmp	r3, r2
 2256 0d0c 2BD0     		beq	.L271
 200:Drivers/STM32F4xx_HAL_Driver/Src/stm32f4xx_hal_dma_ex.c **** 
 2257              		.loc 1 200 5 discriminator 61 view .LVU589
 2258 0d0e 02F58062 		add	r2, r2, #1024
 2259 0d12 9342     		cmp	r3, r2
 2260 0d14 29D0     		beq	.L272
 200:Drivers/STM32F4xx_HAL_Driver/Src/stm32f4xx_hal_dma_ex.c **** 
 2261              		.loc 1 200 5 discriminator 63 view .LVU590
 2262 0d16 A2F56872 		sub	r2, r2, #928
 2263 0d1a 9342     		cmp	r3, r2
 2264 0d1c 27D0     		beq	.L273
ARM GAS  C:\Users\Lenovo\AppData\Local\Temp\cc7qXR7H.s 			page 56


 200:Drivers/STM32F4xx_HAL_Driver/Src/stm32f4xx_hal_dma_ex.c **** 
 2265              		.loc 1 200 5 discriminator 65 view .LVU591
 2266 0d1e 02F58062 		add	r2, r2, #1024
 2267 0d22 9342     		cmp	r3, r2
 2268 0d24 25D0     		beq	.L274
 200:Drivers/STM32F4xx_HAL_Driver/Src/stm32f4xx_hal_dma_ex.c **** 
 2269              		.loc 1 200 5 discriminator 67 view .LVU592
 2270 0d26 A2F58962 		sub	r2, r2, #1096
 2271 0d2a 9342     		cmp	r3, r2
 2272 0d2c 23D0     		beq	.L275
 200:Drivers/STM32F4xx_HAL_Driver/Src/stm32f4xx_hal_dma_ex.c **** 
 2273              		.loc 1 200 5 discriminator 69 view .LVU593
 2274 0d2e 02F58062 		add	r2, r2, #1024
 2275 0d32 9342     		cmp	r3, r2
 2276 0d34 22D0     		beq	.L276
 200:Drivers/STM32F4xx_HAL_Driver/Src/stm32f4xx_hal_dma_ex.c **** 
 2277              		.loc 1 200 5 discriminator 71 view .LVU594
 2278 0d36 A2F56872 		sub	r2, r2, #928
 2279 0d3a 9342     		cmp	r3, r2
 2280 0d3c 21D0     		beq	.L277
 200:Drivers/STM32F4xx_HAL_Driver/Src/stm32f4xx_hal_dma_ex.c **** 
 2281              		.loc 1 200 5 discriminator 73 view .LVU595
 2282 0d3e 02F58062 		add	r2, r2, #1024
 2283 0d42 9342     		cmp	r3, r2
 2284 0d44 02D0     		beq	.L324
 200:Drivers/STM32F4xx_HAL_Driver/Src/stm32f4xx_hal_dma_ex.c **** 
 2285              		.loc 1 200 5 discriminator 76 view .LVU596
 2286 0d46 4FF48003 		mov	r3, #4194304
 2287 0d4a 03E0     		b	.L56
 2288              	.L324:
 200:Drivers/STM32F4xx_HAL_Driver/Src/stm32f4xx_hal_dma_ex.c **** 
 2289              		.loc 1 200 5 discriminator 75 view .LVU597
 2290 0d4c 4FF48033 		mov	r3, #65536
 2291 0d50 00E0     		b	.L56
 2292              	.L267:
 200:Drivers/STM32F4xx_HAL_Driver/Src/stm32f4xx_hal_dma_ex.c **** 
 2293              		.loc 1 200 5 discriminator 54 view .LVU598
 2294 0d52 0123     		movs	r3, #1
 2295              	.L56:
 200:Drivers/STM32F4xx_HAL_Driver/Src/stm32f4xx_hal_dma_ex.c **** 
 2296              		.loc 1 200 5 discriminator 100 view .LVU599
 2297 0d54 384A     		ldr	r2, .L335+8
 2298 0d56 9360     		str	r3, [r2, #8]
 2299 0d58 91E7     		b	.L54
 2300              	.L268:
 200:Drivers/STM32F4xx_HAL_Driver/Src/stm32f4xx_hal_dma_ex.c **** 
 2301              		.loc 1 200 5 discriminator 56 view .LVU600
 2302 0d5a 0123     		movs	r3, #1
 2303 0d5c FAE7     		b	.L56
 2304              	.L269:
 200:Drivers/STM32F4xx_HAL_Driver/Src/stm32f4xx_hal_dma_ex.c **** 
 2305              		.loc 1 200 5 discriminator 58 view .LVU601
 2306 0d5e 0123     		movs	r3, #1
 2307 0d60 F8E7     		b	.L56
 2308              	.L270:
 200:Drivers/STM32F4xx_HAL_Driver/Src/stm32f4xx_hal_dma_ex.c **** 
 2309              		.loc 1 200 5 discriminator 60 view .LVU602
ARM GAS  C:\Users\Lenovo\AppData\Local\Temp\cc7qXR7H.s 			page 57


 2310 0d62 0123     		movs	r3, #1
 2311 0d64 F6E7     		b	.L56
 2312              	.L271:
 200:Drivers/STM32F4xx_HAL_Driver/Src/stm32f4xx_hal_dma_ex.c **** 
 2313              		.loc 1 200 5 discriminator 62 view .LVU603
 2314 0d66 4023     		movs	r3, #64
 2315 0d68 F4E7     		b	.L56
 2316              	.L272:
 200:Drivers/STM32F4xx_HAL_Driver/Src/stm32f4xx_hal_dma_ex.c **** 
 2317              		.loc 1 200 5 discriminator 64 view .LVU604
 2318 0d6a 4023     		movs	r3, #64
 2319 0d6c F2E7     		b	.L56
 2320              	.L273:
 200:Drivers/STM32F4xx_HAL_Driver/Src/stm32f4xx_hal_dma_ex.c **** 
 2321              		.loc 1 200 5 discriminator 66 view .LVU605
 2322 0d6e 4023     		movs	r3, #64
 2323 0d70 F0E7     		b	.L56
 2324              	.L274:
 200:Drivers/STM32F4xx_HAL_Driver/Src/stm32f4xx_hal_dma_ex.c **** 
 2325              		.loc 1 200 5 discriminator 68 view .LVU606
 2326 0d72 4023     		movs	r3, #64
 2327 0d74 EEE7     		b	.L56
 2328              	.L275:
 200:Drivers/STM32F4xx_HAL_Driver/Src/stm32f4xx_hal_dma_ex.c **** 
 2329              		.loc 1 200 5 discriminator 70 view .LVU607
 2330 0d76 4FF48033 		mov	r3, #65536
 2331 0d7a EBE7     		b	.L56
 2332              	.L276:
 200:Drivers/STM32F4xx_HAL_Driver/Src/stm32f4xx_hal_dma_ex.c **** 
 2333              		.loc 1 200 5 discriminator 72 view .LVU608
 2334 0d7c 4FF48033 		mov	r3, #65536
 2335 0d80 E8E7     		b	.L56
 2336              	.L277:
 200:Drivers/STM32F4xx_HAL_Driver/Src/stm32f4xx_hal_dma_ex.c **** 
 2337              		.loc 1 200 5 discriminator 74 view .LVU609
 2338 0d82 4FF48033 		mov	r3, #65536
 2339 0d86 E5E7     		b	.L56
 2340              	.L55:
 200:Drivers/STM32F4xx_HAL_Driver/Src/stm32f4xx_hal_dma_ex.c **** 
 2341              		.loc 1 200 5 discriminator 52 view .LVU610
 2342 0d88 2D4A     		ldr	r2, .L335+16
 2343 0d8a 9342     		cmp	r3, r2
 2344 0d8c 5AD9     		bls	.L57
 200:Drivers/STM32F4xx_HAL_Driver/Src/stm32f4xx_hal_dma_ex.c **** 
 2345              		.loc 1 200 5 discriminator 102 view .LVU611
 2346 0d8e 483A     		subs	r2, r2, #72
 2347 0d90 9342     		cmp	r3, r2
 2348 0d92 31D0     		beq	.L279
 200:Drivers/STM32F4xx_HAL_Driver/Src/stm32f4xx_hal_dma_ex.c **** 
 2349              		.loc 1 200 5 discriminator 104 view .LVU612
 2350 0d94 02F58062 		add	r2, r2, #1024
 2351 0d98 9342     		cmp	r3, r2
 2352 0d9a 31D0     		beq	.L280
 200:Drivers/STM32F4xx_HAL_Driver/Src/stm32f4xx_hal_dma_ex.c **** 
 2353              		.loc 1 200 5 discriminator 106 view .LVU613
 2354 0d9c A2F56872 		sub	r2, r2, #928
 2355 0da0 9342     		cmp	r3, r2
ARM GAS  C:\Users\Lenovo\AppData\Local\Temp\cc7qXR7H.s 			page 58


 2356 0da2 2FD0     		beq	.L281
 200:Drivers/STM32F4xx_HAL_Driver/Src/stm32f4xx_hal_dma_ex.c **** 
 2357              		.loc 1 200 5 discriminator 108 view .LVU614
 2358 0da4 02F58062 		add	r2, r2, #1024
 2359 0da8 9342     		cmp	r3, r2
 2360 0daa 2DD0     		beq	.L282
 200:Drivers/STM32F4xx_HAL_Driver/Src/stm32f4xx_hal_dma_ex.c **** 
 2361              		.loc 1 200 5 discriminator 110 view .LVU615
 2362 0dac A2F58962 		sub	r2, r2, #1096
 2363 0db0 9342     		cmp	r3, r2
 2364 0db2 2BD0     		beq	.L283
 200:Drivers/STM32F4xx_HAL_Driver/Src/stm32f4xx_hal_dma_ex.c **** 
 2365              		.loc 1 200 5 discriminator 112 view .LVU616
 2366 0db4 02F58062 		add	r2, r2, #1024
 2367 0db8 9342     		cmp	r3, r2
 2368 0dba 29D0     		beq	.L284
 200:Drivers/STM32F4xx_HAL_Driver/Src/stm32f4xx_hal_dma_ex.c **** 
 2369              		.loc 1 200 5 discriminator 114 view .LVU617
 2370 0dbc A2F56872 		sub	r2, r2, #928
 2371 0dc0 9342     		cmp	r3, r2
 2372 0dc2 27D0     		beq	.L285
 200:Drivers/STM32F4xx_HAL_Driver/Src/stm32f4xx_hal_dma_ex.c **** 
 2373              		.loc 1 200 5 discriminator 116 view .LVU618
 2374 0dc4 02F58062 		add	r2, r2, #1024
 2375 0dc8 9342     		cmp	r3, r2
 2376 0dca 25D0     		beq	.L286
 200:Drivers/STM32F4xx_HAL_Driver/Src/stm32f4xx_hal_dma_ex.c **** 
 2377              		.loc 1 200 5 discriminator 118 view .LVU619
 2378 0dcc A2F58962 		sub	r2, r2, #1096
 2379 0dd0 9342     		cmp	r3, r2
 2380 0dd2 23D0     		beq	.L287
 200:Drivers/STM32F4xx_HAL_Driver/Src/stm32f4xx_hal_dma_ex.c **** 
 2381              		.loc 1 200 5 discriminator 120 view .LVU620
 2382 0dd4 02F58062 		add	r2, r2, #1024
 2383 0dd8 9342     		cmp	r3, r2
 2384 0dda 22D0     		beq	.L288
 200:Drivers/STM32F4xx_HAL_Driver/Src/stm32f4xx_hal_dma_ex.c **** 
 2385              		.loc 1 200 5 discriminator 122 view .LVU621
 2386 0ddc A2F56872 		sub	r2, r2, #928
 2387 0de0 9342     		cmp	r3, r2
 2388 0de2 21D0     		beq	.L289
 200:Drivers/STM32F4xx_HAL_Driver/Src/stm32f4xx_hal_dma_ex.c **** 
 2389              		.loc 1 200 5 discriminator 124 view .LVU622
 2390 0de4 02F58062 		add	r2, r2, #1024
 2391 0de8 9342     		cmp	r3, r2
 2392 0dea 02D0     		beq	.L325
 200:Drivers/STM32F4xx_HAL_Driver/Src/stm32f4xx_hal_dma_ex.c **** 
 2393              		.loc 1 200 5 discriminator 127 view .LVU623
 2394 0dec 4FF48003 		mov	r3, #4194304
 2395 0df0 03E0     		b	.L58
 2396              	.L325:
 200:Drivers/STM32F4xx_HAL_Driver/Src/stm32f4xx_hal_dma_ex.c **** 
 2397              		.loc 1 200 5 discriminator 126 view .LVU624
 2398 0df2 4FF48033 		mov	r3, #65536
 2399 0df6 00E0     		b	.L58
 2400              	.L279:
 200:Drivers/STM32F4xx_HAL_Driver/Src/stm32f4xx_hal_dma_ex.c **** 
ARM GAS  C:\Users\Lenovo\AppData\Local\Temp\cc7qXR7H.s 			page 59


 2401              		.loc 1 200 5 discriminator 105 view .LVU625
 2402 0df8 0123     		movs	r3, #1
 2403              	.L58:
 200:Drivers/STM32F4xx_HAL_Driver/Src/stm32f4xx_hal_dma_ex.c **** 
 2404              		.loc 1 200 5 discriminator 151 view .LVU626
 2405 0dfa 0E4A     		ldr	r2, .L335+4
 2406 0dfc D360     		str	r3, [r2, #12]
 2407 0dfe 3EE7     		b	.L54
 2408              	.L280:
 200:Drivers/STM32F4xx_HAL_Driver/Src/stm32f4xx_hal_dma_ex.c **** 
 2409              		.loc 1 200 5 discriminator 107 view .LVU627
 2410 0e00 0123     		movs	r3, #1
 2411 0e02 FAE7     		b	.L58
 2412              	.L281:
 200:Drivers/STM32F4xx_HAL_Driver/Src/stm32f4xx_hal_dma_ex.c **** 
 2413              		.loc 1 200 5 discriminator 109 view .LVU628
 2414 0e04 0123     		movs	r3, #1
 2415 0e06 F8E7     		b	.L58
 2416              	.L282:
 200:Drivers/STM32F4xx_HAL_Driver/Src/stm32f4xx_hal_dma_ex.c **** 
 2417              		.loc 1 200 5 discriminator 111 view .LVU629
 2418 0e08 0123     		movs	r3, #1
 2419 0e0a F6E7     		b	.L58
 2420              	.L283:
 200:Drivers/STM32F4xx_HAL_Driver/Src/stm32f4xx_hal_dma_ex.c **** 
 2421              		.loc 1 200 5 discriminator 113 view .LVU630
 2422 0e0c 4023     		movs	r3, #64
 2423 0e0e F4E7     		b	.L58
 2424              	.L284:
 200:Drivers/STM32F4xx_HAL_Driver/Src/stm32f4xx_hal_dma_ex.c **** 
 2425              		.loc 1 200 5 discriminator 115 view .LVU631
 2426 0e10 4023     		movs	r3, #64
 2427 0e12 F2E7     		b	.L58
 2428              	.L285:
 200:Drivers/STM32F4xx_HAL_Driver/Src/stm32f4xx_hal_dma_ex.c **** 
 2429              		.loc 1 200 5 discriminator 117 view .LVU632
 2430 0e14 4023     		movs	r3, #64
 2431 0e16 F0E7     		b	.L58
 2432              	.L286:
 200:Drivers/STM32F4xx_HAL_Driver/Src/stm32f4xx_hal_dma_ex.c **** 
 2433              		.loc 1 200 5 discriminator 119 view .LVU633
 2434 0e18 4023     		movs	r3, #64
 2435 0e1a EEE7     		b	.L58
 2436              	.L287:
 200:Drivers/STM32F4xx_HAL_Driver/Src/stm32f4xx_hal_dma_ex.c **** 
 2437              		.loc 1 200 5 discriminator 121 view .LVU634
 2438 0e1c 4FF48033 		mov	r3, #65536
 2439 0e20 EBE7     		b	.L58
 2440              	.L288:
 200:Drivers/STM32F4xx_HAL_Driver/Src/stm32f4xx_hal_dma_ex.c **** 
 2441              		.loc 1 200 5 discriminator 123 view .LVU635
 2442 0e22 4FF48033 		mov	r3, #65536
 2443 0e26 E8E7     		b	.L58
 2444              	.L289:
 200:Drivers/STM32F4xx_HAL_Driver/Src/stm32f4xx_hal_dma_ex.c **** 
 2445              		.loc 1 200 5 discriminator 125 view .LVU636
 2446 0e28 4FF48033 		mov	r3, #65536
ARM GAS  C:\Users\Lenovo\AppData\Local\Temp\cc7qXR7H.s 			page 60


 2447 0e2c E5E7     		b	.L58
 2448              	.L336:
 2449 0e2e 00BF     		.align	2
 2450              	.L335:
 2451 0e30 10600240 		.word	1073897488
 2452 0e34 00600240 		.word	1073897472
 2453 0e38 00640240 		.word	1073898496
 2454 0e3c B8600240 		.word	1073897656
 2455 0e40 58600240 		.word	1073897560
 2456              	.L57:
 200:Drivers/STM32F4xx_HAL_Driver/Src/stm32f4xx_hal_dma_ex.c **** 
 2457              		.loc 1 200 5 discriminator 103 view .LVU637
 2458 0e44 2B4A     		ldr	r2, .L337
 2459 0e46 9342     		cmp	r3, r2
 2460 0e48 31D0     		beq	.L291
 200:Drivers/STM32F4xx_HAL_Driver/Src/stm32f4xx_hal_dma_ex.c **** 
 2461              		.loc 1 200 5 discriminator 153 view .LVU638
 2462 0e4a 02F58062 		add	r2, r2, #1024
 2463 0e4e 9342     		cmp	r3, r2
 2464 0e50 31D0     		beq	.L292
 200:Drivers/STM32F4xx_HAL_Driver/Src/stm32f4xx_hal_dma_ex.c **** 
 2465              		.loc 1 200 5 discriminator 155 view .LVU639
 2466 0e52 A2F56872 		sub	r2, r2, #928
 2467 0e56 9342     		cmp	r3, r2
 2468 0e58 2FD0     		beq	.L293
 200:Drivers/STM32F4xx_HAL_Driver/Src/stm32f4xx_hal_dma_ex.c **** 
 2469              		.loc 1 200 5 discriminator 157 view .LVU640
 2470 0e5a 02F58062 		add	r2, r2, #1024
 2471 0e5e 9342     		cmp	r3, r2
 2472 0e60 2DD0     		beq	.L294
 200:Drivers/STM32F4xx_HAL_Driver/Src/stm32f4xx_hal_dma_ex.c **** 
 2473              		.loc 1 200 5 discriminator 159 view .LVU641
 2474 0e62 A2F58962 		sub	r2, r2, #1096
 2475 0e66 9342     		cmp	r3, r2
 2476 0e68 2BD0     		beq	.L295
 200:Drivers/STM32F4xx_HAL_Driver/Src/stm32f4xx_hal_dma_ex.c **** 
 2477              		.loc 1 200 5 discriminator 161 view .LVU642
 2478 0e6a 02F58062 		add	r2, r2, #1024
 2479 0e6e 9342     		cmp	r3, r2
 2480 0e70 29D0     		beq	.L296
 200:Drivers/STM32F4xx_HAL_Driver/Src/stm32f4xx_hal_dma_ex.c **** 
 2481              		.loc 1 200 5 discriminator 163 view .LVU643
 2482 0e72 A2F56872 		sub	r2, r2, #928
 2483 0e76 9342     		cmp	r3, r2
 2484 0e78 27D0     		beq	.L297
 200:Drivers/STM32F4xx_HAL_Driver/Src/stm32f4xx_hal_dma_ex.c **** 
 2485              		.loc 1 200 5 discriminator 165 view .LVU644
 2486 0e7a 02F58062 		add	r2, r2, #1024
 2487 0e7e 9342     		cmp	r3, r2
 2488 0e80 25D0     		beq	.L298
 200:Drivers/STM32F4xx_HAL_Driver/Src/stm32f4xx_hal_dma_ex.c **** 
 2489              		.loc 1 200 5 discriminator 167 view .LVU645
 2490 0e82 A2F58962 		sub	r2, r2, #1096
 2491 0e86 9342     		cmp	r3, r2
 2492 0e88 23D0     		beq	.L299
 200:Drivers/STM32F4xx_HAL_Driver/Src/stm32f4xx_hal_dma_ex.c **** 
 2493              		.loc 1 200 5 discriminator 169 view .LVU646
ARM GAS  C:\Users\Lenovo\AppData\Local\Temp\cc7qXR7H.s 			page 61


 2494 0e8a 02F58062 		add	r2, r2, #1024
 2495 0e8e 9342     		cmp	r3, r2
 2496 0e90 22D0     		beq	.L300
 200:Drivers/STM32F4xx_HAL_Driver/Src/stm32f4xx_hal_dma_ex.c **** 
 2497              		.loc 1 200 5 discriminator 171 view .LVU647
 2498 0e92 A2F56872 		sub	r2, r2, #928
 2499 0e96 9342     		cmp	r3, r2
 2500 0e98 21D0     		beq	.L301
 200:Drivers/STM32F4xx_HAL_Driver/Src/stm32f4xx_hal_dma_ex.c **** 
 2501              		.loc 1 200 5 discriminator 173 view .LVU648
 2502 0e9a 02F58062 		add	r2, r2, #1024
 2503 0e9e 9342     		cmp	r3, r2
 2504 0ea0 02D0     		beq	.L326
 200:Drivers/STM32F4xx_HAL_Driver/Src/stm32f4xx_hal_dma_ex.c **** 
 2505              		.loc 1 200 5 discriminator 176 view .LVU649
 2506 0ea2 4FF48003 		mov	r3, #4194304
 2507 0ea6 03E0     		b	.L59
 2508              	.L326:
 200:Drivers/STM32F4xx_HAL_Driver/Src/stm32f4xx_hal_dma_ex.c **** 
 2509              		.loc 1 200 5 discriminator 175 view .LVU650
 2510 0ea8 4FF48033 		mov	r3, #65536
 2511 0eac 00E0     		b	.L59
 2512              	.L291:
 200:Drivers/STM32F4xx_HAL_Driver/Src/stm32f4xx_hal_dma_ex.c **** 
 2513              		.loc 1 200 5 discriminator 154 view .LVU651
 2514 0eae 0123     		movs	r3, #1
 2515              	.L59:
 200:Drivers/STM32F4xx_HAL_Driver/Src/stm32f4xx_hal_dma_ex.c **** 
 2516              		.loc 1 200 5 discriminator 200 view .LVU652
 2517 0eb0 114A     		ldr	r2, .L337+4
 2518 0eb2 9360     		str	r3, [r2, #8]
 2519 0eb4 E3E6     		b	.L54
 2520              	.L292:
 200:Drivers/STM32F4xx_HAL_Driver/Src/stm32f4xx_hal_dma_ex.c **** 
 2521              		.loc 1 200 5 discriminator 156 view .LVU653
 2522 0eb6 0123     		movs	r3, #1
 2523 0eb8 FAE7     		b	.L59
 2524              	.L293:
 200:Drivers/STM32F4xx_HAL_Driver/Src/stm32f4xx_hal_dma_ex.c **** 
 2525              		.loc 1 200 5 discriminator 158 view .LVU654
 2526 0eba 0123     		movs	r3, #1
 2527 0ebc F8E7     		b	.L59
 2528              	.L294:
 200:Drivers/STM32F4xx_HAL_Driver/Src/stm32f4xx_hal_dma_ex.c **** 
 2529              		.loc 1 200 5 discriminator 160 view .LVU655
 2530 0ebe 0123     		movs	r3, #1
 2531 0ec0 F6E7     		b	.L59
 2532              	.L295:
 200:Drivers/STM32F4xx_HAL_Driver/Src/stm32f4xx_hal_dma_ex.c **** 
 2533              		.loc 1 200 5 discriminator 162 view .LVU656
 2534 0ec2 4023     		movs	r3, #64
 2535 0ec4 F4E7     		b	.L59
 2536              	.L296:
 200:Drivers/STM32F4xx_HAL_Driver/Src/stm32f4xx_hal_dma_ex.c **** 
 2537              		.loc 1 200 5 discriminator 164 view .LVU657
 2538 0ec6 4023     		movs	r3, #64
 2539 0ec8 F2E7     		b	.L59
ARM GAS  C:\Users\Lenovo\AppData\Local\Temp\cc7qXR7H.s 			page 62


 2540              	.L297:
 200:Drivers/STM32F4xx_HAL_Driver/Src/stm32f4xx_hal_dma_ex.c **** 
 2541              		.loc 1 200 5 discriminator 166 view .LVU658
 2542 0eca 4023     		movs	r3, #64
 2543 0ecc F0E7     		b	.L59
 2544              	.L298:
 200:Drivers/STM32F4xx_HAL_Driver/Src/stm32f4xx_hal_dma_ex.c **** 
 2545              		.loc 1 200 5 discriminator 168 view .LVU659
 2546 0ece 4023     		movs	r3, #64
 2547 0ed0 EEE7     		b	.L59
 2548              	.L299:
 200:Drivers/STM32F4xx_HAL_Driver/Src/stm32f4xx_hal_dma_ex.c **** 
 2549              		.loc 1 200 5 discriminator 170 view .LVU660
 2550 0ed2 4FF48033 		mov	r3, #65536
 2551 0ed6 EBE7     		b	.L59
 2552              	.L300:
 200:Drivers/STM32F4xx_HAL_Driver/Src/stm32f4xx_hal_dma_ex.c **** 
 2553              		.loc 1 200 5 discriminator 172 view .LVU661
 2554 0ed8 4FF48033 		mov	r3, #65536
 2555 0edc E8E7     		b	.L59
 2556              	.L301:
 200:Drivers/STM32F4xx_HAL_Driver/Src/stm32f4xx_hal_dma_ex.c **** 
 2557              		.loc 1 200 5 discriminator 174 view .LVU662
 2558 0ede 4FF48033 		mov	r3, #65536
 2559 0ee2 E5E7     		b	.L59
 2560              	.L323:
 206:Drivers/STM32F4xx_HAL_Driver/Src/stm32f4xx_hal_dma_ex.c ****     {
 2561              		.loc 1 206 53 discriminator 1 view .LVU663
 2562 0ee4 A36C     		ldr	r3, [r4, #72]
 206:Drivers/STM32F4xx_HAL_Driver/Src/stm32f4xx_hal_dma_ex.c ****     {
 2563              		.loc 1 206 45 discriminator 1 view .LVU664
 2564 0ee6 002B     		cmp	r3, #0
 2565 0ee8 7FF4D7AE 		bne	.L60
 2566 0eec DAE6     		b	.L61
 2567              	.LVL40:
 2568              	.L62:
 176:Drivers/STM32F4xx_HAL_Driver/Src/stm32f4xx_hal_dma_ex.c ****   
 2569              		.loc 1 176 3 discriminator 1 view .LVU665
 2570 0eee 0220     		movs	r0, #2
 2571 0ef0 FFF7AAB8 		b	.L16
 2572              	.L338:
 2573              		.align	2
 2574              	.L337:
 2575 0ef4 10600240 		.word	1073897488
 2576 0ef8 00600240 		.word	1073897472
 2577              		.cfi_endproc
 2578              	.LFE135:
 2580              		.section	.text.HAL_DMAEx_ChangeMemory,"ax",%progbits
 2581              		.align	1
 2582              		.global	HAL_DMAEx_ChangeMemory
 2583              		.syntax unified
 2584              		.thumb
 2585              		.thumb_func
 2587              	HAL_DMAEx_ChangeMemory:
 2588              	.LVL41:
 2589              	.LFB136:
 240:Drivers/STM32F4xx_HAL_Driver/Src/stm32f4xx_hal_dma_ex.c ****   if(memory == MEMORY0)
ARM GAS  C:\Users\Lenovo\AppData\Local\Temp\cc7qXR7H.s 			page 63


 2590              		.loc 1 240 1 is_stmt 1 view -0
 2591              		.cfi_startproc
 2592              		@ args = 0, pretend = 0, frame = 0
 2593              		@ frame_needed = 0, uses_anonymous_args = 0
 2594              		@ link register save eliminated.
 241:Drivers/STM32F4xx_HAL_Driver/Src/stm32f4xx_hal_dma_ex.c ****   {
 2595              		.loc 1 241 3 view .LVU667
 241:Drivers/STM32F4xx_HAL_Driver/Src/stm32f4xx_hal_dma_ex.c ****   {
 2596              		.loc 1 241 5 is_stmt 0 view .LVU668
 2597 0000 1AB9     		cbnz	r2, .L340
 244:Drivers/STM32F4xx_HAL_Driver/Src/stm32f4xx_hal_dma_ex.c ****   }
 2598              		.loc 1 244 5 is_stmt 1 view .LVU669
 244:Drivers/STM32F4xx_HAL_Driver/Src/stm32f4xx_hal_dma_ex.c ****   }
 2599              		.loc 1 244 9 is_stmt 0 view .LVU670
 2600 0002 0368     		ldr	r3, [r0]
 244:Drivers/STM32F4xx_HAL_Driver/Src/stm32f4xx_hal_dma_ex.c ****   }
 2601              		.loc 1 244 26 view .LVU671
 2602 0004 D960     		str	r1, [r3, #12]
 2603              	.L341:
 252:Drivers/STM32F4xx_HAL_Driver/Src/stm32f4xx_hal_dma_ex.c **** }
 2604              		.loc 1 252 3 is_stmt 1 view .LVU672
 253:Drivers/STM32F4xx_HAL_Driver/Src/stm32f4xx_hal_dma_ex.c **** 
 2605              		.loc 1 253 1 is_stmt 0 view .LVU673
 2606 0006 0020     		movs	r0, #0
 2607              	.LVL42:
 253:Drivers/STM32F4xx_HAL_Driver/Src/stm32f4xx_hal_dma_ex.c **** 
 2608              		.loc 1 253 1 view .LVU674
 2609 0008 7047     		bx	lr
 2610              	.LVL43:
 2611              	.L340:
 249:Drivers/STM32F4xx_HAL_Driver/Src/stm32f4xx_hal_dma_ex.c ****   }
 2612              		.loc 1 249 5 is_stmt 1 view .LVU675
 249:Drivers/STM32F4xx_HAL_Driver/Src/stm32f4xx_hal_dma_ex.c ****   }
 2613              		.loc 1 249 9 is_stmt 0 view .LVU676
 2614 000a 0368     		ldr	r3, [r0]
 249:Drivers/STM32F4xx_HAL_Driver/Src/stm32f4xx_hal_dma_ex.c ****   }
 2615              		.loc 1 249 26 view .LVU677
 2616 000c 1961     		str	r1, [r3, #16]
 2617 000e FAE7     		b	.L341
 2618              		.cfi_endproc
 2619              	.LFE136:
 2621              		.text
 2622              	.Letext0:
 2623              		.file 2 "D:\\vscode\\stm32cubecltv122\\stm32cubeclt_1.22.0-Win-x86_64.exe\\anzhuang\\STM32CubeCLT_
 2624              		.file 3 "D:\\vscode\\stm32cubecltv122\\stm32cubeclt_1.22.0-Win-x86_64.exe\\anzhuang\\STM32CubeCLT_
 2625              		.file 4 "Drivers/CMSIS/Device/ST/STM32F4xx/Include/stm32f407xx.h"
 2626              		.file 5 "Drivers/STM32F4xx_HAL_Driver/Inc/stm32f4xx_hal_def.h"
 2627              		.file 6 "Drivers/STM32F4xx_HAL_Driver/Inc/stm32f4xx_hal_dma.h"
 2628              		.file 7 "Drivers/STM32F4xx_HAL_Driver/Inc/stm32f4xx_hal_dma_ex.h"
ARM GAS  C:\Users\Lenovo\AppData\Local\Temp\cc7qXR7H.s 			page 64


DEFINED SYMBOLS
                            *ABS*:00000000 stm32f4xx_hal_dma_ex.c
C:\Users\Lenovo\AppData\Local\Temp\cc7qXR7H.s:21     .text.DMA_MultiBufferSetConfig:00000000 $t
C:\Users\Lenovo\AppData\Local\Temp\cc7qXR7H.s:26     .text.DMA_MultiBufferSetConfig:00000000 DMA_MultiBufferSetConfig
C:\Users\Lenovo\AppData\Local\Temp\cc7qXR7H.s:83     .text.HAL_DMAEx_MultiBufferStart:00000000 $t
C:\Users\Lenovo\AppData\Local\Temp\cc7qXR7H.s:89     .text.HAL_DMAEx_MultiBufferStart:00000000 HAL_DMAEx_MultiBufferStart
C:\Users\Lenovo\AppData\Local\Temp\cc7qXR7H.s:194    .text.HAL_DMAEx_MultiBufferStart_IT:00000000 $t
C:\Users\Lenovo\AppData\Local\Temp\cc7qXR7H.s:200    .text.HAL_DMAEx_MultiBufferStart_IT:00000000 HAL_DMAEx_MultiBufferStart_IT
C:\Users\Lenovo\AppData\Local\Temp\cc7qXR7H.s:716    .text.HAL_DMAEx_MultiBufferStart_IT:00000300 $d
C:\Users\Lenovo\AppData\Local\Temp\cc7qXR7H.s:723    .text.HAL_DMAEx_MultiBufferStart_IT:00000314 $t
C:\Users\Lenovo\AppData\Local\Temp\cc7qXR7H.s:1152   .text.HAL_DMAEx_MultiBufferStart_IT:000005dc $d
C:\Users\Lenovo\AppData\Local\Temp\cc7qXR7H.s:1160   .text.HAL_DMAEx_MultiBufferStart_IT:000005f4 $t
C:\Users\Lenovo\AppData\Local\Temp\cc7qXR7H.s:1589   .text.HAL_DMAEx_MultiBufferStart_IT:000008c4 $d
C:\Users\Lenovo\AppData\Local\Temp\cc7qXR7H.s:1597   .text.HAL_DMAEx_MultiBufferStart_IT:000008dc $t
C:\Users\Lenovo\AppData\Local\Temp\cc7qXR7H.s:2026   .text.HAL_DMAEx_MultiBufferStart_IT:00000bac $d
C:\Users\Lenovo\AppData\Local\Temp\cc7qXR7H.s:2034   .text.HAL_DMAEx_MultiBufferStart_IT:00000bc4 $t
C:\Users\Lenovo\AppData\Local\Temp\cc7qXR7H.s:2451   .text.HAL_DMAEx_MultiBufferStart_IT:00000e30 $d
C:\Users\Lenovo\AppData\Local\Temp\cc7qXR7H.s:2458   .text.HAL_DMAEx_MultiBufferStart_IT:00000e44 $t
C:\Users\Lenovo\AppData\Local\Temp\cc7qXR7H.s:2575   .text.HAL_DMAEx_MultiBufferStart_IT:00000ef4 $d
C:\Users\Lenovo\AppData\Local\Temp\cc7qXR7H.s:2581   .text.HAL_DMAEx_ChangeMemory:00000000 $t
C:\Users\Lenovo\AppData\Local\Temp\cc7qXR7H.s:2587   .text.HAL_DMAEx_ChangeMemory:00000000 HAL_DMAEx_ChangeMemory
                           .group:00000000 wm4.0.35f3e76e42575b99374c7d5ae37ca977
                           .group:00000000 wm4.stm32f4xx_hal_conf.h.25.0e419870eb91ef9647296e22728a843c
                           .group:00000000 wm4.stm32f4xx.h.38.63e3ea23bd63a94457417730025259b6
                           .group:00000000 wm4.stm32f407xx.h.34.dfd2ea1697b5c77f46734fce8e0379c1
                           .group:00000000 wm4._newlib_version.h.4.0eb654b64686e2bd29646258853f6c22
                           .group:00000000 wm4.features.h.33.d554620bb17bd3b714c3fb5c268772bc
                           .group:00000000 wm4._default_types.h.15.247e5cd201eca3442cbf5404108c4935
                           .group:00000000 wm4._intsup.h.10.48bafbb683905c4daa4565a85aeeb264
                           .group:00000000 wm4._stdint.h.10.c24fa3af3bc1706662bb5593a907e841
                           .group:00000000 wm4.stdint.h.23.d53047a68f4a85177f80b422d52785ed
                           .group:00000000 wm4.cmsis_version.h.32.0ac195c83bb4537824e6ad1c47474b79
                           .group:00000000 wm4.core_cm4.h.66.e4ff136c4a17abc46741866f64f8e729
                           .group:00000000 wm4.cmsis_gcc.h.26.498d0ad17a45fc9ef20fdc01caf02259
                           .group:00000000 wm4.core_cm4.h.174.62be9b4588d49bed18171771001331df
                           .group:00000000 wm4.mpu_armv7.h.32.83326921a797fa9d6f70449916b4b839
                           .group:00000000 wm4.stm32f407xx.h.906.60dfcdc14667d2b8ca294c8641b79c1f
                           .group:00000000 wm4.stm32f4xx.h.195.a4b8bf80f37cc96981498656ffe5f588
                           .group:00000000 wm4.stm32_hal_legacy.h.22.8b7d303dc46a0b7ac6d3edf19ce2608d
                           .group:00000000 wm4.stddef.h.39.811583f327f35b0df7808fda70b062a0
                           .group:00000000 wm4.stm32f4xx_hal_def.h.58.3cb484e92e5ccf2e55312a4714e27917
                           .group:00000000 wm4.stm32f4xx_hal_rcc_ex.h.20.3588b33cbc2d8eaea18dcc0a51ba534e
                           .group:00000000 wm4.stm32f4xx_hal_rcc.h.106.0887cf5d985ae88e345b0aed0ceb4729
                           .group:00000000 wm4.stm32f4xx_hal_gpio.h.21.22da6a14b6049d6ac156577be74df1d7
                           .group:00000000 wm4.stm32f4xx_hal_gpio_ex.h.21.5c361dc23c602df6957f759e97bb04e8
                           .group:00000000 wm4.stm32f4xx_hal_gpio.h.254.d7e07832f748fe8bcb575db0b8373592
                           .group:00000000 wm4.stm32f4xx_hal_exti.h.21.2e6a083d2f10670d92690e210e558965
                           .group:00000000 wm4.stm32f4xx_hal_dma.h.21.8e4b1421c914345c23be719e5e528779
                           .group:00000000 wm4.stm32f4xx_hal_dma.h.720.ac2d7eef74792e4026acc4d2923c5da4
                           .group:00000000 wm4.stm32f4xx_hal_cortex.h.20.03673e4f79386680bf73ba399c19306b
                           .group:00000000 wm4.stm32f4xx_hal_can.h.21.4b16c8dedf31ba328482231f811a7e65
                           .group:00000000 wm4.stm32f4xx_hal_flash.h.20.ec5bcab1c918231d2275f2879d222ca1
                           .group:00000000 wm4.stm32f4xx_hal_flash_ex.h.20.afe8d377ee912b60be4308c043f975e7
                           .group:00000000 wm4.stm32f4xx_hal_flash.h.361.23bc19b9eac79b0956d913651841ede8
                           .group:00000000 wm4.stm32f4xx_hal_pwr.h.20.1905a0783a9c83adefd7df0c4b501e40
                           .group:00000000 wm4.stm32f4xx_hal_pwr_ex.h.20.6b992e55c4d669f613af1cd1aee9dd45
                           .group:00000000 wm4.stm32f4xx_hal_pwr.h.338.debc0a4a62ba54688e63ab53dd99c4ea
ARM GAS  C:\Users\Lenovo\AppData\Local\Temp\cc7qXR7H.s 			page 65


                           .group:00000000 wm4.stm32f4xx_hal_uart.h.21.ba8e24dd05c77faac3f3d48472e636ba
                           .group:00000000 wm4.stm32f4xx_hal.h.71.3d2372f37daccf74f8a3fdda314d6583

NO UNDEFINED SYMBOLS
