ARM GAS  C:\Users\Lenovo\AppData\Local\Temp\ccv3Zezd.s 			page 1


   1              		.cpu cortex-m4
   2              		.arch armv7e-m
   3              		.fpu fpv4-sp-d16
   4              		.eabi_attribute 27, 1
   5              		.eabi_attribute 28, 1
   6              		.eabi_attribute 20, 1
   7              		.eabi_attribute 21, 1
   8              		.eabi_attribute 23, 3
   9              		.eabi_attribute 24, 1
  10              		.eabi_attribute 25, 1
  11              		.eabi_attribute 26, 1
  12              		.eabi_attribute 30, 1
  13              		.eabi_attribute 34, 1
  14              		.eabi_attribute 18, 4
  15              		.file	"stm32f4xx_hal_dma.c"
  16              		.text
  17              	.Ltext0:
  18              		.cfi_sections	.debug_frame
  19              		.file 1 "Drivers/STM32F4xx_HAL_Driver/Src/stm32f4xx_hal_dma.c"
  20              		.section	.text.DMA_SetConfig,"ax",%progbits
  21              		.align	1
  22              		.syntax unified
  23              		.thumb
  24              		.thumb_func
  26              	DMA_SetConfig:
  27              	.LVL0:
  28              	.LFB146:
   1:Drivers/STM32F4xx_HAL_Driver/Src/stm32f4xx_hal_dma.c **** /**
   2:Drivers/STM32F4xx_HAL_Driver/Src/stm32f4xx_hal_dma.c ****   ******************************************************************************
   3:Drivers/STM32F4xx_HAL_Driver/Src/stm32f4xx_hal_dma.c ****   * @file    stm32f4xx_hal_dma.c
   4:Drivers/STM32F4xx_HAL_Driver/Src/stm32f4xx_hal_dma.c ****   * @author  MCD Application Team
   5:Drivers/STM32F4xx_HAL_Driver/Src/stm32f4xx_hal_dma.c ****   * @brief   DMA HAL module driver.
   6:Drivers/STM32F4xx_HAL_Driver/Src/stm32f4xx_hal_dma.c ****   *    
   7:Drivers/STM32F4xx_HAL_Driver/Src/stm32f4xx_hal_dma.c ****   *          This file provides firmware functions to manage the following 
   8:Drivers/STM32F4xx_HAL_Driver/Src/stm32f4xx_hal_dma.c ****   *          functionalities of the Direct Memory Access (DMA) peripheral:
   9:Drivers/STM32F4xx_HAL_Driver/Src/stm32f4xx_hal_dma.c ****   *           + Initialization and de-initialization functions
  10:Drivers/STM32F4xx_HAL_Driver/Src/stm32f4xx_hal_dma.c ****   *           + IO operation functions
  11:Drivers/STM32F4xx_HAL_Driver/Src/stm32f4xx_hal_dma.c ****   *           + Peripheral State and errors functions
  12:Drivers/STM32F4xx_HAL_Driver/Src/stm32f4xx_hal_dma.c ****   @verbatim     
  13:Drivers/STM32F4xx_HAL_Driver/Src/stm32f4xx_hal_dma.c ****   ==============================================================================
  14:Drivers/STM32F4xx_HAL_Driver/Src/stm32f4xx_hal_dma.c ****                         ##### How to use this driver #####
  15:Drivers/STM32F4xx_HAL_Driver/Src/stm32f4xx_hal_dma.c ****   ==============================================================================
  16:Drivers/STM32F4xx_HAL_Driver/Src/stm32f4xx_hal_dma.c ****   [..]
  17:Drivers/STM32F4xx_HAL_Driver/Src/stm32f4xx_hal_dma.c ****    (#) Enable and configure the peripheral to be connected to the DMA Stream
  18:Drivers/STM32F4xx_HAL_Driver/Src/stm32f4xx_hal_dma.c ****        (except for internal SRAM/FLASH memories: no initialization is 
  19:Drivers/STM32F4xx_HAL_Driver/Src/stm32f4xx_hal_dma.c ****        necessary) please refer to Reference manual for connection between peripherals
  20:Drivers/STM32F4xx_HAL_Driver/Src/stm32f4xx_hal_dma.c ****        and DMA requests.
  21:Drivers/STM32F4xx_HAL_Driver/Src/stm32f4xx_hal_dma.c **** 
  22:Drivers/STM32F4xx_HAL_Driver/Src/stm32f4xx_hal_dma.c ****    (#) For a given Stream, program the required configuration through the following parameters:
  23:Drivers/STM32F4xx_HAL_Driver/Src/stm32f4xx_hal_dma.c ****        Transfer Direction, Source and Destination data formats, 
  24:Drivers/STM32F4xx_HAL_Driver/Src/stm32f4xx_hal_dma.c ****        Circular, Normal or peripheral flow control mode, Stream Priority level, 
  25:Drivers/STM32F4xx_HAL_Driver/Src/stm32f4xx_hal_dma.c ****        Source and Destination Increment mode, FIFO mode and its Threshold (if needed), 
  26:Drivers/STM32F4xx_HAL_Driver/Src/stm32f4xx_hal_dma.c ****        Burst mode for Source and/or Destination (if needed) using HAL_DMA_Init() function.
  27:Drivers/STM32F4xx_HAL_Driver/Src/stm32f4xx_hal_dma.c **** 
  28:Drivers/STM32F4xx_HAL_Driver/Src/stm32f4xx_hal_dma.c ****    -@-   Prior to HAL_DMA_Init() the clock must be enabled for DMA through the following macros:
  29:Drivers/STM32F4xx_HAL_Driver/Src/stm32f4xx_hal_dma.c ****          __HAL_RCC_DMA1_CLK_ENABLE() or __HAL_RCC_DMA2_CLK_ENABLE().
  30:Drivers/STM32F4xx_HAL_Driver/Src/stm32f4xx_hal_dma.c **** 
ARM GAS  C:\Users\Lenovo\AppData\Local\Temp\ccv3Zezd.s 			page 2


  31:Drivers/STM32F4xx_HAL_Driver/Src/stm32f4xx_hal_dma.c ****      *** Polling mode IO operation ***
  32:Drivers/STM32F4xx_HAL_Driver/Src/stm32f4xx_hal_dma.c ****      =================================
  33:Drivers/STM32F4xx_HAL_Driver/Src/stm32f4xx_hal_dma.c ****     [..]
  34:Drivers/STM32F4xx_HAL_Driver/Src/stm32f4xx_hal_dma.c ****           (+) Use HAL_DMA_Start() to start DMA transfer after the configuration of Source 
  35:Drivers/STM32F4xx_HAL_Driver/Src/stm32f4xx_hal_dma.c ****               address and destination address and the Length of data to be transferred.
  36:Drivers/STM32F4xx_HAL_Driver/Src/stm32f4xx_hal_dma.c ****           (+) Use HAL_DMA_PollForTransfer() to poll for the end of current transfer, in this  
  37:Drivers/STM32F4xx_HAL_Driver/Src/stm32f4xx_hal_dma.c ****               case a fixed Timeout can be configured by User depending from his application.
  38:Drivers/STM32F4xx_HAL_Driver/Src/stm32f4xx_hal_dma.c ****           (+) Use HAL_DMA_Abort() function to abort the current transfer.
  39:Drivers/STM32F4xx_HAL_Driver/Src/stm32f4xx_hal_dma.c **** 
  40:Drivers/STM32F4xx_HAL_Driver/Src/stm32f4xx_hal_dma.c ****      *** Interrupt mode IO operation ***
  41:Drivers/STM32F4xx_HAL_Driver/Src/stm32f4xx_hal_dma.c ****      ===================================
  42:Drivers/STM32F4xx_HAL_Driver/Src/stm32f4xx_hal_dma.c ****     [..]
  43:Drivers/STM32F4xx_HAL_Driver/Src/stm32f4xx_hal_dma.c ****           (+) Configure the DMA interrupt priority using HAL_NVIC_SetPriority()
  44:Drivers/STM32F4xx_HAL_Driver/Src/stm32f4xx_hal_dma.c ****           (+) Enable the DMA IRQ handler using HAL_NVIC_EnableIRQ() 
  45:Drivers/STM32F4xx_HAL_Driver/Src/stm32f4xx_hal_dma.c ****           (+) Use HAL_DMA_Start_IT() to start DMA transfer after the configuration of  
  46:Drivers/STM32F4xx_HAL_Driver/Src/stm32f4xx_hal_dma.c ****               Source address and destination address and the Length of data to be transferred. In t
  47:Drivers/STM32F4xx_HAL_Driver/Src/stm32f4xx_hal_dma.c ****               case the DMA interrupt is configured 
  48:Drivers/STM32F4xx_HAL_Driver/Src/stm32f4xx_hal_dma.c ****           (+) Use HAL_DMA_IRQHandler() called under DMA_IRQHandler() Interrupt subroutine
  49:Drivers/STM32F4xx_HAL_Driver/Src/stm32f4xx_hal_dma.c ****           (+) At the end of data transfer HAL_DMA_IRQHandler() function is executed and user can 
  50:Drivers/STM32F4xx_HAL_Driver/Src/stm32f4xx_hal_dma.c ****               add his own function by customization of function pointer XferCpltCallback and 
  51:Drivers/STM32F4xx_HAL_Driver/Src/stm32f4xx_hal_dma.c ****               XferErrorCallback (i.e a member of DMA handle structure).
  52:Drivers/STM32F4xx_HAL_Driver/Src/stm32f4xx_hal_dma.c ****     [..]
  53:Drivers/STM32F4xx_HAL_Driver/Src/stm32f4xx_hal_dma.c ****      (#) Use HAL_DMA_GetState() function to return the DMA state and HAL_DMA_GetError() in case of 
  54:Drivers/STM32F4xx_HAL_Driver/Src/stm32f4xx_hal_dma.c ****          detection.
  55:Drivers/STM32F4xx_HAL_Driver/Src/stm32f4xx_hal_dma.c **** 
  56:Drivers/STM32F4xx_HAL_Driver/Src/stm32f4xx_hal_dma.c ****      (#) Use HAL_DMA_Abort_IT() function to abort the current transfer
  57:Drivers/STM32F4xx_HAL_Driver/Src/stm32f4xx_hal_dma.c **** 
  58:Drivers/STM32F4xx_HAL_Driver/Src/stm32f4xx_hal_dma.c ****      -@-   In Memory-to-Memory transfer mode, Circular mode is not allowed.
  59:Drivers/STM32F4xx_HAL_Driver/Src/stm32f4xx_hal_dma.c **** 
  60:Drivers/STM32F4xx_HAL_Driver/Src/stm32f4xx_hal_dma.c ****      -@-   The FIFO is used mainly to reduce bus usage and to allow data packing/unpacking: it is
  61:Drivers/STM32F4xx_HAL_Driver/Src/stm32f4xx_hal_dma.c ****            possible to set different Data Sizes for the Peripheral and the Memory (ie. you can set
  62:Drivers/STM32F4xx_HAL_Driver/Src/stm32f4xx_hal_dma.c ****            Half-Word data size for the peripheral to access its data register and set Word data siz
  63:Drivers/STM32F4xx_HAL_Driver/Src/stm32f4xx_hal_dma.c ****            for the Memory to gain in access time. Each two half words will be packed and written in
  64:Drivers/STM32F4xx_HAL_Driver/Src/stm32f4xx_hal_dma.c ****            a single access to a Word in the Memory).
  65:Drivers/STM32F4xx_HAL_Driver/Src/stm32f4xx_hal_dma.c **** 
  66:Drivers/STM32F4xx_HAL_Driver/Src/stm32f4xx_hal_dma.c ****      -@-   When FIFO is disabled, it is not allowed to configure different Data Sizes for Source
  67:Drivers/STM32F4xx_HAL_Driver/Src/stm32f4xx_hal_dma.c ****            and Destination. In this case the Peripheral Data Size will be applied to both Source
  68:Drivers/STM32F4xx_HAL_Driver/Src/stm32f4xx_hal_dma.c ****            and Destination.
  69:Drivers/STM32F4xx_HAL_Driver/Src/stm32f4xx_hal_dma.c **** 
  70:Drivers/STM32F4xx_HAL_Driver/Src/stm32f4xx_hal_dma.c ****      *** DMA HAL driver macros list ***
  71:Drivers/STM32F4xx_HAL_Driver/Src/stm32f4xx_hal_dma.c ****      =============================================
  72:Drivers/STM32F4xx_HAL_Driver/Src/stm32f4xx_hal_dma.c ****      [..]
  73:Drivers/STM32F4xx_HAL_Driver/Src/stm32f4xx_hal_dma.c ****        Below the list of most used macros in DMA HAL driver.
  74:Drivers/STM32F4xx_HAL_Driver/Src/stm32f4xx_hal_dma.c ****        
  75:Drivers/STM32F4xx_HAL_Driver/Src/stm32f4xx_hal_dma.c ****       (+) __HAL_DMA_ENABLE: Enable the specified DMA Stream.
  76:Drivers/STM32F4xx_HAL_Driver/Src/stm32f4xx_hal_dma.c ****       (+) __HAL_DMA_DISABLE: Disable the specified DMA Stream.
  77:Drivers/STM32F4xx_HAL_Driver/Src/stm32f4xx_hal_dma.c ****       (+) __HAL_DMA_GET_IT_SOURCE: Check whether the specified DMA Stream interrupt has occurred or
  78:Drivers/STM32F4xx_HAL_Driver/Src/stm32f4xx_hal_dma.c **** 
  79:Drivers/STM32F4xx_HAL_Driver/Src/stm32f4xx_hal_dma.c ****      [..]
  80:Drivers/STM32F4xx_HAL_Driver/Src/stm32f4xx_hal_dma.c ****       (@) You can refer to the DMA HAL driver header file for more useful macros
  81:Drivers/STM32F4xx_HAL_Driver/Src/stm32f4xx_hal_dma.c **** 
  82:Drivers/STM32F4xx_HAL_Driver/Src/stm32f4xx_hal_dma.c ****   @endverbatim
  83:Drivers/STM32F4xx_HAL_Driver/Src/stm32f4xx_hal_dma.c ****   ******************************************************************************
  84:Drivers/STM32F4xx_HAL_Driver/Src/stm32f4xx_hal_dma.c ****   * @attention
  85:Drivers/STM32F4xx_HAL_Driver/Src/stm32f4xx_hal_dma.c ****   *
  86:Drivers/STM32F4xx_HAL_Driver/Src/stm32f4xx_hal_dma.c ****   * Copyright (c) 2017 STMicroelectronics.
  87:Drivers/STM32F4xx_HAL_Driver/Src/stm32f4xx_hal_dma.c ****   * All rights reserved.
ARM GAS  C:\Users\Lenovo\AppData\Local\Temp\ccv3Zezd.s 			page 3


  88:Drivers/STM32F4xx_HAL_Driver/Src/stm32f4xx_hal_dma.c ****   *
  89:Drivers/STM32F4xx_HAL_Driver/Src/stm32f4xx_hal_dma.c ****   * This software is licensed under terms that can be found in the LICENSE file in
  90:Drivers/STM32F4xx_HAL_Driver/Src/stm32f4xx_hal_dma.c ****   * the root directory of this software component.
  91:Drivers/STM32F4xx_HAL_Driver/Src/stm32f4xx_hal_dma.c ****   * If no LICENSE file comes with this software, it is provided AS-IS.
  92:Drivers/STM32F4xx_HAL_Driver/Src/stm32f4xx_hal_dma.c ****   *
  93:Drivers/STM32F4xx_HAL_Driver/Src/stm32f4xx_hal_dma.c ****   ******************************************************************************
  94:Drivers/STM32F4xx_HAL_Driver/Src/stm32f4xx_hal_dma.c ****   */ 
  95:Drivers/STM32F4xx_HAL_Driver/Src/stm32f4xx_hal_dma.c **** 
  96:Drivers/STM32F4xx_HAL_Driver/Src/stm32f4xx_hal_dma.c **** /* Includes ------------------------------------------------------------------*/
  97:Drivers/STM32F4xx_HAL_Driver/Src/stm32f4xx_hal_dma.c **** #include "stm32f4xx_hal.h"
  98:Drivers/STM32F4xx_HAL_Driver/Src/stm32f4xx_hal_dma.c **** 
  99:Drivers/STM32F4xx_HAL_Driver/Src/stm32f4xx_hal_dma.c **** /** @addtogroup STM32F4xx_HAL_Driver
 100:Drivers/STM32F4xx_HAL_Driver/Src/stm32f4xx_hal_dma.c ****   * @{
 101:Drivers/STM32F4xx_HAL_Driver/Src/stm32f4xx_hal_dma.c ****   */
 102:Drivers/STM32F4xx_HAL_Driver/Src/stm32f4xx_hal_dma.c **** 
 103:Drivers/STM32F4xx_HAL_Driver/Src/stm32f4xx_hal_dma.c **** /** @defgroup DMA DMA
 104:Drivers/STM32F4xx_HAL_Driver/Src/stm32f4xx_hal_dma.c ****   * @brief DMA HAL module driver
 105:Drivers/STM32F4xx_HAL_Driver/Src/stm32f4xx_hal_dma.c ****   * @{
 106:Drivers/STM32F4xx_HAL_Driver/Src/stm32f4xx_hal_dma.c ****   */
 107:Drivers/STM32F4xx_HAL_Driver/Src/stm32f4xx_hal_dma.c **** 
 108:Drivers/STM32F4xx_HAL_Driver/Src/stm32f4xx_hal_dma.c **** #ifdef HAL_DMA_MODULE_ENABLED
 109:Drivers/STM32F4xx_HAL_Driver/Src/stm32f4xx_hal_dma.c **** 
 110:Drivers/STM32F4xx_HAL_Driver/Src/stm32f4xx_hal_dma.c **** /* Private types -------------------------------------------------------------*/
 111:Drivers/STM32F4xx_HAL_Driver/Src/stm32f4xx_hal_dma.c **** typedef struct
 112:Drivers/STM32F4xx_HAL_Driver/Src/stm32f4xx_hal_dma.c **** {
 113:Drivers/STM32F4xx_HAL_Driver/Src/stm32f4xx_hal_dma.c ****   __IO uint32_t ISR;   /*!< DMA interrupt status register */
 114:Drivers/STM32F4xx_HAL_Driver/Src/stm32f4xx_hal_dma.c ****   __IO uint32_t Reserved0;
 115:Drivers/STM32F4xx_HAL_Driver/Src/stm32f4xx_hal_dma.c ****   __IO uint32_t IFCR;  /*!< DMA interrupt flag clear register */
 116:Drivers/STM32F4xx_HAL_Driver/Src/stm32f4xx_hal_dma.c **** } DMA_Base_Registers;
 117:Drivers/STM32F4xx_HAL_Driver/Src/stm32f4xx_hal_dma.c **** 
 118:Drivers/STM32F4xx_HAL_Driver/Src/stm32f4xx_hal_dma.c **** /* Private variables ---------------------------------------------------------*/
 119:Drivers/STM32F4xx_HAL_Driver/Src/stm32f4xx_hal_dma.c **** /* Private constants ---------------------------------------------------------*/
 120:Drivers/STM32F4xx_HAL_Driver/Src/stm32f4xx_hal_dma.c **** /** @addtogroup DMA_Private_Constants
 121:Drivers/STM32F4xx_HAL_Driver/Src/stm32f4xx_hal_dma.c ****  * @{
 122:Drivers/STM32F4xx_HAL_Driver/Src/stm32f4xx_hal_dma.c ****  */
 123:Drivers/STM32F4xx_HAL_Driver/Src/stm32f4xx_hal_dma.c ****  #define HAL_TIMEOUT_DMA_ABORT    5U  /* 5 ms */
 124:Drivers/STM32F4xx_HAL_Driver/Src/stm32f4xx_hal_dma.c **** /**
 125:Drivers/STM32F4xx_HAL_Driver/Src/stm32f4xx_hal_dma.c ****   * @}
 126:Drivers/STM32F4xx_HAL_Driver/Src/stm32f4xx_hal_dma.c ****   */
 127:Drivers/STM32F4xx_HAL_Driver/Src/stm32f4xx_hal_dma.c **** /* Private macros ------------------------------------------------------------*/
 128:Drivers/STM32F4xx_HAL_Driver/Src/stm32f4xx_hal_dma.c **** /* Private functions ---------------------------------------------------------*/
 129:Drivers/STM32F4xx_HAL_Driver/Src/stm32f4xx_hal_dma.c **** /** @addtogroup DMA_Private_Functions
 130:Drivers/STM32F4xx_HAL_Driver/Src/stm32f4xx_hal_dma.c ****   * @{
 131:Drivers/STM32F4xx_HAL_Driver/Src/stm32f4xx_hal_dma.c ****   */
 132:Drivers/STM32F4xx_HAL_Driver/Src/stm32f4xx_hal_dma.c **** static void DMA_SetConfig(DMA_HandleTypeDef *hdma, uint32_t SrcAddress, uint32_t DstAddress, uint32
 133:Drivers/STM32F4xx_HAL_Driver/Src/stm32f4xx_hal_dma.c **** static uint32_t DMA_CalcBaseAndBitshift(DMA_HandleTypeDef *hdma);
 134:Drivers/STM32F4xx_HAL_Driver/Src/stm32f4xx_hal_dma.c **** static HAL_StatusTypeDef DMA_CheckFifoParam(DMA_HandleTypeDef *hdma);
 135:Drivers/STM32F4xx_HAL_Driver/Src/stm32f4xx_hal_dma.c **** 
 136:Drivers/STM32F4xx_HAL_Driver/Src/stm32f4xx_hal_dma.c **** /**
 137:Drivers/STM32F4xx_HAL_Driver/Src/stm32f4xx_hal_dma.c ****   * @}
 138:Drivers/STM32F4xx_HAL_Driver/Src/stm32f4xx_hal_dma.c ****   */  
 139:Drivers/STM32F4xx_HAL_Driver/Src/stm32f4xx_hal_dma.c **** 
 140:Drivers/STM32F4xx_HAL_Driver/Src/stm32f4xx_hal_dma.c **** /* Exported functions ---------------------------------------------------------*/
 141:Drivers/STM32F4xx_HAL_Driver/Src/stm32f4xx_hal_dma.c **** /** @addtogroup DMA_Exported_Functions
 142:Drivers/STM32F4xx_HAL_Driver/Src/stm32f4xx_hal_dma.c ****   * @{
 143:Drivers/STM32F4xx_HAL_Driver/Src/stm32f4xx_hal_dma.c ****   */
 144:Drivers/STM32F4xx_HAL_Driver/Src/stm32f4xx_hal_dma.c **** 
ARM GAS  C:\Users\Lenovo\AppData\Local\Temp\ccv3Zezd.s 			page 4


 145:Drivers/STM32F4xx_HAL_Driver/Src/stm32f4xx_hal_dma.c **** /** @addtogroup DMA_Exported_Functions_Group1
 146:Drivers/STM32F4xx_HAL_Driver/Src/stm32f4xx_hal_dma.c ****   *
 147:Drivers/STM32F4xx_HAL_Driver/Src/stm32f4xx_hal_dma.c **** @verbatim
 148:Drivers/STM32F4xx_HAL_Driver/Src/stm32f4xx_hal_dma.c ****  ===============================================================================
 149:Drivers/STM32F4xx_HAL_Driver/Src/stm32f4xx_hal_dma.c ****              ##### Initialization and de-initialization functions  #####
 150:Drivers/STM32F4xx_HAL_Driver/Src/stm32f4xx_hal_dma.c ****  ===============================================================================
 151:Drivers/STM32F4xx_HAL_Driver/Src/stm32f4xx_hal_dma.c ****     [..]
 152:Drivers/STM32F4xx_HAL_Driver/Src/stm32f4xx_hal_dma.c ****     This section provides functions allowing to initialize the DMA Stream source
 153:Drivers/STM32F4xx_HAL_Driver/Src/stm32f4xx_hal_dma.c ****     and destination addresses, incrementation and data sizes, transfer direction, 
 154:Drivers/STM32F4xx_HAL_Driver/Src/stm32f4xx_hal_dma.c ****     circular/normal mode selection, memory-to-memory mode selection and Stream priority value.
 155:Drivers/STM32F4xx_HAL_Driver/Src/stm32f4xx_hal_dma.c ****     [..]
 156:Drivers/STM32F4xx_HAL_Driver/Src/stm32f4xx_hal_dma.c ****     The HAL_DMA_Init() function follows the DMA configuration procedures as described in
 157:Drivers/STM32F4xx_HAL_Driver/Src/stm32f4xx_hal_dma.c ****     reference manual.
 158:Drivers/STM32F4xx_HAL_Driver/Src/stm32f4xx_hal_dma.c **** 
 159:Drivers/STM32F4xx_HAL_Driver/Src/stm32f4xx_hal_dma.c **** @endverbatim
 160:Drivers/STM32F4xx_HAL_Driver/Src/stm32f4xx_hal_dma.c ****   * @{
 161:Drivers/STM32F4xx_HAL_Driver/Src/stm32f4xx_hal_dma.c ****   */
 162:Drivers/STM32F4xx_HAL_Driver/Src/stm32f4xx_hal_dma.c ****   
 163:Drivers/STM32F4xx_HAL_Driver/Src/stm32f4xx_hal_dma.c **** /**
 164:Drivers/STM32F4xx_HAL_Driver/Src/stm32f4xx_hal_dma.c ****   * @brief  Initialize the DMA according to the specified
 165:Drivers/STM32F4xx_HAL_Driver/Src/stm32f4xx_hal_dma.c ****   *         parameters in the DMA_InitTypeDef and create the associated handle.
 166:Drivers/STM32F4xx_HAL_Driver/Src/stm32f4xx_hal_dma.c ****   * @param  hdma Pointer to a DMA_HandleTypeDef structure that contains
 167:Drivers/STM32F4xx_HAL_Driver/Src/stm32f4xx_hal_dma.c ****   *               the configuration information for the specified DMA Stream.  
 168:Drivers/STM32F4xx_HAL_Driver/Src/stm32f4xx_hal_dma.c ****   * @retval HAL status
 169:Drivers/STM32F4xx_HAL_Driver/Src/stm32f4xx_hal_dma.c ****   */
 170:Drivers/STM32F4xx_HAL_Driver/Src/stm32f4xx_hal_dma.c **** HAL_StatusTypeDef HAL_DMA_Init(DMA_HandleTypeDef *hdma)
 171:Drivers/STM32F4xx_HAL_Driver/Src/stm32f4xx_hal_dma.c **** {
 172:Drivers/STM32F4xx_HAL_Driver/Src/stm32f4xx_hal_dma.c ****   uint32_t tmp = 0U;
 173:Drivers/STM32F4xx_HAL_Driver/Src/stm32f4xx_hal_dma.c ****   uint32_t tickstart = HAL_GetTick();
 174:Drivers/STM32F4xx_HAL_Driver/Src/stm32f4xx_hal_dma.c ****   DMA_Base_Registers *regs;
 175:Drivers/STM32F4xx_HAL_Driver/Src/stm32f4xx_hal_dma.c **** 
 176:Drivers/STM32F4xx_HAL_Driver/Src/stm32f4xx_hal_dma.c ****   /* Check the DMA peripheral state */
 177:Drivers/STM32F4xx_HAL_Driver/Src/stm32f4xx_hal_dma.c ****   if(hdma == NULL)
 178:Drivers/STM32F4xx_HAL_Driver/Src/stm32f4xx_hal_dma.c ****   {
 179:Drivers/STM32F4xx_HAL_Driver/Src/stm32f4xx_hal_dma.c ****     return HAL_ERROR;
 180:Drivers/STM32F4xx_HAL_Driver/Src/stm32f4xx_hal_dma.c ****   }
 181:Drivers/STM32F4xx_HAL_Driver/Src/stm32f4xx_hal_dma.c **** 
 182:Drivers/STM32F4xx_HAL_Driver/Src/stm32f4xx_hal_dma.c ****   /* Check the parameters */
 183:Drivers/STM32F4xx_HAL_Driver/Src/stm32f4xx_hal_dma.c ****   assert_param(IS_DMA_STREAM_ALL_INSTANCE(hdma->Instance));
 184:Drivers/STM32F4xx_HAL_Driver/Src/stm32f4xx_hal_dma.c ****   assert_param(IS_DMA_CHANNEL(hdma->Init.Channel));
 185:Drivers/STM32F4xx_HAL_Driver/Src/stm32f4xx_hal_dma.c ****   assert_param(IS_DMA_DIRECTION(hdma->Init.Direction));
 186:Drivers/STM32F4xx_HAL_Driver/Src/stm32f4xx_hal_dma.c ****   assert_param(IS_DMA_PERIPHERAL_INC_STATE(hdma->Init.PeriphInc));
 187:Drivers/STM32F4xx_HAL_Driver/Src/stm32f4xx_hal_dma.c ****   assert_param(IS_DMA_MEMORY_INC_STATE(hdma->Init.MemInc));
 188:Drivers/STM32F4xx_HAL_Driver/Src/stm32f4xx_hal_dma.c ****   assert_param(IS_DMA_PERIPHERAL_DATA_SIZE(hdma->Init.PeriphDataAlignment));
 189:Drivers/STM32F4xx_HAL_Driver/Src/stm32f4xx_hal_dma.c ****   assert_param(IS_DMA_MEMORY_DATA_SIZE(hdma->Init.MemDataAlignment));
 190:Drivers/STM32F4xx_HAL_Driver/Src/stm32f4xx_hal_dma.c ****   assert_param(IS_DMA_MODE(hdma->Init.Mode));
 191:Drivers/STM32F4xx_HAL_Driver/Src/stm32f4xx_hal_dma.c ****   assert_param(IS_DMA_PRIORITY(hdma->Init.Priority));
 192:Drivers/STM32F4xx_HAL_Driver/Src/stm32f4xx_hal_dma.c ****   assert_param(IS_DMA_FIFO_MODE_STATE(hdma->Init.FIFOMode));
 193:Drivers/STM32F4xx_HAL_Driver/Src/stm32f4xx_hal_dma.c ****   /* Check the memory burst, peripheral burst and FIFO threshold parameters only
 194:Drivers/STM32F4xx_HAL_Driver/Src/stm32f4xx_hal_dma.c ****      when FIFO mode is enabled */
 195:Drivers/STM32F4xx_HAL_Driver/Src/stm32f4xx_hal_dma.c ****   if(hdma->Init.FIFOMode != DMA_FIFOMODE_DISABLE)
 196:Drivers/STM32F4xx_HAL_Driver/Src/stm32f4xx_hal_dma.c ****   {
 197:Drivers/STM32F4xx_HAL_Driver/Src/stm32f4xx_hal_dma.c ****     assert_param(IS_DMA_FIFO_THRESHOLD(hdma->Init.FIFOThreshold));
 198:Drivers/STM32F4xx_HAL_Driver/Src/stm32f4xx_hal_dma.c ****     assert_param(IS_DMA_MEMORY_BURST(hdma->Init.MemBurst));
 199:Drivers/STM32F4xx_HAL_Driver/Src/stm32f4xx_hal_dma.c ****     assert_param(IS_DMA_PERIPHERAL_BURST(hdma->Init.PeriphBurst));
 200:Drivers/STM32F4xx_HAL_Driver/Src/stm32f4xx_hal_dma.c ****   }
 201:Drivers/STM32F4xx_HAL_Driver/Src/stm32f4xx_hal_dma.c **** 
ARM GAS  C:\Users\Lenovo\AppData\Local\Temp\ccv3Zezd.s 			page 5


 202:Drivers/STM32F4xx_HAL_Driver/Src/stm32f4xx_hal_dma.c ****   /* Change DMA peripheral state */
 203:Drivers/STM32F4xx_HAL_Driver/Src/stm32f4xx_hal_dma.c ****   hdma->State = HAL_DMA_STATE_BUSY;
 204:Drivers/STM32F4xx_HAL_Driver/Src/stm32f4xx_hal_dma.c **** 
 205:Drivers/STM32F4xx_HAL_Driver/Src/stm32f4xx_hal_dma.c ****   /* Allocate lock resource */
 206:Drivers/STM32F4xx_HAL_Driver/Src/stm32f4xx_hal_dma.c ****   __HAL_UNLOCK(hdma);
 207:Drivers/STM32F4xx_HAL_Driver/Src/stm32f4xx_hal_dma.c ****   
 208:Drivers/STM32F4xx_HAL_Driver/Src/stm32f4xx_hal_dma.c ****   /* Disable the peripheral */
 209:Drivers/STM32F4xx_HAL_Driver/Src/stm32f4xx_hal_dma.c ****   __HAL_DMA_DISABLE(hdma);
 210:Drivers/STM32F4xx_HAL_Driver/Src/stm32f4xx_hal_dma.c ****   
 211:Drivers/STM32F4xx_HAL_Driver/Src/stm32f4xx_hal_dma.c ****   /* Check if the DMA Stream is effectively disabled */
 212:Drivers/STM32F4xx_HAL_Driver/Src/stm32f4xx_hal_dma.c ****   while((hdma->Instance->CR & DMA_SxCR_EN) != RESET)
 213:Drivers/STM32F4xx_HAL_Driver/Src/stm32f4xx_hal_dma.c ****   {
 214:Drivers/STM32F4xx_HAL_Driver/Src/stm32f4xx_hal_dma.c ****     /* Check for the Timeout */
 215:Drivers/STM32F4xx_HAL_Driver/Src/stm32f4xx_hal_dma.c ****     if((HAL_GetTick() - tickstart ) > HAL_TIMEOUT_DMA_ABORT)
 216:Drivers/STM32F4xx_HAL_Driver/Src/stm32f4xx_hal_dma.c ****     {
 217:Drivers/STM32F4xx_HAL_Driver/Src/stm32f4xx_hal_dma.c ****       /* Update error code */
 218:Drivers/STM32F4xx_HAL_Driver/Src/stm32f4xx_hal_dma.c ****       hdma->ErrorCode = HAL_DMA_ERROR_TIMEOUT;
 219:Drivers/STM32F4xx_HAL_Driver/Src/stm32f4xx_hal_dma.c ****       
 220:Drivers/STM32F4xx_HAL_Driver/Src/stm32f4xx_hal_dma.c ****       /* Change the DMA state */
 221:Drivers/STM32F4xx_HAL_Driver/Src/stm32f4xx_hal_dma.c ****       hdma->State = HAL_DMA_STATE_TIMEOUT;
 222:Drivers/STM32F4xx_HAL_Driver/Src/stm32f4xx_hal_dma.c ****       
 223:Drivers/STM32F4xx_HAL_Driver/Src/stm32f4xx_hal_dma.c ****       return HAL_TIMEOUT;
 224:Drivers/STM32F4xx_HAL_Driver/Src/stm32f4xx_hal_dma.c ****     }
 225:Drivers/STM32F4xx_HAL_Driver/Src/stm32f4xx_hal_dma.c ****   }
 226:Drivers/STM32F4xx_HAL_Driver/Src/stm32f4xx_hal_dma.c ****   
 227:Drivers/STM32F4xx_HAL_Driver/Src/stm32f4xx_hal_dma.c ****   /* Get the CR register value */
 228:Drivers/STM32F4xx_HAL_Driver/Src/stm32f4xx_hal_dma.c ****   tmp = hdma->Instance->CR;
 229:Drivers/STM32F4xx_HAL_Driver/Src/stm32f4xx_hal_dma.c **** 
 230:Drivers/STM32F4xx_HAL_Driver/Src/stm32f4xx_hal_dma.c ****   /* Clear CHSEL, MBURST, PBURST, PL, MSIZE, PSIZE, MINC, PINC, CIRC, DIR, CT and DBM bits */
 231:Drivers/STM32F4xx_HAL_Driver/Src/stm32f4xx_hal_dma.c ****   tmp &= ((uint32_t)~(DMA_SxCR_CHSEL | DMA_SxCR_MBURST | DMA_SxCR_PBURST | \
 232:Drivers/STM32F4xx_HAL_Driver/Src/stm32f4xx_hal_dma.c ****                       DMA_SxCR_PL    | DMA_SxCR_MSIZE  | DMA_SxCR_PSIZE  | \
 233:Drivers/STM32F4xx_HAL_Driver/Src/stm32f4xx_hal_dma.c ****                       DMA_SxCR_MINC  | DMA_SxCR_PINC   | DMA_SxCR_CIRC   | \
 234:Drivers/STM32F4xx_HAL_Driver/Src/stm32f4xx_hal_dma.c ****                       DMA_SxCR_DIR   | DMA_SxCR_CT     | DMA_SxCR_DBM));
 235:Drivers/STM32F4xx_HAL_Driver/Src/stm32f4xx_hal_dma.c **** 
 236:Drivers/STM32F4xx_HAL_Driver/Src/stm32f4xx_hal_dma.c ****   /* Prepare the DMA Stream configuration */
 237:Drivers/STM32F4xx_HAL_Driver/Src/stm32f4xx_hal_dma.c ****   tmp |=  hdma->Init.Channel             | hdma->Init.Direction        |
 238:Drivers/STM32F4xx_HAL_Driver/Src/stm32f4xx_hal_dma.c ****           hdma->Init.PeriphInc           | hdma->Init.MemInc           |
 239:Drivers/STM32F4xx_HAL_Driver/Src/stm32f4xx_hal_dma.c ****           hdma->Init.PeriphDataAlignment | hdma->Init.MemDataAlignment |
 240:Drivers/STM32F4xx_HAL_Driver/Src/stm32f4xx_hal_dma.c ****           hdma->Init.Mode                | hdma->Init.Priority;
 241:Drivers/STM32F4xx_HAL_Driver/Src/stm32f4xx_hal_dma.c **** 
 242:Drivers/STM32F4xx_HAL_Driver/Src/stm32f4xx_hal_dma.c ****   /* the Memory burst and peripheral burst are not used when the FIFO is disabled */
 243:Drivers/STM32F4xx_HAL_Driver/Src/stm32f4xx_hal_dma.c ****   if(hdma->Init.FIFOMode == DMA_FIFOMODE_ENABLE)
 244:Drivers/STM32F4xx_HAL_Driver/Src/stm32f4xx_hal_dma.c ****   {
 245:Drivers/STM32F4xx_HAL_Driver/Src/stm32f4xx_hal_dma.c ****     /* Get memory burst and peripheral burst */
 246:Drivers/STM32F4xx_HAL_Driver/Src/stm32f4xx_hal_dma.c ****     tmp |=  hdma->Init.MemBurst | hdma->Init.PeriphBurst;
 247:Drivers/STM32F4xx_HAL_Driver/Src/stm32f4xx_hal_dma.c ****   }
 248:Drivers/STM32F4xx_HAL_Driver/Src/stm32f4xx_hal_dma.c ****   
 249:Drivers/STM32F4xx_HAL_Driver/Src/stm32f4xx_hal_dma.c ****   /* Write to DMA Stream CR register */
 250:Drivers/STM32F4xx_HAL_Driver/Src/stm32f4xx_hal_dma.c ****   hdma->Instance->CR = tmp;  
 251:Drivers/STM32F4xx_HAL_Driver/Src/stm32f4xx_hal_dma.c **** 
 252:Drivers/STM32F4xx_HAL_Driver/Src/stm32f4xx_hal_dma.c ****   /* Get the FCR register value */
 253:Drivers/STM32F4xx_HAL_Driver/Src/stm32f4xx_hal_dma.c ****   tmp = hdma->Instance->FCR;
 254:Drivers/STM32F4xx_HAL_Driver/Src/stm32f4xx_hal_dma.c **** 
 255:Drivers/STM32F4xx_HAL_Driver/Src/stm32f4xx_hal_dma.c ****   /* Clear Direct mode and FIFO threshold bits */
 256:Drivers/STM32F4xx_HAL_Driver/Src/stm32f4xx_hal_dma.c ****   tmp &= (uint32_t)~(DMA_SxFCR_DMDIS | DMA_SxFCR_FTH);
 257:Drivers/STM32F4xx_HAL_Driver/Src/stm32f4xx_hal_dma.c **** 
 258:Drivers/STM32F4xx_HAL_Driver/Src/stm32f4xx_hal_dma.c ****   /* Prepare the DMA Stream FIFO configuration */
ARM GAS  C:\Users\Lenovo\AppData\Local\Temp\ccv3Zezd.s 			page 6


 259:Drivers/STM32F4xx_HAL_Driver/Src/stm32f4xx_hal_dma.c ****   tmp |= hdma->Init.FIFOMode;
 260:Drivers/STM32F4xx_HAL_Driver/Src/stm32f4xx_hal_dma.c **** 
 261:Drivers/STM32F4xx_HAL_Driver/Src/stm32f4xx_hal_dma.c ****   /* The FIFO threshold is not used when the FIFO mode is disabled */
 262:Drivers/STM32F4xx_HAL_Driver/Src/stm32f4xx_hal_dma.c ****   if(hdma->Init.FIFOMode == DMA_FIFOMODE_ENABLE)
 263:Drivers/STM32F4xx_HAL_Driver/Src/stm32f4xx_hal_dma.c ****   {
 264:Drivers/STM32F4xx_HAL_Driver/Src/stm32f4xx_hal_dma.c ****     /* Get the FIFO threshold */
 265:Drivers/STM32F4xx_HAL_Driver/Src/stm32f4xx_hal_dma.c ****     tmp |= hdma->Init.FIFOThreshold;
 266:Drivers/STM32F4xx_HAL_Driver/Src/stm32f4xx_hal_dma.c ****     
 267:Drivers/STM32F4xx_HAL_Driver/Src/stm32f4xx_hal_dma.c ****     /* Check compatibility between FIFO threshold level and size of the memory burst */
 268:Drivers/STM32F4xx_HAL_Driver/Src/stm32f4xx_hal_dma.c ****     /* for INCR4, INCR8, INCR16 bursts */
 269:Drivers/STM32F4xx_HAL_Driver/Src/stm32f4xx_hal_dma.c ****     if (hdma->Init.MemBurst != DMA_MBURST_SINGLE)
 270:Drivers/STM32F4xx_HAL_Driver/Src/stm32f4xx_hal_dma.c ****     {
 271:Drivers/STM32F4xx_HAL_Driver/Src/stm32f4xx_hal_dma.c ****       if (DMA_CheckFifoParam(hdma) != HAL_OK)
 272:Drivers/STM32F4xx_HAL_Driver/Src/stm32f4xx_hal_dma.c ****       {
 273:Drivers/STM32F4xx_HAL_Driver/Src/stm32f4xx_hal_dma.c ****         /* Update error code */
 274:Drivers/STM32F4xx_HAL_Driver/Src/stm32f4xx_hal_dma.c ****         hdma->ErrorCode = HAL_DMA_ERROR_PARAM;
 275:Drivers/STM32F4xx_HAL_Driver/Src/stm32f4xx_hal_dma.c ****         
 276:Drivers/STM32F4xx_HAL_Driver/Src/stm32f4xx_hal_dma.c ****         /* Change the DMA state */
 277:Drivers/STM32F4xx_HAL_Driver/Src/stm32f4xx_hal_dma.c ****         hdma->State = HAL_DMA_STATE_READY;
 278:Drivers/STM32F4xx_HAL_Driver/Src/stm32f4xx_hal_dma.c ****         
 279:Drivers/STM32F4xx_HAL_Driver/Src/stm32f4xx_hal_dma.c ****         return HAL_ERROR; 
 280:Drivers/STM32F4xx_HAL_Driver/Src/stm32f4xx_hal_dma.c ****       }
 281:Drivers/STM32F4xx_HAL_Driver/Src/stm32f4xx_hal_dma.c ****     }
 282:Drivers/STM32F4xx_HAL_Driver/Src/stm32f4xx_hal_dma.c ****   }
 283:Drivers/STM32F4xx_HAL_Driver/Src/stm32f4xx_hal_dma.c ****   
 284:Drivers/STM32F4xx_HAL_Driver/Src/stm32f4xx_hal_dma.c ****   /* Write to DMA Stream FCR */
 285:Drivers/STM32F4xx_HAL_Driver/Src/stm32f4xx_hal_dma.c ****   hdma->Instance->FCR = tmp;
 286:Drivers/STM32F4xx_HAL_Driver/Src/stm32f4xx_hal_dma.c **** 
 287:Drivers/STM32F4xx_HAL_Driver/Src/stm32f4xx_hal_dma.c ****   /* Initialize StreamBaseAddress and StreamIndex parameters to be used to calculate
 288:Drivers/STM32F4xx_HAL_Driver/Src/stm32f4xx_hal_dma.c ****      DMA steam Base Address needed by HAL_DMA_IRQHandler() and HAL_DMA_PollForTransfer() */
 289:Drivers/STM32F4xx_HAL_Driver/Src/stm32f4xx_hal_dma.c ****   regs = (DMA_Base_Registers *)DMA_CalcBaseAndBitshift(hdma);
 290:Drivers/STM32F4xx_HAL_Driver/Src/stm32f4xx_hal_dma.c ****   
 291:Drivers/STM32F4xx_HAL_Driver/Src/stm32f4xx_hal_dma.c ****   /* Clear all interrupt flags */
 292:Drivers/STM32F4xx_HAL_Driver/Src/stm32f4xx_hal_dma.c ****   regs->IFCR = 0x3FU << hdma->StreamIndex;
 293:Drivers/STM32F4xx_HAL_Driver/Src/stm32f4xx_hal_dma.c **** 
 294:Drivers/STM32F4xx_HAL_Driver/Src/stm32f4xx_hal_dma.c ****   /* Initialize the error code */
 295:Drivers/STM32F4xx_HAL_Driver/Src/stm32f4xx_hal_dma.c ****   hdma->ErrorCode = HAL_DMA_ERROR_NONE;
 296:Drivers/STM32F4xx_HAL_Driver/Src/stm32f4xx_hal_dma.c ****                                                                                      
 297:Drivers/STM32F4xx_HAL_Driver/Src/stm32f4xx_hal_dma.c ****   /* Initialize the DMA state */
 298:Drivers/STM32F4xx_HAL_Driver/Src/stm32f4xx_hal_dma.c ****   hdma->State = HAL_DMA_STATE_READY;
 299:Drivers/STM32F4xx_HAL_Driver/Src/stm32f4xx_hal_dma.c **** 
 300:Drivers/STM32F4xx_HAL_Driver/Src/stm32f4xx_hal_dma.c ****   return HAL_OK;
 301:Drivers/STM32F4xx_HAL_Driver/Src/stm32f4xx_hal_dma.c **** }
 302:Drivers/STM32F4xx_HAL_Driver/Src/stm32f4xx_hal_dma.c **** 
 303:Drivers/STM32F4xx_HAL_Driver/Src/stm32f4xx_hal_dma.c **** /**
 304:Drivers/STM32F4xx_HAL_Driver/Src/stm32f4xx_hal_dma.c ****   * @brief  DeInitializes the DMA peripheral 
 305:Drivers/STM32F4xx_HAL_Driver/Src/stm32f4xx_hal_dma.c ****   * @param  hdma pointer to a DMA_HandleTypeDef structure that contains
 306:Drivers/STM32F4xx_HAL_Driver/Src/stm32f4xx_hal_dma.c ****   *               the configuration information for the specified DMA Stream.  
 307:Drivers/STM32F4xx_HAL_Driver/Src/stm32f4xx_hal_dma.c ****   * @retval HAL status
 308:Drivers/STM32F4xx_HAL_Driver/Src/stm32f4xx_hal_dma.c ****   */
 309:Drivers/STM32F4xx_HAL_Driver/Src/stm32f4xx_hal_dma.c **** HAL_StatusTypeDef HAL_DMA_DeInit(DMA_HandleTypeDef *hdma)
 310:Drivers/STM32F4xx_HAL_Driver/Src/stm32f4xx_hal_dma.c **** {
 311:Drivers/STM32F4xx_HAL_Driver/Src/stm32f4xx_hal_dma.c ****   DMA_Base_Registers *regs;
 312:Drivers/STM32F4xx_HAL_Driver/Src/stm32f4xx_hal_dma.c **** 
 313:Drivers/STM32F4xx_HAL_Driver/Src/stm32f4xx_hal_dma.c ****   /* Check the DMA peripheral state */
 314:Drivers/STM32F4xx_HAL_Driver/Src/stm32f4xx_hal_dma.c ****   if(hdma == NULL)
 315:Drivers/STM32F4xx_HAL_Driver/Src/stm32f4xx_hal_dma.c ****   {
ARM GAS  C:\Users\Lenovo\AppData\Local\Temp\ccv3Zezd.s 			page 7


 316:Drivers/STM32F4xx_HAL_Driver/Src/stm32f4xx_hal_dma.c ****     return HAL_ERROR;
 317:Drivers/STM32F4xx_HAL_Driver/Src/stm32f4xx_hal_dma.c ****   }
 318:Drivers/STM32F4xx_HAL_Driver/Src/stm32f4xx_hal_dma.c ****   
 319:Drivers/STM32F4xx_HAL_Driver/Src/stm32f4xx_hal_dma.c ****   /* Check the DMA peripheral state */
 320:Drivers/STM32F4xx_HAL_Driver/Src/stm32f4xx_hal_dma.c ****   if(hdma->State == HAL_DMA_STATE_BUSY)
 321:Drivers/STM32F4xx_HAL_Driver/Src/stm32f4xx_hal_dma.c ****   {
 322:Drivers/STM32F4xx_HAL_Driver/Src/stm32f4xx_hal_dma.c ****     /* Return error status */
 323:Drivers/STM32F4xx_HAL_Driver/Src/stm32f4xx_hal_dma.c ****     return HAL_BUSY;
 324:Drivers/STM32F4xx_HAL_Driver/Src/stm32f4xx_hal_dma.c ****   }
 325:Drivers/STM32F4xx_HAL_Driver/Src/stm32f4xx_hal_dma.c **** 
 326:Drivers/STM32F4xx_HAL_Driver/Src/stm32f4xx_hal_dma.c ****   /* Check the parameters */
 327:Drivers/STM32F4xx_HAL_Driver/Src/stm32f4xx_hal_dma.c ****   assert_param(IS_DMA_STREAM_ALL_INSTANCE(hdma->Instance));
 328:Drivers/STM32F4xx_HAL_Driver/Src/stm32f4xx_hal_dma.c **** 
 329:Drivers/STM32F4xx_HAL_Driver/Src/stm32f4xx_hal_dma.c ****   /* Disable the selected DMA Streamx */
 330:Drivers/STM32F4xx_HAL_Driver/Src/stm32f4xx_hal_dma.c ****   __HAL_DMA_DISABLE(hdma);
 331:Drivers/STM32F4xx_HAL_Driver/Src/stm32f4xx_hal_dma.c **** 
 332:Drivers/STM32F4xx_HAL_Driver/Src/stm32f4xx_hal_dma.c ****   /* Reset DMA Streamx control register */
 333:Drivers/STM32F4xx_HAL_Driver/Src/stm32f4xx_hal_dma.c ****   hdma->Instance->CR   = 0U;
 334:Drivers/STM32F4xx_HAL_Driver/Src/stm32f4xx_hal_dma.c **** 
 335:Drivers/STM32F4xx_HAL_Driver/Src/stm32f4xx_hal_dma.c ****   /* Reset DMA Streamx number of data to transfer register */
 336:Drivers/STM32F4xx_HAL_Driver/Src/stm32f4xx_hal_dma.c ****   hdma->Instance->NDTR = 0U;
 337:Drivers/STM32F4xx_HAL_Driver/Src/stm32f4xx_hal_dma.c **** 
 338:Drivers/STM32F4xx_HAL_Driver/Src/stm32f4xx_hal_dma.c ****   /* Reset DMA Streamx peripheral address register */
 339:Drivers/STM32F4xx_HAL_Driver/Src/stm32f4xx_hal_dma.c ****   hdma->Instance->PAR  = 0U;
 340:Drivers/STM32F4xx_HAL_Driver/Src/stm32f4xx_hal_dma.c **** 
 341:Drivers/STM32F4xx_HAL_Driver/Src/stm32f4xx_hal_dma.c ****   /* Reset DMA Streamx memory 0 address register */
 342:Drivers/STM32F4xx_HAL_Driver/Src/stm32f4xx_hal_dma.c ****   hdma->Instance->M0AR = 0U;
 343:Drivers/STM32F4xx_HAL_Driver/Src/stm32f4xx_hal_dma.c ****   
 344:Drivers/STM32F4xx_HAL_Driver/Src/stm32f4xx_hal_dma.c ****   /* Reset DMA Streamx memory 1 address register */
 345:Drivers/STM32F4xx_HAL_Driver/Src/stm32f4xx_hal_dma.c ****   hdma->Instance->M1AR = 0U;
 346:Drivers/STM32F4xx_HAL_Driver/Src/stm32f4xx_hal_dma.c ****   
 347:Drivers/STM32F4xx_HAL_Driver/Src/stm32f4xx_hal_dma.c ****   /* Reset DMA Streamx FIFO control register */
 348:Drivers/STM32F4xx_HAL_Driver/Src/stm32f4xx_hal_dma.c ****   hdma->Instance->FCR  = 0x00000021U;
 349:Drivers/STM32F4xx_HAL_Driver/Src/stm32f4xx_hal_dma.c ****   
 350:Drivers/STM32F4xx_HAL_Driver/Src/stm32f4xx_hal_dma.c ****   /* Get DMA steam Base Address */  
 351:Drivers/STM32F4xx_HAL_Driver/Src/stm32f4xx_hal_dma.c ****   regs = (DMA_Base_Registers *)DMA_CalcBaseAndBitshift(hdma);
 352:Drivers/STM32F4xx_HAL_Driver/Src/stm32f4xx_hal_dma.c ****   
 353:Drivers/STM32F4xx_HAL_Driver/Src/stm32f4xx_hal_dma.c ****   /* Clean all callbacks */
 354:Drivers/STM32F4xx_HAL_Driver/Src/stm32f4xx_hal_dma.c ****   hdma->XferCpltCallback = NULL;
 355:Drivers/STM32F4xx_HAL_Driver/Src/stm32f4xx_hal_dma.c ****   hdma->XferHalfCpltCallback = NULL;
 356:Drivers/STM32F4xx_HAL_Driver/Src/stm32f4xx_hal_dma.c ****   hdma->XferM1CpltCallback = NULL;
 357:Drivers/STM32F4xx_HAL_Driver/Src/stm32f4xx_hal_dma.c ****   hdma->XferM1HalfCpltCallback = NULL;
 358:Drivers/STM32F4xx_HAL_Driver/Src/stm32f4xx_hal_dma.c ****   hdma->XferErrorCallback = NULL;
 359:Drivers/STM32F4xx_HAL_Driver/Src/stm32f4xx_hal_dma.c ****   hdma->XferAbortCallback = NULL;
 360:Drivers/STM32F4xx_HAL_Driver/Src/stm32f4xx_hal_dma.c **** 
 361:Drivers/STM32F4xx_HAL_Driver/Src/stm32f4xx_hal_dma.c ****   /* Clear all interrupt flags at correct offset within the register */
 362:Drivers/STM32F4xx_HAL_Driver/Src/stm32f4xx_hal_dma.c ****   regs->IFCR = 0x3FU << hdma->StreamIndex;
 363:Drivers/STM32F4xx_HAL_Driver/Src/stm32f4xx_hal_dma.c **** 
 364:Drivers/STM32F4xx_HAL_Driver/Src/stm32f4xx_hal_dma.c ****   /* Reset the error code */
 365:Drivers/STM32F4xx_HAL_Driver/Src/stm32f4xx_hal_dma.c ****   hdma->ErrorCode = HAL_DMA_ERROR_NONE;
 366:Drivers/STM32F4xx_HAL_Driver/Src/stm32f4xx_hal_dma.c **** 
 367:Drivers/STM32F4xx_HAL_Driver/Src/stm32f4xx_hal_dma.c ****   /* Reset the DMA state */
 368:Drivers/STM32F4xx_HAL_Driver/Src/stm32f4xx_hal_dma.c ****   hdma->State = HAL_DMA_STATE_RESET;
 369:Drivers/STM32F4xx_HAL_Driver/Src/stm32f4xx_hal_dma.c **** 
 370:Drivers/STM32F4xx_HAL_Driver/Src/stm32f4xx_hal_dma.c ****   /* Release Lock */
 371:Drivers/STM32F4xx_HAL_Driver/Src/stm32f4xx_hal_dma.c ****   __HAL_UNLOCK(hdma);
 372:Drivers/STM32F4xx_HAL_Driver/Src/stm32f4xx_hal_dma.c **** 
ARM GAS  C:\Users\Lenovo\AppData\Local\Temp\ccv3Zezd.s 			page 8


 373:Drivers/STM32F4xx_HAL_Driver/Src/stm32f4xx_hal_dma.c ****   return HAL_OK;
 374:Drivers/STM32F4xx_HAL_Driver/Src/stm32f4xx_hal_dma.c **** }
 375:Drivers/STM32F4xx_HAL_Driver/Src/stm32f4xx_hal_dma.c **** 
 376:Drivers/STM32F4xx_HAL_Driver/Src/stm32f4xx_hal_dma.c **** /**
 377:Drivers/STM32F4xx_HAL_Driver/Src/stm32f4xx_hal_dma.c ****   * @}
 378:Drivers/STM32F4xx_HAL_Driver/Src/stm32f4xx_hal_dma.c ****   */
 379:Drivers/STM32F4xx_HAL_Driver/Src/stm32f4xx_hal_dma.c **** 
 380:Drivers/STM32F4xx_HAL_Driver/Src/stm32f4xx_hal_dma.c **** /** @addtogroup DMA_Exported_Functions_Group2
 381:Drivers/STM32F4xx_HAL_Driver/Src/stm32f4xx_hal_dma.c ****   *
 382:Drivers/STM32F4xx_HAL_Driver/Src/stm32f4xx_hal_dma.c **** @verbatim   
 383:Drivers/STM32F4xx_HAL_Driver/Src/stm32f4xx_hal_dma.c ****  ===============================================================================
 384:Drivers/STM32F4xx_HAL_Driver/Src/stm32f4xx_hal_dma.c ****                       #####  IO operation functions  #####
 385:Drivers/STM32F4xx_HAL_Driver/Src/stm32f4xx_hal_dma.c ****  ===============================================================================
 386:Drivers/STM32F4xx_HAL_Driver/Src/stm32f4xx_hal_dma.c ****     [..]  This section provides functions allowing to:
 387:Drivers/STM32F4xx_HAL_Driver/Src/stm32f4xx_hal_dma.c ****       (+) Configure the source, destination address and data length and Start DMA transfer
 388:Drivers/STM32F4xx_HAL_Driver/Src/stm32f4xx_hal_dma.c ****       (+) Configure the source, destination address and data length and 
 389:Drivers/STM32F4xx_HAL_Driver/Src/stm32f4xx_hal_dma.c ****           Start DMA transfer with interrupt
 390:Drivers/STM32F4xx_HAL_Driver/Src/stm32f4xx_hal_dma.c ****       (+) Abort DMA transfer
 391:Drivers/STM32F4xx_HAL_Driver/Src/stm32f4xx_hal_dma.c ****       (+) Poll for transfer complete
 392:Drivers/STM32F4xx_HAL_Driver/Src/stm32f4xx_hal_dma.c ****       (+) Handle DMA interrupt request  
 393:Drivers/STM32F4xx_HAL_Driver/Src/stm32f4xx_hal_dma.c **** 
 394:Drivers/STM32F4xx_HAL_Driver/Src/stm32f4xx_hal_dma.c **** @endverbatim
 395:Drivers/STM32F4xx_HAL_Driver/Src/stm32f4xx_hal_dma.c ****   * @{
 396:Drivers/STM32F4xx_HAL_Driver/Src/stm32f4xx_hal_dma.c ****   */
 397:Drivers/STM32F4xx_HAL_Driver/Src/stm32f4xx_hal_dma.c **** 
 398:Drivers/STM32F4xx_HAL_Driver/Src/stm32f4xx_hal_dma.c **** /**
 399:Drivers/STM32F4xx_HAL_Driver/Src/stm32f4xx_hal_dma.c ****   * @brief  Starts the DMA Transfer.
 400:Drivers/STM32F4xx_HAL_Driver/Src/stm32f4xx_hal_dma.c ****   * @param  hdma       pointer to a DMA_HandleTypeDef structure that contains
 401:Drivers/STM32F4xx_HAL_Driver/Src/stm32f4xx_hal_dma.c ****   *                     the configuration information for the specified DMA Stream.
 402:Drivers/STM32F4xx_HAL_Driver/Src/stm32f4xx_hal_dma.c ****   * @param  SrcAddress The source memory Buffer address
 403:Drivers/STM32F4xx_HAL_Driver/Src/stm32f4xx_hal_dma.c ****   * @param  DstAddress The destination memory Buffer address
 404:Drivers/STM32F4xx_HAL_Driver/Src/stm32f4xx_hal_dma.c ****   * @param  DataLength The length of data to be transferred from source to destination
 405:Drivers/STM32F4xx_HAL_Driver/Src/stm32f4xx_hal_dma.c ****   * @retval HAL status
 406:Drivers/STM32F4xx_HAL_Driver/Src/stm32f4xx_hal_dma.c ****   */
 407:Drivers/STM32F4xx_HAL_Driver/Src/stm32f4xx_hal_dma.c **** HAL_StatusTypeDef HAL_DMA_Start(DMA_HandleTypeDef *hdma, uint32_t SrcAddress, uint32_t DstAddress, 
 408:Drivers/STM32F4xx_HAL_Driver/Src/stm32f4xx_hal_dma.c **** {
 409:Drivers/STM32F4xx_HAL_Driver/Src/stm32f4xx_hal_dma.c ****   HAL_StatusTypeDef status = HAL_OK;
 410:Drivers/STM32F4xx_HAL_Driver/Src/stm32f4xx_hal_dma.c ****   
 411:Drivers/STM32F4xx_HAL_Driver/Src/stm32f4xx_hal_dma.c ****   /* Check the parameters */
 412:Drivers/STM32F4xx_HAL_Driver/Src/stm32f4xx_hal_dma.c ****   assert_param(IS_DMA_BUFFER_SIZE(DataLength));
 413:Drivers/STM32F4xx_HAL_Driver/Src/stm32f4xx_hal_dma.c **** 
 414:Drivers/STM32F4xx_HAL_Driver/Src/stm32f4xx_hal_dma.c ****   /* Process locked */
 415:Drivers/STM32F4xx_HAL_Driver/Src/stm32f4xx_hal_dma.c ****   __HAL_LOCK(hdma);
 416:Drivers/STM32F4xx_HAL_Driver/Src/stm32f4xx_hal_dma.c **** 
 417:Drivers/STM32F4xx_HAL_Driver/Src/stm32f4xx_hal_dma.c ****   if(HAL_DMA_STATE_READY == hdma->State)
 418:Drivers/STM32F4xx_HAL_Driver/Src/stm32f4xx_hal_dma.c ****   {
 419:Drivers/STM32F4xx_HAL_Driver/Src/stm32f4xx_hal_dma.c ****     /* Change DMA peripheral state */
 420:Drivers/STM32F4xx_HAL_Driver/Src/stm32f4xx_hal_dma.c ****     hdma->State = HAL_DMA_STATE_BUSY;
 421:Drivers/STM32F4xx_HAL_Driver/Src/stm32f4xx_hal_dma.c ****     
 422:Drivers/STM32F4xx_HAL_Driver/Src/stm32f4xx_hal_dma.c ****     /* Initialize the error code */
 423:Drivers/STM32F4xx_HAL_Driver/Src/stm32f4xx_hal_dma.c ****     hdma->ErrorCode = HAL_DMA_ERROR_NONE;
 424:Drivers/STM32F4xx_HAL_Driver/Src/stm32f4xx_hal_dma.c ****     
 425:Drivers/STM32F4xx_HAL_Driver/Src/stm32f4xx_hal_dma.c ****     /* Configure the source, destination address and the data length */
 426:Drivers/STM32F4xx_HAL_Driver/Src/stm32f4xx_hal_dma.c ****     DMA_SetConfig(hdma, SrcAddress, DstAddress, DataLength);
 427:Drivers/STM32F4xx_HAL_Driver/Src/stm32f4xx_hal_dma.c **** 
 428:Drivers/STM32F4xx_HAL_Driver/Src/stm32f4xx_hal_dma.c ****     /* Enable the Peripheral */
 429:Drivers/STM32F4xx_HAL_Driver/Src/stm32f4xx_hal_dma.c ****     __HAL_DMA_ENABLE(hdma);
ARM GAS  C:\Users\Lenovo\AppData\Local\Temp\ccv3Zezd.s 			page 9


 430:Drivers/STM32F4xx_HAL_Driver/Src/stm32f4xx_hal_dma.c ****   }
 431:Drivers/STM32F4xx_HAL_Driver/Src/stm32f4xx_hal_dma.c ****   else
 432:Drivers/STM32F4xx_HAL_Driver/Src/stm32f4xx_hal_dma.c ****   {
 433:Drivers/STM32F4xx_HAL_Driver/Src/stm32f4xx_hal_dma.c ****     /* Process unlocked */
 434:Drivers/STM32F4xx_HAL_Driver/Src/stm32f4xx_hal_dma.c ****     __HAL_UNLOCK(hdma);
 435:Drivers/STM32F4xx_HAL_Driver/Src/stm32f4xx_hal_dma.c ****     
 436:Drivers/STM32F4xx_HAL_Driver/Src/stm32f4xx_hal_dma.c ****     /* Return error status */
 437:Drivers/STM32F4xx_HAL_Driver/Src/stm32f4xx_hal_dma.c ****     status = HAL_BUSY;
 438:Drivers/STM32F4xx_HAL_Driver/Src/stm32f4xx_hal_dma.c ****   } 
 439:Drivers/STM32F4xx_HAL_Driver/Src/stm32f4xx_hal_dma.c ****   return status; 
 440:Drivers/STM32F4xx_HAL_Driver/Src/stm32f4xx_hal_dma.c **** }
 441:Drivers/STM32F4xx_HAL_Driver/Src/stm32f4xx_hal_dma.c **** 
 442:Drivers/STM32F4xx_HAL_Driver/Src/stm32f4xx_hal_dma.c **** /**
 443:Drivers/STM32F4xx_HAL_Driver/Src/stm32f4xx_hal_dma.c ****   * @brief  Start the DMA Transfer with interrupt enabled.
 444:Drivers/STM32F4xx_HAL_Driver/Src/stm32f4xx_hal_dma.c ****   * @param  hdma       pointer to a DMA_HandleTypeDef structure that contains
 445:Drivers/STM32F4xx_HAL_Driver/Src/stm32f4xx_hal_dma.c ****   *                     the configuration information for the specified DMA Stream.  
 446:Drivers/STM32F4xx_HAL_Driver/Src/stm32f4xx_hal_dma.c ****   * @param  SrcAddress The source memory Buffer address
 447:Drivers/STM32F4xx_HAL_Driver/Src/stm32f4xx_hal_dma.c ****   * @param  DstAddress The destination memory Buffer address
 448:Drivers/STM32F4xx_HAL_Driver/Src/stm32f4xx_hal_dma.c ****   * @param  DataLength The length of data to be transferred from source to destination
 449:Drivers/STM32F4xx_HAL_Driver/Src/stm32f4xx_hal_dma.c ****   * @retval HAL status
 450:Drivers/STM32F4xx_HAL_Driver/Src/stm32f4xx_hal_dma.c ****   */
 451:Drivers/STM32F4xx_HAL_Driver/Src/stm32f4xx_hal_dma.c **** HAL_StatusTypeDef HAL_DMA_Start_IT(DMA_HandleTypeDef *hdma, uint32_t SrcAddress, uint32_t DstAddres
 452:Drivers/STM32F4xx_HAL_Driver/Src/stm32f4xx_hal_dma.c **** {
 453:Drivers/STM32F4xx_HAL_Driver/Src/stm32f4xx_hal_dma.c ****   HAL_StatusTypeDef status = HAL_OK;
 454:Drivers/STM32F4xx_HAL_Driver/Src/stm32f4xx_hal_dma.c **** 
 455:Drivers/STM32F4xx_HAL_Driver/Src/stm32f4xx_hal_dma.c ****   /* calculate DMA base and stream number */
 456:Drivers/STM32F4xx_HAL_Driver/Src/stm32f4xx_hal_dma.c ****   DMA_Base_Registers *regs = (DMA_Base_Registers *)hdma->StreamBaseAddress;
 457:Drivers/STM32F4xx_HAL_Driver/Src/stm32f4xx_hal_dma.c ****   
 458:Drivers/STM32F4xx_HAL_Driver/Src/stm32f4xx_hal_dma.c ****   /* Check the parameters */
 459:Drivers/STM32F4xx_HAL_Driver/Src/stm32f4xx_hal_dma.c ****   assert_param(IS_DMA_BUFFER_SIZE(DataLength));
 460:Drivers/STM32F4xx_HAL_Driver/Src/stm32f4xx_hal_dma.c ****  
 461:Drivers/STM32F4xx_HAL_Driver/Src/stm32f4xx_hal_dma.c ****   /* Process locked */
 462:Drivers/STM32F4xx_HAL_Driver/Src/stm32f4xx_hal_dma.c ****   __HAL_LOCK(hdma);
 463:Drivers/STM32F4xx_HAL_Driver/Src/stm32f4xx_hal_dma.c ****   
 464:Drivers/STM32F4xx_HAL_Driver/Src/stm32f4xx_hal_dma.c ****   if(HAL_DMA_STATE_READY == hdma->State)
 465:Drivers/STM32F4xx_HAL_Driver/Src/stm32f4xx_hal_dma.c ****   {
 466:Drivers/STM32F4xx_HAL_Driver/Src/stm32f4xx_hal_dma.c ****     /* Change DMA peripheral state */
 467:Drivers/STM32F4xx_HAL_Driver/Src/stm32f4xx_hal_dma.c ****     hdma->State = HAL_DMA_STATE_BUSY;
 468:Drivers/STM32F4xx_HAL_Driver/Src/stm32f4xx_hal_dma.c ****     
 469:Drivers/STM32F4xx_HAL_Driver/Src/stm32f4xx_hal_dma.c ****     /* Initialize the error code */
 470:Drivers/STM32F4xx_HAL_Driver/Src/stm32f4xx_hal_dma.c ****     hdma->ErrorCode = HAL_DMA_ERROR_NONE;
 471:Drivers/STM32F4xx_HAL_Driver/Src/stm32f4xx_hal_dma.c ****     
 472:Drivers/STM32F4xx_HAL_Driver/Src/stm32f4xx_hal_dma.c ****     /* Configure the source, destination address and the data length */
 473:Drivers/STM32F4xx_HAL_Driver/Src/stm32f4xx_hal_dma.c ****     DMA_SetConfig(hdma, SrcAddress, DstAddress, DataLength);
 474:Drivers/STM32F4xx_HAL_Driver/Src/stm32f4xx_hal_dma.c ****     
 475:Drivers/STM32F4xx_HAL_Driver/Src/stm32f4xx_hal_dma.c ****     /* Clear all interrupt flags at correct offset within the register */
 476:Drivers/STM32F4xx_HAL_Driver/Src/stm32f4xx_hal_dma.c ****     regs->IFCR = 0x3FU << hdma->StreamIndex;
 477:Drivers/STM32F4xx_HAL_Driver/Src/stm32f4xx_hal_dma.c ****     
 478:Drivers/STM32F4xx_HAL_Driver/Src/stm32f4xx_hal_dma.c ****     /* Enable Common interrupts*/
 479:Drivers/STM32F4xx_HAL_Driver/Src/stm32f4xx_hal_dma.c ****     hdma->Instance->CR  |= DMA_IT_TC | DMA_IT_TE | DMA_IT_DME;
 480:Drivers/STM32F4xx_HAL_Driver/Src/stm32f4xx_hal_dma.c ****     
 481:Drivers/STM32F4xx_HAL_Driver/Src/stm32f4xx_hal_dma.c ****     if(hdma->XferHalfCpltCallback != NULL)
 482:Drivers/STM32F4xx_HAL_Driver/Src/stm32f4xx_hal_dma.c ****     {
 483:Drivers/STM32F4xx_HAL_Driver/Src/stm32f4xx_hal_dma.c ****       hdma->Instance->CR  |= DMA_IT_HT;
 484:Drivers/STM32F4xx_HAL_Driver/Src/stm32f4xx_hal_dma.c ****     }
 485:Drivers/STM32F4xx_HAL_Driver/Src/stm32f4xx_hal_dma.c ****     
 486:Drivers/STM32F4xx_HAL_Driver/Src/stm32f4xx_hal_dma.c ****     /* Enable the Peripheral */
ARM GAS  C:\Users\Lenovo\AppData\Local\Temp\ccv3Zezd.s 			page 10


 487:Drivers/STM32F4xx_HAL_Driver/Src/stm32f4xx_hal_dma.c ****     __HAL_DMA_ENABLE(hdma);
 488:Drivers/STM32F4xx_HAL_Driver/Src/stm32f4xx_hal_dma.c ****   }
 489:Drivers/STM32F4xx_HAL_Driver/Src/stm32f4xx_hal_dma.c ****   else
 490:Drivers/STM32F4xx_HAL_Driver/Src/stm32f4xx_hal_dma.c ****   {
 491:Drivers/STM32F4xx_HAL_Driver/Src/stm32f4xx_hal_dma.c ****     /* Process unlocked */
 492:Drivers/STM32F4xx_HAL_Driver/Src/stm32f4xx_hal_dma.c ****     __HAL_UNLOCK(hdma);	  
 493:Drivers/STM32F4xx_HAL_Driver/Src/stm32f4xx_hal_dma.c ****     
 494:Drivers/STM32F4xx_HAL_Driver/Src/stm32f4xx_hal_dma.c ****     /* Return error status */
 495:Drivers/STM32F4xx_HAL_Driver/Src/stm32f4xx_hal_dma.c ****     status = HAL_BUSY;
 496:Drivers/STM32F4xx_HAL_Driver/Src/stm32f4xx_hal_dma.c ****   }
 497:Drivers/STM32F4xx_HAL_Driver/Src/stm32f4xx_hal_dma.c ****   
 498:Drivers/STM32F4xx_HAL_Driver/Src/stm32f4xx_hal_dma.c ****   return status;
 499:Drivers/STM32F4xx_HAL_Driver/Src/stm32f4xx_hal_dma.c **** }
 500:Drivers/STM32F4xx_HAL_Driver/Src/stm32f4xx_hal_dma.c **** 
 501:Drivers/STM32F4xx_HAL_Driver/Src/stm32f4xx_hal_dma.c **** /**
 502:Drivers/STM32F4xx_HAL_Driver/Src/stm32f4xx_hal_dma.c ****   * @brief  Aborts the DMA Transfer.
 503:Drivers/STM32F4xx_HAL_Driver/Src/stm32f4xx_hal_dma.c ****   * @param  hdma   pointer to a DMA_HandleTypeDef structure that contains
 504:Drivers/STM32F4xx_HAL_Driver/Src/stm32f4xx_hal_dma.c ****   *                 the configuration information for the specified DMA Stream.
 505:Drivers/STM32F4xx_HAL_Driver/Src/stm32f4xx_hal_dma.c ****   *                   
 506:Drivers/STM32F4xx_HAL_Driver/Src/stm32f4xx_hal_dma.c ****   * @note  After disabling a DMA Stream, a check for wait until the DMA Stream is 
 507:Drivers/STM32F4xx_HAL_Driver/Src/stm32f4xx_hal_dma.c ****   *        effectively disabled is added. If a Stream is disabled 
 508:Drivers/STM32F4xx_HAL_Driver/Src/stm32f4xx_hal_dma.c ****   *        while a data transfer is ongoing, the current data will be transferred
 509:Drivers/STM32F4xx_HAL_Driver/Src/stm32f4xx_hal_dma.c ****   *        and the Stream will be effectively disabled only after the transfer of
 510:Drivers/STM32F4xx_HAL_Driver/Src/stm32f4xx_hal_dma.c ****   *        this single data is finished.  
 511:Drivers/STM32F4xx_HAL_Driver/Src/stm32f4xx_hal_dma.c ****   * @retval HAL status
 512:Drivers/STM32F4xx_HAL_Driver/Src/stm32f4xx_hal_dma.c ****   */
 513:Drivers/STM32F4xx_HAL_Driver/Src/stm32f4xx_hal_dma.c **** HAL_StatusTypeDef HAL_DMA_Abort(DMA_HandleTypeDef *hdma)
 514:Drivers/STM32F4xx_HAL_Driver/Src/stm32f4xx_hal_dma.c **** {
 515:Drivers/STM32F4xx_HAL_Driver/Src/stm32f4xx_hal_dma.c ****   /* calculate DMA base and stream number */
 516:Drivers/STM32F4xx_HAL_Driver/Src/stm32f4xx_hal_dma.c ****   DMA_Base_Registers *regs = (DMA_Base_Registers *)hdma->StreamBaseAddress;
 517:Drivers/STM32F4xx_HAL_Driver/Src/stm32f4xx_hal_dma.c ****   
 518:Drivers/STM32F4xx_HAL_Driver/Src/stm32f4xx_hal_dma.c ****   uint32_t tickstart = HAL_GetTick();
 519:Drivers/STM32F4xx_HAL_Driver/Src/stm32f4xx_hal_dma.c ****   
 520:Drivers/STM32F4xx_HAL_Driver/Src/stm32f4xx_hal_dma.c ****   if(hdma->State != HAL_DMA_STATE_BUSY)
 521:Drivers/STM32F4xx_HAL_Driver/Src/stm32f4xx_hal_dma.c ****   {
 522:Drivers/STM32F4xx_HAL_Driver/Src/stm32f4xx_hal_dma.c ****     hdma->ErrorCode = HAL_DMA_ERROR_NO_XFER;
 523:Drivers/STM32F4xx_HAL_Driver/Src/stm32f4xx_hal_dma.c ****     
 524:Drivers/STM32F4xx_HAL_Driver/Src/stm32f4xx_hal_dma.c ****     /* Process Unlocked */
 525:Drivers/STM32F4xx_HAL_Driver/Src/stm32f4xx_hal_dma.c ****     __HAL_UNLOCK(hdma);
 526:Drivers/STM32F4xx_HAL_Driver/Src/stm32f4xx_hal_dma.c ****     
 527:Drivers/STM32F4xx_HAL_Driver/Src/stm32f4xx_hal_dma.c ****     return HAL_ERROR;
 528:Drivers/STM32F4xx_HAL_Driver/Src/stm32f4xx_hal_dma.c ****   }
 529:Drivers/STM32F4xx_HAL_Driver/Src/stm32f4xx_hal_dma.c ****   else
 530:Drivers/STM32F4xx_HAL_Driver/Src/stm32f4xx_hal_dma.c ****   {
 531:Drivers/STM32F4xx_HAL_Driver/Src/stm32f4xx_hal_dma.c ****     /* Disable all the transfer interrupts */
 532:Drivers/STM32F4xx_HAL_Driver/Src/stm32f4xx_hal_dma.c ****     hdma->Instance->CR  &= ~(DMA_IT_TC | DMA_IT_TE | DMA_IT_DME);
 533:Drivers/STM32F4xx_HAL_Driver/Src/stm32f4xx_hal_dma.c ****     hdma->Instance->FCR &= ~(DMA_IT_FE);
 534:Drivers/STM32F4xx_HAL_Driver/Src/stm32f4xx_hal_dma.c ****     
 535:Drivers/STM32F4xx_HAL_Driver/Src/stm32f4xx_hal_dma.c ****     if((hdma->XferHalfCpltCallback != NULL) || (hdma->XferM1HalfCpltCallback != NULL))
 536:Drivers/STM32F4xx_HAL_Driver/Src/stm32f4xx_hal_dma.c ****     {
 537:Drivers/STM32F4xx_HAL_Driver/Src/stm32f4xx_hal_dma.c ****       hdma->Instance->CR  &= ~(DMA_IT_HT);
 538:Drivers/STM32F4xx_HAL_Driver/Src/stm32f4xx_hal_dma.c ****     }
 539:Drivers/STM32F4xx_HAL_Driver/Src/stm32f4xx_hal_dma.c ****     
 540:Drivers/STM32F4xx_HAL_Driver/Src/stm32f4xx_hal_dma.c ****     /* Disable the stream */
 541:Drivers/STM32F4xx_HAL_Driver/Src/stm32f4xx_hal_dma.c ****     __HAL_DMA_DISABLE(hdma);
 542:Drivers/STM32F4xx_HAL_Driver/Src/stm32f4xx_hal_dma.c ****     
 543:Drivers/STM32F4xx_HAL_Driver/Src/stm32f4xx_hal_dma.c ****     /* Check if the DMA Stream is effectively disabled */
ARM GAS  C:\Users\Lenovo\AppData\Local\Temp\ccv3Zezd.s 			page 11


 544:Drivers/STM32F4xx_HAL_Driver/Src/stm32f4xx_hal_dma.c ****     while((hdma->Instance->CR & DMA_SxCR_EN) != RESET)
 545:Drivers/STM32F4xx_HAL_Driver/Src/stm32f4xx_hal_dma.c ****     {
 546:Drivers/STM32F4xx_HAL_Driver/Src/stm32f4xx_hal_dma.c ****       /* Check for the Timeout */
 547:Drivers/STM32F4xx_HAL_Driver/Src/stm32f4xx_hal_dma.c ****       if((HAL_GetTick() - tickstart ) > HAL_TIMEOUT_DMA_ABORT)
 548:Drivers/STM32F4xx_HAL_Driver/Src/stm32f4xx_hal_dma.c ****       {
 549:Drivers/STM32F4xx_HAL_Driver/Src/stm32f4xx_hal_dma.c ****         /* Update error code */
 550:Drivers/STM32F4xx_HAL_Driver/Src/stm32f4xx_hal_dma.c ****         hdma->ErrorCode = HAL_DMA_ERROR_TIMEOUT;
 551:Drivers/STM32F4xx_HAL_Driver/Src/stm32f4xx_hal_dma.c ****         
 552:Drivers/STM32F4xx_HAL_Driver/Src/stm32f4xx_hal_dma.c ****         /* Change the DMA state */
 553:Drivers/STM32F4xx_HAL_Driver/Src/stm32f4xx_hal_dma.c ****         hdma->State = HAL_DMA_STATE_TIMEOUT;
 554:Drivers/STM32F4xx_HAL_Driver/Src/stm32f4xx_hal_dma.c ****         
 555:Drivers/STM32F4xx_HAL_Driver/Src/stm32f4xx_hal_dma.c ****         /* Process Unlocked */
 556:Drivers/STM32F4xx_HAL_Driver/Src/stm32f4xx_hal_dma.c ****         __HAL_UNLOCK(hdma);
 557:Drivers/STM32F4xx_HAL_Driver/Src/stm32f4xx_hal_dma.c ****         
 558:Drivers/STM32F4xx_HAL_Driver/Src/stm32f4xx_hal_dma.c ****         return HAL_TIMEOUT;
 559:Drivers/STM32F4xx_HAL_Driver/Src/stm32f4xx_hal_dma.c ****       }
 560:Drivers/STM32F4xx_HAL_Driver/Src/stm32f4xx_hal_dma.c ****     }
 561:Drivers/STM32F4xx_HAL_Driver/Src/stm32f4xx_hal_dma.c ****     
 562:Drivers/STM32F4xx_HAL_Driver/Src/stm32f4xx_hal_dma.c ****     /* Clear all interrupt flags at correct offset within the register */
 563:Drivers/STM32F4xx_HAL_Driver/Src/stm32f4xx_hal_dma.c ****     regs->IFCR = 0x3FU << hdma->StreamIndex;
 564:Drivers/STM32F4xx_HAL_Driver/Src/stm32f4xx_hal_dma.c ****     
 565:Drivers/STM32F4xx_HAL_Driver/Src/stm32f4xx_hal_dma.c ****     /* Change the DMA state*/
 566:Drivers/STM32F4xx_HAL_Driver/Src/stm32f4xx_hal_dma.c ****     hdma->State = HAL_DMA_STATE_READY;
 567:Drivers/STM32F4xx_HAL_Driver/Src/stm32f4xx_hal_dma.c ****     
 568:Drivers/STM32F4xx_HAL_Driver/Src/stm32f4xx_hal_dma.c ****     /* Process Unlocked */
 569:Drivers/STM32F4xx_HAL_Driver/Src/stm32f4xx_hal_dma.c ****     __HAL_UNLOCK(hdma);
 570:Drivers/STM32F4xx_HAL_Driver/Src/stm32f4xx_hal_dma.c ****   }
 571:Drivers/STM32F4xx_HAL_Driver/Src/stm32f4xx_hal_dma.c ****   return HAL_OK;
 572:Drivers/STM32F4xx_HAL_Driver/Src/stm32f4xx_hal_dma.c **** }
 573:Drivers/STM32F4xx_HAL_Driver/Src/stm32f4xx_hal_dma.c **** 
 574:Drivers/STM32F4xx_HAL_Driver/Src/stm32f4xx_hal_dma.c **** /**
 575:Drivers/STM32F4xx_HAL_Driver/Src/stm32f4xx_hal_dma.c ****   * @brief  Aborts the DMA Transfer in Interrupt mode.
 576:Drivers/STM32F4xx_HAL_Driver/Src/stm32f4xx_hal_dma.c ****   * @param  hdma   pointer to a DMA_HandleTypeDef structure that contains
 577:Drivers/STM32F4xx_HAL_Driver/Src/stm32f4xx_hal_dma.c ****   *                 the configuration information for the specified DMA Stream.
 578:Drivers/STM32F4xx_HAL_Driver/Src/stm32f4xx_hal_dma.c ****   * @retval HAL status
 579:Drivers/STM32F4xx_HAL_Driver/Src/stm32f4xx_hal_dma.c ****   */
 580:Drivers/STM32F4xx_HAL_Driver/Src/stm32f4xx_hal_dma.c **** HAL_StatusTypeDef HAL_DMA_Abort_IT(DMA_HandleTypeDef *hdma)
 581:Drivers/STM32F4xx_HAL_Driver/Src/stm32f4xx_hal_dma.c **** {
 582:Drivers/STM32F4xx_HAL_Driver/Src/stm32f4xx_hal_dma.c ****   if(hdma->State != HAL_DMA_STATE_BUSY)
 583:Drivers/STM32F4xx_HAL_Driver/Src/stm32f4xx_hal_dma.c ****   {
 584:Drivers/STM32F4xx_HAL_Driver/Src/stm32f4xx_hal_dma.c ****     hdma->ErrorCode = HAL_DMA_ERROR_NO_XFER;
 585:Drivers/STM32F4xx_HAL_Driver/Src/stm32f4xx_hal_dma.c ****     return HAL_ERROR;
 586:Drivers/STM32F4xx_HAL_Driver/Src/stm32f4xx_hal_dma.c ****   }
 587:Drivers/STM32F4xx_HAL_Driver/Src/stm32f4xx_hal_dma.c ****   else
 588:Drivers/STM32F4xx_HAL_Driver/Src/stm32f4xx_hal_dma.c ****   {
 589:Drivers/STM32F4xx_HAL_Driver/Src/stm32f4xx_hal_dma.c ****     /* Set Abort State  */
 590:Drivers/STM32F4xx_HAL_Driver/Src/stm32f4xx_hal_dma.c ****     hdma->State = HAL_DMA_STATE_ABORT;
 591:Drivers/STM32F4xx_HAL_Driver/Src/stm32f4xx_hal_dma.c ****     
 592:Drivers/STM32F4xx_HAL_Driver/Src/stm32f4xx_hal_dma.c ****     /* Disable the stream */
 593:Drivers/STM32F4xx_HAL_Driver/Src/stm32f4xx_hal_dma.c ****     __HAL_DMA_DISABLE(hdma);
 594:Drivers/STM32F4xx_HAL_Driver/Src/stm32f4xx_hal_dma.c ****   }
 595:Drivers/STM32F4xx_HAL_Driver/Src/stm32f4xx_hal_dma.c **** 
 596:Drivers/STM32F4xx_HAL_Driver/Src/stm32f4xx_hal_dma.c ****   return HAL_OK;
 597:Drivers/STM32F4xx_HAL_Driver/Src/stm32f4xx_hal_dma.c **** }
 598:Drivers/STM32F4xx_HAL_Driver/Src/stm32f4xx_hal_dma.c **** 
 599:Drivers/STM32F4xx_HAL_Driver/Src/stm32f4xx_hal_dma.c **** /**
 600:Drivers/STM32F4xx_HAL_Driver/Src/stm32f4xx_hal_dma.c ****   * @brief  Polling for transfer complete.
ARM GAS  C:\Users\Lenovo\AppData\Local\Temp\ccv3Zezd.s 			page 12


 601:Drivers/STM32F4xx_HAL_Driver/Src/stm32f4xx_hal_dma.c ****   * @param  hdma          pointer to a DMA_HandleTypeDef structure that contains
 602:Drivers/STM32F4xx_HAL_Driver/Src/stm32f4xx_hal_dma.c ****   *                        the configuration information for the specified DMA Stream.
 603:Drivers/STM32F4xx_HAL_Driver/Src/stm32f4xx_hal_dma.c ****   * @param  CompleteLevel Specifies the DMA level complete.
 604:Drivers/STM32F4xx_HAL_Driver/Src/stm32f4xx_hal_dma.c ****   * @note   The polling mode is kept in this version for legacy. it is recommended to use the IT mo
 605:Drivers/STM32F4xx_HAL_Driver/Src/stm32f4xx_hal_dma.c ****   *         This model could be used for debug purpose.
 606:Drivers/STM32F4xx_HAL_Driver/Src/stm32f4xx_hal_dma.c ****   * @note   The HAL_DMA_PollForTransfer API cannot be used in circular and double buffering mode (a
 607:Drivers/STM32F4xx_HAL_Driver/Src/stm32f4xx_hal_dma.c ****   * @param  Timeout       Timeout duration.
 608:Drivers/STM32F4xx_HAL_Driver/Src/stm32f4xx_hal_dma.c ****   * @retval HAL status
 609:Drivers/STM32F4xx_HAL_Driver/Src/stm32f4xx_hal_dma.c ****   */
 610:Drivers/STM32F4xx_HAL_Driver/Src/stm32f4xx_hal_dma.c **** HAL_StatusTypeDef HAL_DMA_PollForTransfer(DMA_HandleTypeDef *hdma, HAL_DMA_LevelCompleteTypeDef Com
 611:Drivers/STM32F4xx_HAL_Driver/Src/stm32f4xx_hal_dma.c **** {
 612:Drivers/STM32F4xx_HAL_Driver/Src/stm32f4xx_hal_dma.c ****   HAL_StatusTypeDef status = HAL_OK; 
 613:Drivers/STM32F4xx_HAL_Driver/Src/stm32f4xx_hal_dma.c ****   uint32_t mask_cpltlevel;
 614:Drivers/STM32F4xx_HAL_Driver/Src/stm32f4xx_hal_dma.c ****   uint32_t tickstart = HAL_GetTick(); 
 615:Drivers/STM32F4xx_HAL_Driver/Src/stm32f4xx_hal_dma.c ****   uint32_t tmpisr;
 616:Drivers/STM32F4xx_HAL_Driver/Src/stm32f4xx_hal_dma.c ****   
 617:Drivers/STM32F4xx_HAL_Driver/Src/stm32f4xx_hal_dma.c ****   /* calculate DMA base and stream number */
 618:Drivers/STM32F4xx_HAL_Driver/Src/stm32f4xx_hal_dma.c ****   DMA_Base_Registers *regs;
 619:Drivers/STM32F4xx_HAL_Driver/Src/stm32f4xx_hal_dma.c **** 
 620:Drivers/STM32F4xx_HAL_Driver/Src/stm32f4xx_hal_dma.c ****   if(HAL_DMA_STATE_BUSY != hdma->State)
 621:Drivers/STM32F4xx_HAL_Driver/Src/stm32f4xx_hal_dma.c ****   {
 622:Drivers/STM32F4xx_HAL_Driver/Src/stm32f4xx_hal_dma.c ****     /* No transfer ongoing */
 623:Drivers/STM32F4xx_HAL_Driver/Src/stm32f4xx_hal_dma.c ****     hdma->ErrorCode = HAL_DMA_ERROR_NO_XFER;
 624:Drivers/STM32F4xx_HAL_Driver/Src/stm32f4xx_hal_dma.c ****     __HAL_UNLOCK(hdma);
 625:Drivers/STM32F4xx_HAL_Driver/Src/stm32f4xx_hal_dma.c ****     return HAL_ERROR;
 626:Drivers/STM32F4xx_HAL_Driver/Src/stm32f4xx_hal_dma.c ****   }
 627:Drivers/STM32F4xx_HAL_Driver/Src/stm32f4xx_hal_dma.c **** 
 628:Drivers/STM32F4xx_HAL_Driver/Src/stm32f4xx_hal_dma.c ****   /* Polling mode not supported in circular mode and double buffering mode */
 629:Drivers/STM32F4xx_HAL_Driver/Src/stm32f4xx_hal_dma.c ****   if ((hdma->Instance->CR & DMA_SxCR_CIRC) != RESET)
 630:Drivers/STM32F4xx_HAL_Driver/Src/stm32f4xx_hal_dma.c ****   {
 631:Drivers/STM32F4xx_HAL_Driver/Src/stm32f4xx_hal_dma.c ****     hdma->ErrorCode = HAL_DMA_ERROR_NOT_SUPPORTED;
 632:Drivers/STM32F4xx_HAL_Driver/Src/stm32f4xx_hal_dma.c ****     return HAL_ERROR;
 633:Drivers/STM32F4xx_HAL_Driver/Src/stm32f4xx_hal_dma.c ****   }
 634:Drivers/STM32F4xx_HAL_Driver/Src/stm32f4xx_hal_dma.c ****   
 635:Drivers/STM32F4xx_HAL_Driver/Src/stm32f4xx_hal_dma.c ****   /* Get the level transfer complete flag */
 636:Drivers/STM32F4xx_HAL_Driver/Src/stm32f4xx_hal_dma.c ****   if(CompleteLevel == HAL_DMA_FULL_TRANSFER)
 637:Drivers/STM32F4xx_HAL_Driver/Src/stm32f4xx_hal_dma.c ****   {
 638:Drivers/STM32F4xx_HAL_Driver/Src/stm32f4xx_hal_dma.c ****     /* Transfer Complete flag */
 639:Drivers/STM32F4xx_HAL_Driver/Src/stm32f4xx_hal_dma.c ****     mask_cpltlevel = DMA_FLAG_TCIF0_4 << hdma->StreamIndex;
 640:Drivers/STM32F4xx_HAL_Driver/Src/stm32f4xx_hal_dma.c ****   }
 641:Drivers/STM32F4xx_HAL_Driver/Src/stm32f4xx_hal_dma.c ****   else
 642:Drivers/STM32F4xx_HAL_Driver/Src/stm32f4xx_hal_dma.c ****   {
 643:Drivers/STM32F4xx_HAL_Driver/Src/stm32f4xx_hal_dma.c ****     /* Half Transfer Complete flag */
 644:Drivers/STM32F4xx_HAL_Driver/Src/stm32f4xx_hal_dma.c ****     mask_cpltlevel = DMA_FLAG_HTIF0_4 << hdma->StreamIndex;
 645:Drivers/STM32F4xx_HAL_Driver/Src/stm32f4xx_hal_dma.c ****   }
 646:Drivers/STM32F4xx_HAL_Driver/Src/stm32f4xx_hal_dma.c ****   
 647:Drivers/STM32F4xx_HAL_Driver/Src/stm32f4xx_hal_dma.c ****   regs = (DMA_Base_Registers *)hdma->StreamBaseAddress;
 648:Drivers/STM32F4xx_HAL_Driver/Src/stm32f4xx_hal_dma.c ****   tmpisr = regs->ISR;
 649:Drivers/STM32F4xx_HAL_Driver/Src/stm32f4xx_hal_dma.c ****   
 650:Drivers/STM32F4xx_HAL_Driver/Src/stm32f4xx_hal_dma.c ****   while(((tmpisr & mask_cpltlevel) == RESET) && ((hdma->ErrorCode & HAL_DMA_ERROR_TE) == RESET))
 651:Drivers/STM32F4xx_HAL_Driver/Src/stm32f4xx_hal_dma.c ****   {
 652:Drivers/STM32F4xx_HAL_Driver/Src/stm32f4xx_hal_dma.c ****     /* Check for the Timeout (Not applicable in circular mode)*/
 653:Drivers/STM32F4xx_HAL_Driver/Src/stm32f4xx_hal_dma.c ****     if(Timeout != HAL_MAX_DELAY)
 654:Drivers/STM32F4xx_HAL_Driver/Src/stm32f4xx_hal_dma.c ****     {
 655:Drivers/STM32F4xx_HAL_Driver/Src/stm32f4xx_hal_dma.c ****       if((Timeout == 0U)||((HAL_GetTick() - tickstart ) > Timeout))
 656:Drivers/STM32F4xx_HAL_Driver/Src/stm32f4xx_hal_dma.c ****       {
 657:Drivers/STM32F4xx_HAL_Driver/Src/stm32f4xx_hal_dma.c ****         /* Update error code */
ARM GAS  C:\Users\Lenovo\AppData\Local\Temp\ccv3Zezd.s 			page 13


 658:Drivers/STM32F4xx_HAL_Driver/Src/stm32f4xx_hal_dma.c ****         hdma->ErrorCode = HAL_DMA_ERROR_TIMEOUT;
 659:Drivers/STM32F4xx_HAL_Driver/Src/stm32f4xx_hal_dma.c ****         
 660:Drivers/STM32F4xx_HAL_Driver/Src/stm32f4xx_hal_dma.c ****         /* Change the DMA state */
 661:Drivers/STM32F4xx_HAL_Driver/Src/stm32f4xx_hal_dma.c ****         hdma->State = HAL_DMA_STATE_READY;
 662:Drivers/STM32F4xx_HAL_Driver/Src/stm32f4xx_hal_dma.c ****         
 663:Drivers/STM32F4xx_HAL_Driver/Src/stm32f4xx_hal_dma.c ****         /* Process Unlocked */
 664:Drivers/STM32F4xx_HAL_Driver/Src/stm32f4xx_hal_dma.c ****         __HAL_UNLOCK(hdma);
 665:Drivers/STM32F4xx_HAL_Driver/Src/stm32f4xx_hal_dma.c ****         
 666:Drivers/STM32F4xx_HAL_Driver/Src/stm32f4xx_hal_dma.c ****         return HAL_TIMEOUT;
 667:Drivers/STM32F4xx_HAL_Driver/Src/stm32f4xx_hal_dma.c ****       }
 668:Drivers/STM32F4xx_HAL_Driver/Src/stm32f4xx_hal_dma.c ****     }
 669:Drivers/STM32F4xx_HAL_Driver/Src/stm32f4xx_hal_dma.c **** 
 670:Drivers/STM32F4xx_HAL_Driver/Src/stm32f4xx_hal_dma.c ****     /* Get the ISR register value */
 671:Drivers/STM32F4xx_HAL_Driver/Src/stm32f4xx_hal_dma.c ****     tmpisr = regs->ISR;
 672:Drivers/STM32F4xx_HAL_Driver/Src/stm32f4xx_hal_dma.c **** 
 673:Drivers/STM32F4xx_HAL_Driver/Src/stm32f4xx_hal_dma.c ****     if((tmpisr & (DMA_FLAG_TEIF0_4 << hdma->StreamIndex)) != RESET)
 674:Drivers/STM32F4xx_HAL_Driver/Src/stm32f4xx_hal_dma.c ****     {
 675:Drivers/STM32F4xx_HAL_Driver/Src/stm32f4xx_hal_dma.c ****       /* Update error code */
 676:Drivers/STM32F4xx_HAL_Driver/Src/stm32f4xx_hal_dma.c ****       hdma->ErrorCode |= HAL_DMA_ERROR_TE;
 677:Drivers/STM32F4xx_HAL_Driver/Src/stm32f4xx_hal_dma.c ****       
 678:Drivers/STM32F4xx_HAL_Driver/Src/stm32f4xx_hal_dma.c ****       /* Clear the transfer error flag */
 679:Drivers/STM32F4xx_HAL_Driver/Src/stm32f4xx_hal_dma.c ****       regs->IFCR = DMA_FLAG_TEIF0_4 << hdma->StreamIndex;
 680:Drivers/STM32F4xx_HAL_Driver/Src/stm32f4xx_hal_dma.c ****     }
 681:Drivers/STM32F4xx_HAL_Driver/Src/stm32f4xx_hal_dma.c ****     
 682:Drivers/STM32F4xx_HAL_Driver/Src/stm32f4xx_hal_dma.c ****     if((tmpisr & (DMA_FLAG_FEIF0_4 << hdma->StreamIndex)) != RESET)
 683:Drivers/STM32F4xx_HAL_Driver/Src/stm32f4xx_hal_dma.c ****     {
 684:Drivers/STM32F4xx_HAL_Driver/Src/stm32f4xx_hal_dma.c ****       /* Update error code */
 685:Drivers/STM32F4xx_HAL_Driver/Src/stm32f4xx_hal_dma.c ****       hdma->ErrorCode |= HAL_DMA_ERROR_FE;
 686:Drivers/STM32F4xx_HAL_Driver/Src/stm32f4xx_hal_dma.c ****       
 687:Drivers/STM32F4xx_HAL_Driver/Src/stm32f4xx_hal_dma.c ****       /* Clear the FIFO error flag */
 688:Drivers/STM32F4xx_HAL_Driver/Src/stm32f4xx_hal_dma.c ****       regs->IFCR = DMA_FLAG_FEIF0_4 << hdma->StreamIndex;
 689:Drivers/STM32F4xx_HAL_Driver/Src/stm32f4xx_hal_dma.c ****     }
 690:Drivers/STM32F4xx_HAL_Driver/Src/stm32f4xx_hal_dma.c ****     
 691:Drivers/STM32F4xx_HAL_Driver/Src/stm32f4xx_hal_dma.c ****     if((tmpisr & (DMA_FLAG_DMEIF0_4 << hdma->StreamIndex)) != RESET)
 692:Drivers/STM32F4xx_HAL_Driver/Src/stm32f4xx_hal_dma.c ****     {
 693:Drivers/STM32F4xx_HAL_Driver/Src/stm32f4xx_hal_dma.c ****       /* Update error code */
 694:Drivers/STM32F4xx_HAL_Driver/Src/stm32f4xx_hal_dma.c ****       hdma->ErrorCode |= HAL_DMA_ERROR_DME;
 695:Drivers/STM32F4xx_HAL_Driver/Src/stm32f4xx_hal_dma.c ****       
 696:Drivers/STM32F4xx_HAL_Driver/Src/stm32f4xx_hal_dma.c ****       /* Clear the Direct Mode error flag */
 697:Drivers/STM32F4xx_HAL_Driver/Src/stm32f4xx_hal_dma.c ****       regs->IFCR = DMA_FLAG_DMEIF0_4 << hdma->StreamIndex;
 698:Drivers/STM32F4xx_HAL_Driver/Src/stm32f4xx_hal_dma.c ****     }
 699:Drivers/STM32F4xx_HAL_Driver/Src/stm32f4xx_hal_dma.c ****   }
 700:Drivers/STM32F4xx_HAL_Driver/Src/stm32f4xx_hal_dma.c ****   
 701:Drivers/STM32F4xx_HAL_Driver/Src/stm32f4xx_hal_dma.c ****   if(hdma->ErrorCode != HAL_DMA_ERROR_NONE)
 702:Drivers/STM32F4xx_HAL_Driver/Src/stm32f4xx_hal_dma.c ****   {
 703:Drivers/STM32F4xx_HAL_Driver/Src/stm32f4xx_hal_dma.c ****     if((hdma->ErrorCode & HAL_DMA_ERROR_TE) != RESET)
 704:Drivers/STM32F4xx_HAL_Driver/Src/stm32f4xx_hal_dma.c ****     {
 705:Drivers/STM32F4xx_HAL_Driver/Src/stm32f4xx_hal_dma.c ****       HAL_DMA_Abort(hdma);
 706:Drivers/STM32F4xx_HAL_Driver/Src/stm32f4xx_hal_dma.c ****     
 707:Drivers/STM32F4xx_HAL_Driver/Src/stm32f4xx_hal_dma.c ****       /* Clear the half transfer and transfer complete flags */
 708:Drivers/STM32F4xx_HAL_Driver/Src/stm32f4xx_hal_dma.c ****       regs->IFCR = (DMA_FLAG_HTIF0_4 | DMA_FLAG_TCIF0_4) << hdma->StreamIndex;
 709:Drivers/STM32F4xx_HAL_Driver/Src/stm32f4xx_hal_dma.c ****     
 710:Drivers/STM32F4xx_HAL_Driver/Src/stm32f4xx_hal_dma.c ****       /* Change the DMA state */
 711:Drivers/STM32F4xx_HAL_Driver/Src/stm32f4xx_hal_dma.c ****       hdma->State= HAL_DMA_STATE_READY;
 712:Drivers/STM32F4xx_HAL_Driver/Src/stm32f4xx_hal_dma.c **** 
 713:Drivers/STM32F4xx_HAL_Driver/Src/stm32f4xx_hal_dma.c ****       /* Process Unlocked */
 714:Drivers/STM32F4xx_HAL_Driver/Src/stm32f4xx_hal_dma.c ****       __HAL_UNLOCK(hdma);
ARM GAS  C:\Users\Lenovo\AppData\Local\Temp\ccv3Zezd.s 			page 14


 715:Drivers/STM32F4xx_HAL_Driver/Src/stm32f4xx_hal_dma.c **** 
 716:Drivers/STM32F4xx_HAL_Driver/Src/stm32f4xx_hal_dma.c ****       return HAL_ERROR;
 717:Drivers/STM32F4xx_HAL_Driver/Src/stm32f4xx_hal_dma.c ****    }
 718:Drivers/STM32F4xx_HAL_Driver/Src/stm32f4xx_hal_dma.c ****   }
 719:Drivers/STM32F4xx_HAL_Driver/Src/stm32f4xx_hal_dma.c ****   
 720:Drivers/STM32F4xx_HAL_Driver/Src/stm32f4xx_hal_dma.c ****   /* Get the level transfer complete flag */
 721:Drivers/STM32F4xx_HAL_Driver/Src/stm32f4xx_hal_dma.c ****   if(CompleteLevel == HAL_DMA_FULL_TRANSFER)
 722:Drivers/STM32F4xx_HAL_Driver/Src/stm32f4xx_hal_dma.c ****   {
 723:Drivers/STM32F4xx_HAL_Driver/Src/stm32f4xx_hal_dma.c ****     /* Clear the half transfer and transfer complete flags */
 724:Drivers/STM32F4xx_HAL_Driver/Src/stm32f4xx_hal_dma.c ****     regs->IFCR = (DMA_FLAG_HTIF0_4 | DMA_FLAG_TCIF0_4) << hdma->StreamIndex;
 725:Drivers/STM32F4xx_HAL_Driver/Src/stm32f4xx_hal_dma.c ****     
 726:Drivers/STM32F4xx_HAL_Driver/Src/stm32f4xx_hal_dma.c ****     hdma->State = HAL_DMA_STATE_READY;
 727:Drivers/STM32F4xx_HAL_Driver/Src/stm32f4xx_hal_dma.c ****     
 728:Drivers/STM32F4xx_HAL_Driver/Src/stm32f4xx_hal_dma.c ****     /* Process Unlocked */
 729:Drivers/STM32F4xx_HAL_Driver/Src/stm32f4xx_hal_dma.c ****     __HAL_UNLOCK(hdma);
 730:Drivers/STM32F4xx_HAL_Driver/Src/stm32f4xx_hal_dma.c ****   }
 731:Drivers/STM32F4xx_HAL_Driver/Src/stm32f4xx_hal_dma.c ****   else
 732:Drivers/STM32F4xx_HAL_Driver/Src/stm32f4xx_hal_dma.c ****   {
 733:Drivers/STM32F4xx_HAL_Driver/Src/stm32f4xx_hal_dma.c ****     /* Clear the half transfer and transfer complete flags */
 734:Drivers/STM32F4xx_HAL_Driver/Src/stm32f4xx_hal_dma.c ****     regs->IFCR = (DMA_FLAG_HTIF0_4) << hdma->StreamIndex;
 735:Drivers/STM32F4xx_HAL_Driver/Src/stm32f4xx_hal_dma.c ****   }
 736:Drivers/STM32F4xx_HAL_Driver/Src/stm32f4xx_hal_dma.c ****   
 737:Drivers/STM32F4xx_HAL_Driver/Src/stm32f4xx_hal_dma.c ****   return status;
 738:Drivers/STM32F4xx_HAL_Driver/Src/stm32f4xx_hal_dma.c **** }
 739:Drivers/STM32F4xx_HAL_Driver/Src/stm32f4xx_hal_dma.c **** 
 740:Drivers/STM32F4xx_HAL_Driver/Src/stm32f4xx_hal_dma.c **** /**
 741:Drivers/STM32F4xx_HAL_Driver/Src/stm32f4xx_hal_dma.c ****   * @brief  Handles DMA interrupt request.
 742:Drivers/STM32F4xx_HAL_Driver/Src/stm32f4xx_hal_dma.c ****   * @param  hdma pointer to a DMA_HandleTypeDef structure that contains
 743:Drivers/STM32F4xx_HAL_Driver/Src/stm32f4xx_hal_dma.c ****   *               the configuration information for the specified DMA Stream.  
 744:Drivers/STM32F4xx_HAL_Driver/Src/stm32f4xx_hal_dma.c ****   * @retval None
 745:Drivers/STM32F4xx_HAL_Driver/Src/stm32f4xx_hal_dma.c ****   */
 746:Drivers/STM32F4xx_HAL_Driver/Src/stm32f4xx_hal_dma.c **** void HAL_DMA_IRQHandler(DMA_HandleTypeDef *hdma)
 747:Drivers/STM32F4xx_HAL_Driver/Src/stm32f4xx_hal_dma.c **** {
 748:Drivers/STM32F4xx_HAL_Driver/Src/stm32f4xx_hal_dma.c ****   uint32_t tmpisr;
 749:Drivers/STM32F4xx_HAL_Driver/Src/stm32f4xx_hal_dma.c ****   __IO uint32_t count = 0U;
 750:Drivers/STM32F4xx_HAL_Driver/Src/stm32f4xx_hal_dma.c ****   uint32_t timeout = SystemCoreClock / 9600U;
 751:Drivers/STM32F4xx_HAL_Driver/Src/stm32f4xx_hal_dma.c **** 
 752:Drivers/STM32F4xx_HAL_Driver/Src/stm32f4xx_hal_dma.c ****   /* calculate DMA base and stream number */
 753:Drivers/STM32F4xx_HAL_Driver/Src/stm32f4xx_hal_dma.c ****   DMA_Base_Registers *regs = (DMA_Base_Registers *)hdma->StreamBaseAddress;
 754:Drivers/STM32F4xx_HAL_Driver/Src/stm32f4xx_hal_dma.c **** 
 755:Drivers/STM32F4xx_HAL_Driver/Src/stm32f4xx_hal_dma.c ****   tmpisr = regs->ISR;
 756:Drivers/STM32F4xx_HAL_Driver/Src/stm32f4xx_hal_dma.c **** 
 757:Drivers/STM32F4xx_HAL_Driver/Src/stm32f4xx_hal_dma.c ****   /* Transfer Error Interrupt management ***************************************/
 758:Drivers/STM32F4xx_HAL_Driver/Src/stm32f4xx_hal_dma.c ****   if ((tmpisr & (DMA_FLAG_TEIF0_4 << hdma->StreamIndex)) != RESET)
 759:Drivers/STM32F4xx_HAL_Driver/Src/stm32f4xx_hal_dma.c ****   {
 760:Drivers/STM32F4xx_HAL_Driver/Src/stm32f4xx_hal_dma.c ****     if(__HAL_DMA_GET_IT_SOURCE(hdma, DMA_IT_TE) != RESET)
 761:Drivers/STM32F4xx_HAL_Driver/Src/stm32f4xx_hal_dma.c ****     {
 762:Drivers/STM32F4xx_HAL_Driver/Src/stm32f4xx_hal_dma.c ****       /* Disable the transfer error interrupt */
 763:Drivers/STM32F4xx_HAL_Driver/Src/stm32f4xx_hal_dma.c ****       hdma->Instance->CR  &= ~(DMA_IT_TE);
 764:Drivers/STM32F4xx_HAL_Driver/Src/stm32f4xx_hal_dma.c ****       
 765:Drivers/STM32F4xx_HAL_Driver/Src/stm32f4xx_hal_dma.c ****       /* Clear the transfer error flag */
 766:Drivers/STM32F4xx_HAL_Driver/Src/stm32f4xx_hal_dma.c ****       regs->IFCR = DMA_FLAG_TEIF0_4 << hdma->StreamIndex;
 767:Drivers/STM32F4xx_HAL_Driver/Src/stm32f4xx_hal_dma.c ****       
 768:Drivers/STM32F4xx_HAL_Driver/Src/stm32f4xx_hal_dma.c ****       /* Update error code */
 769:Drivers/STM32F4xx_HAL_Driver/Src/stm32f4xx_hal_dma.c ****       hdma->ErrorCode |= HAL_DMA_ERROR_TE;
 770:Drivers/STM32F4xx_HAL_Driver/Src/stm32f4xx_hal_dma.c ****     }
 771:Drivers/STM32F4xx_HAL_Driver/Src/stm32f4xx_hal_dma.c ****   }
ARM GAS  C:\Users\Lenovo\AppData\Local\Temp\ccv3Zezd.s 			page 15


 772:Drivers/STM32F4xx_HAL_Driver/Src/stm32f4xx_hal_dma.c ****   /* FIFO Error Interrupt management ******************************************/
 773:Drivers/STM32F4xx_HAL_Driver/Src/stm32f4xx_hal_dma.c ****   if ((tmpisr & (DMA_FLAG_FEIF0_4 << hdma->StreamIndex)) != RESET)
 774:Drivers/STM32F4xx_HAL_Driver/Src/stm32f4xx_hal_dma.c ****   {
 775:Drivers/STM32F4xx_HAL_Driver/Src/stm32f4xx_hal_dma.c ****     if(__HAL_DMA_GET_IT_SOURCE(hdma, DMA_IT_FE) != RESET)
 776:Drivers/STM32F4xx_HAL_Driver/Src/stm32f4xx_hal_dma.c ****     {
 777:Drivers/STM32F4xx_HAL_Driver/Src/stm32f4xx_hal_dma.c ****       /* Clear the FIFO error flag */
 778:Drivers/STM32F4xx_HAL_Driver/Src/stm32f4xx_hal_dma.c ****       regs->IFCR = DMA_FLAG_FEIF0_4 << hdma->StreamIndex;
 779:Drivers/STM32F4xx_HAL_Driver/Src/stm32f4xx_hal_dma.c **** 
 780:Drivers/STM32F4xx_HAL_Driver/Src/stm32f4xx_hal_dma.c ****       /* Update error code */
 781:Drivers/STM32F4xx_HAL_Driver/Src/stm32f4xx_hal_dma.c ****       hdma->ErrorCode |= HAL_DMA_ERROR_FE;
 782:Drivers/STM32F4xx_HAL_Driver/Src/stm32f4xx_hal_dma.c ****     }
 783:Drivers/STM32F4xx_HAL_Driver/Src/stm32f4xx_hal_dma.c ****   }
 784:Drivers/STM32F4xx_HAL_Driver/Src/stm32f4xx_hal_dma.c ****   /* Direct Mode Error Interrupt management ***********************************/
 785:Drivers/STM32F4xx_HAL_Driver/Src/stm32f4xx_hal_dma.c ****   if ((tmpisr & (DMA_FLAG_DMEIF0_4 << hdma->StreamIndex)) != RESET)
 786:Drivers/STM32F4xx_HAL_Driver/Src/stm32f4xx_hal_dma.c ****   {
 787:Drivers/STM32F4xx_HAL_Driver/Src/stm32f4xx_hal_dma.c ****     if(__HAL_DMA_GET_IT_SOURCE(hdma, DMA_IT_DME) != RESET)
 788:Drivers/STM32F4xx_HAL_Driver/Src/stm32f4xx_hal_dma.c ****     {
 789:Drivers/STM32F4xx_HAL_Driver/Src/stm32f4xx_hal_dma.c ****       /* Clear the direct mode error flag */
 790:Drivers/STM32F4xx_HAL_Driver/Src/stm32f4xx_hal_dma.c ****       regs->IFCR = DMA_FLAG_DMEIF0_4 << hdma->StreamIndex;
 791:Drivers/STM32F4xx_HAL_Driver/Src/stm32f4xx_hal_dma.c **** 
 792:Drivers/STM32F4xx_HAL_Driver/Src/stm32f4xx_hal_dma.c ****       /* Update error code */
 793:Drivers/STM32F4xx_HAL_Driver/Src/stm32f4xx_hal_dma.c ****       hdma->ErrorCode |= HAL_DMA_ERROR_DME;
 794:Drivers/STM32F4xx_HAL_Driver/Src/stm32f4xx_hal_dma.c ****     }
 795:Drivers/STM32F4xx_HAL_Driver/Src/stm32f4xx_hal_dma.c ****   }
 796:Drivers/STM32F4xx_HAL_Driver/Src/stm32f4xx_hal_dma.c ****   /* Half Transfer Complete Interrupt management ******************************/
 797:Drivers/STM32F4xx_HAL_Driver/Src/stm32f4xx_hal_dma.c ****   if ((tmpisr & (DMA_FLAG_HTIF0_4 << hdma->StreamIndex)) != RESET)
 798:Drivers/STM32F4xx_HAL_Driver/Src/stm32f4xx_hal_dma.c ****   {
 799:Drivers/STM32F4xx_HAL_Driver/Src/stm32f4xx_hal_dma.c ****     if(__HAL_DMA_GET_IT_SOURCE(hdma, DMA_IT_HT) != RESET)
 800:Drivers/STM32F4xx_HAL_Driver/Src/stm32f4xx_hal_dma.c ****     {
 801:Drivers/STM32F4xx_HAL_Driver/Src/stm32f4xx_hal_dma.c ****       /* Clear the half transfer complete flag */
 802:Drivers/STM32F4xx_HAL_Driver/Src/stm32f4xx_hal_dma.c ****       regs->IFCR = DMA_FLAG_HTIF0_4 << hdma->StreamIndex;
 803:Drivers/STM32F4xx_HAL_Driver/Src/stm32f4xx_hal_dma.c ****       
 804:Drivers/STM32F4xx_HAL_Driver/Src/stm32f4xx_hal_dma.c ****       /* Multi_Buffering mode enabled */
 805:Drivers/STM32F4xx_HAL_Driver/Src/stm32f4xx_hal_dma.c ****       if(((hdma->Instance->CR) & (uint32_t)(DMA_SxCR_DBM)) != RESET)
 806:Drivers/STM32F4xx_HAL_Driver/Src/stm32f4xx_hal_dma.c ****       {
 807:Drivers/STM32F4xx_HAL_Driver/Src/stm32f4xx_hal_dma.c ****         /* Current memory buffer used is Memory 0 */
 808:Drivers/STM32F4xx_HAL_Driver/Src/stm32f4xx_hal_dma.c ****         if((hdma->Instance->CR & DMA_SxCR_CT) == RESET)
 809:Drivers/STM32F4xx_HAL_Driver/Src/stm32f4xx_hal_dma.c ****         {
 810:Drivers/STM32F4xx_HAL_Driver/Src/stm32f4xx_hal_dma.c ****           if(hdma->XferHalfCpltCallback != NULL)
 811:Drivers/STM32F4xx_HAL_Driver/Src/stm32f4xx_hal_dma.c ****           {
 812:Drivers/STM32F4xx_HAL_Driver/Src/stm32f4xx_hal_dma.c ****             /* Half transfer callback */
 813:Drivers/STM32F4xx_HAL_Driver/Src/stm32f4xx_hal_dma.c ****             hdma->XferHalfCpltCallback(hdma);
 814:Drivers/STM32F4xx_HAL_Driver/Src/stm32f4xx_hal_dma.c ****           }
 815:Drivers/STM32F4xx_HAL_Driver/Src/stm32f4xx_hal_dma.c ****         }
 816:Drivers/STM32F4xx_HAL_Driver/Src/stm32f4xx_hal_dma.c ****         /* Current memory buffer used is Memory 1 */
 817:Drivers/STM32F4xx_HAL_Driver/Src/stm32f4xx_hal_dma.c ****         else
 818:Drivers/STM32F4xx_HAL_Driver/Src/stm32f4xx_hal_dma.c ****         {
 819:Drivers/STM32F4xx_HAL_Driver/Src/stm32f4xx_hal_dma.c ****           if(hdma->XferM1HalfCpltCallback != NULL)
 820:Drivers/STM32F4xx_HAL_Driver/Src/stm32f4xx_hal_dma.c ****           {
 821:Drivers/STM32F4xx_HAL_Driver/Src/stm32f4xx_hal_dma.c ****             /* Half transfer callback */
 822:Drivers/STM32F4xx_HAL_Driver/Src/stm32f4xx_hal_dma.c ****             hdma->XferM1HalfCpltCallback(hdma);
 823:Drivers/STM32F4xx_HAL_Driver/Src/stm32f4xx_hal_dma.c ****           }
 824:Drivers/STM32F4xx_HAL_Driver/Src/stm32f4xx_hal_dma.c ****         }
 825:Drivers/STM32F4xx_HAL_Driver/Src/stm32f4xx_hal_dma.c ****       }
 826:Drivers/STM32F4xx_HAL_Driver/Src/stm32f4xx_hal_dma.c ****       else
 827:Drivers/STM32F4xx_HAL_Driver/Src/stm32f4xx_hal_dma.c ****       {
 828:Drivers/STM32F4xx_HAL_Driver/Src/stm32f4xx_hal_dma.c ****         /* Disable the half transfer interrupt if the DMA mode is not CIRCULAR */
ARM GAS  C:\Users\Lenovo\AppData\Local\Temp\ccv3Zezd.s 			page 16


 829:Drivers/STM32F4xx_HAL_Driver/Src/stm32f4xx_hal_dma.c ****         if((hdma->Instance->CR & DMA_SxCR_CIRC) == RESET)
 830:Drivers/STM32F4xx_HAL_Driver/Src/stm32f4xx_hal_dma.c ****         {
 831:Drivers/STM32F4xx_HAL_Driver/Src/stm32f4xx_hal_dma.c ****           /* Disable the half transfer interrupt */
 832:Drivers/STM32F4xx_HAL_Driver/Src/stm32f4xx_hal_dma.c ****           hdma->Instance->CR  &= ~(DMA_IT_HT);
 833:Drivers/STM32F4xx_HAL_Driver/Src/stm32f4xx_hal_dma.c ****         }
 834:Drivers/STM32F4xx_HAL_Driver/Src/stm32f4xx_hal_dma.c ****         
 835:Drivers/STM32F4xx_HAL_Driver/Src/stm32f4xx_hal_dma.c ****         if(hdma->XferHalfCpltCallback != NULL)
 836:Drivers/STM32F4xx_HAL_Driver/Src/stm32f4xx_hal_dma.c ****         {
 837:Drivers/STM32F4xx_HAL_Driver/Src/stm32f4xx_hal_dma.c ****           /* Half transfer callback */
 838:Drivers/STM32F4xx_HAL_Driver/Src/stm32f4xx_hal_dma.c ****           hdma->XferHalfCpltCallback(hdma);
 839:Drivers/STM32F4xx_HAL_Driver/Src/stm32f4xx_hal_dma.c ****         }
 840:Drivers/STM32F4xx_HAL_Driver/Src/stm32f4xx_hal_dma.c ****       }
 841:Drivers/STM32F4xx_HAL_Driver/Src/stm32f4xx_hal_dma.c ****     }
 842:Drivers/STM32F4xx_HAL_Driver/Src/stm32f4xx_hal_dma.c ****   }
 843:Drivers/STM32F4xx_HAL_Driver/Src/stm32f4xx_hal_dma.c ****   /* Transfer Complete Interrupt management ***********************************/
 844:Drivers/STM32F4xx_HAL_Driver/Src/stm32f4xx_hal_dma.c ****   if ((tmpisr & (DMA_FLAG_TCIF0_4 << hdma->StreamIndex)) != RESET)
 845:Drivers/STM32F4xx_HAL_Driver/Src/stm32f4xx_hal_dma.c ****   {
 846:Drivers/STM32F4xx_HAL_Driver/Src/stm32f4xx_hal_dma.c ****     if(__HAL_DMA_GET_IT_SOURCE(hdma, DMA_IT_TC) != RESET)
 847:Drivers/STM32F4xx_HAL_Driver/Src/stm32f4xx_hal_dma.c ****     {
 848:Drivers/STM32F4xx_HAL_Driver/Src/stm32f4xx_hal_dma.c ****       /* Clear the transfer complete flag */
 849:Drivers/STM32F4xx_HAL_Driver/Src/stm32f4xx_hal_dma.c ****       regs->IFCR = DMA_FLAG_TCIF0_4 << hdma->StreamIndex;
 850:Drivers/STM32F4xx_HAL_Driver/Src/stm32f4xx_hal_dma.c ****       
 851:Drivers/STM32F4xx_HAL_Driver/Src/stm32f4xx_hal_dma.c ****       if(HAL_DMA_STATE_ABORT == hdma->State)
 852:Drivers/STM32F4xx_HAL_Driver/Src/stm32f4xx_hal_dma.c ****       {
 853:Drivers/STM32F4xx_HAL_Driver/Src/stm32f4xx_hal_dma.c ****         /* Disable all the transfer interrupts */
 854:Drivers/STM32F4xx_HAL_Driver/Src/stm32f4xx_hal_dma.c ****         hdma->Instance->CR  &= ~(DMA_IT_TC | DMA_IT_TE | DMA_IT_DME);
 855:Drivers/STM32F4xx_HAL_Driver/Src/stm32f4xx_hal_dma.c ****         hdma->Instance->FCR &= ~(DMA_IT_FE);
 856:Drivers/STM32F4xx_HAL_Driver/Src/stm32f4xx_hal_dma.c ****         
 857:Drivers/STM32F4xx_HAL_Driver/Src/stm32f4xx_hal_dma.c ****         if((hdma->XferHalfCpltCallback != NULL) || (hdma->XferM1HalfCpltCallback != NULL))
 858:Drivers/STM32F4xx_HAL_Driver/Src/stm32f4xx_hal_dma.c ****         {
 859:Drivers/STM32F4xx_HAL_Driver/Src/stm32f4xx_hal_dma.c ****           hdma->Instance->CR  &= ~(DMA_IT_HT);
 860:Drivers/STM32F4xx_HAL_Driver/Src/stm32f4xx_hal_dma.c ****         }
 861:Drivers/STM32F4xx_HAL_Driver/Src/stm32f4xx_hal_dma.c **** 
 862:Drivers/STM32F4xx_HAL_Driver/Src/stm32f4xx_hal_dma.c ****         /* Clear all interrupt flags at correct offset within the register */
 863:Drivers/STM32F4xx_HAL_Driver/Src/stm32f4xx_hal_dma.c ****         regs->IFCR = 0x3FU << hdma->StreamIndex;
 864:Drivers/STM32F4xx_HAL_Driver/Src/stm32f4xx_hal_dma.c **** 
 865:Drivers/STM32F4xx_HAL_Driver/Src/stm32f4xx_hal_dma.c ****         /* Change the DMA state */
 866:Drivers/STM32F4xx_HAL_Driver/Src/stm32f4xx_hal_dma.c ****         hdma->State = HAL_DMA_STATE_READY;
 867:Drivers/STM32F4xx_HAL_Driver/Src/stm32f4xx_hal_dma.c **** 
 868:Drivers/STM32F4xx_HAL_Driver/Src/stm32f4xx_hal_dma.c ****         /* Process Unlocked */
 869:Drivers/STM32F4xx_HAL_Driver/Src/stm32f4xx_hal_dma.c ****         __HAL_UNLOCK(hdma);
 870:Drivers/STM32F4xx_HAL_Driver/Src/stm32f4xx_hal_dma.c **** 
 871:Drivers/STM32F4xx_HAL_Driver/Src/stm32f4xx_hal_dma.c ****         if(hdma->XferAbortCallback != NULL)
 872:Drivers/STM32F4xx_HAL_Driver/Src/stm32f4xx_hal_dma.c ****         {
 873:Drivers/STM32F4xx_HAL_Driver/Src/stm32f4xx_hal_dma.c ****           hdma->XferAbortCallback(hdma);
 874:Drivers/STM32F4xx_HAL_Driver/Src/stm32f4xx_hal_dma.c ****         }
 875:Drivers/STM32F4xx_HAL_Driver/Src/stm32f4xx_hal_dma.c ****         return;
 876:Drivers/STM32F4xx_HAL_Driver/Src/stm32f4xx_hal_dma.c ****       }
 877:Drivers/STM32F4xx_HAL_Driver/Src/stm32f4xx_hal_dma.c **** 
 878:Drivers/STM32F4xx_HAL_Driver/Src/stm32f4xx_hal_dma.c ****       if(((hdma->Instance->CR) & (uint32_t)(DMA_SxCR_DBM)) != RESET)
 879:Drivers/STM32F4xx_HAL_Driver/Src/stm32f4xx_hal_dma.c ****       {
 880:Drivers/STM32F4xx_HAL_Driver/Src/stm32f4xx_hal_dma.c ****         /* Current memory buffer used is Memory 0 */
 881:Drivers/STM32F4xx_HAL_Driver/Src/stm32f4xx_hal_dma.c ****         if((hdma->Instance->CR & DMA_SxCR_CT) == RESET)
 882:Drivers/STM32F4xx_HAL_Driver/Src/stm32f4xx_hal_dma.c ****         {
 883:Drivers/STM32F4xx_HAL_Driver/Src/stm32f4xx_hal_dma.c ****           if(hdma->XferM1CpltCallback != NULL)
 884:Drivers/STM32F4xx_HAL_Driver/Src/stm32f4xx_hal_dma.c ****           {
 885:Drivers/STM32F4xx_HAL_Driver/Src/stm32f4xx_hal_dma.c ****             /* Transfer complete Callback for memory1 */
ARM GAS  C:\Users\Lenovo\AppData\Local\Temp\ccv3Zezd.s 			page 17


 886:Drivers/STM32F4xx_HAL_Driver/Src/stm32f4xx_hal_dma.c ****             hdma->XferM1CpltCallback(hdma);
 887:Drivers/STM32F4xx_HAL_Driver/Src/stm32f4xx_hal_dma.c ****           }
 888:Drivers/STM32F4xx_HAL_Driver/Src/stm32f4xx_hal_dma.c ****         }
 889:Drivers/STM32F4xx_HAL_Driver/Src/stm32f4xx_hal_dma.c ****         /* Current memory buffer used is Memory 1 */
 890:Drivers/STM32F4xx_HAL_Driver/Src/stm32f4xx_hal_dma.c ****         else
 891:Drivers/STM32F4xx_HAL_Driver/Src/stm32f4xx_hal_dma.c ****         {
 892:Drivers/STM32F4xx_HAL_Driver/Src/stm32f4xx_hal_dma.c ****           if(hdma->XferCpltCallback != NULL)
 893:Drivers/STM32F4xx_HAL_Driver/Src/stm32f4xx_hal_dma.c ****           {
 894:Drivers/STM32F4xx_HAL_Driver/Src/stm32f4xx_hal_dma.c ****             /* Transfer complete Callback for memory0 */
 895:Drivers/STM32F4xx_HAL_Driver/Src/stm32f4xx_hal_dma.c ****             hdma->XferCpltCallback(hdma);
 896:Drivers/STM32F4xx_HAL_Driver/Src/stm32f4xx_hal_dma.c ****           }
 897:Drivers/STM32F4xx_HAL_Driver/Src/stm32f4xx_hal_dma.c ****         }
 898:Drivers/STM32F4xx_HAL_Driver/Src/stm32f4xx_hal_dma.c ****       }
 899:Drivers/STM32F4xx_HAL_Driver/Src/stm32f4xx_hal_dma.c ****       /* Disable the transfer complete interrupt if the DMA mode is not CIRCULAR */
 900:Drivers/STM32F4xx_HAL_Driver/Src/stm32f4xx_hal_dma.c ****       else
 901:Drivers/STM32F4xx_HAL_Driver/Src/stm32f4xx_hal_dma.c ****       {
 902:Drivers/STM32F4xx_HAL_Driver/Src/stm32f4xx_hal_dma.c ****         if((hdma->Instance->CR & DMA_SxCR_CIRC) == RESET)
 903:Drivers/STM32F4xx_HAL_Driver/Src/stm32f4xx_hal_dma.c ****         {
 904:Drivers/STM32F4xx_HAL_Driver/Src/stm32f4xx_hal_dma.c ****           /* Disable the transfer complete interrupt */
 905:Drivers/STM32F4xx_HAL_Driver/Src/stm32f4xx_hal_dma.c ****           hdma->Instance->CR  &= ~(DMA_IT_TC);
 906:Drivers/STM32F4xx_HAL_Driver/Src/stm32f4xx_hal_dma.c **** 
 907:Drivers/STM32F4xx_HAL_Driver/Src/stm32f4xx_hal_dma.c ****           /* Change the DMA state */
 908:Drivers/STM32F4xx_HAL_Driver/Src/stm32f4xx_hal_dma.c ****           hdma->State = HAL_DMA_STATE_READY;
 909:Drivers/STM32F4xx_HAL_Driver/Src/stm32f4xx_hal_dma.c **** 
 910:Drivers/STM32F4xx_HAL_Driver/Src/stm32f4xx_hal_dma.c ****           /* Process Unlocked */
 911:Drivers/STM32F4xx_HAL_Driver/Src/stm32f4xx_hal_dma.c ****           __HAL_UNLOCK(hdma);
 912:Drivers/STM32F4xx_HAL_Driver/Src/stm32f4xx_hal_dma.c ****         }
 913:Drivers/STM32F4xx_HAL_Driver/Src/stm32f4xx_hal_dma.c **** 
 914:Drivers/STM32F4xx_HAL_Driver/Src/stm32f4xx_hal_dma.c ****         if(hdma->XferCpltCallback != NULL)
 915:Drivers/STM32F4xx_HAL_Driver/Src/stm32f4xx_hal_dma.c ****         {
 916:Drivers/STM32F4xx_HAL_Driver/Src/stm32f4xx_hal_dma.c ****           /* Transfer complete callback */
 917:Drivers/STM32F4xx_HAL_Driver/Src/stm32f4xx_hal_dma.c ****           hdma->XferCpltCallback(hdma);
 918:Drivers/STM32F4xx_HAL_Driver/Src/stm32f4xx_hal_dma.c ****         }
 919:Drivers/STM32F4xx_HAL_Driver/Src/stm32f4xx_hal_dma.c ****       }
 920:Drivers/STM32F4xx_HAL_Driver/Src/stm32f4xx_hal_dma.c ****     }
 921:Drivers/STM32F4xx_HAL_Driver/Src/stm32f4xx_hal_dma.c ****   }
 922:Drivers/STM32F4xx_HAL_Driver/Src/stm32f4xx_hal_dma.c ****   
 923:Drivers/STM32F4xx_HAL_Driver/Src/stm32f4xx_hal_dma.c ****   /* manage error case */
 924:Drivers/STM32F4xx_HAL_Driver/Src/stm32f4xx_hal_dma.c ****   if(hdma->ErrorCode != HAL_DMA_ERROR_NONE)
 925:Drivers/STM32F4xx_HAL_Driver/Src/stm32f4xx_hal_dma.c ****   {
 926:Drivers/STM32F4xx_HAL_Driver/Src/stm32f4xx_hal_dma.c ****     if((hdma->ErrorCode & HAL_DMA_ERROR_TE) != RESET)
 927:Drivers/STM32F4xx_HAL_Driver/Src/stm32f4xx_hal_dma.c ****     {
 928:Drivers/STM32F4xx_HAL_Driver/Src/stm32f4xx_hal_dma.c ****       hdma->State = HAL_DMA_STATE_ABORT;
 929:Drivers/STM32F4xx_HAL_Driver/Src/stm32f4xx_hal_dma.c **** 
 930:Drivers/STM32F4xx_HAL_Driver/Src/stm32f4xx_hal_dma.c ****       /* Disable the stream */
 931:Drivers/STM32F4xx_HAL_Driver/Src/stm32f4xx_hal_dma.c ****       __HAL_DMA_DISABLE(hdma);
 932:Drivers/STM32F4xx_HAL_Driver/Src/stm32f4xx_hal_dma.c **** 
 933:Drivers/STM32F4xx_HAL_Driver/Src/stm32f4xx_hal_dma.c ****       do
 934:Drivers/STM32F4xx_HAL_Driver/Src/stm32f4xx_hal_dma.c ****       {
 935:Drivers/STM32F4xx_HAL_Driver/Src/stm32f4xx_hal_dma.c ****         if (++count > timeout)
 936:Drivers/STM32F4xx_HAL_Driver/Src/stm32f4xx_hal_dma.c ****         {
 937:Drivers/STM32F4xx_HAL_Driver/Src/stm32f4xx_hal_dma.c ****           break;
 938:Drivers/STM32F4xx_HAL_Driver/Src/stm32f4xx_hal_dma.c ****         }
 939:Drivers/STM32F4xx_HAL_Driver/Src/stm32f4xx_hal_dma.c ****       }
 940:Drivers/STM32F4xx_HAL_Driver/Src/stm32f4xx_hal_dma.c ****       while((hdma->Instance->CR & DMA_SxCR_EN) != RESET);
 941:Drivers/STM32F4xx_HAL_Driver/Src/stm32f4xx_hal_dma.c **** 
 942:Drivers/STM32F4xx_HAL_Driver/Src/stm32f4xx_hal_dma.c ****       /* Change the DMA state */
ARM GAS  C:\Users\Lenovo\AppData\Local\Temp\ccv3Zezd.s 			page 18


 943:Drivers/STM32F4xx_HAL_Driver/Src/stm32f4xx_hal_dma.c ****       hdma->State = HAL_DMA_STATE_READY;
 944:Drivers/STM32F4xx_HAL_Driver/Src/stm32f4xx_hal_dma.c **** 
 945:Drivers/STM32F4xx_HAL_Driver/Src/stm32f4xx_hal_dma.c ****       /* Process Unlocked */
 946:Drivers/STM32F4xx_HAL_Driver/Src/stm32f4xx_hal_dma.c ****       __HAL_UNLOCK(hdma);
 947:Drivers/STM32F4xx_HAL_Driver/Src/stm32f4xx_hal_dma.c ****     }
 948:Drivers/STM32F4xx_HAL_Driver/Src/stm32f4xx_hal_dma.c **** 
 949:Drivers/STM32F4xx_HAL_Driver/Src/stm32f4xx_hal_dma.c ****     if(hdma->XferErrorCallback != NULL)
 950:Drivers/STM32F4xx_HAL_Driver/Src/stm32f4xx_hal_dma.c ****     {
 951:Drivers/STM32F4xx_HAL_Driver/Src/stm32f4xx_hal_dma.c ****       /* Transfer error callback */
 952:Drivers/STM32F4xx_HAL_Driver/Src/stm32f4xx_hal_dma.c ****       hdma->XferErrorCallback(hdma);
 953:Drivers/STM32F4xx_HAL_Driver/Src/stm32f4xx_hal_dma.c ****     }
 954:Drivers/STM32F4xx_HAL_Driver/Src/stm32f4xx_hal_dma.c ****   }
 955:Drivers/STM32F4xx_HAL_Driver/Src/stm32f4xx_hal_dma.c **** }
 956:Drivers/STM32F4xx_HAL_Driver/Src/stm32f4xx_hal_dma.c **** 
 957:Drivers/STM32F4xx_HAL_Driver/Src/stm32f4xx_hal_dma.c **** /**
 958:Drivers/STM32F4xx_HAL_Driver/Src/stm32f4xx_hal_dma.c ****   * @brief  Register callbacks
 959:Drivers/STM32F4xx_HAL_Driver/Src/stm32f4xx_hal_dma.c ****   * @param  hdma                 pointer to a DMA_HandleTypeDef structure that contains
 960:Drivers/STM32F4xx_HAL_Driver/Src/stm32f4xx_hal_dma.c ****   *                               the configuration information for the specified DMA Stream.
 961:Drivers/STM32F4xx_HAL_Driver/Src/stm32f4xx_hal_dma.c ****   * @param  CallbackID           User Callback identifier
 962:Drivers/STM32F4xx_HAL_Driver/Src/stm32f4xx_hal_dma.c ****   *                               a DMA_HandleTypeDef structure as parameter.
 963:Drivers/STM32F4xx_HAL_Driver/Src/stm32f4xx_hal_dma.c ****   * @param  pCallback            pointer to private callback function which has pointer to 
 964:Drivers/STM32F4xx_HAL_Driver/Src/stm32f4xx_hal_dma.c ****   *                               a DMA_HandleTypeDef structure as parameter.
 965:Drivers/STM32F4xx_HAL_Driver/Src/stm32f4xx_hal_dma.c ****   * @retval HAL status
 966:Drivers/STM32F4xx_HAL_Driver/Src/stm32f4xx_hal_dma.c ****   */                      
 967:Drivers/STM32F4xx_HAL_Driver/Src/stm32f4xx_hal_dma.c **** HAL_StatusTypeDef HAL_DMA_RegisterCallback(DMA_HandleTypeDef *hdma, HAL_DMA_CallbackIDTypeDef Callb
 968:Drivers/STM32F4xx_HAL_Driver/Src/stm32f4xx_hal_dma.c **** {
 969:Drivers/STM32F4xx_HAL_Driver/Src/stm32f4xx_hal_dma.c **** 
 970:Drivers/STM32F4xx_HAL_Driver/Src/stm32f4xx_hal_dma.c ****   HAL_StatusTypeDef status = HAL_OK;
 971:Drivers/STM32F4xx_HAL_Driver/Src/stm32f4xx_hal_dma.c **** 
 972:Drivers/STM32F4xx_HAL_Driver/Src/stm32f4xx_hal_dma.c ****   /* Process locked */
 973:Drivers/STM32F4xx_HAL_Driver/Src/stm32f4xx_hal_dma.c ****   __HAL_LOCK(hdma);
 974:Drivers/STM32F4xx_HAL_Driver/Src/stm32f4xx_hal_dma.c **** 
 975:Drivers/STM32F4xx_HAL_Driver/Src/stm32f4xx_hal_dma.c ****   if(HAL_DMA_STATE_READY == hdma->State)
 976:Drivers/STM32F4xx_HAL_Driver/Src/stm32f4xx_hal_dma.c ****   {
 977:Drivers/STM32F4xx_HAL_Driver/Src/stm32f4xx_hal_dma.c ****     switch (CallbackID)
 978:Drivers/STM32F4xx_HAL_Driver/Src/stm32f4xx_hal_dma.c ****     {
 979:Drivers/STM32F4xx_HAL_Driver/Src/stm32f4xx_hal_dma.c ****     case  HAL_DMA_XFER_CPLT_CB_ID:
 980:Drivers/STM32F4xx_HAL_Driver/Src/stm32f4xx_hal_dma.c ****       hdma->XferCpltCallback = pCallback;
 981:Drivers/STM32F4xx_HAL_Driver/Src/stm32f4xx_hal_dma.c ****       break;
 982:Drivers/STM32F4xx_HAL_Driver/Src/stm32f4xx_hal_dma.c **** 
 983:Drivers/STM32F4xx_HAL_Driver/Src/stm32f4xx_hal_dma.c ****     case  HAL_DMA_XFER_HALFCPLT_CB_ID:
 984:Drivers/STM32F4xx_HAL_Driver/Src/stm32f4xx_hal_dma.c ****       hdma->XferHalfCpltCallback = pCallback;
 985:Drivers/STM32F4xx_HAL_Driver/Src/stm32f4xx_hal_dma.c ****       break;
 986:Drivers/STM32F4xx_HAL_Driver/Src/stm32f4xx_hal_dma.c **** 
 987:Drivers/STM32F4xx_HAL_Driver/Src/stm32f4xx_hal_dma.c ****     case  HAL_DMA_XFER_M1CPLT_CB_ID:
 988:Drivers/STM32F4xx_HAL_Driver/Src/stm32f4xx_hal_dma.c ****       hdma->XferM1CpltCallback = pCallback;
 989:Drivers/STM32F4xx_HAL_Driver/Src/stm32f4xx_hal_dma.c ****       break;
 990:Drivers/STM32F4xx_HAL_Driver/Src/stm32f4xx_hal_dma.c **** 
 991:Drivers/STM32F4xx_HAL_Driver/Src/stm32f4xx_hal_dma.c ****     case  HAL_DMA_XFER_M1HALFCPLT_CB_ID:
 992:Drivers/STM32F4xx_HAL_Driver/Src/stm32f4xx_hal_dma.c ****       hdma->XferM1HalfCpltCallback = pCallback;
 993:Drivers/STM32F4xx_HAL_Driver/Src/stm32f4xx_hal_dma.c ****       break;
 994:Drivers/STM32F4xx_HAL_Driver/Src/stm32f4xx_hal_dma.c **** 
 995:Drivers/STM32F4xx_HAL_Driver/Src/stm32f4xx_hal_dma.c ****     case  HAL_DMA_XFER_ERROR_CB_ID:
 996:Drivers/STM32F4xx_HAL_Driver/Src/stm32f4xx_hal_dma.c ****       hdma->XferErrorCallback = pCallback;
 997:Drivers/STM32F4xx_HAL_Driver/Src/stm32f4xx_hal_dma.c ****       break;
 998:Drivers/STM32F4xx_HAL_Driver/Src/stm32f4xx_hal_dma.c **** 
 999:Drivers/STM32F4xx_HAL_Driver/Src/stm32f4xx_hal_dma.c ****     case  HAL_DMA_XFER_ABORT_CB_ID:
ARM GAS  C:\Users\Lenovo\AppData\Local\Temp\ccv3Zezd.s 			page 19


1000:Drivers/STM32F4xx_HAL_Driver/Src/stm32f4xx_hal_dma.c ****       hdma->XferAbortCallback = pCallback;
1001:Drivers/STM32F4xx_HAL_Driver/Src/stm32f4xx_hal_dma.c ****       break;
1002:Drivers/STM32F4xx_HAL_Driver/Src/stm32f4xx_hal_dma.c **** 
1003:Drivers/STM32F4xx_HAL_Driver/Src/stm32f4xx_hal_dma.c ****     default:
1004:Drivers/STM32F4xx_HAL_Driver/Src/stm32f4xx_hal_dma.c ****       /* Return error status */
1005:Drivers/STM32F4xx_HAL_Driver/Src/stm32f4xx_hal_dma.c ****       status =  HAL_ERROR;
1006:Drivers/STM32F4xx_HAL_Driver/Src/stm32f4xx_hal_dma.c ****       break;
1007:Drivers/STM32F4xx_HAL_Driver/Src/stm32f4xx_hal_dma.c ****     }
1008:Drivers/STM32F4xx_HAL_Driver/Src/stm32f4xx_hal_dma.c ****   }
1009:Drivers/STM32F4xx_HAL_Driver/Src/stm32f4xx_hal_dma.c ****   else
1010:Drivers/STM32F4xx_HAL_Driver/Src/stm32f4xx_hal_dma.c ****   {
1011:Drivers/STM32F4xx_HAL_Driver/Src/stm32f4xx_hal_dma.c ****     /* Return error status */
1012:Drivers/STM32F4xx_HAL_Driver/Src/stm32f4xx_hal_dma.c ****     status =  HAL_ERROR;
1013:Drivers/STM32F4xx_HAL_Driver/Src/stm32f4xx_hal_dma.c ****   }
1014:Drivers/STM32F4xx_HAL_Driver/Src/stm32f4xx_hal_dma.c **** 
1015:Drivers/STM32F4xx_HAL_Driver/Src/stm32f4xx_hal_dma.c ****   /* Release Lock */
1016:Drivers/STM32F4xx_HAL_Driver/Src/stm32f4xx_hal_dma.c ****   __HAL_UNLOCK(hdma);
1017:Drivers/STM32F4xx_HAL_Driver/Src/stm32f4xx_hal_dma.c ****   
1018:Drivers/STM32F4xx_HAL_Driver/Src/stm32f4xx_hal_dma.c ****   return status;
1019:Drivers/STM32F4xx_HAL_Driver/Src/stm32f4xx_hal_dma.c **** }
1020:Drivers/STM32F4xx_HAL_Driver/Src/stm32f4xx_hal_dma.c **** 
1021:Drivers/STM32F4xx_HAL_Driver/Src/stm32f4xx_hal_dma.c **** /**
1022:Drivers/STM32F4xx_HAL_Driver/Src/stm32f4xx_hal_dma.c ****   * @brief  UnRegister callbacks
1023:Drivers/STM32F4xx_HAL_Driver/Src/stm32f4xx_hal_dma.c ****   * @param  hdma                 pointer to a DMA_HandleTypeDef structure that contains
1024:Drivers/STM32F4xx_HAL_Driver/Src/stm32f4xx_hal_dma.c ****   *                               the configuration information for the specified DMA Stream.
1025:Drivers/STM32F4xx_HAL_Driver/Src/stm32f4xx_hal_dma.c ****   * @param  CallbackID           User Callback identifier
1026:Drivers/STM32F4xx_HAL_Driver/Src/stm32f4xx_hal_dma.c ****   *                               a HAL_DMA_CallbackIDTypeDef ENUM as parameter.
1027:Drivers/STM32F4xx_HAL_Driver/Src/stm32f4xx_hal_dma.c ****   * @retval HAL status
1028:Drivers/STM32F4xx_HAL_Driver/Src/stm32f4xx_hal_dma.c ****   */              
1029:Drivers/STM32F4xx_HAL_Driver/Src/stm32f4xx_hal_dma.c **** HAL_StatusTypeDef HAL_DMA_UnRegisterCallback(DMA_HandleTypeDef *hdma, HAL_DMA_CallbackIDTypeDef Cal
1030:Drivers/STM32F4xx_HAL_Driver/Src/stm32f4xx_hal_dma.c **** {
1031:Drivers/STM32F4xx_HAL_Driver/Src/stm32f4xx_hal_dma.c ****   HAL_StatusTypeDef status = HAL_OK;
1032:Drivers/STM32F4xx_HAL_Driver/Src/stm32f4xx_hal_dma.c ****   
1033:Drivers/STM32F4xx_HAL_Driver/Src/stm32f4xx_hal_dma.c ****   /* Process locked */
1034:Drivers/STM32F4xx_HAL_Driver/Src/stm32f4xx_hal_dma.c ****   __HAL_LOCK(hdma);
1035:Drivers/STM32F4xx_HAL_Driver/Src/stm32f4xx_hal_dma.c ****   
1036:Drivers/STM32F4xx_HAL_Driver/Src/stm32f4xx_hal_dma.c ****   if(HAL_DMA_STATE_READY == hdma->State)
1037:Drivers/STM32F4xx_HAL_Driver/Src/stm32f4xx_hal_dma.c ****   {
1038:Drivers/STM32F4xx_HAL_Driver/Src/stm32f4xx_hal_dma.c ****     switch (CallbackID)
1039:Drivers/STM32F4xx_HAL_Driver/Src/stm32f4xx_hal_dma.c ****     {
1040:Drivers/STM32F4xx_HAL_Driver/Src/stm32f4xx_hal_dma.c ****     case  HAL_DMA_XFER_CPLT_CB_ID:
1041:Drivers/STM32F4xx_HAL_Driver/Src/stm32f4xx_hal_dma.c ****       hdma->XferCpltCallback = NULL;
1042:Drivers/STM32F4xx_HAL_Driver/Src/stm32f4xx_hal_dma.c ****       break;
1043:Drivers/STM32F4xx_HAL_Driver/Src/stm32f4xx_hal_dma.c ****       
1044:Drivers/STM32F4xx_HAL_Driver/Src/stm32f4xx_hal_dma.c ****     case  HAL_DMA_XFER_HALFCPLT_CB_ID:
1045:Drivers/STM32F4xx_HAL_Driver/Src/stm32f4xx_hal_dma.c ****       hdma->XferHalfCpltCallback = NULL;
1046:Drivers/STM32F4xx_HAL_Driver/Src/stm32f4xx_hal_dma.c ****       break;
1047:Drivers/STM32F4xx_HAL_Driver/Src/stm32f4xx_hal_dma.c ****       
1048:Drivers/STM32F4xx_HAL_Driver/Src/stm32f4xx_hal_dma.c ****     case  HAL_DMA_XFER_M1CPLT_CB_ID:
1049:Drivers/STM32F4xx_HAL_Driver/Src/stm32f4xx_hal_dma.c ****       hdma->XferM1CpltCallback = NULL;
1050:Drivers/STM32F4xx_HAL_Driver/Src/stm32f4xx_hal_dma.c ****       break;
1051:Drivers/STM32F4xx_HAL_Driver/Src/stm32f4xx_hal_dma.c ****       
1052:Drivers/STM32F4xx_HAL_Driver/Src/stm32f4xx_hal_dma.c ****     case  HAL_DMA_XFER_M1HALFCPLT_CB_ID:
1053:Drivers/STM32F4xx_HAL_Driver/Src/stm32f4xx_hal_dma.c ****       hdma->XferM1HalfCpltCallback = NULL;
1054:Drivers/STM32F4xx_HAL_Driver/Src/stm32f4xx_hal_dma.c ****       break;
1055:Drivers/STM32F4xx_HAL_Driver/Src/stm32f4xx_hal_dma.c ****       
1056:Drivers/STM32F4xx_HAL_Driver/Src/stm32f4xx_hal_dma.c ****     case  HAL_DMA_XFER_ERROR_CB_ID:
ARM GAS  C:\Users\Lenovo\AppData\Local\Temp\ccv3Zezd.s 			page 20


1057:Drivers/STM32F4xx_HAL_Driver/Src/stm32f4xx_hal_dma.c ****       hdma->XferErrorCallback = NULL;
1058:Drivers/STM32F4xx_HAL_Driver/Src/stm32f4xx_hal_dma.c ****       break;
1059:Drivers/STM32F4xx_HAL_Driver/Src/stm32f4xx_hal_dma.c ****       
1060:Drivers/STM32F4xx_HAL_Driver/Src/stm32f4xx_hal_dma.c ****     case  HAL_DMA_XFER_ABORT_CB_ID:
1061:Drivers/STM32F4xx_HAL_Driver/Src/stm32f4xx_hal_dma.c ****       hdma->XferAbortCallback = NULL;
1062:Drivers/STM32F4xx_HAL_Driver/Src/stm32f4xx_hal_dma.c ****       break; 
1063:Drivers/STM32F4xx_HAL_Driver/Src/stm32f4xx_hal_dma.c ****       
1064:Drivers/STM32F4xx_HAL_Driver/Src/stm32f4xx_hal_dma.c ****     case   HAL_DMA_XFER_ALL_CB_ID:
1065:Drivers/STM32F4xx_HAL_Driver/Src/stm32f4xx_hal_dma.c ****       hdma->XferCpltCallback = NULL;
1066:Drivers/STM32F4xx_HAL_Driver/Src/stm32f4xx_hal_dma.c ****       hdma->XferHalfCpltCallback = NULL;
1067:Drivers/STM32F4xx_HAL_Driver/Src/stm32f4xx_hal_dma.c ****       hdma->XferM1CpltCallback = NULL;
1068:Drivers/STM32F4xx_HAL_Driver/Src/stm32f4xx_hal_dma.c ****       hdma->XferM1HalfCpltCallback = NULL;
1069:Drivers/STM32F4xx_HAL_Driver/Src/stm32f4xx_hal_dma.c ****       hdma->XferErrorCallback = NULL;
1070:Drivers/STM32F4xx_HAL_Driver/Src/stm32f4xx_hal_dma.c ****       hdma->XferAbortCallback = NULL;
1071:Drivers/STM32F4xx_HAL_Driver/Src/stm32f4xx_hal_dma.c ****       break; 
1072:Drivers/STM32F4xx_HAL_Driver/Src/stm32f4xx_hal_dma.c ****       
1073:Drivers/STM32F4xx_HAL_Driver/Src/stm32f4xx_hal_dma.c ****     default:
1074:Drivers/STM32F4xx_HAL_Driver/Src/stm32f4xx_hal_dma.c ****       status = HAL_ERROR;
1075:Drivers/STM32F4xx_HAL_Driver/Src/stm32f4xx_hal_dma.c ****       break;
1076:Drivers/STM32F4xx_HAL_Driver/Src/stm32f4xx_hal_dma.c ****     }
1077:Drivers/STM32F4xx_HAL_Driver/Src/stm32f4xx_hal_dma.c ****   }
1078:Drivers/STM32F4xx_HAL_Driver/Src/stm32f4xx_hal_dma.c ****   else
1079:Drivers/STM32F4xx_HAL_Driver/Src/stm32f4xx_hal_dma.c ****   {
1080:Drivers/STM32F4xx_HAL_Driver/Src/stm32f4xx_hal_dma.c ****     status = HAL_ERROR;
1081:Drivers/STM32F4xx_HAL_Driver/Src/stm32f4xx_hal_dma.c ****   }
1082:Drivers/STM32F4xx_HAL_Driver/Src/stm32f4xx_hal_dma.c ****   
1083:Drivers/STM32F4xx_HAL_Driver/Src/stm32f4xx_hal_dma.c ****   /* Release Lock */
1084:Drivers/STM32F4xx_HAL_Driver/Src/stm32f4xx_hal_dma.c ****   __HAL_UNLOCK(hdma);
1085:Drivers/STM32F4xx_HAL_Driver/Src/stm32f4xx_hal_dma.c ****   
1086:Drivers/STM32F4xx_HAL_Driver/Src/stm32f4xx_hal_dma.c ****   return status;
1087:Drivers/STM32F4xx_HAL_Driver/Src/stm32f4xx_hal_dma.c **** }
1088:Drivers/STM32F4xx_HAL_Driver/Src/stm32f4xx_hal_dma.c **** 
1089:Drivers/STM32F4xx_HAL_Driver/Src/stm32f4xx_hal_dma.c **** /**
1090:Drivers/STM32F4xx_HAL_Driver/Src/stm32f4xx_hal_dma.c ****   * @}
1091:Drivers/STM32F4xx_HAL_Driver/Src/stm32f4xx_hal_dma.c ****   */
1092:Drivers/STM32F4xx_HAL_Driver/Src/stm32f4xx_hal_dma.c **** 
1093:Drivers/STM32F4xx_HAL_Driver/Src/stm32f4xx_hal_dma.c **** /** @addtogroup DMA_Exported_Functions_Group3
1094:Drivers/STM32F4xx_HAL_Driver/Src/stm32f4xx_hal_dma.c ****   *
1095:Drivers/STM32F4xx_HAL_Driver/Src/stm32f4xx_hal_dma.c **** @verbatim
1096:Drivers/STM32F4xx_HAL_Driver/Src/stm32f4xx_hal_dma.c ****  ===============================================================================
1097:Drivers/STM32F4xx_HAL_Driver/Src/stm32f4xx_hal_dma.c ****                     ##### State and Errors functions #####
1098:Drivers/STM32F4xx_HAL_Driver/Src/stm32f4xx_hal_dma.c ****  ===============================================================================
1099:Drivers/STM32F4xx_HAL_Driver/Src/stm32f4xx_hal_dma.c ****     [..]
1100:Drivers/STM32F4xx_HAL_Driver/Src/stm32f4xx_hal_dma.c ****     This subsection provides functions allowing to
1101:Drivers/STM32F4xx_HAL_Driver/Src/stm32f4xx_hal_dma.c ****       (+) Check the DMA state
1102:Drivers/STM32F4xx_HAL_Driver/Src/stm32f4xx_hal_dma.c ****       (+) Get error code
1103:Drivers/STM32F4xx_HAL_Driver/Src/stm32f4xx_hal_dma.c **** 
1104:Drivers/STM32F4xx_HAL_Driver/Src/stm32f4xx_hal_dma.c **** @endverbatim
1105:Drivers/STM32F4xx_HAL_Driver/Src/stm32f4xx_hal_dma.c ****   * @{
1106:Drivers/STM32F4xx_HAL_Driver/Src/stm32f4xx_hal_dma.c ****   */
1107:Drivers/STM32F4xx_HAL_Driver/Src/stm32f4xx_hal_dma.c **** 
1108:Drivers/STM32F4xx_HAL_Driver/Src/stm32f4xx_hal_dma.c **** /**
1109:Drivers/STM32F4xx_HAL_Driver/Src/stm32f4xx_hal_dma.c ****   * @brief  Returns the DMA state.
1110:Drivers/STM32F4xx_HAL_Driver/Src/stm32f4xx_hal_dma.c ****   * @param  hdma pointer to a DMA_HandleTypeDef structure that contains
1111:Drivers/STM32F4xx_HAL_Driver/Src/stm32f4xx_hal_dma.c ****   *               the configuration information for the specified DMA Stream.
1112:Drivers/STM32F4xx_HAL_Driver/Src/stm32f4xx_hal_dma.c ****   * @retval HAL state
1113:Drivers/STM32F4xx_HAL_Driver/Src/stm32f4xx_hal_dma.c ****   */
ARM GAS  C:\Users\Lenovo\AppData\Local\Temp\ccv3Zezd.s 			page 21


1114:Drivers/STM32F4xx_HAL_Driver/Src/stm32f4xx_hal_dma.c **** HAL_DMA_StateTypeDef HAL_DMA_GetState(DMA_HandleTypeDef *hdma)
1115:Drivers/STM32F4xx_HAL_Driver/Src/stm32f4xx_hal_dma.c **** {
1116:Drivers/STM32F4xx_HAL_Driver/Src/stm32f4xx_hal_dma.c ****   return hdma->State;
1117:Drivers/STM32F4xx_HAL_Driver/Src/stm32f4xx_hal_dma.c **** }
1118:Drivers/STM32F4xx_HAL_Driver/Src/stm32f4xx_hal_dma.c **** 
1119:Drivers/STM32F4xx_HAL_Driver/Src/stm32f4xx_hal_dma.c **** /**
1120:Drivers/STM32F4xx_HAL_Driver/Src/stm32f4xx_hal_dma.c ****   * @brief  Return the DMA error code
1121:Drivers/STM32F4xx_HAL_Driver/Src/stm32f4xx_hal_dma.c ****   * @param  hdma  pointer to a DMA_HandleTypeDef structure that contains
1122:Drivers/STM32F4xx_HAL_Driver/Src/stm32f4xx_hal_dma.c ****   *              the configuration information for the specified DMA Stream.
1123:Drivers/STM32F4xx_HAL_Driver/Src/stm32f4xx_hal_dma.c ****   * @retval DMA Error Code
1124:Drivers/STM32F4xx_HAL_Driver/Src/stm32f4xx_hal_dma.c ****   */
1125:Drivers/STM32F4xx_HAL_Driver/Src/stm32f4xx_hal_dma.c **** uint32_t HAL_DMA_GetError(DMA_HandleTypeDef *hdma)
1126:Drivers/STM32F4xx_HAL_Driver/Src/stm32f4xx_hal_dma.c **** {
1127:Drivers/STM32F4xx_HAL_Driver/Src/stm32f4xx_hal_dma.c ****   return hdma->ErrorCode;
1128:Drivers/STM32F4xx_HAL_Driver/Src/stm32f4xx_hal_dma.c **** }
1129:Drivers/STM32F4xx_HAL_Driver/Src/stm32f4xx_hal_dma.c **** 
1130:Drivers/STM32F4xx_HAL_Driver/Src/stm32f4xx_hal_dma.c **** /**
1131:Drivers/STM32F4xx_HAL_Driver/Src/stm32f4xx_hal_dma.c ****   * @}
1132:Drivers/STM32F4xx_HAL_Driver/Src/stm32f4xx_hal_dma.c ****   */
1133:Drivers/STM32F4xx_HAL_Driver/Src/stm32f4xx_hal_dma.c **** 
1134:Drivers/STM32F4xx_HAL_Driver/Src/stm32f4xx_hal_dma.c **** /**
1135:Drivers/STM32F4xx_HAL_Driver/Src/stm32f4xx_hal_dma.c ****   * @}
1136:Drivers/STM32F4xx_HAL_Driver/Src/stm32f4xx_hal_dma.c ****   */
1137:Drivers/STM32F4xx_HAL_Driver/Src/stm32f4xx_hal_dma.c **** 
1138:Drivers/STM32F4xx_HAL_Driver/Src/stm32f4xx_hal_dma.c **** /** @addtogroup DMA_Private_Functions
1139:Drivers/STM32F4xx_HAL_Driver/Src/stm32f4xx_hal_dma.c ****   * @{
1140:Drivers/STM32F4xx_HAL_Driver/Src/stm32f4xx_hal_dma.c ****   */
1141:Drivers/STM32F4xx_HAL_Driver/Src/stm32f4xx_hal_dma.c **** 
1142:Drivers/STM32F4xx_HAL_Driver/Src/stm32f4xx_hal_dma.c **** /**
1143:Drivers/STM32F4xx_HAL_Driver/Src/stm32f4xx_hal_dma.c ****   * @brief  Sets the DMA Transfer parameter.
1144:Drivers/STM32F4xx_HAL_Driver/Src/stm32f4xx_hal_dma.c ****   * @param  hdma       pointer to a DMA_HandleTypeDef structure that contains
1145:Drivers/STM32F4xx_HAL_Driver/Src/stm32f4xx_hal_dma.c ****   *                     the configuration information for the specified DMA Stream.
1146:Drivers/STM32F4xx_HAL_Driver/Src/stm32f4xx_hal_dma.c ****   * @param  SrcAddress The source memory Buffer address
1147:Drivers/STM32F4xx_HAL_Driver/Src/stm32f4xx_hal_dma.c ****   * @param  DstAddress The destination memory Buffer address
1148:Drivers/STM32F4xx_HAL_Driver/Src/stm32f4xx_hal_dma.c ****   * @param  DataLength The length of data to be transferred from source to destination
1149:Drivers/STM32F4xx_HAL_Driver/Src/stm32f4xx_hal_dma.c ****   * @retval HAL status
1150:Drivers/STM32F4xx_HAL_Driver/Src/stm32f4xx_hal_dma.c ****   */
1151:Drivers/STM32F4xx_HAL_Driver/Src/stm32f4xx_hal_dma.c **** static void DMA_SetConfig(DMA_HandleTypeDef *hdma, uint32_t SrcAddress, uint32_t DstAddress, uint32
1152:Drivers/STM32F4xx_HAL_Driver/Src/stm32f4xx_hal_dma.c **** {
  29              		.loc 1 1152 1 view -0
  30              		.cfi_startproc
  31              		@ args = 0, pretend = 0, frame = 0
  32              		@ frame_needed = 0, uses_anonymous_args = 0
  33              		@ link register save eliminated.
  34              		.loc 1 1152 1 is_stmt 0 view .LVU1
  35 0000 30B4     		push	{r4, r5}
  36              	.LCFI0:
  37              		.cfi_def_cfa_offset 8
  38              		.cfi_offset 4, -8
  39              		.cfi_offset 5, -4
1153:Drivers/STM32F4xx_HAL_Driver/Src/stm32f4xx_hal_dma.c ****   /* Clear DBM bit */
1154:Drivers/STM32F4xx_HAL_Driver/Src/stm32f4xx_hal_dma.c ****   hdma->Instance->CR &= (uint32_t)(~DMA_SxCR_DBM);
  40              		.loc 1 1154 3 is_stmt 1 view .LVU2
  41              		.loc 1 1154 7 is_stmt 0 view .LVU3
  42 0002 0568     		ldr	r5, [r0]
  43              		.loc 1 1154 17 view .LVU4
  44 0004 2C68     		ldr	r4, [r5]
ARM GAS  C:\Users\Lenovo\AppData\Local\Temp\ccv3Zezd.s 			page 22


  45              		.loc 1 1154 22 view .LVU5
  46 0006 24F48024 		bic	r4, r4, #262144
  47 000a 2C60     		str	r4, [r5]
1155:Drivers/STM32F4xx_HAL_Driver/Src/stm32f4xx_hal_dma.c **** 
1156:Drivers/STM32F4xx_HAL_Driver/Src/stm32f4xx_hal_dma.c ****   /* Configure DMA Stream data length */
1157:Drivers/STM32F4xx_HAL_Driver/Src/stm32f4xx_hal_dma.c ****   hdma->Instance->NDTR = DataLength;
  48              		.loc 1 1157 3 is_stmt 1 view .LVU6
  49              		.loc 1 1157 7 is_stmt 0 view .LVU7
  50 000c 0468     		ldr	r4, [r0]
  51              		.loc 1 1157 24 view .LVU8
  52 000e 6360     		str	r3, [r4, #4]
1158:Drivers/STM32F4xx_HAL_Driver/Src/stm32f4xx_hal_dma.c **** 
1159:Drivers/STM32F4xx_HAL_Driver/Src/stm32f4xx_hal_dma.c ****   /* Memory to Peripheral */
1160:Drivers/STM32F4xx_HAL_Driver/Src/stm32f4xx_hal_dma.c ****   if((hdma->Init.Direction) == DMA_MEMORY_TO_PERIPH)
  53              		.loc 1 1160 3 is_stmt 1 view .LVU9
  54              		.loc 1 1160 17 is_stmt 0 view .LVU10
  55 0010 8368     		ldr	r3, [r0, #8]
  56              	.LVL1:
  57              		.loc 1 1160 5 view .LVU11
  58 0012 402B     		cmp	r3, #64
  59 0014 05D0     		beq	.L5
1161:Drivers/STM32F4xx_HAL_Driver/Src/stm32f4xx_hal_dma.c ****   {
1162:Drivers/STM32F4xx_HAL_Driver/Src/stm32f4xx_hal_dma.c ****     /* Configure DMA Stream destination address */
1163:Drivers/STM32F4xx_HAL_Driver/Src/stm32f4xx_hal_dma.c ****     hdma->Instance->PAR = DstAddress;
1164:Drivers/STM32F4xx_HAL_Driver/Src/stm32f4xx_hal_dma.c **** 
1165:Drivers/STM32F4xx_HAL_Driver/Src/stm32f4xx_hal_dma.c ****     /* Configure DMA Stream source address */
1166:Drivers/STM32F4xx_HAL_Driver/Src/stm32f4xx_hal_dma.c ****     hdma->Instance->M0AR = SrcAddress;
1167:Drivers/STM32F4xx_HAL_Driver/Src/stm32f4xx_hal_dma.c ****   }
1168:Drivers/STM32F4xx_HAL_Driver/Src/stm32f4xx_hal_dma.c ****   /* Peripheral to Memory */
1169:Drivers/STM32F4xx_HAL_Driver/Src/stm32f4xx_hal_dma.c ****   else
1170:Drivers/STM32F4xx_HAL_Driver/Src/stm32f4xx_hal_dma.c ****   {
1171:Drivers/STM32F4xx_HAL_Driver/Src/stm32f4xx_hal_dma.c ****     /* Configure DMA Stream source address */
1172:Drivers/STM32F4xx_HAL_Driver/Src/stm32f4xx_hal_dma.c ****     hdma->Instance->PAR = SrcAddress;
  60              		.loc 1 1172 5 is_stmt 1 view .LVU12
  61              		.loc 1 1172 9 is_stmt 0 view .LVU13
  62 0016 0368     		ldr	r3, [r0]
  63              		.loc 1 1172 25 view .LVU14
  64 0018 9960     		str	r1, [r3, #8]
  65              	.LVL2:
1173:Drivers/STM32F4xx_HAL_Driver/Src/stm32f4xx_hal_dma.c **** 
1174:Drivers/STM32F4xx_HAL_Driver/Src/stm32f4xx_hal_dma.c ****     /* Configure DMA Stream destination address */
1175:Drivers/STM32F4xx_HAL_Driver/Src/stm32f4xx_hal_dma.c ****     hdma->Instance->M0AR = DstAddress;
  66              		.loc 1 1175 5 is_stmt 1 view .LVU15
  67              		.loc 1 1175 9 is_stmt 0 view .LVU16
  68 001a 0368     		ldr	r3, [r0]
  69              		.loc 1 1175 26 view .LVU17
  70 001c DA60     		str	r2, [r3, #12]
  71              	.L1:
1176:Drivers/STM32F4xx_HAL_Driver/Src/stm32f4xx_hal_dma.c ****   }
1177:Drivers/STM32F4xx_HAL_Driver/Src/stm32f4xx_hal_dma.c **** }
  72              		.loc 1 1177 1 view .LVU18
  73 001e 30BC     		pop	{r4, r5}
  74              	.LCFI1:
  75              		.cfi_remember_state
  76              		.cfi_restore 5
  77              		.cfi_restore 4
  78              		.cfi_def_cfa_offset 0
ARM GAS  C:\Users\Lenovo\AppData\Local\Temp\ccv3Zezd.s 			page 23


  79 0020 7047     		bx	lr
  80              	.LVL3:
  81              	.L5:
  82              	.LCFI2:
  83              		.cfi_restore_state
1163:Drivers/STM32F4xx_HAL_Driver/Src/stm32f4xx_hal_dma.c **** 
  84              		.loc 1 1163 5 is_stmt 1 view .LVU19
1163:Drivers/STM32F4xx_HAL_Driver/Src/stm32f4xx_hal_dma.c **** 
  85              		.loc 1 1163 9 is_stmt 0 view .LVU20
  86 0022 0368     		ldr	r3, [r0]
1163:Drivers/STM32F4xx_HAL_Driver/Src/stm32f4xx_hal_dma.c **** 
  87              		.loc 1 1163 25 view .LVU21
  88 0024 9A60     		str	r2, [r3, #8]
  89              	.LVL4:
1166:Drivers/STM32F4xx_HAL_Driver/Src/stm32f4xx_hal_dma.c ****   }
  90              		.loc 1 1166 5 is_stmt 1 view .LVU22
1166:Drivers/STM32F4xx_HAL_Driver/Src/stm32f4xx_hal_dma.c ****   }
  91              		.loc 1 1166 9 is_stmt 0 view .LVU23
  92 0026 0368     		ldr	r3, [r0]
1166:Drivers/STM32F4xx_HAL_Driver/Src/stm32f4xx_hal_dma.c ****   }
  93              		.loc 1 1166 26 view .LVU24
  94 0028 D960     		str	r1, [r3, #12]
  95 002a F8E7     		b	.L1
  96              		.cfi_endproc
  97              	.LFE146:
  99              		.section	.text.DMA_CalcBaseAndBitshift,"ax",%progbits
 100              		.align	1
 101              		.syntax unified
 102              		.thumb
 103              		.thumb_func
 105              	DMA_CalcBaseAndBitshift:
 106              	.LVL5:
 107              	.LFB147:
1178:Drivers/STM32F4xx_HAL_Driver/Src/stm32f4xx_hal_dma.c **** 
1179:Drivers/STM32F4xx_HAL_Driver/Src/stm32f4xx_hal_dma.c **** /**
1180:Drivers/STM32F4xx_HAL_Driver/Src/stm32f4xx_hal_dma.c ****   * @brief  Returns the DMA Stream base address depending on stream number
1181:Drivers/STM32F4xx_HAL_Driver/Src/stm32f4xx_hal_dma.c ****   * @param  hdma       pointer to a DMA_HandleTypeDef structure that contains
1182:Drivers/STM32F4xx_HAL_Driver/Src/stm32f4xx_hal_dma.c ****   *                     the configuration information for the specified DMA Stream. 
1183:Drivers/STM32F4xx_HAL_Driver/Src/stm32f4xx_hal_dma.c ****   * @retval Stream base address
1184:Drivers/STM32F4xx_HAL_Driver/Src/stm32f4xx_hal_dma.c ****   */
1185:Drivers/STM32F4xx_HAL_Driver/Src/stm32f4xx_hal_dma.c **** static uint32_t DMA_CalcBaseAndBitshift(DMA_HandleTypeDef *hdma)
1186:Drivers/STM32F4xx_HAL_Driver/Src/stm32f4xx_hal_dma.c **** {
 108              		.loc 1 1186 1 is_stmt 1 view -0
 109              		.cfi_startproc
 110              		@ args = 0, pretend = 0, frame = 0
 111              		@ frame_needed = 0, uses_anonymous_args = 0
 112              		@ link register save eliminated.
 113              		.loc 1 1186 1 is_stmt 0 view .LVU26
 114 0000 10B4     		push	{r4}
 115              	.LCFI3:
 116              		.cfi_def_cfa_offset 4
 117              		.cfi_offset 4, -4
1187:Drivers/STM32F4xx_HAL_Driver/Src/stm32f4xx_hal_dma.c ****   uint32_t stream_number = (((uint32_t)hdma->Instance & 0xFFU) - 16U) / 24U;
 118              		.loc 1 1187 3 is_stmt 1 view .LVU27
 119              		.loc 1 1187 44 is_stmt 0 view .LVU28
 120 0002 0368     		ldr	r3, [r0]
 121              		.loc 1 1187 55 view .LVU29
ARM GAS  C:\Users\Lenovo\AppData\Local\Temp\ccv3Zezd.s 			page 24


 122 0004 D9B2     		uxtb	r1, r3
 123              		.loc 1 1187 64 view .LVU30
 124 0006 1039     		subs	r1, r1, #16
 125              		.loc 1 1187 12 view .LVU31
 126 0008 0A4A     		ldr	r2, .L10
 127 000a A2FB0142 		umull	r4, r2, r2, r1
 128 000e 1209     		lsrs	r2, r2, #4
 129              	.LVL6:
1188:Drivers/STM32F4xx_HAL_Driver/Src/stm32f4xx_hal_dma.c ****   
1189:Drivers/STM32F4xx_HAL_Driver/Src/stm32f4xx_hal_dma.c ****   /* lookup table for necessary bitshift of flags within status registers */
1190:Drivers/STM32F4xx_HAL_Driver/Src/stm32f4xx_hal_dma.c ****   static const uint8_t flagBitshiftOffset[8U] = {0U, 6U, 16U, 22U, 0U, 6U, 16U, 22U};
 130              		.loc 1 1190 3 is_stmt 1 view .LVU32
1191:Drivers/STM32F4xx_HAL_Driver/Src/stm32f4xx_hal_dma.c ****   hdma->StreamIndex = flagBitshiftOffset[stream_number];
 131              		.loc 1 1191 3 view .LVU33
 132              		.loc 1 1191 41 is_stmt 0 view .LVU34
 133 0010 094C     		ldr	r4, .L10+4
 134 0012 A25C     		ldrb	r2, [r4, r2]	@ zero_extendqisi2
 135              	.LVL7:
 136              		.loc 1 1191 21 view .LVU35
 137 0014 C265     		str	r2, [r0, #92]
1192:Drivers/STM32F4xx_HAL_Driver/Src/stm32f4xx_hal_dma.c ****   
1193:Drivers/STM32F4xx_HAL_Driver/Src/stm32f4xx_hal_dma.c ****   if (stream_number > 3U)
 138              		.loc 1 1193 3 is_stmt 1 view .LVU36
 139              		.loc 1 1193 6 is_stmt 0 view .LVU37
 140 0016 5F29     		cmp	r1, #95
 141 0018 07D9     		bls	.L7
1194:Drivers/STM32F4xx_HAL_Driver/Src/stm32f4xx_hal_dma.c ****   {
1195:Drivers/STM32F4xx_HAL_Driver/Src/stm32f4xx_hal_dma.c ****     /* return pointer to HISR and HIFCR */
1196:Drivers/STM32F4xx_HAL_Driver/Src/stm32f4xx_hal_dma.c ****     hdma->StreamBaseAddress = (((uint32_t)hdma->Instance & (uint32_t)(~0x3FFU)) + 4U);
 142              		.loc 1 1196 5 is_stmt 1 view .LVU38
 143              		.loc 1 1196 58 is_stmt 0 view .LVU39
 144 001a 6FF30903 		bfc	r3, #0, #10
 145              		.loc 1 1196 81 view .LVU40
 146 001e 0433     		adds	r3, r3, #4
 147              		.loc 1 1196 29 view .LVU41
 148 0020 8365     		str	r3, [r0, #88]
 149              	.L8:
1197:Drivers/STM32F4xx_HAL_Driver/Src/stm32f4xx_hal_dma.c ****   }
1198:Drivers/STM32F4xx_HAL_Driver/Src/stm32f4xx_hal_dma.c ****   else
1199:Drivers/STM32F4xx_HAL_Driver/Src/stm32f4xx_hal_dma.c ****   {
1200:Drivers/STM32F4xx_HAL_Driver/Src/stm32f4xx_hal_dma.c ****     /* return pointer to LISR and LIFCR */
1201:Drivers/STM32F4xx_HAL_Driver/Src/stm32f4xx_hal_dma.c ****     hdma->StreamBaseAddress = ((uint32_t)hdma->Instance & (uint32_t)(~0x3FFU));
1202:Drivers/STM32F4xx_HAL_Driver/Src/stm32f4xx_hal_dma.c ****   }
1203:Drivers/STM32F4xx_HAL_Driver/Src/stm32f4xx_hal_dma.c ****   
1204:Drivers/STM32F4xx_HAL_Driver/Src/stm32f4xx_hal_dma.c ****   return hdma->StreamBaseAddress;
 150              		.loc 1 1204 3 is_stmt 1 view .LVU42
1205:Drivers/STM32F4xx_HAL_Driver/Src/stm32f4xx_hal_dma.c **** }
 151              		.loc 1 1205 1 is_stmt 0 view .LVU43
 152 0022 806D     		ldr	r0, [r0, #88]
 153              	.LVL8:
 154              		.loc 1 1205 1 view .LVU44
 155 0024 5DF8044B 		ldr	r4, [sp], #4
 156 0028 7047     		bx	lr
 157              	.LVL9:
 158              	.L7:
1201:Drivers/STM32F4xx_HAL_Driver/Src/stm32f4xx_hal_dma.c ****   }
 159              		.loc 1 1201 5 is_stmt 1 view .LVU45
ARM GAS  C:\Users\Lenovo\AppData\Local\Temp\ccv3Zezd.s 			page 25


1201:Drivers/STM32F4xx_HAL_Driver/Src/stm32f4xx_hal_dma.c ****   }
 160              		.loc 1 1201 57 is_stmt 0 view .LVU46
 161 002a 6FF30903 		bfc	r3, #0, #10
1201:Drivers/STM32F4xx_HAL_Driver/Src/stm32f4xx_hal_dma.c ****   }
 162              		.loc 1 1201 29 view .LVU47
 163 002e 8365     		str	r3, [r0, #88]
 164 0030 F7E7     		b	.L8
 165              	.L11:
 166 0032 00BF     		.align	2
 167              	.L10:
 168 0034 ABAAAAAA 		.word	-1431655765
 169 0038 00000000 		.word	flagBitshiftOffset.0
 170              		.cfi_endproc
 171              	.LFE147:
 173              		.section	.text.DMA_CheckFifoParam,"ax",%progbits
 174              		.align	1
 175              		.syntax unified
 176              		.thumb
 177              		.thumb_func
 179              	DMA_CheckFifoParam:
 180              	.LVL10:
 181              	.LFB148:
1206:Drivers/STM32F4xx_HAL_Driver/Src/stm32f4xx_hal_dma.c **** 
1207:Drivers/STM32F4xx_HAL_Driver/Src/stm32f4xx_hal_dma.c **** /**
1208:Drivers/STM32F4xx_HAL_Driver/Src/stm32f4xx_hal_dma.c ****   * @brief  Check compatibility between FIFO threshold level and size of the memory burst
1209:Drivers/STM32F4xx_HAL_Driver/Src/stm32f4xx_hal_dma.c ****   * @param  hdma       pointer to a DMA_HandleTypeDef structure that contains
1210:Drivers/STM32F4xx_HAL_Driver/Src/stm32f4xx_hal_dma.c ****   *                     the configuration information for the specified DMA Stream. 
1211:Drivers/STM32F4xx_HAL_Driver/Src/stm32f4xx_hal_dma.c ****   * @retval HAL status
1212:Drivers/STM32F4xx_HAL_Driver/Src/stm32f4xx_hal_dma.c ****   */
1213:Drivers/STM32F4xx_HAL_Driver/Src/stm32f4xx_hal_dma.c **** static HAL_StatusTypeDef DMA_CheckFifoParam(DMA_HandleTypeDef *hdma)
1214:Drivers/STM32F4xx_HAL_Driver/Src/stm32f4xx_hal_dma.c **** {
 182              		.loc 1 1214 1 is_stmt 1 view -0
 183              		.cfi_startproc
 184              		@ args = 0, pretend = 0, frame = 0
 185              		@ frame_needed = 0, uses_anonymous_args = 0
 186              		@ link register save eliminated.
1215:Drivers/STM32F4xx_HAL_Driver/Src/stm32f4xx_hal_dma.c ****   HAL_StatusTypeDef status = HAL_OK;
 187              		.loc 1 1215 3 view .LVU49
1216:Drivers/STM32F4xx_HAL_Driver/Src/stm32f4xx_hal_dma.c ****   uint32_t tmp = hdma->Init.FIFOThreshold;
 188              		.loc 1 1216 3 view .LVU50
 189              		.loc 1 1216 12 is_stmt 0 view .LVU51
 190 0000 836A     		ldr	r3, [r0, #40]
 191              	.LVL11:
1217:Drivers/STM32F4xx_HAL_Driver/Src/stm32f4xx_hal_dma.c ****   
1218:Drivers/STM32F4xx_HAL_Driver/Src/stm32f4xx_hal_dma.c ****   /* Memory Data size equal to Byte */
1219:Drivers/STM32F4xx_HAL_Driver/Src/stm32f4xx_hal_dma.c ****   if(hdma->Init.MemDataAlignment == DMA_MDATAALIGN_BYTE)
 192              		.loc 1 1219 3 is_stmt 1 view .LVU52
 193              		.loc 1 1219 16 is_stmt 0 view .LVU53
 194 0002 8269     		ldr	r2, [r0, #24]
 195              		.loc 1 1219 5 view .LVU54
 196 0004 92B9     		cbnz	r2, .L13
1220:Drivers/STM32F4xx_HAL_Driver/Src/stm32f4xx_hal_dma.c ****   {
1221:Drivers/STM32F4xx_HAL_Driver/Src/stm32f4xx_hal_dma.c ****     switch (tmp)
 197              		.loc 1 1221 5 is_stmt 1 view .LVU55
 198 0006 012B     		cmp	r3, #1
 199 0008 0AD0     		beq	.L14
 200 000a 022B     		cmp	r3, #2
ARM GAS  C:\Users\Lenovo\AppData\Local\Temp\ccv3Zezd.s 			page 26


 201 000c 02D0     		beq	.L15
 202 000e 0BB1     		cbz	r3, .L15
 203 0010 0020     		movs	r0, #0
 204              	.LVL12:
 205              		.loc 1 1221 5 is_stmt 0 view .LVU56
 206 0012 7047     		bx	lr
 207              	.LVL13:
 208              	.L15:
1222:Drivers/STM32F4xx_HAL_Driver/Src/stm32f4xx_hal_dma.c ****     {
1223:Drivers/STM32F4xx_HAL_Driver/Src/stm32f4xx_hal_dma.c ****     case DMA_FIFO_THRESHOLD_1QUARTERFULL:
1224:Drivers/STM32F4xx_HAL_Driver/Src/stm32f4xx_hal_dma.c ****     case DMA_FIFO_THRESHOLD_3QUARTERSFULL:
1225:Drivers/STM32F4xx_HAL_Driver/Src/stm32f4xx_hal_dma.c ****       if ((hdma->Init.MemBurst & DMA_SxCR_MBURST_1) == DMA_SxCR_MBURST_1)
 209              		.loc 1 1225 7 is_stmt 1 view .LVU57
 210              		.loc 1 1225 22 is_stmt 0 view .LVU58
 211 0014 C36A     		ldr	r3, [r0, #44]
 212              	.LVL14:
 213              		.loc 1 1225 10 view .LVU59
 214 0016 13F0807F 		tst	r3, #16777216
 215 001a 28D1     		bne	.L23
1215:Drivers/STM32F4xx_HAL_Driver/Src/stm32f4xx_hal_dma.c ****   uint32_t tmp = hdma->Init.FIFOThreshold;
 216              		.loc 1 1215 21 view .LVU60
 217 001c 0020     		movs	r0, #0
 218              	.LVL15:
1215:Drivers/STM32F4xx_HAL_Driver/Src/stm32f4xx_hal_dma.c ****   uint32_t tmp = hdma->Init.FIFOThreshold;
 219              		.loc 1 1215 21 view .LVU61
 220 001e 7047     		bx	lr
 221              	.LVL16:
 222              	.L14:
1226:Drivers/STM32F4xx_HAL_Driver/Src/stm32f4xx_hal_dma.c ****       {
1227:Drivers/STM32F4xx_HAL_Driver/Src/stm32f4xx_hal_dma.c ****         status = HAL_ERROR;
1228:Drivers/STM32F4xx_HAL_Driver/Src/stm32f4xx_hal_dma.c ****       }
1229:Drivers/STM32F4xx_HAL_Driver/Src/stm32f4xx_hal_dma.c ****       break;
1230:Drivers/STM32F4xx_HAL_Driver/Src/stm32f4xx_hal_dma.c ****     case DMA_FIFO_THRESHOLD_HALFFULL:
1231:Drivers/STM32F4xx_HAL_Driver/Src/stm32f4xx_hal_dma.c ****       if (hdma->Init.MemBurst == DMA_MBURST_INC16)
 223              		.loc 1 1231 7 is_stmt 1 view .LVU62
 224              		.loc 1 1231 21 is_stmt 0 view .LVU63
 225 0020 C36A     		ldr	r3, [r0, #44]
 226              	.LVL17:
 227              		.loc 1 1231 10 view .LVU64
 228 0022 B3F1C07F 		cmp	r3, #25165824
 229 0026 24D0     		beq	.L24
1215:Drivers/STM32F4xx_HAL_Driver/Src/stm32f4xx_hal_dma.c ****   uint32_t tmp = hdma->Init.FIFOThreshold;
 230              		.loc 1 1215 21 view .LVU65
 231 0028 0020     		movs	r0, #0
 232              	.LVL18:
1215:Drivers/STM32F4xx_HAL_Driver/Src/stm32f4xx_hal_dma.c ****   uint32_t tmp = hdma->Init.FIFOThreshold;
 233              		.loc 1 1215 21 view .LVU66
 234 002a 7047     		bx	lr
 235              	.LVL19:
 236              	.L13:
1232:Drivers/STM32F4xx_HAL_Driver/Src/stm32f4xx_hal_dma.c ****       {
1233:Drivers/STM32F4xx_HAL_Driver/Src/stm32f4xx_hal_dma.c ****         status = HAL_ERROR;
1234:Drivers/STM32F4xx_HAL_Driver/Src/stm32f4xx_hal_dma.c ****       }
1235:Drivers/STM32F4xx_HAL_Driver/Src/stm32f4xx_hal_dma.c ****       break;
1236:Drivers/STM32F4xx_HAL_Driver/Src/stm32f4xx_hal_dma.c ****     case DMA_FIFO_THRESHOLD_FULL:
1237:Drivers/STM32F4xx_HAL_Driver/Src/stm32f4xx_hal_dma.c ****       break;
1238:Drivers/STM32F4xx_HAL_Driver/Src/stm32f4xx_hal_dma.c ****     default:
ARM GAS  C:\Users\Lenovo\AppData\Local\Temp\ccv3Zezd.s 			page 27


1239:Drivers/STM32F4xx_HAL_Driver/Src/stm32f4xx_hal_dma.c ****       break;
1240:Drivers/STM32F4xx_HAL_Driver/Src/stm32f4xx_hal_dma.c ****     }
1241:Drivers/STM32F4xx_HAL_Driver/Src/stm32f4xx_hal_dma.c ****   }
1242:Drivers/STM32F4xx_HAL_Driver/Src/stm32f4xx_hal_dma.c ****   
1243:Drivers/STM32F4xx_HAL_Driver/Src/stm32f4xx_hal_dma.c ****   /* Memory Data size equal to Half-Word */
1244:Drivers/STM32F4xx_HAL_Driver/Src/stm32f4xx_hal_dma.c ****   else if (hdma->Init.MemDataAlignment == DMA_MDATAALIGN_HALFWORD)
 237              		.loc 1 1244 8 is_stmt 1 view .LVU67
 238              		.loc 1 1244 11 is_stmt 0 view .LVU68
 239 002c B2F5005F 		cmp	r2, #8192
 240 0030 09D0     		beq	.L31
1245:Drivers/STM32F4xx_HAL_Driver/Src/stm32f4xx_hal_dma.c ****   {
1246:Drivers/STM32F4xx_HAL_Driver/Src/stm32f4xx_hal_dma.c ****     switch (tmp)
1247:Drivers/STM32F4xx_HAL_Driver/Src/stm32f4xx_hal_dma.c ****     {
1248:Drivers/STM32F4xx_HAL_Driver/Src/stm32f4xx_hal_dma.c ****     case DMA_FIFO_THRESHOLD_1QUARTERFULL:
1249:Drivers/STM32F4xx_HAL_Driver/Src/stm32f4xx_hal_dma.c ****     case DMA_FIFO_THRESHOLD_3QUARTERSFULL:
1250:Drivers/STM32F4xx_HAL_Driver/Src/stm32f4xx_hal_dma.c ****       status = HAL_ERROR;
1251:Drivers/STM32F4xx_HAL_Driver/Src/stm32f4xx_hal_dma.c ****       break;
1252:Drivers/STM32F4xx_HAL_Driver/Src/stm32f4xx_hal_dma.c ****     case DMA_FIFO_THRESHOLD_HALFFULL:
1253:Drivers/STM32F4xx_HAL_Driver/Src/stm32f4xx_hal_dma.c ****       if ((hdma->Init.MemBurst & DMA_SxCR_MBURST_1) == DMA_SxCR_MBURST_1)
1254:Drivers/STM32F4xx_HAL_Driver/Src/stm32f4xx_hal_dma.c ****       {
1255:Drivers/STM32F4xx_HAL_Driver/Src/stm32f4xx_hal_dma.c ****         status = HAL_ERROR;
1256:Drivers/STM32F4xx_HAL_Driver/Src/stm32f4xx_hal_dma.c ****       }
1257:Drivers/STM32F4xx_HAL_Driver/Src/stm32f4xx_hal_dma.c ****       break;
1258:Drivers/STM32F4xx_HAL_Driver/Src/stm32f4xx_hal_dma.c ****     case DMA_FIFO_THRESHOLD_FULL:
1259:Drivers/STM32F4xx_HAL_Driver/Src/stm32f4xx_hal_dma.c ****       if (hdma->Init.MemBurst == DMA_MBURST_INC16)
1260:Drivers/STM32F4xx_HAL_Driver/Src/stm32f4xx_hal_dma.c ****       {
1261:Drivers/STM32F4xx_HAL_Driver/Src/stm32f4xx_hal_dma.c ****         status = HAL_ERROR;
1262:Drivers/STM32F4xx_HAL_Driver/Src/stm32f4xx_hal_dma.c ****       }
1263:Drivers/STM32F4xx_HAL_Driver/Src/stm32f4xx_hal_dma.c ****       break;   
1264:Drivers/STM32F4xx_HAL_Driver/Src/stm32f4xx_hal_dma.c ****     default:
1265:Drivers/STM32F4xx_HAL_Driver/Src/stm32f4xx_hal_dma.c ****       break;
1266:Drivers/STM32F4xx_HAL_Driver/Src/stm32f4xx_hal_dma.c ****     }
1267:Drivers/STM32F4xx_HAL_Driver/Src/stm32f4xx_hal_dma.c ****   }
1268:Drivers/STM32F4xx_HAL_Driver/Src/stm32f4xx_hal_dma.c ****   
1269:Drivers/STM32F4xx_HAL_Driver/Src/stm32f4xx_hal_dma.c ****   /* Memory Data size equal to Word */
1270:Drivers/STM32F4xx_HAL_Driver/Src/stm32f4xx_hal_dma.c ****   else
1271:Drivers/STM32F4xx_HAL_Driver/Src/stm32f4xx_hal_dma.c ****   {
1272:Drivers/STM32F4xx_HAL_Driver/Src/stm32f4xx_hal_dma.c ****     switch (tmp)
 241              		.loc 1 1272 5 is_stmt 1 view .LVU69
 242 0032 022B     		cmp	r3, #2
 243 0034 25D9     		bls	.L28
 244 0036 032B     		cmp	r3, #3
 245 0038 25D1     		bne	.L29
1273:Drivers/STM32F4xx_HAL_Driver/Src/stm32f4xx_hal_dma.c ****     {
1274:Drivers/STM32F4xx_HAL_Driver/Src/stm32f4xx_hal_dma.c ****     case DMA_FIFO_THRESHOLD_1QUARTERFULL:
1275:Drivers/STM32F4xx_HAL_Driver/Src/stm32f4xx_hal_dma.c ****     case DMA_FIFO_THRESHOLD_HALFFULL:
1276:Drivers/STM32F4xx_HAL_Driver/Src/stm32f4xx_hal_dma.c ****     case DMA_FIFO_THRESHOLD_3QUARTERSFULL:
1277:Drivers/STM32F4xx_HAL_Driver/Src/stm32f4xx_hal_dma.c ****       status = HAL_ERROR;
1278:Drivers/STM32F4xx_HAL_Driver/Src/stm32f4xx_hal_dma.c ****       break;
1279:Drivers/STM32F4xx_HAL_Driver/Src/stm32f4xx_hal_dma.c ****     case DMA_FIFO_THRESHOLD_FULL:
1280:Drivers/STM32F4xx_HAL_Driver/Src/stm32f4xx_hal_dma.c ****       if ((hdma->Init.MemBurst & DMA_SxCR_MBURST_1) == DMA_SxCR_MBURST_1)
 246              		.loc 1 1280 7 view .LVU70
 247              		.loc 1 1280 22 is_stmt 0 view .LVU71
 248 003a C36A     		ldr	r3, [r0, #44]
 249              	.LVL20:
 250              		.loc 1 1280 10 view .LVU72
 251 003c 13F0807F 		tst	r3, #16777216
ARM GAS  C:\Users\Lenovo\AppData\Local\Temp\ccv3Zezd.s 			page 28


 252 0040 23D1     		bne	.L30
1215:Drivers/STM32F4xx_HAL_Driver/Src/stm32f4xx_hal_dma.c ****   uint32_t tmp = hdma->Init.FIFOThreshold;
 253              		.loc 1 1215 21 view .LVU73
 254 0042 0020     		movs	r0, #0
 255              	.LVL21:
1215:Drivers/STM32F4xx_HAL_Driver/Src/stm32f4xx_hal_dma.c ****   uint32_t tmp = hdma->Init.FIFOThreshold;
 256              		.loc 1 1215 21 view .LVU74
 257 0044 7047     		bx	lr
 258              	.LVL22:
 259              	.L31:
1246:Drivers/STM32F4xx_HAL_Driver/Src/stm32f4xx_hal_dma.c ****     {
 260              		.loc 1 1246 5 is_stmt 1 view .LVU75
 261 0046 032B     		cmp	r3, #3
 262 0048 03D8     		bhi	.L18
 263 004a DFE803F0 		tbb	[pc, r3]
 264              	.L20:
 265 004e 14       		.byte	(.L25-.L20)/2
 266 004f 04       		.byte	(.L21-.L20)/2
 267 0050 14       		.byte	(.L25-.L20)/2
 268 0051 0A       		.byte	(.L19-.L20)/2
 269              		.p2align 1
 270              	.L18:
 271 0052 0020     		movs	r0, #0
 272              	.LVL23:
1246:Drivers/STM32F4xx_HAL_Driver/Src/stm32f4xx_hal_dma.c ****     {
 273              		.loc 1 1246 5 is_stmt 0 view .LVU76
 274 0054 7047     		bx	lr
 275              	.LVL24:
 276              	.L21:
1253:Drivers/STM32F4xx_HAL_Driver/Src/stm32f4xx_hal_dma.c ****       {
 277              		.loc 1 1253 7 is_stmt 1 view .LVU77
1253:Drivers/STM32F4xx_HAL_Driver/Src/stm32f4xx_hal_dma.c ****       {
 278              		.loc 1 1253 22 is_stmt 0 view .LVU78
 279 0056 C36A     		ldr	r3, [r0, #44]
 280              	.LVL25:
1253:Drivers/STM32F4xx_HAL_Driver/Src/stm32f4xx_hal_dma.c ****       {
 281              		.loc 1 1253 10 view .LVU79
 282 0058 13F0807F 		tst	r3, #16777216
 283 005c 0DD1     		bne	.L26
1215:Drivers/STM32F4xx_HAL_Driver/Src/stm32f4xx_hal_dma.c ****   uint32_t tmp = hdma->Init.FIFOThreshold;
 284              		.loc 1 1215 21 view .LVU80
 285 005e 0020     		movs	r0, #0
 286              	.LVL26:
1215:Drivers/STM32F4xx_HAL_Driver/Src/stm32f4xx_hal_dma.c ****   uint32_t tmp = hdma->Init.FIFOThreshold;
 287              		.loc 1 1215 21 view .LVU81
 288 0060 7047     		bx	lr
 289              	.LVL27:
 290              	.L19:
1259:Drivers/STM32F4xx_HAL_Driver/Src/stm32f4xx_hal_dma.c ****       {
 291              		.loc 1 1259 7 is_stmt 1 view .LVU82
1259:Drivers/STM32F4xx_HAL_Driver/Src/stm32f4xx_hal_dma.c ****       {
 292              		.loc 1 1259 21 is_stmt 0 view .LVU83
 293 0062 C36A     		ldr	r3, [r0, #44]
 294              	.LVL28:
1259:Drivers/STM32F4xx_HAL_Driver/Src/stm32f4xx_hal_dma.c ****       {
 295              		.loc 1 1259 10 view .LVU84
 296 0064 B3F1C07F 		cmp	r3, #25165824
ARM GAS  C:\Users\Lenovo\AppData\Local\Temp\ccv3Zezd.s 			page 29


 297 0068 09D0     		beq	.L27
1215:Drivers/STM32F4xx_HAL_Driver/Src/stm32f4xx_hal_dma.c ****   uint32_t tmp = hdma->Init.FIFOThreshold;
 298              		.loc 1 1215 21 view .LVU85
 299 006a 0020     		movs	r0, #0
 300              	.LVL29:
1215:Drivers/STM32F4xx_HAL_Driver/Src/stm32f4xx_hal_dma.c ****   uint32_t tmp = hdma->Init.FIFOThreshold;
 301              		.loc 1 1215 21 view .LVU86
 302 006c 7047     		bx	lr
 303              	.LVL30:
 304              	.L23:
1227:Drivers/STM32F4xx_HAL_Driver/Src/stm32f4xx_hal_dma.c ****       }
 305              		.loc 1 1227 16 view .LVU87
 306 006e 0120     		movs	r0, #1
 307              	.LVL31:
1227:Drivers/STM32F4xx_HAL_Driver/Src/stm32f4xx_hal_dma.c ****       }
 308              		.loc 1 1227 16 view .LVU88
 309 0070 7047     		bx	lr
 310              	.LVL32:
 311              	.L24:
1233:Drivers/STM32F4xx_HAL_Driver/Src/stm32f4xx_hal_dma.c ****       }
 312              		.loc 1 1233 16 view .LVU89
 313 0072 0120     		movs	r0, #1
 314              	.LVL33:
1233:Drivers/STM32F4xx_HAL_Driver/Src/stm32f4xx_hal_dma.c ****       }
 315              		.loc 1 1233 16 view .LVU90
 316 0074 7047     		bx	lr
 317              	.LVL34:
 318              	.L25:
1250:Drivers/STM32F4xx_HAL_Driver/Src/stm32f4xx_hal_dma.c ****       break;
 319              		.loc 1 1250 14 view .LVU91
 320 0076 0120     		movs	r0, #1
 321              	.LVL35:
1250:Drivers/STM32F4xx_HAL_Driver/Src/stm32f4xx_hal_dma.c ****       break;
 322              		.loc 1 1250 14 view .LVU92
 323 0078 7047     		bx	lr
 324              	.LVL36:
 325              	.L26:
1255:Drivers/STM32F4xx_HAL_Driver/Src/stm32f4xx_hal_dma.c ****       }
 326              		.loc 1 1255 16 view .LVU93
 327 007a 0120     		movs	r0, #1
 328              	.LVL37:
1255:Drivers/STM32F4xx_HAL_Driver/Src/stm32f4xx_hal_dma.c ****       }
 329              		.loc 1 1255 16 view .LVU94
 330 007c 7047     		bx	lr
 331              	.LVL38:
 332              	.L27:
1261:Drivers/STM32F4xx_HAL_Driver/Src/stm32f4xx_hal_dma.c ****       }
 333              		.loc 1 1261 16 view .LVU95
 334 007e 0120     		movs	r0, #1
 335              	.LVL39:
1261:Drivers/STM32F4xx_HAL_Driver/Src/stm32f4xx_hal_dma.c ****       }
 336              		.loc 1 1261 16 view .LVU96
 337 0080 7047     		bx	lr
 338              	.LVL40:
 339              	.L28:
1277:Drivers/STM32F4xx_HAL_Driver/Src/stm32f4xx_hal_dma.c ****       break;
 340              		.loc 1 1277 14 view .LVU97
ARM GAS  C:\Users\Lenovo\AppData\Local\Temp\ccv3Zezd.s 			page 30


 341 0082 0120     		movs	r0, #1
 342              	.LVL41:
1277:Drivers/STM32F4xx_HAL_Driver/Src/stm32f4xx_hal_dma.c ****       break;
 343              		.loc 1 1277 14 view .LVU98
 344 0084 7047     		bx	lr
 345              	.LVL42:
 346              	.L29:
1272:Drivers/STM32F4xx_HAL_Driver/Src/stm32f4xx_hal_dma.c ****     {
 347              		.loc 1 1272 5 view .LVU99
 348 0086 0020     		movs	r0, #0
 349              	.LVL43:
1272:Drivers/STM32F4xx_HAL_Driver/Src/stm32f4xx_hal_dma.c ****     {
 350              		.loc 1 1272 5 view .LVU100
 351 0088 7047     		bx	lr
 352              	.LVL44:
 353              	.L30:
1281:Drivers/STM32F4xx_HAL_Driver/Src/stm32f4xx_hal_dma.c ****       {
1282:Drivers/STM32F4xx_HAL_Driver/Src/stm32f4xx_hal_dma.c ****         status = HAL_ERROR;
 354              		.loc 1 1282 16 view .LVU101
 355 008a 0120     		movs	r0, #1
 356              	.LVL45:
1283:Drivers/STM32F4xx_HAL_Driver/Src/stm32f4xx_hal_dma.c ****       }
1284:Drivers/STM32F4xx_HAL_Driver/Src/stm32f4xx_hal_dma.c ****       break;
1285:Drivers/STM32F4xx_HAL_Driver/Src/stm32f4xx_hal_dma.c ****     default:
1286:Drivers/STM32F4xx_HAL_Driver/Src/stm32f4xx_hal_dma.c ****       break;
1287:Drivers/STM32F4xx_HAL_Driver/Src/stm32f4xx_hal_dma.c ****     }
1288:Drivers/STM32F4xx_HAL_Driver/Src/stm32f4xx_hal_dma.c ****   } 
1289:Drivers/STM32F4xx_HAL_Driver/Src/stm32f4xx_hal_dma.c ****   
1290:Drivers/STM32F4xx_HAL_Driver/Src/stm32f4xx_hal_dma.c ****   return status; 
 357              		.loc 1 1290 3 is_stmt 1 view .LVU102
1291:Drivers/STM32F4xx_HAL_Driver/Src/stm32f4xx_hal_dma.c **** }
 358              		.loc 1 1291 1 is_stmt 0 view .LVU103
 359 008c 7047     		bx	lr
 360              		.cfi_endproc
 361              	.LFE148:
 363              		.section	.text.HAL_DMA_Init,"ax",%progbits
 364              		.align	1
 365              		.global	HAL_DMA_Init
 366              		.syntax unified
 367              		.thumb
 368              		.thumb_func
 370              	HAL_DMA_Init:
 371              	.LVL46:
 372              	.LFB134:
 171:Drivers/STM32F4xx_HAL_Driver/Src/stm32f4xx_hal_dma.c ****   uint32_t tmp = 0U;
 373              		.loc 1 171 1 is_stmt 1 view -0
 374              		.cfi_startproc
 375              		@ args = 0, pretend = 0, frame = 0
 376              		@ frame_needed = 0, uses_anonymous_args = 0
 171:Drivers/STM32F4xx_HAL_Driver/Src/stm32f4xx_hal_dma.c ****   uint32_t tmp = 0U;
 377              		.loc 1 171 1 is_stmt 0 view .LVU105
 378 0000 70B5     		push	{r4, r5, r6, lr}
 379              	.LCFI4:
 380              		.cfi_def_cfa_offset 16
 381              		.cfi_offset 4, -16
 382              		.cfi_offset 5, -12
 383              		.cfi_offset 6, -8
ARM GAS  C:\Users\Lenovo\AppData\Local\Temp\ccv3Zezd.s 			page 31


 384              		.cfi_offset 14, -4
 385 0002 0446     		mov	r4, r0
 172:Drivers/STM32F4xx_HAL_Driver/Src/stm32f4xx_hal_dma.c ****   uint32_t tickstart = HAL_GetTick();
 386              		.loc 1 172 3 is_stmt 1 view .LVU106
 387              	.LVL47:
 173:Drivers/STM32F4xx_HAL_Driver/Src/stm32f4xx_hal_dma.c ****   DMA_Base_Registers *regs;
 388              		.loc 1 173 3 view .LVU107
 173:Drivers/STM32F4xx_HAL_Driver/Src/stm32f4xx_hal_dma.c ****   DMA_Base_Registers *regs;
 389              		.loc 1 173 24 is_stmt 0 view .LVU108
 390 0004 FFF7FEFF 		bl	HAL_GetTick
 391              	.LVL48:
 174:Drivers/STM32F4xx_HAL_Driver/Src/stm32f4xx_hal_dma.c **** 
 392              		.loc 1 174 3 is_stmt 1 view .LVU109
 177:Drivers/STM32F4xx_HAL_Driver/Src/stm32f4xx_hal_dma.c ****   {
 393              		.loc 1 177 3 view .LVU110
 177:Drivers/STM32F4xx_HAL_Driver/Src/stm32f4xx_hal_dma.c ****   {
 394              		.loc 1 177 5 is_stmt 0 view .LVU111
 395 0008 002C     		cmp	r4, #0
 396 000a 5BD0     		beq	.L38
 397 000c 0546     		mov	r5, r0
 183:Drivers/STM32F4xx_HAL_Driver/Src/stm32f4xx_hal_dma.c ****   assert_param(IS_DMA_CHANNEL(hdma->Init.Channel));
 398              		.loc 1 183 3 is_stmt 1 view .LVU112
 184:Drivers/STM32F4xx_HAL_Driver/Src/stm32f4xx_hal_dma.c ****   assert_param(IS_DMA_DIRECTION(hdma->Init.Direction));
 399              		.loc 1 184 3 view .LVU113
 185:Drivers/STM32F4xx_HAL_Driver/Src/stm32f4xx_hal_dma.c ****   assert_param(IS_DMA_PERIPHERAL_INC_STATE(hdma->Init.PeriphInc));
 400              		.loc 1 185 3 view .LVU114
 186:Drivers/STM32F4xx_HAL_Driver/Src/stm32f4xx_hal_dma.c ****   assert_param(IS_DMA_MEMORY_INC_STATE(hdma->Init.MemInc));
 401              		.loc 1 186 3 view .LVU115
 187:Drivers/STM32F4xx_HAL_Driver/Src/stm32f4xx_hal_dma.c ****   assert_param(IS_DMA_PERIPHERAL_DATA_SIZE(hdma->Init.PeriphDataAlignment));
 402              		.loc 1 187 3 view .LVU116
 188:Drivers/STM32F4xx_HAL_Driver/Src/stm32f4xx_hal_dma.c ****   assert_param(IS_DMA_MEMORY_DATA_SIZE(hdma->Init.MemDataAlignment));
 403              		.loc 1 188 3 view .LVU117
 189:Drivers/STM32F4xx_HAL_Driver/Src/stm32f4xx_hal_dma.c ****   assert_param(IS_DMA_MODE(hdma->Init.Mode));
 404              		.loc 1 189 3 view .LVU118
 190:Drivers/STM32F4xx_HAL_Driver/Src/stm32f4xx_hal_dma.c ****   assert_param(IS_DMA_PRIORITY(hdma->Init.Priority));
 405              		.loc 1 190 3 view .LVU119
 191:Drivers/STM32F4xx_HAL_Driver/Src/stm32f4xx_hal_dma.c ****   assert_param(IS_DMA_FIFO_MODE_STATE(hdma->Init.FIFOMode));
 406              		.loc 1 191 3 view .LVU120
 192:Drivers/STM32F4xx_HAL_Driver/Src/stm32f4xx_hal_dma.c ****   /* Check the memory burst, peripheral burst and FIFO threshold parameters only
 407              		.loc 1 192 3 view .LVU121
 195:Drivers/STM32F4xx_HAL_Driver/Src/stm32f4xx_hal_dma.c ****   {
 408              		.loc 1 195 3 view .LVU122
 197:Drivers/STM32F4xx_HAL_Driver/Src/stm32f4xx_hal_dma.c ****     assert_param(IS_DMA_MEMORY_BURST(hdma->Init.MemBurst));
 409              		.loc 1 197 5 view .LVU123
 198:Drivers/STM32F4xx_HAL_Driver/Src/stm32f4xx_hal_dma.c ****     assert_param(IS_DMA_PERIPHERAL_BURST(hdma->Init.PeriphBurst));
 410              		.loc 1 198 5 view .LVU124
 199:Drivers/STM32F4xx_HAL_Driver/Src/stm32f4xx_hal_dma.c ****   }
 411              		.loc 1 199 5 view .LVU125
 203:Drivers/STM32F4xx_HAL_Driver/Src/stm32f4xx_hal_dma.c **** 
 412              		.loc 1 203 3 view .LVU126
 203:Drivers/STM32F4xx_HAL_Driver/Src/stm32f4xx_hal_dma.c **** 
 413              		.loc 1 203 15 is_stmt 0 view .LVU127
 414 000e 0223     		movs	r3, #2
 415 0010 84F83530 		strb	r3, [r4, #53]
 206:Drivers/STM32F4xx_HAL_Driver/Src/stm32f4xx_hal_dma.c ****   
 416              		.loc 1 206 3 is_stmt 1 view .LVU128
 206:Drivers/STM32F4xx_HAL_Driver/Src/stm32f4xx_hal_dma.c ****   
ARM GAS  C:\Users\Lenovo\AppData\Local\Temp\ccv3Zezd.s 			page 32


 417              		.loc 1 206 3 view .LVU129
 418 0014 0023     		movs	r3, #0
 419 0016 84F83430 		strb	r3, [r4, #52]
 206:Drivers/STM32F4xx_HAL_Driver/Src/stm32f4xx_hal_dma.c ****   
 420              		.loc 1 206 3 view .LVU130
 209:Drivers/STM32F4xx_HAL_Driver/Src/stm32f4xx_hal_dma.c ****   
 421              		.loc 1 209 3 view .LVU131
 422 001a 2268     		ldr	r2, [r4]
 423 001c 1368     		ldr	r3, [r2]
 424 001e 23F00103 		bic	r3, r3, #1
 425 0022 1360     		str	r3, [r2]
 212:Drivers/STM32F4xx_HAL_Driver/Src/stm32f4xx_hal_dma.c ****   {
 426              		.loc 1 212 3 view .LVU132
 427              	.LVL49:
 428              	.L34:
 212:Drivers/STM32F4xx_HAL_Driver/Src/stm32f4xx_hal_dma.c ****   {
 429              		.loc 1 212 44 view .LVU133
 212:Drivers/STM32F4xx_HAL_Driver/Src/stm32f4xx_hal_dma.c ****   {
 430              		.loc 1 212 14 is_stmt 0 view .LVU134
 431 0024 2368     		ldr	r3, [r4]
 212:Drivers/STM32F4xx_HAL_Driver/Src/stm32f4xx_hal_dma.c ****   {
 432              		.loc 1 212 24 view .LVU135
 433 0026 1A68     		ldr	r2, [r3]
 212:Drivers/STM32F4xx_HAL_Driver/Src/stm32f4xx_hal_dma.c ****   {
 434              		.loc 1 212 44 view .LVU136
 435 0028 12F0010F 		tst	r2, #1
 436 002c 0AD0     		beq	.L40
 215:Drivers/STM32F4xx_HAL_Driver/Src/stm32f4xx_hal_dma.c ****     {
 437              		.loc 1 215 5 is_stmt 1 view .LVU137
 215:Drivers/STM32F4xx_HAL_Driver/Src/stm32f4xx_hal_dma.c ****     {
 438              		.loc 1 215 9 is_stmt 0 view .LVU138
 439 002e FFF7FEFF 		bl	HAL_GetTick
 440              	.LVL50:
 215:Drivers/STM32F4xx_HAL_Driver/Src/stm32f4xx_hal_dma.c ****     {
 441              		.loc 1 215 23 discriminator 1 view .LVU139
 442 0032 431B     		subs	r3, r0, r5
 215:Drivers/STM32F4xx_HAL_Driver/Src/stm32f4xx_hal_dma.c ****     {
 443              		.loc 1 215 7 discriminator 1 view .LVU140
 444 0034 052B     		cmp	r3, #5
 445 0036 F5D9     		bls	.L34
 218:Drivers/STM32F4xx_HAL_Driver/Src/stm32f4xx_hal_dma.c ****       
 446              		.loc 1 218 7 is_stmt 1 view .LVU141
 218:Drivers/STM32F4xx_HAL_Driver/Src/stm32f4xx_hal_dma.c ****       
 447              		.loc 1 218 23 is_stmt 0 view .LVU142
 448 0038 2023     		movs	r3, #32
 449 003a 6365     		str	r3, [r4, #84]
 221:Drivers/STM32F4xx_HAL_Driver/Src/stm32f4xx_hal_dma.c ****       
 450              		.loc 1 221 7 is_stmt 1 view .LVU143
 221:Drivers/STM32F4xx_HAL_Driver/Src/stm32f4xx_hal_dma.c ****       
 451              		.loc 1 221 19 is_stmt 0 view .LVU144
 452 003c 0320     		movs	r0, #3
 453 003e 84F83500 		strb	r0, [r4, #53]
 223:Drivers/STM32F4xx_HAL_Driver/Src/stm32f4xx_hal_dma.c ****     }
 454              		.loc 1 223 7 is_stmt 1 view .LVU145
 455              	.LVL51:
 456              	.L33:
 301:Drivers/STM32F4xx_HAL_Driver/Src/stm32f4xx_hal_dma.c **** 
ARM GAS  C:\Users\Lenovo\AppData\Local\Temp\ccv3Zezd.s 			page 33


 457              		.loc 1 301 1 is_stmt 0 view .LVU146
 458 0042 70BD     		pop	{r4, r5, r6, pc}
 459              	.LVL52:
 460              	.L40:
 228:Drivers/STM32F4xx_HAL_Driver/Src/stm32f4xx_hal_dma.c **** 
 461              		.loc 1 228 3 is_stmt 1 view .LVU147
 228:Drivers/STM32F4xx_HAL_Driver/Src/stm32f4xx_hal_dma.c **** 
 462              		.loc 1 228 7 is_stmt 0 view .LVU148
 463 0044 1A68     		ldr	r2, [r3]
 464              	.LVL53:
 231:Drivers/STM32F4xx_HAL_Driver/Src/stm32f4xx_hal_dma.c ****                       DMA_SxCR_PL    | DMA_SxCR_MSIZE  | DMA_SxCR_PSIZE  | \
 465              		.loc 1 231 3 is_stmt 1 view .LVU149
 231:Drivers/STM32F4xx_HAL_Driver/Src/stm32f4xx_hal_dma.c ****                       DMA_SxCR_PL    | DMA_SxCR_MSIZE  | DMA_SxCR_PSIZE  | \
 466              		.loc 1 231 7 is_stmt 0 view .LVU150
 467 0046 2049     		ldr	r1, .L43
 468 0048 1140     		ands	r1, r1, r2
 469              	.LVL54:
 237:Drivers/STM32F4xx_HAL_Driver/Src/stm32f4xx_hal_dma.c ****           hdma->Init.PeriphInc           | hdma->Init.MemInc           |
 470              		.loc 1 237 3 is_stmt 1 view .LVU151
 237:Drivers/STM32F4xx_HAL_Driver/Src/stm32f4xx_hal_dma.c ****           hdma->Init.PeriphInc           | hdma->Init.MemInc           |
 471              		.loc 1 237 21 is_stmt 0 view .LVU152
 472 004a 6268     		ldr	r2, [r4, #4]
 237:Drivers/STM32F4xx_HAL_Driver/Src/stm32f4xx_hal_dma.c ****           hdma->Init.PeriphInc           | hdma->Init.MemInc           |
 473              		.loc 1 237 54 view .LVU153
 474 004c A068     		ldr	r0, [r4, #8]
 237:Drivers/STM32F4xx_HAL_Driver/Src/stm32f4xx_hal_dma.c ****           hdma->Init.PeriphInc           | hdma->Init.MemInc           |
 475              		.loc 1 237 42 view .LVU154
 476 004e 0243     		orrs	r2, r2, r0
 238:Drivers/STM32F4xx_HAL_Driver/Src/stm32f4xx_hal_dma.c ****           hdma->Init.PeriphDataAlignment | hdma->Init.MemDataAlignment |
 477              		.loc 1 238 21 view .LVU155
 478 0050 E068     		ldr	r0, [r4, #12]
 237:Drivers/STM32F4xx_HAL_Driver/Src/stm32f4xx_hal_dma.c ****           hdma->Init.PeriphInc           | hdma->Init.MemInc           |
 479              		.loc 1 237 72 view .LVU156
 480 0052 0243     		orrs	r2, r2, r0
 238:Drivers/STM32F4xx_HAL_Driver/Src/stm32f4xx_hal_dma.c ****           hdma->Init.PeriphDataAlignment | hdma->Init.MemDataAlignment |
 481              		.loc 1 238 54 view .LVU157
 482 0054 2069     		ldr	r0, [r4, #16]
 238:Drivers/STM32F4xx_HAL_Driver/Src/stm32f4xx_hal_dma.c ****           hdma->Init.PeriphDataAlignment | hdma->Init.MemDataAlignment |
 483              		.loc 1 238 42 view .LVU158
 484 0056 0243     		orrs	r2, r2, r0
 239:Drivers/STM32F4xx_HAL_Driver/Src/stm32f4xx_hal_dma.c ****           hdma->Init.Mode                | hdma->Init.Priority;
 485              		.loc 1 239 21 view .LVU159
 486 0058 6069     		ldr	r0, [r4, #20]
 238:Drivers/STM32F4xx_HAL_Driver/Src/stm32f4xx_hal_dma.c ****           hdma->Init.PeriphDataAlignment | hdma->Init.MemDataAlignment |
 487              		.loc 1 238 72 view .LVU160
 488 005a 0243     		orrs	r2, r2, r0
 239:Drivers/STM32F4xx_HAL_Driver/Src/stm32f4xx_hal_dma.c ****           hdma->Init.Mode                | hdma->Init.Priority;
 489              		.loc 1 239 54 view .LVU161
 490 005c A069     		ldr	r0, [r4, #24]
 239:Drivers/STM32F4xx_HAL_Driver/Src/stm32f4xx_hal_dma.c ****           hdma->Init.Mode                | hdma->Init.Priority;
 491              		.loc 1 239 42 view .LVU162
 492 005e 0243     		orrs	r2, r2, r0
 240:Drivers/STM32F4xx_HAL_Driver/Src/stm32f4xx_hal_dma.c **** 
 493              		.loc 1 240 21 view .LVU163
 494 0060 E069     		ldr	r0, [r4, #28]
 239:Drivers/STM32F4xx_HAL_Driver/Src/stm32f4xx_hal_dma.c ****           hdma->Init.Mode                | hdma->Init.Priority;
 495              		.loc 1 239 72 view .LVU164
ARM GAS  C:\Users\Lenovo\AppData\Local\Temp\ccv3Zezd.s 			page 34


 496 0062 0243     		orrs	r2, r2, r0
 240:Drivers/STM32F4xx_HAL_Driver/Src/stm32f4xx_hal_dma.c **** 
 497              		.loc 1 240 54 view .LVU165
 498 0064 206A     		ldr	r0, [r4, #32]
 240:Drivers/STM32F4xx_HAL_Driver/Src/stm32f4xx_hal_dma.c **** 
 499              		.loc 1 240 42 view .LVU166
 500 0066 0243     		orrs	r2, r2, r0
 237:Drivers/STM32F4xx_HAL_Driver/Src/stm32f4xx_hal_dma.c ****           hdma->Init.PeriphInc           | hdma->Init.MemInc           |
 501              		.loc 1 237 7 view .LVU167
 502 0068 0A43     		orrs	r2, r2, r1
 503              	.LVL55:
 243:Drivers/STM32F4xx_HAL_Driver/Src/stm32f4xx_hal_dma.c ****   {
 504              		.loc 1 243 3 is_stmt 1 view .LVU168
 243:Drivers/STM32F4xx_HAL_Driver/Src/stm32f4xx_hal_dma.c ****   {
 505              		.loc 1 243 16 is_stmt 0 view .LVU169
 506 006a 616A     		ldr	r1, [r4, #36]
 243:Drivers/STM32F4xx_HAL_Driver/Src/stm32f4xx_hal_dma.c ****   {
 507              		.loc 1 243 5 view .LVU170
 508 006c 0429     		cmp	r1, #4
 509 006e 1ED0     		beq	.L41
 510              	.LVL56:
 511              	.L36:
 250:Drivers/STM32F4xx_HAL_Driver/Src/stm32f4xx_hal_dma.c **** 
 512              		.loc 1 250 3 is_stmt 1 view .LVU171
 250:Drivers/STM32F4xx_HAL_Driver/Src/stm32f4xx_hal_dma.c **** 
 513              		.loc 1 250 22 is_stmt 0 view .LVU172
 514 0070 1A60     		str	r2, [r3]
 253:Drivers/STM32F4xx_HAL_Driver/Src/stm32f4xx_hal_dma.c **** 
 515              		.loc 1 253 3 is_stmt 1 view .LVU173
 253:Drivers/STM32F4xx_HAL_Driver/Src/stm32f4xx_hal_dma.c **** 
 516              		.loc 1 253 13 is_stmt 0 view .LVU174
 517 0072 2668     		ldr	r6, [r4]
 253:Drivers/STM32F4xx_HAL_Driver/Src/stm32f4xx_hal_dma.c **** 
 518              		.loc 1 253 7 view .LVU175
 519 0074 7569     		ldr	r5, [r6, #20]
 520              	.LVL57:
 256:Drivers/STM32F4xx_HAL_Driver/Src/stm32f4xx_hal_dma.c **** 
 521              		.loc 1 256 3 is_stmt 1 view .LVU176
 256:Drivers/STM32F4xx_HAL_Driver/Src/stm32f4xx_hal_dma.c **** 
 522              		.loc 1 256 7 is_stmt 0 view .LVU177
 523 0076 25F00705 		bic	r5, r5, #7
 524              	.LVL58:
 259:Drivers/STM32F4xx_HAL_Driver/Src/stm32f4xx_hal_dma.c **** 
 525              		.loc 1 259 3 is_stmt 1 view .LVU178
 259:Drivers/STM32F4xx_HAL_Driver/Src/stm32f4xx_hal_dma.c **** 
 526              		.loc 1 259 20 is_stmt 0 view .LVU179
 527 007a 636A     		ldr	r3, [r4, #36]
 259:Drivers/STM32F4xx_HAL_Driver/Src/stm32f4xx_hal_dma.c **** 
 528              		.loc 1 259 7 view .LVU180
 529 007c 1D43     		orrs	r5, r5, r3
 530              	.LVL59:
 262:Drivers/STM32F4xx_HAL_Driver/Src/stm32f4xx_hal_dma.c ****   {
 531              		.loc 1 262 3 is_stmt 1 view .LVU181
 262:Drivers/STM32F4xx_HAL_Driver/Src/stm32f4xx_hal_dma.c ****   {
 532              		.loc 1 262 5 is_stmt 0 view .LVU182
 533 007e 042B     		cmp	r3, #4
 534 0080 07D1     		bne	.L37
ARM GAS  C:\Users\Lenovo\AppData\Local\Temp\ccv3Zezd.s 			page 35


 265:Drivers/STM32F4xx_HAL_Driver/Src/stm32f4xx_hal_dma.c ****     
 535              		.loc 1 265 5 is_stmt 1 view .LVU183
 265:Drivers/STM32F4xx_HAL_Driver/Src/stm32f4xx_hal_dma.c ****     
 536              		.loc 1 265 22 is_stmt 0 view .LVU184
 537 0082 A36A     		ldr	r3, [r4, #40]
 265:Drivers/STM32F4xx_HAL_Driver/Src/stm32f4xx_hal_dma.c ****     
 538              		.loc 1 265 9 view .LVU185
 539 0084 1D43     		orrs	r5, r5, r3
 540              	.LVL60:
 269:Drivers/STM32F4xx_HAL_Driver/Src/stm32f4xx_hal_dma.c ****     {
 541              		.loc 1 269 5 is_stmt 1 view .LVU186
 269:Drivers/STM32F4xx_HAL_Driver/Src/stm32f4xx_hal_dma.c ****     {
 542              		.loc 1 269 19 is_stmt 0 view .LVU187
 543 0086 E36A     		ldr	r3, [r4, #44]
 269:Drivers/STM32F4xx_HAL_Driver/Src/stm32f4xx_hal_dma.c ****     {
 544              		.loc 1 269 8 view .LVU188
 545 0088 1BB1     		cbz	r3, .L37
 271:Drivers/STM32F4xx_HAL_Driver/Src/stm32f4xx_hal_dma.c ****       {
 546              		.loc 1 271 7 is_stmt 1 view .LVU189
 271:Drivers/STM32F4xx_HAL_Driver/Src/stm32f4xx_hal_dma.c ****       {
 547              		.loc 1 271 11 is_stmt 0 view .LVU190
 548 008a 2046     		mov	r0, r4
 549 008c FFF7FEFF 		bl	DMA_CheckFifoParam
 550              	.LVL61:
 271:Drivers/STM32F4xx_HAL_Driver/Src/stm32f4xx_hal_dma.c ****       {
 551              		.loc 1 271 10 discriminator 1 view .LVU191
 552 0090 90B9     		cbnz	r0, .L42
 553              	.L37:
 285:Drivers/STM32F4xx_HAL_Driver/Src/stm32f4xx_hal_dma.c **** 
 554              		.loc 1 285 3 is_stmt 1 view .LVU192
 285:Drivers/STM32F4xx_HAL_Driver/Src/stm32f4xx_hal_dma.c **** 
 555              		.loc 1 285 23 is_stmt 0 view .LVU193
 556 0092 7561     		str	r5, [r6, #20]
 289:Drivers/STM32F4xx_HAL_Driver/Src/stm32f4xx_hal_dma.c ****   
 557              		.loc 1 289 3 is_stmt 1 view .LVU194
 289:Drivers/STM32F4xx_HAL_Driver/Src/stm32f4xx_hal_dma.c ****   
 558              		.loc 1 289 32 is_stmt 0 view .LVU195
 559 0094 2046     		mov	r0, r4
 560 0096 FFF7FEFF 		bl	DMA_CalcBaseAndBitshift
 561              	.LVL62:
 292:Drivers/STM32F4xx_HAL_Driver/Src/stm32f4xx_hal_dma.c **** 
 562              		.loc 1 292 3 is_stmt 1 view .LVU196
 292:Drivers/STM32F4xx_HAL_Driver/Src/stm32f4xx_hal_dma.c **** 
 563              		.loc 1 292 29 is_stmt 0 view .LVU197
 564 009a E26D     		ldr	r2, [r4, #92]
 292:Drivers/STM32F4xx_HAL_Driver/Src/stm32f4xx_hal_dma.c **** 
 565              		.loc 1 292 22 view .LVU198
 566 009c 3F23     		movs	r3, #63
 567 009e 9340     		lsls	r3, r3, r2
 292:Drivers/STM32F4xx_HAL_Driver/Src/stm32f4xx_hal_dma.c **** 
 568              		.loc 1 292 14 view .LVU199
 569 00a0 8360     		str	r3, [r0, #8]
 295:Drivers/STM32F4xx_HAL_Driver/Src/stm32f4xx_hal_dma.c ****                                                                                      
 570              		.loc 1 295 3 is_stmt 1 view .LVU200
 295:Drivers/STM32F4xx_HAL_Driver/Src/stm32f4xx_hal_dma.c ****                                                                                      
 571              		.loc 1 295 19 is_stmt 0 view .LVU201
 572 00a2 0020     		movs	r0, #0
ARM GAS  C:\Users\Lenovo\AppData\Local\Temp\ccv3Zezd.s 			page 36


 573              	.LVL63:
 295:Drivers/STM32F4xx_HAL_Driver/Src/stm32f4xx_hal_dma.c ****                                                                                      
 574              		.loc 1 295 19 view .LVU202
 575 00a4 6065     		str	r0, [r4, #84]
 298:Drivers/STM32F4xx_HAL_Driver/Src/stm32f4xx_hal_dma.c **** 
 576              		.loc 1 298 3 is_stmt 1 view .LVU203
 298:Drivers/STM32F4xx_HAL_Driver/Src/stm32f4xx_hal_dma.c **** 
 577              		.loc 1 298 15 is_stmt 0 view .LVU204
 578 00a6 0123     		movs	r3, #1
 579 00a8 84F83530 		strb	r3, [r4, #53]
 300:Drivers/STM32F4xx_HAL_Driver/Src/stm32f4xx_hal_dma.c **** }
 580              		.loc 1 300 3 is_stmt 1 view .LVU205
 300:Drivers/STM32F4xx_HAL_Driver/Src/stm32f4xx_hal_dma.c **** }
 581              		.loc 1 300 10 is_stmt 0 view .LVU206
 582 00ac C9E7     		b	.L33
 583              	.LVL64:
 584              	.L41:
 246:Drivers/STM32F4xx_HAL_Driver/Src/stm32f4xx_hal_dma.c ****   }
 585              		.loc 1 246 5 is_stmt 1 view .LVU207
 246:Drivers/STM32F4xx_HAL_Driver/Src/stm32f4xx_hal_dma.c ****   }
 586              		.loc 1 246 23 is_stmt 0 view .LVU208
 587 00ae E16A     		ldr	r1, [r4, #44]
 246:Drivers/STM32F4xx_HAL_Driver/Src/stm32f4xx_hal_dma.c ****   }
 588              		.loc 1 246 45 view .LVU209
 589 00b0 206B     		ldr	r0, [r4, #48]
 246:Drivers/STM32F4xx_HAL_Driver/Src/stm32f4xx_hal_dma.c ****   }
 590              		.loc 1 246 33 view .LVU210
 591 00b2 0143     		orrs	r1, r1, r0
 246:Drivers/STM32F4xx_HAL_Driver/Src/stm32f4xx_hal_dma.c ****   }
 592              		.loc 1 246 9 view .LVU211
 593 00b4 0A43     		orrs	r2, r2, r1
 594              	.LVL65:
 246:Drivers/STM32F4xx_HAL_Driver/Src/stm32f4xx_hal_dma.c ****   }
 595              		.loc 1 246 9 view .LVU212
 596 00b6 DBE7     		b	.L36
 597              	.LVL66:
 598              	.L42:
 274:Drivers/STM32F4xx_HAL_Driver/Src/stm32f4xx_hal_dma.c ****         
 599              		.loc 1 274 9 is_stmt 1 view .LVU213
 274:Drivers/STM32F4xx_HAL_Driver/Src/stm32f4xx_hal_dma.c ****         
 600              		.loc 1 274 25 is_stmt 0 view .LVU214
 601 00b8 4023     		movs	r3, #64
 602 00ba 6365     		str	r3, [r4, #84]
 277:Drivers/STM32F4xx_HAL_Driver/Src/stm32f4xx_hal_dma.c ****         
 603              		.loc 1 277 9 is_stmt 1 view .LVU215
 277:Drivers/STM32F4xx_HAL_Driver/Src/stm32f4xx_hal_dma.c ****         
 604              		.loc 1 277 21 is_stmt 0 view .LVU216
 605 00bc 0120     		movs	r0, #1
 606 00be 84F83500 		strb	r0, [r4, #53]
 279:Drivers/STM32F4xx_HAL_Driver/Src/stm32f4xx_hal_dma.c ****       }
 607              		.loc 1 279 9 is_stmt 1 view .LVU217
 279:Drivers/STM32F4xx_HAL_Driver/Src/stm32f4xx_hal_dma.c ****       }
 608              		.loc 1 279 16 is_stmt 0 view .LVU218
 609 00c2 BEE7     		b	.L33
 610              	.LVL67:
 611              	.L38:
 179:Drivers/STM32F4xx_HAL_Driver/Src/stm32f4xx_hal_dma.c ****   }
ARM GAS  C:\Users\Lenovo\AppData\Local\Temp\ccv3Zezd.s 			page 37


 612              		.loc 1 179 12 view .LVU219
 613 00c4 0120     		movs	r0, #1
 614              	.LVL68:
 179:Drivers/STM32F4xx_HAL_Driver/Src/stm32f4xx_hal_dma.c ****   }
 615              		.loc 1 179 12 view .LVU220
 616 00c6 BCE7     		b	.L33
 617              	.L44:
 618              		.align	2
 619              	.L43:
 620 00c8 3F8010F0 		.word	-267354049
 621              		.cfi_endproc
 622              	.LFE134:
 624              		.section	.text.HAL_DMA_DeInit,"ax",%progbits
 625              		.align	1
 626              		.global	HAL_DMA_DeInit
 627              		.syntax unified
 628              		.thumb
 629              		.thumb_func
 631              	HAL_DMA_DeInit:
 632              	.LVL69:
 633              	.LFB135:
 310:Drivers/STM32F4xx_HAL_Driver/Src/stm32f4xx_hal_dma.c ****   DMA_Base_Registers *regs;
 634              		.loc 1 310 1 is_stmt 1 view -0
 635              		.cfi_startproc
 636              		@ args = 0, pretend = 0, frame = 0
 637              		@ frame_needed = 0, uses_anonymous_args = 0
 311:Drivers/STM32F4xx_HAL_Driver/Src/stm32f4xx_hal_dma.c **** 
 638              		.loc 1 311 3 view .LVU222
 314:Drivers/STM32F4xx_HAL_Driver/Src/stm32f4xx_hal_dma.c ****   {
 639              		.loc 1 314 3 view .LVU223
 314:Drivers/STM32F4xx_HAL_Driver/Src/stm32f4xx_hal_dma.c ****   {
 640              		.loc 1 314 5 is_stmt 0 view .LVU224
 641 0000 0028     		cmp	r0, #0
 642 0002 2DD0     		beq	.L47
 310:Drivers/STM32F4xx_HAL_Driver/Src/stm32f4xx_hal_dma.c ****   DMA_Base_Registers *regs;
 643              		.loc 1 310 1 view .LVU225
 644 0004 38B5     		push	{r3, r4, r5, lr}
 645              	.LCFI5:
 646              		.cfi_def_cfa_offset 16
 647              		.cfi_offset 3, -16
 648              		.cfi_offset 4, -12
 649              		.cfi_offset 5, -8
 650              		.cfi_offset 14, -4
 651 0006 0446     		mov	r4, r0
 320:Drivers/STM32F4xx_HAL_Driver/Src/stm32f4xx_hal_dma.c ****   {
 652              		.loc 1 320 3 is_stmt 1 view .LVU226
 320:Drivers/STM32F4xx_HAL_Driver/Src/stm32f4xx_hal_dma.c ****   {
 653              		.loc 1 320 10 is_stmt 0 view .LVU227
 654 0008 90F83530 		ldrb	r3, [r0, #53]	@ zero_extendqisi2
 655 000c D8B2     		uxtb	r0, r3
 656              	.LVL70:
 320:Drivers/STM32F4xx_HAL_Driver/Src/stm32f4xx_hal_dma.c ****   {
 657              		.loc 1 320 5 view .LVU228
 658 000e 022B     		cmp	r3, #2
 659 0010 25D0     		beq	.L46
 327:Drivers/STM32F4xx_HAL_Driver/Src/stm32f4xx_hal_dma.c **** 
 660              		.loc 1 327 3 is_stmt 1 view .LVU229
ARM GAS  C:\Users\Lenovo\AppData\Local\Temp\ccv3Zezd.s 			page 38


 330:Drivers/STM32F4xx_HAL_Driver/Src/stm32f4xx_hal_dma.c **** 
 661              		.loc 1 330 3 view .LVU230
 662 0012 2268     		ldr	r2, [r4]
 663 0014 1368     		ldr	r3, [r2]
 664 0016 23F00103 		bic	r3, r3, #1
 665 001a 1360     		str	r3, [r2]
 333:Drivers/STM32F4xx_HAL_Driver/Src/stm32f4xx_hal_dma.c **** 
 666              		.loc 1 333 3 view .LVU231
 333:Drivers/STM32F4xx_HAL_Driver/Src/stm32f4xx_hal_dma.c **** 
 667              		.loc 1 333 7 is_stmt 0 view .LVU232
 668 001c 2368     		ldr	r3, [r4]
 333:Drivers/STM32F4xx_HAL_Driver/Src/stm32f4xx_hal_dma.c **** 
 669              		.loc 1 333 24 view .LVU233
 670 001e 0025     		movs	r5, #0
 671 0020 1D60     		str	r5, [r3]
 336:Drivers/STM32F4xx_HAL_Driver/Src/stm32f4xx_hal_dma.c **** 
 672              		.loc 1 336 3 is_stmt 1 view .LVU234
 336:Drivers/STM32F4xx_HAL_Driver/Src/stm32f4xx_hal_dma.c **** 
 673              		.loc 1 336 7 is_stmt 0 view .LVU235
 674 0022 2368     		ldr	r3, [r4]
 336:Drivers/STM32F4xx_HAL_Driver/Src/stm32f4xx_hal_dma.c **** 
 675              		.loc 1 336 24 view .LVU236
 676 0024 5D60     		str	r5, [r3, #4]
 339:Drivers/STM32F4xx_HAL_Driver/Src/stm32f4xx_hal_dma.c **** 
 677              		.loc 1 339 3 is_stmt 1 view .LVU237
 339:Drivers/STM32F4xx_HAL_Driver/Src/stm32f4xx_hal_dma.c **** 
 678              		.loc 1 339 7 is_stmt 0 view .LVU238
 679 0026 2368     		ldr	r3, [r4]
 339:Drivers/STM32F4xx_HAL_Driver/Src/stm32f4xx_hal_dma.c **** 
 680              		.loc 1 339 24 view .LVU239
 681 0028 9D60     		str	r5, [r3, #8]
 342:Drivers/STM32F4xx_HAL_Driver/Src/stm32f4xx_hal_dma.c ****   
 682              		.loc 1 342 3 is_stmt 1 view .LVU240
 342:Drivers/STM32F4xx_HAL_Driver/Src/stm32f4xx_hal_dma.c ****   
 683              		.loc 1 342 7 is_stmt 0 view .LVU241
 684 002a 2368     		ldr	r3, [r4]
 342:Drivers/STM32F4xx_HAL_Driver/Src/stm32f4xx_hal_dma.c ****   
 685              		.loc 1 342 24 view .LVU242
 686 002c DD60     		str	r5, [r3, #12]
 345:Drivers/STM32F4xx_HAL_Driver/Src/stm32f4xx_hal_dma.c ****   
 687              		.loc 1 345 3 is_stmt 1 view .LVU243
 345:Drivers/STM32F4xx_HAL_Driver/Src/stm32f4xx_hal_dma.c ****   
 688              		.loc 1 345 7 is_stmt 0 view .LVU244
 689 002e 2368     		ldr	r3, [r4]
 345:Drivers/STM32F4xx_HAL_Driver/Src/stm32f4xx_hal_dma.c ****   
 690              		.loc 1 345 24 view .LVU245
 691 0030 1D61     		str	r5, [r3, #16]
 348:Drivers/STM32F4xx_HAL_Driver/Src/stm32f4xx_hal_dma.c ****   
 692              		.loc 1 348 3 is_stmt 1 view .LVU246
 348:Drivers/STM32F4xx_HAL_Driver/Src/stm32f4xx_hal_dma.c ****   
 693              		.loc 1 348 7 is_stmt 0 view .LVU247
 694 0032 2368     		ldr	r3, [r4]
 348:Drivers/STM32F4xx_HAL_Driver/Src/stm32f4xx_hal_dma.c ****   
 695              		.loc 1 348 24 view .LVU248
 696 0034 2122     		movs	r2, #33
 697 0036 5A61     		str	r2, [r3, #20]
 351:Drivers/STM32F4xx_HAL_Driver/Src/stm32f4xx_hal_dma.c ****   
ARM GAS  C:\Users\Lenovo\AppData\Local\Temp\ccv3Zezd.s 			page 39


 698              		.loc 1 351 3 is_stmt 1 view .LVU249
 351:Drivers/STM32F4xx_HAL_Driver/Src/stm32f4xx_hal_dma.c ****   
 699              		.loc 1 351 32 is_stmt 0 view .LVU250
 700 0038 2046     		mov	r0, r4
 701 003a FFF7FEFF 		bl	DMA_CalcBaseAndBitshift
 702              	.LVL71:
 354:Drivers/STM32F4xx_HAL_Driver/Src/stm32f4xx_hal_dma.c ****   hdma->XferHalfCpltCallback = NULL;
 703              		.loc 1 354 3 is_stmt 1 view .LVU251
 354:Drivers/STM32F4xx_HAL_Driver/Src/stm32f4xx_hal_dma.c ****   hdma->XferHalfCpltCallback = NULL;
 704              		.loc 1 354 26 is_stmt 0 view .LVU252
 705 003e E563     		str	r5, [r4, #60]
 355:Drivers/STM32F4xx_HAL_Driver/Src/stm32f4xx_hal_dma.c ****   hdma->XferM1CpltCallback = NULL;
 706              		.loc 1 355 3 is_stmt 1 view .LVU253
 355:Drivers/STM32F4xx_HAL_Driver/Src/stm32f4xx_hal_dma.c ****   hdma->XferM1CpltCallback = NULL;
 707              		.loc 1 355 30 is_stmt 0 view .LVU254
 708 0040 2564     		str	r5, [r4, #64]
 356:Drivers/STM32F4xx_HAL_Driver/Src/stm32f4xx_hal_dma.c ****   hdma->XferM1HalfCpltCallback = NULL;
 709              		.loc 1 356 3 is_stmt 1 view .LVU255
 356:Drivers/STM32F4xx_HAL_Driver/Src/stm32f4xx_hal_dma.c ****   hdma->XferM1HalfCpltCallback = NULL;
 710              		.loc 1 356 28 is_stmt 0 view .LVU256
 711 0042 6564     		str	r5, [r4, #68]
 357:Drivers/STM32F4xx_HAL_Driver/Src/stm32f4xx_hal_dma.c ****   hdma->XferErrorCallback = NULL;
 712              		.loc 1 357 3 is_stmt 1 view .LVU257
 357:Drivers/STM32F4xx_HAL_Driver/Src/stm32f4xx_hal_dma.c ****   hdma->XferErrorCallback = NULL;
 713              		.loc 1 357 32 is_stmt 0 view .LVU258
 714 0044 A564     		str	r5, [r4, #72]
 358:Drivers/STM32F4xx_HAL_Driver/Src/stm32f4xx_hal_dma.c ****   hdma->XferAbortCallback = NULL;
 715              		.loc 1 358 3 is_stmt 1 view .LVU259
 358:Drivers/STM32F4xx_HAL_Driver/Src/stm32f4xx_hal_dma.c ****   hdma->XferAbortCallback = NULL;
 716              		.loc 1 358 27 is_stmt 0 view .LVU260
 717 0046 E564     		str	r5, [r4, #76]
 359:Drivers/STM32F4xx_HAL_Driver/Src/stm32f4xx_hal_dma.c **** 
 718              		.loc 1 359 3 is_stmt 1 view .LVU261
 359:Drivers/STM32F4xx_HAL_Driver/Src/stm32f4xx_hal_dma.c **** 
 719              		.loc 1 359 27 is_stmt 0 view .LVU262
 720 0048 2565     		str	r5, [r4, #80]
 362:Drivers/STM32F4xx_HAL_Driver/Src/stm32f4xx_hal_dma.c **** 
 721              		.loc 1 362 3 is_stmt 1 view .LVU263
 362:Drivers/STM32F4xx_HAL_Driver/Src/stm32f4xx_hal_dma.c **** 
 722              		.loc 1 362 29 is_stmt 0 view .LVU264
 723 004a E26D     		ldr	r2, [r4, #92]
 362:Drivers/STM32F4xx_HAL_Driver/Src/stm32f4xx_hal_dma.c **** 
 724              		.loc 1 362 22 view .LVU265
 725 004c 3F23     		movs	r3, #63
 726 004e 9340     		lsls	r3, r3, r2
 362:Drivers/STM32F4xx_HAL_Driver/Src/stm32f4xx_hal_dma.c **** 
 727              		.loc 1 362 14 view .LVU266
 728 0050 8360     		str	r3, [r0, #8]
 365:Drivers/STM32F4xx_HAL_Driver/Src/stm32f4xx_hal_dma.c **** 
 729              		.loc 1 365 3 is_stmt 1 view .LVU267
 365:Drivers/STM32F4xx_HAL_Driver/Src/stm32f4xx_hal_dma.c **** 
 730              		.loc 1 365 19 is_stmt 0 view .LVU268
 731 0052 6565     		str	r5, [r4, #84]
 368:Drivers/STM32F4xx_HAL_Driver/Src/stm32f4xx_hal_dma.c **** 
 732              		.loc 1 368 3 is_stmt 1 view .LVU269
 368:Drivers/STM32F4xx_HAL_Driver/Src/stm32f4xx_hal_dma.c **** 
 733              		.loc 1 368 15 is_stmt 0 view .LVU270
ARM GAS  C:\Users\Lenovo\AppData\Local\Temp\ccv3Zezd.s 			page 40


 734 0054 84F83550 		strb	r5, [r4, #53]
 371:Drivers/STM32F4xx_HAL_Driver/Src/stm32f4xx_hal_dma.c **** 
 735              		.loc 1 371 3 is_stmt 1 view .LVU271
 371:Drivers/STM32F4xx_HAL_Driver/Src/stm32f4xx_hal_dma.c **** 
 736              		.loc 1 371 3 view .LVU272
 737 0058 84F83450 		strb	r5, [r4, #52]
 371:Drivers/STM32F4xx_HAL_Driver/Src/stm32f4xx_hal_dma.c **** 
 738              		.loc 1 371 3 view .LVU273
 373:Drivers/STM32F4xx_HAL_Driver/Src/stm32f4xx_hal_dma.c **** }
 739              		.loc 1 373 3 view .LVU274
 373:Drivers/STM32F4xx_HAL_Driver/Src/stm32f4xx_hal_dma.c **** }
 740              		.loc 1 373 10 is_stmt 0 view .LVU275
 741 005c 2846     		mov	r0, r5
 742              	.LVL72:
 743              	.L46:
 374:Drivers/STM32F4xx_HAL_Driver/Src/stm32f4xx_hal_dma.c **** 
 744              		.loc 1 374 1 view .LVU276
 745 005e 38BD     		pop	{r3, r4, r5, pc}
 746              	.LVL73:
 747              	.L47:
 748              	.LCFI6:
 749              		.cfi_def_cfa_offset 0
 750              		.cfi_restore 3
 751              		.cfi_restore 4
 752              		.cfi_restore 5
 753              		.cfi_restore 14
 316:Drivers/STM32F4xx_HAL_Driver/Src/stm32f4xx_hal_dma.c ****   }
 754              		.loc 1 316 12 view .LVU277
 755 0060 0120     		movs	r0, #1
 756              	.LVL74:
 374:Drivers/STM32F4xx_HAL_Driver/Src/stm32f4xx_hal_dma.c **** 
 757              		.loc 1 374 1 view .LVU278
 758 0062 7047     		bx	lr
 759              		.cfi_endproc
 760              	.LFE135:
 762              		.section	.text.HAL_DMA_Start,"ax",%progbits
 763              		.align	1
 764              		.global	HAL_DMA_Start
 765              		.syntax unified
 766              		.thumb
 767              		.thumb_func
 769              	HAL_DMA_Start:
 770              	.LVL75:
 771              	.LFB136:
 408:Drivers/STM32F4xx_HAL_Driver/Src/stm32f4xx_hal_dma.c ****   HAL_StatusTypeDef status = HAL_OK;
 772              		.loc 1 408 1 is_stmt 1 view -0
 773              		.cfi_startproc
 774              		@ args = 0, pretend = 0, frame = 0
 775              		@ frame_needed = 0, uses_anonymous_args = 0
 408:Drivers/STM32F4xx_HAL_Driver/Src/stm32f4xx_hal_dma.c ****   HAL_StatusTypeDef status = HAL_OK;
 776              		.loc 1 408 1 is_stmt 0 view .LVU280
 777 0000 38B5     		push	{r3, r4, r5, lr}
 778              	.LCFI7:
 779              		.cfi_def_cfa_offset 16
 780              		.cfi_offset 3, -16
 781              		.cfi_offset 4, -12
 782              		.cfi_offset 5, -8
ARM GAS  C:\Users\Lenovo\AppData\Local\Temp\ccv3Zezd.s 			page 41


 783              		.cfi_offset 14, -4
 784 0002 0446     		mov	r4, r0
 409:Drivers/STM32F4xx_HAL_Driver/Src/stm32f4xx_hal_dma.c ****   
 785              		.loc 1 409 3 is_stmt 1 view .LVU281
 786              	.LVL76:
 412:Drivers/STM32F4xx_HAL_Driver/Src/stm32f4xx_hal_dma.c **** 
 787              		.loc 1 412 3 view .LVU282
 415:Drivers/STM32F4xx_HAL_Driver/Src/stm32f4xx_hal_dma.c **** 
 788              		.loc 1 415 3 view .LVU283
 415:Drivers/STM32F4xx_HAL_Driver/Src/stm32f4xx_hal_dma.c **** 
 789              		.loc 1 415 3 view .LVU284
 790 0004 90F83400 		ldrb	r0, [r0, #52]	@ zero_extendqisi2
 791              	.LVL77:
 415:Drivers/STM32F4xx_HAL_Driver/Src/stm32f4xx_hal_dma.c **** 
 792              		.loc 1 415 3 is_stmt 0 view .LVU285
 793 0008 0128     		cmp	r0, #1
 794 000a 1AD0     		beq	.L55
 415:Drivers/STM32F4xx_HAL_Driver/Src/stm32f4xx_hal_dma.c **** 
 795              		.loc 1 415 3 is_stmt 1 discriminator 2 view .LVU286
 796 000c 0120     		movs	r0, #1
 797 000e 84F83400 		strb	r0, [r4, #52]
 415:Drivers/STM32F4xx_HAL_Driver/Src/stm32f4xx_hal_dma.c **** 
 798              		.loc 1 415 3 view .LVU287
 417:Drivers/STM32F4xx_HAL_Driver/Src/stm32f4xx_hal_dma.c ****   {
 799              		.loc 1 417 3 view .LVU288
 417:Drivers/STM32F4xx_HAL_Driver/Src/stm32f4xx_hal_dma.c ****   {
 800              		.loc 1 417 33 is_stmt 0 view .LVU289
 801 0012 94F83500 		ldrb	r0, [r4, #53]	@ zero_extendqisi2
 417:Drivers/STM32F4xx_HAL_Driver/Src/stm32f4xx_hal_dma.c ****   {
 802              		.loc 1 417 5 view .LVU290
 803 0016 0128     		cmp	r0, #1
 804 0018 04D0     		beq	.L57
 434:Drivers/STM32F4xx_HAL_Driver/Src/stm32f4xx_hal_dma.c ****     
 805              		.loc 1 434 5 is_stmt 1 view .LVU291
 434:Drivers/STM32F4xx_HAL_Driver/Src/stm32f4xx_hal_dma.c ****     
 806              		.loc 1 434 5 view .LVU292
 807 001a 0023     		movs	r3, #0
 808              	.LVL78:
 434:Drivers/STM32F4xx_HAL_Driver/Src/stm32f4xx_hal_dma.c ****     
 809              		.loc 1 434 5 is_stmt 0 view .LVU293
 810 001c 84F83430 		strb	r3, [r4, #52]
 434:Drivers/STM32F4xx_HAL_Driver/Src/stm32f4xx_hal_dma.c ****     
 811              		.loc 1 434 5 is_stmt 1 view .LVU294
 437:Drivers/STM32F4xx_HAL_Driver/Src/stm32f4xx_hal_dma.c ****   } 
 812              		.loc 1 437 5 view .LVU295
 813              	.LVL79:
 437:Drivers/STM32F4xx_HAL_Driver/Src/stm32f4xx_hal_dma.c ****   } 
 814              		.loc 1 437 12 is_stmt 0 view .LVU296
 815 0020 0220     		movs	r0, #2
 816              	.LVL80:
 817              	.L53:
 440:Drivers/STM32F4xx_HAL_Driver/Src/stm32f4xx_hal_dma.c **** 
 818              		.loc 1 440 1 view .LVU297
 819 0022 38BD     		pop	{r3, r4, r5, pc}
 820              	.LVL81:
 821              	.L57:
 420:Drivers/STM32F4xx_HAL_Driver/Src/stm32f4xx_hal_dma.c ****     
ARM GAS  C:\Users\Lenovo\AppData\Local\Temp\ccv3Zezd.s 			page 42


 822              		.loc 1 420 5 is_stmt 1 view .LVU298
 420:Drivers/STM32F4xx_HAL_Driver/Src/stm32f4xx_hal_dma.c ****     
 823              		.loc 1 420 17 is_stmt 0 view .LVU299
 824 0024 0220     		movs	r0, #2
 825 0026 84F83500 		strb	r0, [r4, #53]
 423:Drivers/STM32F4xx_HAL_Driver/Src/stm32f4xx_hal_dma.c ****     
 826              		.loc 1 423 5 is_stmt 1 view .LVU300
 423:Drivers/STM32F4xx_HAL_Driver/Src/stm32f4xx_hal_dma.c ****     
 827              		.loc 1 423 21 is_stmt 0 view .LVU301
 828 002a 0025     		movs	r5, #0
 829 002c 6565     		str	r5, [r4, #84]
 426:Drivers/STM32F4xx_HAL_Driver/Src/stm32f4xx_hal_dma.c **** 
 830              		.loc 1 426 5 is_stmt 1 view .LVU302
 831 002e 2046     		mov	r0, r4
 832 0030 FFF7FEFF 		bl	DMA_SetConfig
 833              	.LVL82:
 429:Drivers/STM32F4xx_HAL_Driver/Src/stm32f4xx_hal_dma.c ****   }
 834              		.loc 1 429 5 view .LVU303
 835 0034 2268     		ldr	r2, [r4]
 836 0036 1368     		ldr	r3, [r2]
 837 0038 43F00103 		orr	r3, r3, #1
 838 003c 1360     		str	r3, [r2]
 409:Drivers/STM32F4xx_HAL_Driver/Src/stm32f4xx_hal_dma.c ****   
 839              		.loc 1 409 21 is_stmt 0 view .LVU304
 840 003e 2846     		mov	r0, r5
 841 0040 EFE7     		b	.L53
 842              	.LVL83:
 843              	.L55:
 415:Drivers/STM32F4xx_HAL_Driver/Src/stm32f4xx_hal_dma.c **** 
 844              		.loc 1 415 3 discriminator 1 view .LVU305
 845 0042 0220     		movs	r0, #2
 846 0044 EDE7     		b	.L53
 847              		.cfi_endproc
 848              	.LFE136:
 850              		.section	.text.HAL_DMA_Start_IT,"ax",%progbits
 851              		.align	1
 852              		.global	HAL_DMA_Start_IT
 853              		.syntax unified
 854              		.thumb
 855              		.thumb_func
 857              	HAL_DMA_Start_IT:
 858              	.LVL84:
 859              	.LFB137:
 452:Drivers/STM32F4xx_HAL_Driver/Src/stm32f4xx_hal_dma.c ****   HAL_StatusTypeDef status = HAL_OK;
 860              		.loc 1 452 1 is_stmt 1 view -0
 861              		.cfi_startproc
 862              		@ args = 0, pretend = 0, frame = 0
 863              		@ frame_needed = 0, uses_anonymous_args = 0
 452:Drivers/STM32F4xx_HAL_Driver/Src/stm32f4xx_hal_dma.c ****   HAL_StatusTypeDef status = HAL_OK;
 864              		.loc 1 452 1 is_stmt 0 view .LVU307
 865 0000 38B5     		push	{r3, r4, r5, lr}
 866              	.LCFI8:
 867              		.cfi_def_cfa_offset 16
 868              		.cfi_offset 3, -16
 869              		.cfi_offset 4, -12
 870              		.cfi_offset 5, -8
 871              		.cfi_offset 14, -4
ARM GAS  C:\Users\Lenovo\AppData\Local\Temp\ccv3Zezd.s 			page 43


 872 0002 0446     		mov	r4, r0
 453:Drivers/STM32F4xx_HAL_Driver/Src/stm32f4xx_hal_dma.c **** 
 873              		.loc 1 453 3 is_stmt 1 view .LVU308
 874              	.LVL85:
 456:Drivers/STM32F4xx_HAL_Driver/Src/stm32f4xx_hal_dma.c ****   
 875              		.loc 1 456 3 view .LVU309
 456:Drivers/STM32F4xx_HAL_Driver/Src/stm32f4xx_hal_dma.c ****   
 876              		.loc 1 456 56 is_stmt 0 view .LVU310
 877 0004 856D     		ldr	r5, [r0, #88]
 878              	.LVL86:
 459:Drivers/STM32F4xx_HAL_Driver/Src/stm32f4xx_hal_dma.c ****  
 879              		.loc 1 459 3 is_stmt 1 view .LVU311
 462:Drivers/STM32F4xx_HAL_Driver/Src/stm32f4xx_hal_dma.c ****   
 880              		.loc 1 462 3 view .LVU312
 462:Drivers/STM32F4xx_HAL_Driver/Src/stm32f4xx_hal_dma.c ****   
 881              		.loc 1 462 3 view .LVU313
 882 0006 90F83400 		ldrb	r0, [r0, #52]	@ zero_extendqisi2
 883              	.LVL87:
 462:Drivers/STM32F4xx_HAL_Driver/Src/stm32f4xx_hal_dma.c ****   
 884              		.loc 1 462 3 is_stmt 0 view .LVU314
 885 000a 0128     		cmp	r0, #1
 886 000c 2AD0     		beq	.L62
 462:Drivers/STM32F4xx_HAL_Driver/Src/stm32f4xx_hal_dma.c ****   
 887              		.loc 1 462 3 is_stmt 1 discriminator 2 view .LVU315
 888 000e 0120     		movs	r0, #1
 889 0010 84F83400 		strb	r0, [r4, #52]
 462:Drivers/STM32F4xx_HAL_Driver/Src/stm32f4xx_hal_dma.c ****   
 890              		.loc 1 462 3 view .LVU316
 464:Drivers/STM32F4xx_HAL_Driver/Src/stm32f4xx_hal_dma.c ****   {
 891              		.loc 1 464 3 view .LVU317
 464:Drivers/STM32F4xx_HAL_Driver/Src/stm32f4xx_hal_dma.c ****   {
 892              		.loc 1 464 33 is_stmt 0 view .LVU318
 893 0014 94F83500 		ldrb	r0, [r4, #53]	@ zero_extendqisi2
 464:Drivers/STM32F4xx_HAL_Driver/Src/stm32f4xx_hal_dma.c ****   {
 894              		.loc 1 464 5 view .LVU319
 895 0018 0128     		cmp	r0, #1
 896 001a 04D0     		beq	.L64
 492:Drivers/STM32F4xx_HAL_Driver/Src/stm32f4xx_hal_dma.c ****     
 897              		.loc 1 492 5 is_stmt 1 view .LVU320
 492:Drivers/STM32F4xx_HAL_Driver/Src/stm32f4xx_hal_dma.c ****     
 898              		.loc 1 492 5 view .LVU321
 899 001c 0023     		movs	r3, #0
 900              	.LVL88:
 492:Drivers/STM32F4xx_HAL_Driver/Src/stm32f4xx_hal_dma.c ****     
 901              		.loc 1 492 5 is_stmt 0 view .LVU322
 902 001e 84F83430 		strb	r3, [r4, #52]
 492:Drivers/STM32F4xx_HAL_Driver/Src/stm32f4xx_hal_dma.c ****     
 903              		.loc 1 492 5 is_stmt 1 view .LVU323
 495:Drivers/STM32F4xx_HAL_Driver/Src/stm32f4xx_hal_dma.c ****   }
 904              		.loc 1 495 5 view .LVU324
 905              	.LVL89:
 495:Drivers/STM32F4xx_HAL_Driver/Src/stm32f4xx_hal_dma.c ****   }
 906              		.loc 1 495 12 is_stmt 0 view .LVU325
 907 0022 0220     		movs	r0, #2
 908              	.LVL90:
 909              	.L59:
 499:Drivers/STM32F4xx_HAL_Driver/Src/stm32f4xx_hal_dma.c **** 
ARM GAS  C:\Users\Lenovo\AppData\Local\Temp\ccv3Zezd.s 			page 44


 910              		.loc 1 499 1 view .LVU326
 911 0024 38BD     		pop	{r3, r4, r5, pc}
 912              	.LVL91:
 913              	.L64:
 467:Drivers/STM32F4xx_HAL_Driver/Src/stm32f4xx_hal_dma.c ****     
 914              		.loc 1 467 5 is_stmt 1 view .LVU327
 467:Drivers/STM32F4xx_HAL_Driver/Src/stm32f4xx_hal_dma.c ****     
 915              		.loc 1 467 17 is_stmt 0 view .LVU328
 916 0026 0220     		movs	r0, #2
 917 0028 84F83500 		strb	r0, [r4, #53]
 470:Drivers/STM32F4xx_HAL_Driver/Src/stm32f4xx_hal_dma.c ****     
 918              		.loc 1 470 5 is_stmt 1 view .LVU329
 470:Drivers/STM32F4xx_HAL_Driver/Src/stm32f4xx_hal_dma.c ****     
 919              		.loc 1 470 21 is_stmt 0 view .LVU330
 920 002c 0020     		movs	r0, #0
 921 002e 6065     		str	r0, [r4, #84]
 473:Drivers/STM32F4xx_HAL_Driver/Src/stm32f4xx_hal_dma.c ****     
 922              		.loc 1 473 5 is_stmt 1 view .LVU331
 923 0030 2046     		mov	r0, r4
 924 0032 FFF7FEFF 		bl	DMA_SetConfig
 925              	.LVL92:
 476:Drivers/STM32F4xx_HAL_Driver/Src/stm32f4xx_hal_dma.c ****     
 926              		.loc 1 476 5 view .LVU332
 476:Drivers/STM32F4xx_HAL_Driver/Src/stm32f4xx_hal_dma.c ****     
 927              		.loc 1 476 31 is_stmt 0 view .LVU333
 928 0036 E26D     		ldr	r2, [r4, #92]
 476:Drivers/STM32F4xx_HAL_Driver/Src/stm32f4xx_hal_dma.c ****     
 929              		.loc 1 476 24 view .LVU334
 930 0038 3F23     		movs	r3, #63
 931 003a 9340     		lsls	r3, r3, r2
 476:Drivers/STM32F4xx_HAL_Driver/Src/stm32f4xx_hal_dma.c ****     
 932              		.loc 1 476 16 view .LVU335
 933 003c AB60     		str	r3, [r5, #8]
 479:Drivers/STM32F4xx_HAL_Driver/Src/stm32f4xx_hal_dma.c ****     
 934              		.loc 1 479 5 is_stmt 1 view .LVU336
 479:Drivers/STM32F4xx_HAL_Driver/Src/stm32f4xx_hal_dma.c ****     
 935              		.loc 1 479 9 is_stmt 0 view .LVU337
 936 003e 2268     		ldr	r2, [r4]
 479:Drivers/STM32F4xx_HAL_Driver/Src/stm32f4xx_hal_dma.c ****     
 937              		.loc 1 479 19 view .LVU338
 938 0040 1368     		ldr	r3, [r2]
 479:Drivers/STM32F4xx_HAL_Driver/Src/stm32f4xx_hal_dma.c ****     
 939              		.loc 1 479 25 view .LVU339
 940 0042 43F01603 		orr	r3, r3, #22
 941 0046 1360     		str	r3, [r2]
 481:Drivers/STM32F4xx_HAL_Driver/Src/stm32f4xx_hal_dma.c ****     {
 942              		.loc 1 481 5 is_stmt 1 view .LVU340
 481:Drivers/STM32F4xx_HAL_Driver/Src/stm32f4xx_hal_dma.c ****     {
 943              		.loc 1 481 12 is_stmt 0 view .LVU341
 944 0048 236C     		ldr	r3, [r4, #64]
 481:Drivers/STM32F4xx_HAL_Driver/Src/stm32f4xx_hal_dma.c ****     {
 945              		.loc 1 481 7 view .LVU342
 946 004a 23B1     		cbz	r3, .L61
 483:Drivers/STM32F4xx_HAL_Driver/Src/stm32f4xx_hal_dma.c ****     }
 947              		.loc 1 483 7 is_stmt 1 view .LVU343
 483:Drivers/STM32F4xx_HAL_Driver/Src/stm32f4xx_hal_dma.c ****     }
 948              		.loc 1 483 11 is_stmt 0 view .LVU344
ARM GAS  C:\Users\Lenovo\AppData\Local\Temp\ccv3Zezd.s 			page 45


 949 004c 2268     		ldr	r2, [r4]
 483:Drivers/STM32F4xx_HAL_Driver/Src/stm32f4xx_hal_dma.c ****     }
 950              		.loc 1 483 21 view .LVU345
 951 004e 1368     		ldr	r3, [r2]
 483:Drivers/STM32F4xx_HAL_Driver/Src/stm32f4xx_hal_dma.c ****     }
 952              		.loc 1 483 27 view .LVU346
 953 0050 43F00803 		orr	r3, r3, #8
 954 0054 1360     		str	r3, [r2]
 955              	.L61:
 487:Drivers/STM32F4xx_HAL_Driver/Src/stm32f4xx_hal_dma.c ****   }
 956              		.loc 1 487 5 is_stmt 1 view .LVU347
 957 0056 2268     		ldr	r2, [r4]
 958 0058 1368     		ldr	r3, [r2]
 959 005a 43F00103 		orr	r3, r3, #1
 960 005e 1360     		str	r3, [r2]
 453:Drivers/STM32F4xx_HAL_Driver/Src/stm32f4xx_hal_dma.c **** 
 961              		.loc 1 453 21 is_stmt 0 view .LVU348
 962 0060 0020     		movs	r0, #0
 963 0062 DFE7     		b	.L59
 964              	.LVL93:
 965              	.L62:
 462:Drivers/STM32F4xx_HAL_Driver/Src/stm32f4xx_hal_dma.c ****   
 966              		.loc 1 462 3 discriminator 1 view .LVU349
 967 0064 0220     		movs	r0, #2
 968 0066 DDE7     		b	.L59
 969              		.cfi_endproc
 970              	.LFE137:
 972              		.section	.text.HAL_DMA_Abort,"ax",%progbits
 973              		.align	1
 974              		.global	HAL_DMA_Abort
 975              		.syntax unified
 976              		.thumb
 977              		.thumb_func
 979              	HAL_DMA_Abort:
 980              	.LVL94:
 981              	.LFB138:
 514:Drivers/STM32F4xx_HAL_Driver/Src/stm32f4xx_hal_dma.c ****   /* calculate DMA base and stream number */
 982              		.loc 1 514 1 is_stmt 1 view -0
 983              		.cfi_startproc
 984              		@ args = 0, pretend = 0, frame = 0
 985              		@ frame_needed = 0, uses_anonymous_args = 0
 514:Drivers/STM32F4xx_HAL_Driver/Src/stm32f4xx_hal_dma.c ****   /* calculate DMA base and stream number */
 986              		.loc 1 514 1 is_stmt 0 view .LVU351
 987 0000 70B5     		push	{r4, r5, r6, lr}
 988              	.LCFI9:
 989              		.cfi_def_cfa_offset 16
 990              		.cfi_offset 4, -16
 991              		.cfi_offset 5, -12
 992              		.cfi_offset 6, -8
 993              		.cfi_offset 14, -4
 994 0002 0446     		mov	r4, r0
 516:Drivers/STM32F4xx_HAL_Driver/Src/stm32f4xx_hal_dma.c ****   
 995              		.loc 1 516 3 is_stmt 1 view .LVU352
 516:Drivers/STM32F4xx_HAL_Driver/Src/stm32f4xx_hal_dma.c ****   
 996              		.loc 1 516 56 is_stmt 0 view .LVU353
 997 0004 866D     		ldr	r6, [r0, #88]
 998              	.LVL95:
ARM GAS  C:\Users\Lenovo\AppData\Local\Temp\ccv3Zezd.s 			page 46


 518:Drivers/STM32F4xx_HAL_Driver/Src/stm32f4xx_hal_dma.c ****   
 999              		.loc 1 518 3 is_stmt 1 view .LVU354
 518:Drivers/STM32F4xx_HAL_Driver/Src/stm32f4xx_hal_dma.c ****   
 1000              		.loc 1 518 24 is_stmt 0 view .LVU355
 1001 0006 FFF7FEFF 		bl	HAL_GetTick
 1002              	.LVL96:
 520:Drivers/STM32F4xx_HAL_Driver/Src/stm32f4xx_hal_dma.c ****   {
 1003              		.loc 1 520 3 is_stmt 1 view .LVU356
 520:Drivers/STM32F4xx_HAL_Driver/Src/stm32f4xx_hal_dma.c ****   {
 1004              		.loc 1 520 10 is_stmt 0 view .LVU357
 1005 000a 94F83530 		ldrb	r3, [r4, #53]	@ zero_extendqisi2
 520:Drivers/STM32F4xx_HAL_Driver/Src/stm32f4xx_hal_dma.c ****   {
 1006              		.loc 1 520 5 view .LVU358
 1007 000e 022B     		cmp	r3, #2
 1008 0010 06D0     		beq	.L66
 522:Drivers/STM32F4xx_HAL_Driver/Src/stm32f4xx_hal_dma.c ****     
 1009              		.loc 1 522 5 is_stmt 1 view .LVU359
 522:Drivers/STM32F4xx_HAL_Driver/Src/stm32f4xx_hal_dma.c ****     
 1010              		.loc 1 522 21 is_stmt 0 view .LVU360
 1011 0012 8023     		movs	r3, #128
 1012 0014 6365     		str	r3, [r4, #84]
 525:Drivers/STM32F4xx_HAL_Driver/Src/stm32f4xx_hal_dma.c ****     
 1013              		.loc 1 525 5 is_stmt 1 view .LVU361
 525:Drivers/STM32F4xx_HAL_Driver/Src/stm32f4xx_hal_dma.c ****     
 1014              		.loc 1 525 5 view .LVU362
 1015 0016 0023     		movs	r3, #0
 1016 0018 84F83430 		strb	r3, [r4, #52]
 525:Drivers/STM32F4xx_HAL_Driver/Src/stm32f4xx_hal_dma.c ****     
 1017              		.loc 1 525 5 view .LVU363
 527:Drivers/STM32F4xx_HAL_Driver/Src/stm32f4xx_hal_dma.c ****   }
 1018              		.loc 1 527 5 view .LVU364
 527:Drivers/STM32F4xx_HAL_Driver/Src/stm32f4xx_hal_dma.c ****   }
 1019              		.loc 1 527 12 is_stmt 0 view .LVU365
 1020 001c 0120     		movs	r0, #1
 1021              	.LVL97:
 1022              	.L67:
 572:Drivers/STM32F4xx_HAL_Driver/Src/stm32f4xx_hal_dma.c **** 
 1023              		.loc 1 572 1 view .LVU366
 1024 001e 70BD     		pop	{r4, r5, r6, pc}
 1025              	.LVL98:
 1026              	.L66:
 572:Drivers/STM32F4xx_HAL_Driver/Src/stm32f4xx_hal_dma.c **** 
 1027              		.loc 1 572 1 view .LVU367
 1028 0020 0546     		mov	r5, r0
 532:Drivers/STM32F4xx_HAL_Driver/Src/stm32f4xx_hal_dma.c ****     hdma->Instance->FCR &= ~(DMA_IT_FE);
 1029              		.loc 1 532 5 is_stmt 1 view .LVU368
 532:Drivers/STM32F4xx_HAL_Driver/Src/stm32f4xx_hal_dma.c ****     hdma->Instance->FCR &= ~(DMA_IT_FE);
 1030              		.loc 1 532 9 is_stmt 0 view .LVU369
 1031 0022 2268     		ldr	r2, [r4]
 532:Drivers/STM32F4xx_HAL_Driver/Src/stm32f4xx_hal_dma.c ****     hdma->Instance->FCR &= ~(DMA_IT_FE);
 1032              		.loc 1 532 19 view .LVU370
 1033 0024 1368     		ldr	r3, [r2]
 532:Drivers/STM32F4xx_HAL_Driver/Src/stm32f4xx_hal_dma.c ****     hdma->Instance->FCR &= ~(DMA_IT_FE);
 1034              		.loc 1 532 25 view .LVU371
 1035 0026 23F01603 		bic	r3, r3, #22
 1036 002a 1360     		str	r3, [r2]
 533:Drivers/STM32F4xx_HAL_Driver/Src/stm32f4xx_hal_dma.c ****     
ARM GAS  C:\Users\Lenovo\AppData\Local\Temp\ccv3Zezd.s 			page 47


 1037              		.loc 1 533 5 is_stmt 1 view .LVU372
 533:Drivers/STM32F4xx_HAL_Driver/Src/stm32f4xx_hal_dma.c ****     
 1038              		.loc 1 533 9 is_stmt 0 view .LVU373
 1039 002c 2268     		ldr	r2, [r4]
 533:Drivers/STM32F4xx_HAL_Driver/Src/stm32f4xx_hal_dma.c ****     
 1040              		.loc 1 533 19 view .LVU374
 1041 002e 5369     		ldr	r3, [r2, #20]
 533:Drivers/STM32F4xx_HAL_Driver/Src/stm32f4xx_hal_dma.c ****     
 1042              		.loc 1 533 25 view .LVU375
 1043 0030 23F08003 		bic	r3, r3, #128
 1044 0034 5361     		str	r3, [r2, #20]
 535:Drivers/STM32F4xx_HAL_Driver/Src/stm32f4xx_hal_dma.c ****     {
 1045              		.loc 1 535 5 is_stmt 1 view .LVU376
 535:Drivers/STM32F4xx_HAL_Driver/Src/stm32f4xx_hal_dma.c ****     {
 1046              		.loc 1 535 13 is_stmt 0 view .LVU377
 1047 0036 236C     		ldr	r3, [r4, #64]
 535:Drivers/STM32F4xx_HAL_Driver/Src/stm32f4xx_hal_dma.c ****     {
 1048              		.loc 1 535 7 view .LVU378
 1049 0038 E3B1     		cbz	r3, .L73
 1050              	.L68:
 537:Drivers/STM32F4xx_HAL_Driver/Src/stm32f4xx_hal_dma.c ****     }
 1051              		.loc 1 537 7 is_stmt 1 view .LVU379
 537:Drivers/STM32F4xx_HAL_Driver/Src/stm32f4xx_hal_dma.c ****     }
 1052              		.loc 1 537 11 is_stmt 0 view .LVU380
 1053 003a 2268     		ldr	r2, [r4]
 537:Drivers/STM32F4xx_HAL_Driver/Src/stm32f4xx_hal_dma.c ****     }
 1054              		.loc 1 537 21 view .LVU381
 1055 003c 1368     		ldr	r3, [r2]
 537:Drivers/STM32F4xx_HAL_Driver/Src/stm32f4xx_hal_dma.c ****     }
 1056              		.loc 1 537 27 view .LVU382
 1057 003e 23F00803 		bic	r3, r3, #8
 1058 0042 1360     		str	r3, [r2]
 1059              	.L69:
 541:Drivers/STM32F4xx_HAL_Driver/Src/stm32f4xx_hal_dma.c ****     
 1060              		.loc 1 541 5 is_stmt 1 view .LVU383
 1061 0044 2268     		ldr	r2, [r4]
 1062 0046 1368     		ldr	r3, [r2]
 1063 0048 23F00103 		bic	r3, r3, #1
 1064 004c 1360     		str	r3, [r2]
 544:Drivers/STM32F4xx_HAL_Driver/Src/stm32f4xx_hal_dma.c ****     {
 1065              		.loc 1 544 5 view .LVU384
 1066              	.LVL99:
 1067              	.L70:
 544:Drivers/STM32F4xx_HAL_Driver/Src/stm32f4xx_hal_dma.c ****     {
 1068              		.loc 1 544 46 view .LVU385
 544:Drivers/STM32F4xx_HAL_Driver/Src/stm32f4xx_hal_dma.c ****     {
 1069              		.loc 1 544 16 is_stmt 0 view .LVU386
 1070 004e 2368     		ldr	r3, [r4]
 544:Drivers/STM32F4xx_HAL_Driver/Src/stm32f4xx_hal_dma.c ****     {
 1071              		.loc 1 544 26 view .LVU387
 1072 0050 1B68     		ldr	r3, [r3]
 544:Drivers/STM32F4xx_HAL_Driver/Src/stm32f4xx_hal_dma.c ****     {
 1073              		.loc 1 544 46 view .LVU388
 1074 0052 13F0010F 		tst	r3, #1
 1075 0056 11D0     		beq	.L74
 547:Drivers/STM32F4xx_HAL_Driver/Src/stm32f4xx_hal_dma.c ****       {
 1076              		.loc 1 547 7 is_stmt 1 view .LVU389
ARM GAS  C:\Users\Lenovo\AppData\Local\Temp\ccv3Zezd.s 			page 48


 547:Drivers/STM32F4xx_HAL_Driver/Src/stm32f4xx_hal_dma.c ****       {
 1077              		.loc 1 547 11 is_stmt 0 view .LVU390
 1078 0058 FFF7FEFF 		bl	HAL_GetTick
 1079              	.LVL100:
 547:Drivers/STM32F4xx_HAL_Driver/Src/stm32f4xx_hal_dma.c ****       {
 1080              		.loc 1 547 25 discriminator 1 view .LVU391
 1081 005c 431B     		subs	r3, r0, r5
 547:Drivers/STM32F4xx_HAL_Driver/Src/stm32f4xx_hal_dma.c ****       {
 1082              		.loc 1 547 9 discriminator 1 view .LVU392
 1083 005e 052B     		cmp	r3, #5
 1084 0060 F5D9     		bls	.L70
 550:Drivers/STM32F4xx_HAL_Driver/Src/stm32f4xx_hal_dma.c ****         
 1085              		.loc 1 550 9 is_stmt 1 view .LVU393
 550:Drivers/STM32F4xx_HAL_Driver/Src/stm32f4xx_hal_dma.c ****         
 1086              		.loc 1 550 25 is_stmt 0 view .LVU394
 1087 0062 2023     		movs	r3, #32
 1088 0064 6365     		str	r3, [r4, #84]
 553:Drivers/STM32F4xx_HAL_Driver/Src/stm32f4xx_hal_dma.c ****         
 1089              		.loc 1 553 9 is_stmt 1 view .LVU395
 553:Drivers/STM32F4xx_HAL_Driver/Src/stm32f4xx_hal_dma.c ****         
 1090              		.loc 1 553 21 is_stmt 0 view .LVU396
 1091 0066 0320     		movs	r0, #3
 1092 0068 84F83500 		strb	r0, [r4, #53]
 556:Drivers/STM32F4xx_HAL_Driver/Src/stm32f4xx_hal_dma.c ****         
 1093              		.loc 1 556 9 is_stmt 1 view .LVU397
 556:Drivers/STM32F4xx_HAL_Driver/Src/stm32f4xx_hal_dma.c ****         
 1094              		.loc 1 556 9 view .LVU398
 1095 006c 0023     		movs	r3, #0
 1096 006e 84F83430 		strb	r3, [r4, #52]
 556:Drivers/STM32F4xx_HAL_Driver/Src/stm32f4xx_hal_dma.c ****         
 1097              		.loc 1 556 9 view .LVU399
 558:Drivers/STM32F4xx_HAL_Driver/Src/stm32f4xx_hal_dma.c ****       }
 1098              		.loc 1 558 9 view .LVU400
 558:Drivers/STM32F4xx_HAL_Driver/Src/stm32f4xx_hal_dma.c ****       }
 1099              		.loc 1 558 16 is_stmt 0 view .LVU401
 1100 0072 D4E7     		b	.L67
 1101              	.LVL101:
 1102              	.L73:
 535:Drivers/STM32F4xx_HAL_Driver/Src/stm32f4xx_hal_dma.c ****     {
 1103              		.loc 1 535 53 discriminator 1 view .LVU402
 1104 0074 A36C     		ldr	r3, [r4, #72]
 535:Drivers/STM32F4xx_HAL_Driver/Src/stm32f4xx_hal_dma.c ****     {
 1105              		.loc 1 535 45 discriminator 1 view .LVU403
 1106 0076 002B     		cmp	r3, #0
 1107 0078 DFD1     		bne	.L68
 1108 007a E3E7     		b	.L69
 1109              	.LVL102:
 1110              	.L74:
 563:Drivers/STM32F4xx_HAL_Driver/Src/stm32f4xx_hal_dma.c ****     
 1111              		.loc 1 563 5 is_stmt 1 view .LVU404
 563:Drivers/STM32F4xx_HAL_Driver/Src/stm32f4xx_hal_dma.c ****     
 1112              		.loc 1 563 31 is_stmt 0 view .LVU405
 1113 007c E26D     		ldr	r2, [r4, #92]
 563:Drivers/STM32F4xx_HAL_Driver/Src/stm32f4xx_hal_dma.c ****     
 1114              		.loc 1 563 24 view .LVU406
 1115 007e 3F23     		movs	r3, #63
 1116 0080 9340     		lsls	r3, r3, r2
ARM GAS  C:\Users\Lenovo\AppData\Local\Temp\ccv3Zezd.s 			page 49


 563:Drivers/STM32F4xx_HAL_Driver/Src/stm32f4xx_hal_dma.c ****     
 1117              		.loc 1 563 16 view .LVU407
 1118 0082 B360     		str	r3, [r6, #8]
 566:Drivers/STM32F4xx_HAL_Driver/Src/stm32f4xx_hal_dma.c ****     
 1119              		.loc 1 566 5 is_stmt 1 view .LVU408
 566:Drivers/STM32F4xx_HAL_Driver/Src/stm32f4xx_hal_dma.c ****     
 1120              		.loc 1 566 17 is_stmt 0 view .LVU409
 1121 0084 0123     		movs	r3, #1
 1122 0086 84F83530 		strb	r3, [r4, #53]
 569:Drivers/STM32F4xx_HAL_Driver/Src/stm32f4xx_hal_dma.c ****   }
 1123              		.loc 1 569 5 is_stmt 1 view .LVU410
 569:Drivers/STM32F4xx_HAL_Driver/Src/stm32f4xx_hal_dma.c ****   }
 1124              		.loc 1 569 5 view .LVU411
 1125 008a 0020     		movs	r0, #0
 1126 008c 84F83400 		strb	r0, [r4, #52]
 569:Drivers/STM32F4xx_HAL_Driver/Src/stm32f4xx_hal_dma.c ****   }
 1127              		.loc 1 569 5 view .LVU412
 571:Drivers/STM32F4xx_HAL_Driver/Src/stm32f4xx_hal_dma.c **** }
 1128              		.loc 1 571 3 view .LVU413
 571:Drivers/STM32F4xx_HAL_Driver/Src/stm32f4xx_hal_dma.c **** }
 1129              		.loc 1 571 10 is_stmt 0 view .LVU414
 1130 0090 C5E7     		b	.L67
 1131              		.cfi_endproc
 1132              	.LFE138:
 1134              		.section	.text.HAL_DMA_Abort_IT,"ax",%progbits
 1135              		.align	1
 1136              		.global	HAL_DMA_Abort_IT
 1137              		.syntax unified
 1138              		.thumb
 1139              		.thumb_func
 1141              	HAL_DMA_Abort_IT:
 1142              	.LVL103:
 1143              	.LFB139:
 581:Drivers/STM32F4xx_HAL_Driver/Src/stm32f4xx_hal_dma.c ****   if(hdma->State != HAL_DMA_STATE_BUSY)
 1144              		.loc 1 581 1 is_stmt 1 view -0
 1145              		.cfi_startproc
 1146              		@ args = 0, pretend = 0, frame = 0
 1147              		@ frame_needed = 0, uses_anonymous_args = 0
 1148              		@ link register save eliminated.
 582:Drivers/STM32F4xx_HAL_Driver/Src/stm32f4xx_hal_dma.c ****   {
 1149              		.loc 1 582 3 view .LVU416
 582:Drivers/STM32F4xx_HAL_Driver/Src/stm32f4xx_hal_dma.c ****   {
 1150              		.loc 1 582 10 is_stmt 0 view .LVU417
 1151 0000 90F83530 		ldrb	r3, [r0, #53]	@ zero_extendqisi2
 582:Drivers/STM32F4xx_HAL_Driver/Src/stm32f4xx_hal_dma.c ****   {
 1152              		.loc 1 582 5 view .LVU418
 1153 0004 022B     		cmp	r3, #2
 1154 0006 03D0     		beq	.L76
 584:Drivers/STM32F4xx_HAL_Driver/Src/stm32f4xx_hal_dma.c ****     return HAL_ERROR;
 1155              		.loc 1 584 5 is_stmt 1 view .LVU419
 584:Drivers/STM32F4xx_HAL_Driver/Src/stm32f4xx_hal_dma.c ****     return HAL_ERROR;
 1156              		.loc 1 584 21 is_stmt 0 view .LVU420
 1157 0008 8023     		movs	r3, #128
 1158 000a 4365     		str	r3, [r0, #84]
 585:Drivers/STM32F4xx_HAL_Driver/Src/stm32f4xx_hal_dma.c ****   }
 1159              		.loc 1 585 5 is_stmt 1 view .LVU421
 585:Drivers/STM32F4xx_HAL_Driver/Src/stm32f4xx_hal_dma.c ****   }
ARM GAS  C:\Users\Lenovo\AppData\Local\Temp\ccv3Zezd.s 			page 50


 1160              		.loc 1 585 12 is_stmt 0 view .LVU422
 1161 000c 0120     		movs	r0, #1
 1162              	.LVL104:
 585:Drivers/STM32F4xx_HAL_Driver/Src/stm32f4xx_hal_dma.c ****   }
 1163              		.loc 1 585 12 view .LVU423
 1164 000e 7047     		bx	lr
 1165              	.LVL105:
 1166              	.L76:
 590:Drivers/STM32F4xx_HAL_Driver/Src/stm32f4xx_hal_dma.c ****     
 1167              		.loc 1 590 5 is_stmt 1 view .LVU424
 590:Drivers/STM32F4xx_HAL_Driver/Src/stm32f4xx_hal_dma.c ****     
 1168              		.loc 1 590 17 is_stmt 0 view .LVU425
 1169 0010 0523     		movs	r3, #5
 1170 0012 80F83530 		strb	r3, [r0, #53]
 593:Drivers/STM32F4xx_HAL_Driver/Src/stm32f4xx_hal_dma.c ****   }
 1171              		.loc 1 593 5 is_stmt 1 view .LVU426
 1172 0016 0268     		ldr	r2, [r0]
 1173 0018 1368     		ldr	r3, [r2]
 1174 001a 23F00103 		bic	r3, r3, #1
 1175 001e 1360     		str	r3, [r2]
 596:Drivers/STM32F4xx_HAL_Driver/Src/stm32f4xx_hal_dma.c **** }
 1176              		.loc 1 596 3 view .LVU427
 596:Drivers/STM32F4xx_HAL_Driver/Src/stm32f4xx_hal_dma.c **** }
 1177              		.loc 1 596 10 is_stmt 0 view .LVU428
 1178 0020 0020     		movs	r0, #0
 1179              	.LVL106:
 597:Drivers/STM32F4xx_HAL_Driver/Src/stm32f4xx_hal_dma.c **** 
 1180              		.loc 1 597 1 view .LVU429
 1181 0022 7047     		bx	lr
 1182              		.cfi_endproc
 1183              	.LFE139:
 1185              		.section	.text.HAL_DMA_PollForTransfer,"ax",%progbits
 1186              		.align	1
 1187              		.global	HAL_DMA_PollForTransfer
 1188              		.syntax unified
 1189              		.thumb
 1190              		.thumb_func
 1192              	HAL_DMA_PollForTransfer:
 1193              	.LVL107:
 1194              	.LFB140:
 611:Drivers/STM32F4xx_HAL_Driver/Src/stm32f4xx_hal_dma.c ****   HAL_StatusTypeDef status = HAL_OK; 
 1195              		.loc 1 611 1 is_stmt 1 view -0
 1196              		.cfi_startproc
 1197              		@ args = 0, pretend = 0, frame = 0
 1198              		@ frame_needed = 0, uses_anonymous_args = 0
 611:Drivers/STM32F4xx_HAL_Driver/Src/stm32f4xx_hal_dma.c ****   HAL_StatusTypeDef status = HAL_OK; 
 1199              		.loc 1 611 1 is_stmt 0 view .LVU431
 1200 0000 2DE9F047 		push	{r4, r5, r6, r7, r8, r9, r10, lr}
 1201              	.LCFI10:
 1202              		.cfi_def_cfa_offset 32
 1203              		.cfi_offset 4, -32
 1204              		.cfi_offset 5, -28
 1205              		.cfi_offset 6, -24
 1206              		.cfi_offset 7, -20
 1207              		.cfi_offset 8, -16
 1208              		.cfi_offset 9, -12
 1209              		.cfi_offset 10, -8
ARM GAS  C:\Users\Lenovo\AppData\Local\Temp\ccv3Zezd.s 			page 51


 1210              		.cfi_offset 14, -4
 1211 0004 0446     		mov	r4, r0
 1212 0006 8846     		mov	r8, r1
 1213 0008 1646     		mov	r6, r2
 612:Drivers/STM32F4xx_HAL_Driver/Src/stm32f4xx_hal_dma.c ****   uint32_t mask_cpltlevel;
 1214              		.loc 1 612 3 is_stmt 1 view .LVU432
 1215              	.LVL108:
 613:Drivers/STM32F4xx_HAL_Driver/Src/stm32f4xx_hal_dma.c ****   uint32_t tickstart = HAL_GetTick(); 
 1216              		.loc 1 613 3 view .LVU433
 614:Drivers/STM32F4xx_HAL_Driver/Src/stm32f4xx_hal_dma.c ****   uint32_t tmpisr;
 1217              		.loc 1 614 3 view .LVU434
 614:Drivers/STM32F4xx_HAL_Driver/Src/stm32f4xx_hal_dma.c ****   uint32_t tmpisr;
 1218              		.loc 1 614 24 is_stmt 0 view .LVU435
 1219 000a FFF7FEFF 		bl	HAL_GetTick
 1220              	.LVL109:
 615:Drivers/STM32F4xx_HAL_Driver/Src/stm32f4xx_hal_dma.c ****   
 1221              		.loc 1 615 3 is_stmt 1 view .LVU436
 618:Drivers/STM32F4xx_HAL_Driver/Src/stm32f4xx_hal_dma.c **** 
 1222              		.loc 1 618 3 view .LVU437
 620:Drivers/STM32F4xx_HAL_Driver/Src/stm32f4xx_hal_dma.c ****   {
 1223              		.loc 1 620 3 view .LVU438
 620:Drivers/STM32F4xx_HAL_Driver/Src/stm32f4xx_hal_dma.c ****   {
 1224              		.loc 1 620 32 is_stmt 0 view .LVU439
 1225 000e 94F83530 		ldrb	r3, [r4, #53]	@ zero_extendqisi2
 620:Drivers/STM32F4xx_HAL_Driver/Src/stm32f4xx_hal_dma.c ****   {
 1226              		.loc 1 620 5 view .LVU440
 1227 0012 022B     		cmp	r3, #2
 1228 0014 07D0     		beq	.L79
 623:Drivers/STM32F4xx_HAL_Driver/Src/stm32f4xx_hal_dma.c ****     __HAL_UNLOCK(hdma);
 1229              		.loc 1 623 5 is_stmt 1 view .LVU441
 623:Drivers/STM32F4xx_HAL_Driver/Src/stm32f4xx_hal_dma.c ****     __HAL_UNLOCK(hdma);
 1230              		.loc 1 623 21 is_stmt 0 view .LVU442
 1231 0016 8023     		movs	r3, #128
 1232 0018 6365     		str	r3, [r4, #84]
 624:Drivers/STM32F4xx_HAL_Driver/Src/stm32f4xx_hal_dma.c ****     return HAL_ERROR;
 1233              		.loc 1 624 5 is_stmt 1 view .LVU443
 624:Drivers/STM32F4xx_HAL_Driver/Src/stm32f4xx_hal_dma.c ****     return HAL_ERROR;
 1234              		.loc 1 624 5 view .LVU444
 1235 001a 0023     		movs	r3, #0
 1236 001c 84F83430 		strb	r3, [r4, #52]
 624:Drivers/STM32F4xx_HAL_Driver/Src/stm32f4xx_hal_dma.c ****     return HAL_ERROR;
 1237              		.loc 1 624 5 view .LVU445
 625:Drivers/STM32F4xx_HAL_Driver/Src/stm32f4xx_hal_dma.c ****   }
 1238              		.loc 1 625 5 view .LVU446
 625:Drivers/STM32F4xx_HAL_Driver/Src/stm32f4xx_hal_dma.c ****   }
 1239              		.loc 1 625 12 is_stmt 0 view .LVU447
 1240 0020 0120     		movs	r0, #1
 1241              	.LVL110:
 1242              	.L80:
 738:Drivers/STM32F4xx_HAL_Driver/Src/stm32f4xx_hal_dma.c **** 
 1243              		.loc 1 738 1 view .LVU448
 1244 0022 BDE8F087 		pop	{r4, r5, r6, r7, r8, r9, r10, pc}
 1245              	.LVL111:
 1246              	.L79:
 738:Drivers/STM32F4xx_HAL_Driver/Src/stm32f4xx_hal_dma.c **** 
 1247              		.loc 1 738 1 view .LVU449
 1248 0026 8146     		mov	r9, r0
ARM GAS  C:\Users\Lenovo\AppData\Local\Temp\ccv3Zezd.s 			page 52


 629:Drivers/STM32F4xx_HAL_Driver/Src/stm32f4xx_hal_dma.c ****   {
 1249              		.loc 1 629 3 is_stmt 1 view .LVU450
 629:Drivers/STM32F4xx_HAL_Driver/Src/stm32f4xx_hal_dma.c ****   {
 1250              		.loc 1 629 12 is_stmt 0 view .LVU451
 1251 0028 2368     		ldr	r3, [r4]
 629:Drivers/STM32F4xx_HAL_Driver/Src/stm32f4xx_hal_dma.c ****   {
 1252              		.loc 1 629 22 view .LVU452
 1253 002a 1B68     		ldr	r3, [r3]
 629:Drivers/STM32F4xx_HAL_Driver/Src/stm32f4xx_hal_dma.c ****   {
 1254              		.loc 1 629 6 view .LVU453
 1255 002c 13F4807F 		tst	r3, #256
 1256 0030 3BD1     		bne	.L95
 636:Drivers/STM32F4xx_HAL_Driver/Src/stm32f4xx_hal_dma.c ****   {
 1257              		.loc 1 636 3 is_stmt 1 view .LVU454
 636:Drivers/STM32F4xx_HAL_Driver/Src/stm32f4xx_hal_dma.c ****   {
 1258              		.loc 1 636 5 is_stmt 0 view .LVU455
 1259 0032 B8F1000F 		cmp	r8, #0
 1260 0036 3DD1     		bne	.L82
 639:Drivers/STM32F4xx_HAL_Driver/Src/stm32f4xx_hal_dma.c ****   }
 1261              		.loc 1 639 5 is_stmt 1 view .LVU456
 639:Drivers/STM32F4xx_HAL_Driver/Src/stm32f4xx_hal_dma.c ****   }
 1262              		.loc 1 639 46 is_stmt 0 view .LVU457
 1263 0038 E36D     		ldr	r3, [r4, #92]
 639:Drivers/STM32F4xx_HAL_Driver/Src/stm32f4xx_hal_dma.c ****   }
 1264              		.loc 1 639 20 view .LVU458
 1265 003a 4FF0200A 		mov	r10, #32
 1266 003e 0AFA03FA 		lsl	r10, r10, r3
 1267              	.LVL112:
 1268              	.L83:
 647:Drivers/STM32F4xx_HAL_Driver/Src/stm32f4xx_hal_dma.c ****   tmpisr = regs->ISR;
 1269              		.loc 1 647 3 is_stmt 1 view .LVU459
 647:Drivers/STM32F4xx_HAL_Driver/Src/stm32f4xx_hal_dma.c ****   tmpisr = regs->ISR;
 1270              		.loc 1 647 36 is_stmt 0 view .LVU460
 1271 0042 A76D     		ldr	r7, [r4, #88]
 1272              	.LVL113:
 648:Drivers/STM32F4xx_HAL_Driver/Src/stm32f4xx_hal_dma.c ****   
 1273              		.loc 1 648 3 is_stmt 1 view .LVU461
 648:Drivers/STM32F4xx_HAL_Driver/Src/stm32f4xx_hal_dma.c ****   
 1274              		.loc 1 648 10 is_stmt 0 view .LVU462
 1275 0044 3B68     		ldr	r3, [r7]
 1276              	.LVL114:
 650:Drivers/STM32F4xx_HAL_Driver/Src/stm32f4xx_hal_dma.c ****   {
 1277              		.loc 1 650 3 is_stmt 1 view .LVU463
 1278              	.L84:
 650:Drivers/STM32F4xx_HAL_Driver/Src/stm32f4xx_hal_dma.c ****   {
 1279              		.loc 1 650 46 view .LVU464
 1280 0046 1AEA030F 		tst	r10, r3
 1281 004a 43D1     		bne	.L90
 650:Drivers/STM32F4xx_HAL_Driver/Src/stm32f4xx_hal_dma.c ****   {
 1282              		.loc 1 650 55 is_stmt 0 discriminator 1 view .LVU465
 1283 004c 636D     		ldr	r3, [r4, #84]
 1284              	.LVL115:
 650:Drivers/STM32F4xx_HAL_Driver/Src/stm32f4xx_hal_dma.c ****   {
 1285              		.loc 1 650 46 discriminator 1 view .LVU466
 1286 004e 13F0010F 		tst	r3, #1
 1287 0052 3FD1     		bne	.L90
 653:Drivers/STM32F4xx_HAL_Driver/Src/stm32f4xx_hal_dma.c ****     {
ARM GAS  C:\Users\Lenovo\AppData\Local\Temp\ccv3Zezd.s 			page 53


 1288              		.loc 1 653 5 is_stmt 1 view .LVU467
 653:Drivers/STM32F4xx_HAL_Driver/Src/stm32f4xx_hal_dma.c ****     {
 1289              		.loc 1 653 7 is_stmt 0 view .LVU468
 1290 0054 B6F1FF3F 		cmp	r6, #-1
 1291 0058 07D0     		beq	.L85
 655:Drivers/STM32F4xx_HAL_Driver/Src/stm32f4xx_hal_dma.c ****       {
 1292              		.loc 1 655 7 is_stmt 1 view .LVU469
 655:Drivers/STM32F4xx_HAL_Driver/Src/stm32f4xx_hal_dma.c ****       {
 1293              		.loc 1 655 9 is_stmt 0 view .LVU470
 1294 005a 002E     		cmp	r6, #0
 1295 005c 30D0     		beq	.L86
 655:Drivers/STM32F4xx_HAL_Driver/Src/stm32f4xx_hal_dma.c ****       {
 1296              		.loc 1 655 29 discriminator 1 view .LVU471
 1297 005e FFF7FEFF 		bl	HAL_GetTick
 1298              	.LVL116:
 655:Drivers/STM32F4xx_HAL_Driver/Src/stm32f4xx_hal_dma.c ****       {
 1299              		.loc 1 655 43 discriminator 1 view .LVU472
 1300 0062 A0EB0900 		sub	r0, r0, r9
 655:Drivers/STM32F4xx_HAL_Driver/Src/stm32f4xx_hal_dma.c ****       {
 1301              		.loc 1 655 25 discriminator 1 view .LVU473
 1302 0066 B042     		cmp	r0, r6
 1303 0068 2AD8     		bhi	.L86
 1304              	.L85:
 671:Drivers/STM32F4xx_HAL_Driver/Src/stm32f4xx_hal_dma.c **** 
 1305              		.loc 1 671 5 is_stmt 1 view .LVU474
 671:Drivers/STM32F4xx_HAL_Driver/Src/stm32f4xx_hal_dma.c **** 
 1306              		.loc 1 671 12 is_stmt 0 view .LVU475
 1307 006a 3B68     		ldr	r3, [r7]
 1308              	.LVL117:
 673:Drivers/STM32F4xx_HAL_Driver/Src/stm32f4xx_hal_dma.c ****     {
 1309              		.loc 1 673 5 is_stmt 1 view .LVU476
 673:Drivers/STM32F4xx_HAL_Driver/Src/stm32f4xx_hal_dma.c ****     {
 1310              		.loc 1 673 43 is_stmt 0 view .LVU477
 1311 006c E16D     		ldr	r1, [r4, #92]
 673:Drivers/STM32F4xx_HAL_Driver/Src/stm32f4xx_hal_dma.c ****     {
 1312              		.loc 1 673 36 view .LVU478
 1313 006e 0822     		movs	r2, #8
 1314 0070 8A40     		lsls	r2, r2, r1
 673:Drivers/STM32F4xx_HAL_Driver/Src/stm32f4xx_hal_dma.c ****     {
 1315              		.loc 1 673 7 view .LVU479
 1316 0072 1A42     		tst	r2, r3
 1317 0074 04D0     		beq	.L87
 676:Drivers/STM32F4xx_HAL_Driver/Src/stm32f4xx_hal_dma.c ****       
 1318              		.loc 1 676 7 is_stmt 1 view .LVU480
 676:Drivers/STM32F4xx_HAL_Driver/Src/stm32f4xx_hal_dma.c ****       
 1319              		.loc 1 676 11 is_stmt 0 view .LVU481
 1320 0076 616D     		ldr	r1, [r4, #84]
 676:Drivers/STM32F4xx_HAL_Driver/Src/stm32f4xx_hal_dma.c ****       
 1321              		.loc 1 676 23 view .LVU482
 1322 0078 41F00101 		orr	r1, r1, #1
 1323 007c 6165     		str	r1, [r4, #84]
 679:Drivers/STM32F4xx_HAL_Driver/Src/stm32f4xx_hal_dma.c ****     }
 1324              		.loc 1 679 7 is_stmt 1 view .LVU483
 679:Drivers/STM32F4xx_HAL_Driver/Src/stm32f4xx_hal_dma.c ****     }
 1325              		.loc 1 679 18 is_stmt 0 view .LVU484
 1326 007e BA60     		str	r2, [r7, #8]
 1327              	.L87:
ARM GAS  C:\Users\Lenovo\AppData\Local\Temp\ccv3Zezd.s 			page 54


 682:Drivers/STM32F4xx_HAL_Driver/Src/stm32f4xx_hal_dma.c ****     {
 1328              		.loc 1 682 5 is_stmt 1 view .LVU485
 682:Drivers/STM32F4xx_HAL_Driver/Src/stm32f4xx_hal_dma.c ****     {
 1329              		.loc 1 682 43 is_stmt 0 view .LVU486
 1330 0080 E16D     		ldr	r1, [r4, #92]
 682:Drivers/STM32F4xx_HAL_Driver/Src/stm32f4xx_hal_dma.c ****     {
 1331              		.loc 1 682 36 view .LVU487
 1332 0082 0122     		movs	r2, #1
 1333 0084 8A40     		lsls	r2, r2, r1
 682:Drivers/STM32F4xx_HAL_Driver/Src/stm32f4xx_hal_dma.c ****     {
 1334              		.loc 1 682 7 view .LVU488
 1335 0086 1A42     		tst	r2, r3
 1336 0088 04D0     		beq	.L88
 685:Drivers/STM32F4xx_HAL_Driver/Src/stm32f4xx_hal_dma.c ****       
 1337              		.loc 1 685 7 is_stmt 1 view .LVU489
 685:Drivers/STM32F4xx_HAL_Driver/Src/stm32f4xx_hal_dma.c ****       
 1338              		.loc 1 685 11 is_stmt 0 view .LVU490
 1339 008a 616D     		ldr	r1, [r4, #84]
 685:Drivers/STM32F4xx_HAL_Driver/Src/stm32f4xx_hal_dma.c ****       
 1340              		.loc 1 685 23 view .LVU491
 1341 008c 41F00201 		orr	r1, r1, #2
 1342 0090 6165     		str	r1, [r4, #84]
 688:Drivers/STM32F4xx_HAL_Driver/Src/stm32f4xx_hal_dma.c ****     }
 1343              		.loc 1 688 7 is_stmt 1 view .LVU492
 688:Drivers/STM32F4xx_HAL_Driver/Src/stm32f4xx_hal_dma.c ****     }
 1344              		.loc 1 688 18 is_stmt 0 view .LVU493
 1345 0092 BA60     		str	r2, [r7, #8]
 1346              	.L88:
 691:Drivers/STM32F4xx_HAL_Driver/Src/stm32f4xx_hal_dma.c ****     {
 1347              		.loc 1 691 5 is_stmt 1 view .LVU494
 691:Drivers/STM32F4xx_HAL_Driver/Src/stm32f4xx_hal_dma.c ****     {
 1348              		.loc 1 691 44 is_stmt 0 view .LVU495
 1349 0094 E26D     		ldr	r2, [r4, #92]
 691:Drivers/STM32F4xx_HAL_Driver/Src/stm32f4xx_hal_dma.c ****     {
 1350              		.loc 1 691 37 view .LVU496
 1351 0096 0425     		movs	r5, #4
 1352 0098 9540     		lsls	r5, r5, r2
 691:Drivers/STM32F4xx_HAL_Driver/Src/stm32f4xx_hal_dma.c ****     {
 1353              		.loc 1 691 7 view .LVU497
 1354 009a 1D42     		tst	r5, r3
 1355 009c D3D0     		beq	.L84
 694:Drivers/STM32F4xx_HAL_Driver/Src/stm32f4xx_hal_dma.c ****       
 1356              		.loc 1 694 7 is_stmt 1 view .LVU498
 694:Drivers/STM32F4xx_HAL_Driver/Src/stm32f4xx_hal_dma.c ****       
 1357              		.loc 1 694 11 is_stmt 0 view .LVU499
 1358 009e 626D     		ldr	r2, [r4, #84]
 694:Drivers/STM32F4xx_HAL_Driver/Src/stm32f4xx_hal_dma.c ****       
 1359              		.loc 1 694 23 view .LVU500
 1360 00a0 42F00402 		orr	r2, r2, #4
 1361 00a4 6265     		str	r2, [r4, #84]
 697:Drivers/STM32F4xx_HAL_Driver/Src/stm32f4xx_hal_dma.c ****     }
 1362              		.loc 1 697 7 is_stmt 1 view .LVU501
 697:Drivers/STM32F4xx_HAL_Driver/Src/stm32f4xx_hal_dma.c ****     }
 1363              		.loc 1 697 18 is_stmt 0 view .LVU502
 1364 00a6 BD60     		str	r5, [r7, #8]
 1365 00a8 CDE7     		b	.L84
 1366              	.LVL118:
ARM GAS  C:\Users\Lenovo\AppData\Local\Temp\ccv3Zezd.s 			page 55


 1367              	.L95:
 631:Drivers/STM32F4xx_HAL_Driver/Src/stm32f4xx_hal_dma.c ****     return HAL_ERROR;
 1368              		.loc 1 631 5 is_stmt 1 view .LVU503
 631:Drivers/STM32F4xx_HAL_Driver/Src/stm32f4xx_hal_dma.c ****     return HAL_ERROR;
 1369              		.loc 1 631 21 is_stmt 0 view .LVU504
 1370 00aa 4FF48073 		mov	r3, #256
 1371 00ae 6365     		str	r3, [r4, #84]
 632:Drivers/STM32F4xx_HAL_Driver/Src/stm32f4xx_hal_dma.c ****   }
 1372              		.loc 1 632 5 is_stmt 1 view .LVU505
 632:Drivers/STM32F4xx_HAL_Driver/Src/stm32f4xx_hal_dma.c ****   }
 1373              		.loc 1 632 12 is_stmt 0 view .LVU506
 1374 00b0 0120     		movs	r0, #1
 1375              	.LVL119:
 632:Drivers/STM32F4xx_HAL_Driver/Src/stm32f4xx_hal_dma.c ****   }
 1376              		.loc 1 632 12 view .LVU507
 1377 00b2 B6E7     		b	.L80
 1378              	.LVL120:
 1379              	.L82:
 644:Drivers/STM32F4xx_HAL_Driver/Src/stm32f4xx_hal_dma.c ****   }
 1380              		.loc 1 644 5 is_stmt 1 view .LVU508
 644:Drivers/STM32F4xx_HAL_Driver/Src/stm32f4xx_hal_dma.c ****   }
 1381              		.loc 1 644 46 is_stmt 0 view .LVU509
 1382 00b4 E36D     		ldr	r3, [r4, #92]
 644:Drivers/STM32F4xx_HAL_Driver/Src/stm32f4xx_hal_dma.c ****   }
 1383              		.loc 1 644 20 view .LVU510
 1384 00b6 4FF0100A 		mov	r10, #16
 1385 00ba 0AFA03FA 		lsl	r10, r10, r3
 1386 00be C0E7     		b	.L83
 1387              	.LVL121:
 1388              	.L86:
 658:Drivers/STM32F4xx_HAL_Driver/Src/stm32f4xx_hal_dma.c ****         
 1389              		.loc 1 658 9 is_stmt 1 view .LVU511
 658:Drivers/STM32F4xx_HAL_Driver/Src/stm32f4xx_hal_dma.c ****         
 1390              		.loc 1 658 25 is_stmt 0 view .LVU512
 1391 00c0 2023     		movs	r3, #32
 1392 00c2 6365     		str	r3, [r4, #84]
 661:Drivers/STM32F4xx_HAL_Driver/Src/stm32f4xx_hal_dma.c ****         
 1393              		.loc 1 661 9 is_stmt 1 view .LVU513
 661:Drivers/STM32F4xx_HAL_Driver/Src/stm32f4xx_hal_dma.c ****         
 1394              		.loc 1 661 21 is_stmt 0 view .LVU514
 1395 00c4 0123     		movs	r3, #1
 1396 00c6 84F83530 		strb	r3, [r4, #53]
 664:Drivers/STM32F4xx_HAL_Driver/Src/stm32f4xx_hal_dma.c ****         
 1397              		.loc 1 664 9 is_stmt 1 view .LVU515
 664:Drivers/STM32F4xx_HAL_Driver/Src/stm32f4xx_hal_dma.c ****         
 1398              		.loc 1 664 9 view .LVU516
 1399 00ca 0023     		movs	r3, #0
 1400 00cc 84F83430 		strb	r3, [r4, #52]
 664:Drivers/STM32F4xx_HAL_Driver/Src/stm32f4xx_hal_dma.c ****         
 1401              		.loc 1 664 9 view .LVU517
 666:Drivers/STM32F4xx_HAL_Driver/Src/stm32f4xx_hal_dma.c ****       }
 1402              		.loc 1 666 9 view .LVU518
 666:Drivers/STM32F4xx_HAL_Driver/Src/stm32f4xx_hal_dma.c ****       }
 1403              		.loc 1 666 16 is_stmt 0 view .LVU519
 1404 00d0 0320     		movs	r0, #3
 1405 00d2 A6E7     		b	.L80
 1406              	.L90:
ARM GAS  C:\Users\Lenovo\AppData\Local\Temp\ccv3Zezd.s 			page 56


 701:Drivers/STM32F4xx_HAL_Driver/Src/stm32f4xx_hal_dma.c ****   {
 1407              		.loc 1 701 3 is_stmt 1 view .LVU520
 701:Drivers/STM32F4xx_HAL_Driver/Src/stm32f4xx_hal_dma.c ****   {
 1408              		.loc 1 701 10 is_stmt 0 view .LVU521
 1409 00d4 636D     		ldr	r3, [r4, #84]
 701:Drivers/STM32F4xx_HAL_Driver/Src/stm32f4xx_hal_dma.c ****   {
 1410              		.loc 1 701 5 view .LVU522
 1411 00d6 1BB1     		cbz	r3, .L92
 703:Drivers/STM32F4xx_HAL_Driver/Src/stm32f4xx_hal_dma.c ****     {
 1412              		.loc 1 703 5 is_stmt 1 view .LVU523
 703:Drivers/STM32F4xx_HAL_Driver/Src/stm32f4xx_hal_dma.c ****     {
 1413              		.loc 1 703 13 is_stmt 0 view .LVU524
 1414 00d8 636D     		ldr	r3, [r4, #84]
 703:Drivers/STM32F4xx_HAL_Driver/Src/stm32f4xx_hal_dma.c ****     {
 1415              		.loc 1 703 7 view .LVU525
 1416 00da 13F0010F 		tst	r3, #1
 1417 00de 0ED1     		bne	.L96
 1418              	.L92:
 721:Drivers/STM32F4xx_HAL_Driver/Src/stm32f4xx_hal_dma.c ****   {
 1419              		.loc 1 721 3 is_stmt 1 view .LVU526
 721:Drivers/STM32F4xx_HAL_Driver/Src/stm32f4xx_hal_dma.c ****   {
 1420              		.loc 1 721 5 is_stmt 0 view .LVU527
 1421 00e0 B8F1000F 		cmp	r8, #0
 1422 00e4 19D1     		bne	.L93
 724:Drivers/STM32F4xx_HAL_Driver/Src/stm32f4xx_hal_dma.c ****     
 1423              		.loc 1 724 5 is_stmt 1 view .LVU528
 724:Drivers/STM32F4xx_HAL_Driver/Src/stm32f4xx_hal_dma.c ****     
 1424              		.loc 1 724 63 is_stmt 0 view .LVU529
 1425 00e6 E26D     		ldr	r2, [r4, #92]
 724:Drivers/STM32F4xx_HAL_Driver/Src/stm32f4xx_hal_dma.c ****     
 1426              		.loc 1 724 56 view .LVU530
 1427 00e8 3023     		movs	r3, #48
 1428 00ea 9340     		lsls	r3, r3, r2
 724:Drivers/STM32F4xx_HAL_Driver/Src/stm32f4xx_hal_dma.c ****     
 1429              		.loc 1 724 16 view .LVU531
 1430 00ec BB60     		str	r3, [r7, #8]
 726:Drivers/STM32F4xx_HAL_Driver/Src/stm32f4xx_hal_dma.c ****     
 1431              		.loc 1 726 5 is_stmt 1 view .LVU532
 726:Drivers/STM32F4xx_HAL_Driver/Src/stm32f4xx_hal_dma.c ****     
 1432              		.loc 1 726 17 is_stmt 0 view .LVU533
 1433 00ee 0123     		movs	r3, #1
 1434 00f0 84F83530 		strb	r3, [r4, #53]
 729:Drivers/STM32F4xx_HAL_Driver/Src/stm32f4xx_hal_dma.c ****   }
 1435              		.loc 1 729 5 is_stmt 1 view .LVU534
 729:Drivers/STM32F4xx_HAL_Driver/Src/stm32f4xx_hal_dma.c ****   }
 1436              		.loc 1 729 5 view .LVU535
 1437 00f4 0023     		movs	r3, #0
 1438 00f6 84F83430 		strb	r3, [r4, #52]
 729:Drivers/STM32F4xx_HAL_Driver/Src/stm32f4xx_hal_dma.c ****   }
 1439              		.loc 1 729 5 view .LVU536
 737:Drivers/STM32F4xx_HAL_Driver/Src/stm32f4xx_hal_dma.c **** }
 1440              		.loc 1 737 10 is_stmt 0 view .LVU537
 1441 00fa 4046     		mov	r0, r8
 1442 00fc 91E7     		b	.L80
 1443              	.L96:
 705:Drivers/STM32F4xx_HAL_Driver/Src/stm32f4xx_hal_dma.c ****     
 1444              		.loc 1 705 7 is_stmt 1 view .LVU538
ARM GAS  C:\Users\Lenovo\AppData\Local\Temp\ccv3Zezd.s 			page 57


 1445 00fe 2046     		mov	r0, r4
 1446 0100 FFF7FEFF 		bl	HAL_DMA_Abort
 1447              	.LVL122:
 708:Drivers/STM32F4xx_HAL_Driver/Src/stm32f4xx_hal_dma.c ****     
 1448              		.loc 1 708 7 view .LVU539
 708:Drivers/STM32F4xx_HAL_Driver/Src/stm32f4xx_hal_dma.c ****     
 1449              		.loc 1 708 65 is_stmt 0 view .LVU540
 1450 0104 E26D     		ldr	r2, [r4, #92]
 708:Drivers/STM32F4xx_HAL_Driver/Src/stm32f4xx_hal_dma.c ****     
 1451              		.loc 1 708 58 view .LVU541
 1452 0106 3023     		movs	r3, #48
 1453 0108 9340     		lsls	r3, r3, r2
 708:Drivers/STM32F4xx_HAL_Driver/Src/stm32f4xx_hal_dma.c ****     
 1454              		.loc 1 708 18 view .LVU542
 1455 010a BB60     		str	r3, [r7, #8]
 711:Drivers/STM32F4xx_HAL_Driver/Src/stm32f4xx_hal_dma.c **** 
 1456              		.loc 1 711 7 is_stmt 1 view .LVU543
 711:Drivers/STM32F4xx_HAL_Driver/Src/stm32f4xx_hal_dma.c **** 
 1457              		.loc 1 711 18 is_stmt 0 view .LVU544
 1458 010c 0120     		movs	r0, #1
 1459 010e 84F83500 		strb	r0, [r4, #53]
 714:Drivers/STM32F4xx_HAL_Driver/Src/stm32f4xx_hal_dma.c **** 
 1460              		.loc 1 714 7 is_stmt 1 view .LVU545
 714:Drivers/STM32F4xx_HAL_Driver/Src/stm32f4xx_hal_dma.c **** 
 1461              		.loc 1 714 7 view .LVU546
 1462 0112 0023     		movs	r3, #0
 1463 0114 84F83430 		strb	r3, [r4, #52]
 714:Drivers/STM32F4xx_HAL_Driver/Src/stm32f4xx_hal_dma.c **** 
 1464              		.loc 1 714 7 view .LVU547
 716:Drivers/STM32F4xx_HAL_Driver/Src/stm32f4xx_hal_dma.c ****    }
 1465              		.loc 1 716 7 view .LVU548
 716:Drivers/STM32F4xx_HAL_Driver/Src/stm32f4xx_hal_dma.c ****    }
 1466              		.loc 1 716 14 is_stmt 0 view .LVU549
 1467 0118 83E7     		b	.L80
 1468              	.L93:
 734:Drivers/STM32F4xx_HAL_Driver/Src/stm32f4xx_hal_dma.c ****   }
 1469              		.loc 1 734 5 is_stmt 1 view .LVU550
 734:Drivers/STM32F4xx_HAL_Driver/Src/stm32f4xx_hal_dma.c ****   }
 1470              		.loc 1 734 44 is_stmt 0 view .LVU551
 1471 011a E26D     		ldr	r2, [r4, #92]
 734:Drivers/STM32F4xx_HAL_Driver/Src/stm32f4xx_hal_dma.c ****   }
 1472              		.loc 1 734 37 view .LVU552
 1473 011c 1023     		movs	r3, #16
 1474 011e 9340     		lsls	r3, r3, r2
 734:Drivers/STM32F4xx_HAL_Driver/Src/stm32f4xx_hal_dma.c ****   }
 1475              		.loc 1 734 16 view .LVU553
 1476 0120 BB60     		str	r3, [r7, #8]
 737:Drivers/STM32F4xx_HAL_Driver/Src/stm32f4xx_hal_dma.c **** }
 1477              		.loc 1 737 10 view .LVU554
 1478 0122 0020     		movs	r0, #0
 1479 0124 7DE7     		b	.L80
 1480              		.cfi_endproc
 1481              	.LFE140:
 1483              		.section	.text.HAL_DMA_IRQHandler,"ax",%progbits
 1484              		.align	1
 1485              		.global	HAL_DMA_IRQHandler
 1486              		.syntax unified
ARM GAS  C:\Users\Lenovo\AppData\Local\Temp\ccv3Zezd.s 			page 58


 1487              		.thumb
 1488              		.thumb_func
 1490              	HAL_DMA_IRQHandler:
 1491              	.LVL123:
 1492              	.LFB141:
 747:Drivers/STM32F4xx_HAL_Driver/Src/stm32f4xx_hal_dma.c ****   uint32_t tmpisr;
 1493              		.loc 1 747 1 is_stmt 1 view -0
 1494              		.cfi_startproc
 1495              		@ args = 0, pretend = 0, frame = 8
 1496              		@ frame_needed = 0, uses_anonymous_args = 0
 747:Drivers/STM32F4xx_HAL_Driver/Src/stm32f4xx_hal_dma.c ****   uint32_t tmpisr;
 1497              		.loc 1 747 1 is_stmt 0 view .LVU556
 1498 0000 F0B5     		push	{r4, r5, r6, r7, lr}
 1499              	.LCFI11:
 1500              		.cfi_def_cfa_offset 20
 1501              		.cfi_offset 4, -20
 1502              		.cfi_offset 5, -16
 1503              		.cfi_offset 6, -12
 1504              		.cfi_offset 7, -8
 1505              		.cfi_offset 14, -4
 1506 0002 83B0     		sub	sp, sp, #12
 1507              	.LCFI12:
 1508              		.cfi_def_cfa_offset 32
 1509 0004 0446     		mov	r4, r0
 748:Drivers/STM32F4xx_HAL_Driver/Src/stm32f4xx_hal_dma.c ****   __IO uint32_t count = 0U;
 1510              		.loc 1 748 3 is_stmt 1 view .LVU557
 749:Drivers/STM32F4xx_HAL_Driver/Src/stm32f4xx_hal_dma.c ****   uint32_t timeout = SystemCoreClock / 9600U;
 1511              		.loc 1 749 3 view .LVU558
 749:Drivers/STM32F4xx_HAL_Driver/Src/stm32f4xx_hal_dma.c ****   uint32_t timeout = SystemCoreClock / 9600U;
 1512              		.loc 1 749 17 is_stmt 0 view .LVU559
 1513 0006 0023     		movs	r3, #0
 1514 0008 0193     		str	r3, [sp, #4]
 750:Drivers/STM32F4xx_HAL_Driver/Src/stm32f4xx_hal_dma.c **** 
 1515              		.loc 1 750 3 is_stmt 1 view .LVU560
 750:Drivers/STM32F4xx_HAL_Driver/Src/stm32f4xx_hal_dma.c **** 
 1516              		.loc 1 750 38 is_stmt 0 view .LVU561
 1517 000a 724B     		ldr	r3, .L120
 1518 000c 1D68     		ldr	r5, [r3]
 750:Drivers/STM32F4xx_HAL_Driver/Src/stm32f4xx_hal_dma.c **** 
 1519              		.loc 1 750 12 view .LVU562
 1520 000e 724B     		ldr	r3, .L120+4
 1521 0010 A3FB0535 		umull	r3, r5, r3, r5
 1522 0014 AD0A     		lsrs	r5, r5, #10
 1523              	.LVL124:
 753:Drivers/STM32F4xx_HAL_Driver/Src/stm32f4xx_hal_dma.c **** 
 1524              		.loc 1 753 3 is_stmt 1 view .LVU563
 753:Drivers/STM32F4xx_HAL_Driver/Src/stm32f4xx_hal_dma.c **** 
 1525              		.loc 1 753 56 is_stmt 0 view .LVU564
 1526 0016 876D     		ldr	r7, [r0, #88]
 1527              	.LVL125:
 755:Drivers/STM32F4xx_HAL_Driver/Src/stm32f4xx_hal_dma.c **** 
 1528              		.loc 1 755 3 is_stmt 1 view .LVU565
 755:Drivers/STM32F4xx_HAL_Driver/Src/stm32f4xx_hal_dma.c **** 
 1529              		.loc 1 755 10 is_stmt 0 view .LVU566
 1530 0018 3E68     		ldr	r6, [r7]
 1531              	.LVL126:
 758:Drivers/STM32F4xx_HAL_Driver/Src/stm32f4xx_hal_dma.c ****   {
ARM GAS  C:\Users\Lenovo\AppData\Local\Temp\ccv3Zezd.s 			page 59


 1532              		.loc 1 758 3 is_stmt 1 view .LVU567
 758:Drivers/STM32F4xx_HAL_Driver/Src/stm32f4xx_hal_dma.c ****   {
 1533              		.loc 1 758 42 is_stmt 0 view .LVU568
 1534 001a C26D     		ldr	r2, [r0, #92]
 758:Drivers/STM32F4xx_HAL_Driver/Src/stm32f4xx_hal_dma.c ****   {
 1535              		.loc 1 758 35 view .LVU569
 1536 001c 0823     		movs	r3, #8
 1537 001e 9340     		lsls	r3, r3, r2
 758:Drivers/STM32F4xx_HAL_Driver/Src/stm32f4xx_hal_dma.c ****   {
 1538              		.loc 1 758 6 view .LVU570
 1539 0020 3342     		tst	r3, r6
 1540 0022 10D0     		beq	.L98
 760:Drivers/STM32F4xx_HAL_Driver/Src/stm32f4xx_hal_dma.c ****     {
 1541              		.loc 1 760 5 is_stmt 1 view .LVU571
 760:Drivers/STM32F4xx_HAL_Driver/Src/stm32f4xx_hal_dma.c ****     {
 1542              		.loc 1 760 8 is_stmt 0 view .LVU572
 1543 0024 0368     		ldr	r3, [r0]
 1544 0026 1A68     		ldr	r2, [r3]
 760:Drivers/STM32F4xx_HAL_Driver/Src/stm32f4xx_hal_dma.c ****     {
 1545              		.loc 1 760 7 view .LVU573
 1546 0028 12F0040F 		tst	r2, #4
 1547 002c 0BD0     		beq	.L98
 763:Drivers/STM32F4xx_HAL_Driver/Src/stm32f4xx_hal_dma.c ****       
 1548              		.loc 1 763 7 is_stmt 1 view .LVU574
 763:Drivers/STM32F4xx_HAL_Driver/Src/stm32f4xx_hal_dma.c ****       
 1549              		.loc 1 763 21 is_stmt 0 view .LVU575
 1550 002e 1A68     		ldr	r2, [r3]
 763:Drivers/STM32F4xx_HAL_Driver/Src/stm32f4xx_hal_dma.c ****       
 1551              		.loc 1 763 27 view .LVU576
 1552 0030 22F00402 		bic	r2, r2, #4
 1553 0034 1A60     		str	r2, [r3]
 766:Drivers/STM32F4xx_HAL_Driver/Src/stm32f4xx_hal_dma.c ****       
 1554              		.loc 1 766 7 is_stmt 1 view .LVU577
 766:Drivers/STM32F4xx_HAL_Driver/Src/stm32f4xx_hal_dma.c ****       
 1555              		.loc 1 766 44 is_stmt 0 view .LVU578
 1556 0036 C26D     		ldr	r2, [r0, #92]
 766:Drivers/STM32F4xx_HAL_Driver/Src/stm32f4xx_hal_dma.c ****       
 1557              		.loc 1 766 37 view .LVU579
 1558 0038 0823     		movs	r3, #8
 1559 003a 9340     		lsls	r3, r3, r2
 766:Drivers/STM32F4xx_HAL_Driver/Src/stm32f4xx_hal_dma.c ****       
 1560              		.loc 1 766 18 view .LVU580
 1561 003c BB60     		str	r3, [r7, #8]
 769:Drivers/STM32F4xx_HAL_Driver/Src/stm32f4xx_hal_dma.c ****     }
 1562              		.loc 1 769 7 is_stmt 1 view .LVU581
 769:Drivers/STM32F4xx_HAL_Driver/Src/stm32f4xx_hal_dma.c ****     }
 1563              		.loc 1 769 11 is_stmt 0 view .LVU582
 1564 003e 436D     		ldr	r3, [r0, #84]
 769:Drivers/STM32F4xx_HAL_Driver/Src/stm32f4xx_hal_dma.c ****     }
 1565              		.loc 1 769 23 view .LVU583
 1566 0040 43F00103 		orr	r3, r3, #1
 1567 0044 4365     		str	r3, [r0, #84]
 1568              	.L98:
 773:Drivers/STM32F4xx_HAL_Driver/Src/stm32f4xx_hal_dma.c ****   {
 1569              		.loc 1 773 3 is_stmt 1 view .LVU584
 773:Drivers/STM32F4xx_HAL_Driver/Src/stm32f4xx_hal_dma.c ****   {
 1570              		.loc 1 773 42 is_stmt 0 view .LVU585
ARM GAS  C:\Users\Lenovo\AppData\Local\Temp\ccv3Zezd.s 			page 60


 1571 0046 E26D     		ldr	r2, [r4, #92]
 773:Drivers/STM32F4xx_HAL_Driver/Src/stm32f4xx_hal_dma.c ****   {
 1572              		.loc 1 773 35 view .LVU586
 1573 0048 0123     		movs	r3, #1
 1574 004a 9340     		lsls	r3, r3, r2
 773:Drivers/STM32F4xx_HAL_Driver/Src/stm32f4xx_hal_dma.c ****   {
 1575              		.loc 1 773 6 view .LVU587
 1576 004c 3342     		tst	r3, r6
 1577 004e 09D0     		beq	.L99
 775:Drivers/STM32F4xx_HAL_Driver/Src/stm32f4xx_hal_dma.c ****     {
 1578              		.loc 1 775 5 is_stmt 1 view .LVU588
 775:Drivers/STM32F4xx_HAL_Driver/Src/stm32f4xx_hal_dma.c ****     {
 1579              		.loc 1 775 8 is_stmt 0 view .LVU589
 1580 0050 2268     		ldr	r2, [r4]
 1581 0052 5269     		ldr	r2, [r2, #20]
 775:Drivers/STM32F4xx_HAL_Driver/Src/stm32f4xx_hal_dma.c ****     {
 1582              		.loc 1 775 7 view .LVU590
 1583 0054 12F0800F 		tst	r2, #128
 1584 0058 04D0     		beq	.L99
 778:Drivers/STM32F4xx_HAL_Driver/Src/stm32f4xx_hal_dma.c **** 
 1585              		.loc 1 778 7 is_stmt 1 view .LVU591
 778:Drivers/STM32F4xx_HAL_Driver/Src/stm32f4xx_hal_dma.c **** 
 1586              		.loc 1 778 18 is_stmt 0 view .LVU592
 1587 005a BB60     		str	r3, [r7, #8]
 781:Drivers/STM32F4xx_HAL_Driver/Src/stm32f4xx_hal_dma.c ****     }
 1588              		.loc 1 781 7 is_stmt 1 view .LVU593
 781:Drivers/STM32F4xx_HAL_Driver/Src/stm32f4xx_hal_dma.c ****     }
 1589              		.loc 1 781 11 is_stmt 0 view .LVU594
 1590 005c 636D     		ldr	r3, [r4, #84]
 781:Drivers/STM32F4xx_HAL_Driver/Src/stm32f4xx_hal_dma.c ****     }
 1591              		.loc 1 781 23 view .LVU595
 1592 005e 43F00203 		orr	r3, r3, #2
 1593 0062 6365     		str	r3, [r4, #84]
 1594              	.L99:
 785:Drivers/STM32F4xx_HAL_Driver/Src/stm32f4xx_hal_dma.c ****   {
 1595              		.loc 1 785 3 is_stmt 1 view .LVU596
 785:Drivers/STM32F4xx_HAL_Driver/Src/stm32f4xx_hal_dma.c ****   {
 1596              		.loc 1 785 43 is_stmt 0 view .LVU597
 1597 0064 E26D     		ldr	r2, [r4, #92]
 785:Drivers/STM32F4xx_HAL_Driver/Src/stm32f4xx_hal_dma.c ****   {
 1598              		.loc 1 785 36 view .LVU598
 1599 0066 0423     		movs	r3, #4
 1600 0068 9340     		lsls	r3, r3, r2
 785:Drivers/STM32F4xx_HAL_Driver/Src/stm32f4xx_hal_dma.c ****   {
 1601              		.loc 1 785 6 view .LVU599
 1602 006a 3342     		tst	r3, r6
 1603 006c 09D0     		beq	.L100
 787:Drivers/STM32F4xx_HAL_Driver/Src/stm32f4xx_hal_dma.c ****     {
 1604              		.loc 1 787 5 is_stmt 1 view .LVU600
 787:Drivers/STM32F4xx_HAL_Driver/Src/stm32f4xx_hal_dma.c ****     {
 1605              		.loc 1 787 8 is_stmt 0 view .LVU601
 1606 006e 2268     		ldr	r2, [r4]
 1607 0070 1268     		ldr	r2, [r2]
 787:Drivers/STM32F4xx_HAL_Driver/Src/stm32f4xx_hal_dma.c ****     {
 1608              		.loc 1 787 7 view .LVU602
 1609 0072 12F0020F 		tst	r2, #2
 1610 0076 04D0     		beq	.L100
ARM GAS  C:\Users\Lenovo\AppData\Local\Temp\ccv3Zezd.s 			page 61


 790:Drivers/STM32F4xx_HAL_Driver/Src/stm32f4xx_hal_dma.c **** 
 1611              		.loc 1 790 7 is_stmt 1 view .LVU603
 790:Drivers/STM32F4xx_HAL_Driver/Src/stm32f4xx_hal_dma.c **** 
 1612              		.loc 1 790 18 is_stmt 0 view .LVU604
 1613 0078 BB60     		str	r3, [r7, #8]
 793:Drivers/STM32F4xx_HAL_Driver/Src/stm32f4xx_hal_dma.c ****     }
 1614              		.loc 1 793 7 is_stmt 1 view .LVU605
 793:Drivers/STM32F4xx_HAL_Driver/Src/stm32f4xx_hal_dma.c ****     }
 1615              		.loc 1 793 11 is_stmt 0 view .LVU606
 1616 007a 636D     		ldr	r3, [r4, #84]
 793:Drivers/STM32F4xx_HAL_Driver/Src/stm32f4xx_hal_dma.c ****     }
 1617              		.loc 1 793 23 view .LVU607
 1618 007c 43F00403 		orr	r3, r3, #4
 1619 0080 6365     		str	r3, [r4, #84]
 1620              	.L100:
 797:Drivers/STM32F4xx_HAL_Driver/Src/stm32f4xx_hal_dma.c ****   {
 1621              		.loc 1 797 3 is_stmt 1 view .LVU608
 797:Drivers/STM32F4xx_HAL_Driver/Src/stm32f4xx_hal_dma.c ****   {
 1622              		.loc 1 797 42 is_stmt 0 view .LVU609
 1623 0082 E26D     		ldr	r2, [r4, #92]
 797:Drivers/STM32F4xx_HAL_Driver/Src/stm32f4xx_hal_dma.c ****   {
 1624              		.loc 1 797 35 view .LVU610
 1625 0084 1023     		movs	r3, #16
 1626 0086 9340     		lsls	r3, r3, r2
 797:Drivers/STM32F4xx_HAL_Driver/Src/stm32f4xx_hal_dma.c ****   {
 1627              		.loc 1 797 6 view .LVU611
 1628 0088 3342     		tst	r3, r6
 1629 008a 24D0     		beq	.L101
 799:Drivers/STM32F4xx_HAL_Driver/Src/stm32f4xx_hal_dma.c ****     {
 1630              		.loc 1 799 5 is_stmt 1 view .LVU612
 799:Drivers/STM32F4xx_HAL_Driver/Src/stm32f4xx_hal_dma.c ****     {
 1631              		.loc 1 799 8 is_stmt 0 view .LVU613
 1632 008c 2268     		ldr	r2, [r4]
 1633 008e 1268     		ldr	r2, [r2]
 799:Drivers/STM32F4xx_HAL_Driver/Src/stm32f4xx_hal_dma.c ****     {
 1634              		.loc 1 799 7 view .LVU614
 1635 0090 12F0080F 		tst	r2, #8
 1636 0094 1FD0     		beq	.L101
 802:Drivers/STM32F4xx_HAL_Driver/Src/stm32f4xx_hal_dma.c ****       
 1637              		.loc 1 802 7 is_stmt 1 view .LVU615
 802:Drivers/STM32F4xx_HAL_Driver/Src/stm32f4xx_hal_dma.c ****       
 1638              		.loc 1 802 18 is_stmt 0 view .LVU616
 1639 0096 BB60     		str	r3, [r7, #8]
 805:Drivers/STM32F4xx_HAL_Driver/Src/stm32f4xx_hal_dma.c ****       {
 1640              		.loc 1 805 7 is_stmt 1 view .LVU617
 805:Drivers/STM32F4xx_HAL_Driver/Src/stm32f4xx_hal_dma.c ****       {
 1641              		.loc 1 805 16 is_stmt 0 view .LVU618
 1642 0098 2368     		ldr	r3, [r4]
 805:Drivers/STM32F4xx_HAL_Driver/Src/stm32f4xx_hal_dma.c ****       {
 1643              		.loc 1 805 26 view .LVU619
 1644 009a 1A68     		ldr	r2, [r3]
 805:Drivers/STM32F4xx_HAL_Driver/Src/stm32f4xx_hal_dma.c ****       {
 1645              		.loc 1 805 9 view .LVU620
 1646 009c 12F4802F 		tst	r2, #262144
 1647 00a0 0DD0     		beq	.L102
 808:Drivers/STM32F4xx_HAL_Driver/Src/stm32f4xx_hal_dma.c ****         {
 1648              		.loc 1 808 9 is_stmt 1 view .LVU621
ARM GAS  C:\Users\Lenovo\AppData\Local\Temp\ccv3Zezd.s 			page 62


 808:Drivers/STM32F4xx_HAL_Driver/Src/stm32f4xx_hal_dma.c ****         {
 1649              		.loc 1 808 27 is_stmt 0 view .LVU622
 1650 00a2 1B68     		ldr	r3, [r3]
 808:Drivers/STM32F4xx_HAL_Driver/Src/stm32f4xx_hal_dma.c ****         {
 1651              		.loc 1 808 11 view .LVU623
 1652 00a4 13F4002F 		tst	r3, #524288
 1653 00a8 04D1     		bne	.L103
 810:Drivers/STM32F4xx_HAL_Driver/Src/stm32f4xx_hal_dma.c ****           {
 1654              		.loc 1 810 11 is_stmt 1 view .LVU624
 810:Drivers/STM32F4xx_HAL_Driver/Src/stm32f4xx_hal_dma.c ****           {
 1655              		.loc 1 810 18 is_stmt 0 view .LVU625
 1656 00aa 236C     		ldr	r3, [r4, #64]
 810:Drivers/STM32F4xx_HAL_Driver/Src/stm32f4xx_hal_dma.c ****           {
 1657              		.loc 1 810 13 view .LVU626
 1658 00ac 9BB1     		cbz	r3, .L101
 813:Drivers/STM32F4xx_HAL_Driver/Src/stm32f4xx_hal_dma.c ****           }
 1659              		.loc 1 813 13 is_stmt 1 view .LVU627
 1660 00ae 2046     		mov	r0, r4
 1661              	.LVL127:
 813:Drivers/STM32F4xx_HAL_Driver/Src/stm32f4xx_hal_dma.c ****           }
 1662              		.loc 1 813 13 is_stmt 0 view .LVU628
 1663 00b0 9847     		blx	r3
 1664              	.LVL128:
 1665 00b2 10E0     		b	.L101
 1666              	.LVL129:
 1667              	.L103:
 819:Drivers/STM32F4xx_HAL_Driver/Src/stm32f4xx_hal_dma.c ****           {
 1668              		.loc 1 819 11 is_stmt 1 view .LVU629
 819:Drivers/STM32F4xx_HAL_Driver/Src/stm32f4xx_hal_dma.c ****           {
 1669              		.loc 1 819 18 is_stmt 0 view .LVU630
 1670 00b4 A36C     		ldr	r3, [r4, #72]
 819:Drivers/STM32F4xx_HAL_Driver/Src/stm32f4xx_hal_dma.c ****           {
 1671              		.loc 1 819 13 view .LVU631
 1672 00b6 73B1     		cbz	r3, .L101
 822:Drivers/STM32F4xx_HAL_Driver/Src/stm32f4xx_hal_dma.c ****           }
 1673              		.loc 1 822 13 is_stmt 1 view .LVU632
 1674 00b8 2046     		mov	r0, r4
 1675              	.LVL130:
 822:Drivers/STM32F4xx_HAL_Driver/Src/stm32f4xx_hal_dma.c ****           }
 1676              		.loc 1 822 13 is_stmt 0 view .LVU633
 1677 00ba 9847     		blx	r3
 1678              	.LVL131:
 1679 00bc 0BE0     		b	.L101
 1680              	.LVL132:
 1681              	.L102:
 829:Drivers/STM32F4xx_HAL_Driver/Src/stm32f4xx_hal_dma.c ****         {
 1682              		.loc 1 829 9 is_stmt 1 view .LVU634
 829:Drivers/STM32F4xx_HAL_Driver/Src/stm32f4xx_hal_dma.c ****         {
 1683              		.loc 1 829 27 is_stmt 0 view .LVU635
 1684 00be 1A68     		ldr	r2, [r3]
 829:Drivers/STM32F4xx_HAL_Driver/Src/stm32f4xx_hal_dma.c ****         {
 1685              		.loc 1 829 11 view .LVU636
 1686 00c0 12F4807F 		tst	r2, #256
 1687 00c4 03D1     		bne	.L104
 832:Drivers/STM32F4xx_HAL_Driver/Src/stm32f4xx_hal_dma.c ****         }
 1688              		.loc 1 832 11 is_stmt 1 view .LVU637
 832:Drivers/STM32F4xx_HAL_Driver/Src/stm32f4xx_hal_dma.c ****         }
ARM GAS  C:\Users\Lenovo\AppData\Local\Temp\ccv3Zezd.s 			page 63


 1689              		.loc 1 832 25 is_stmt 0 view .LVU638
 1690 00c6 1A68     		ldr	r2, [r3]
 832:Drivers/STM32F4xx_HAL_Driver/Src/stm32f4xx_hal_dma.c ****         }
 1691              		.loc 1 832 31 view .LVU639
 1692 00c8 22F00802 		bic	r2, r2, #8
 1693 00cc 1A60     		str	r2, [r3]
 1694              	.L104:
 835:Drivers/STM32F4xx_HAL_Driver/Src/stm32f4xx_hal_dma.c ****         {
 1695              		.loc 1 835 9 is_stmt 1 view .LVU640
 835:Drivers/STM32F4xx_HAL_Driver/Src/stm32f4xx_hal_dma.c ****         {
 1696              		.loc 1 835 16 is_stmt 0 view .LVU641
 1697 00ce 236C     		ldr	r3, [r4, #64]
 835:Drivers/STM32F4xx_HAL_Driver/Src/stm32f4xx_hal_dma.c ****         {
 1698              		.loc 1 835 11 view .LVU642
 1699 00d0 0BB1     		cbz	r3, .L101
 838:Drivers/STM32F4xx_HAL_Driver/Src/stm32f4xx_hal_dma.c ****         }
 1700              		.loc 1 838 11 is_stmt 1 view .LVU643
 1701 00d2 2046     		mov	r0, r4
 1702              	.LVL133:
 838:Drivers/STM32F4xx_HAL_Driver/Src/stm32f4xx_hal_dma.c ****         }
 1703              		.loc 1 838 11 is_stmt 0 view .LVU644
 1704 00d4 9847     		blx	r3
 1705              	.LVL134:
 1706              	.L101:
 844:Drivers/STM32F4xx_HAL_Driver/Src/stm32f4xx_hal_dma.c ****   {
 1707              		.loc 1 844 3 is_stmt 1 view .LVU645
 844:Drivers/STM32F4xx_HAL_Driver/Src/stm32f4xx_hal_dma.c ****   {
 1708              		.loc 1 844 42 is_stmt 0 view .LVU646
 1709 00d6 E26D     		ldr	r2, [r4, #92]
 844:Drivers/STM32F4xx_HAL_Driver/Src/stm32f4xx_hal_dma.c ****   {
 1710              		.loc 1 844 35 view .LVU647
 1711 00d8 2023     		movs	r3, #32
 1712 00da 9340     		lsls	r3, r3, r2
 844:Drivers/STM32F4xx_HAL_Driver/Src/stm32f4xx_hal_dma.c ****   {
 1713              		.loc 1 844 6 view .LVU648
 1714 00dc 3342     		tst	r3, r6
 1715 00de 54D0     		beq	.L105
 846:Drivers/STM32F4xx_HAL_Driver/Src/stm32f4xx_hal_dma.c ****     {
 1716              		.loc 1 846 5 is_stmt 1 view .LVU649
 846:Drivers/STM32F4xx_HAL_Driver/Src/stm32f4xx_hal_dma.c ****     {
 1717              		.loc 1 846 8 is_stmt 0 view .LVU650
 1718 00e0 2268     		ldr	r2, [r4]
 1719 00e2 1268     		ldr	r2, [r2]
 846:Drivers/STM32F4xx_HAL_Driver/Src/stm32f4xx_hal_dma.c ****     {
 1720              		.loc 1 846 7 view .LVU651
 1721 00e4 12F0100F 		tst	r2, #16
 1722 00e8 4FD0     		beq	.L105
 849:Drivers/STM32F4xx_HAL_Driver/Src/stm32f4xx_hal_dma.c ****       
 1723              		.loc 1 849 7 is_stmt 1 view .LVU652
 849:Drivers/STM32F4xx_HAL_Driver/Src/stm32f4xx_hal_dma.c ****       
 1724              		.loc 1 849 18 is_stmt 0 view .LVU653
 1725 00ea BB60     		str	r3, [r7, #8]
 851:Drivers/STM32F4xx_HAL_Driver/Src/stm32f4xx_hal_dma.c ****       {
 1726              		.loc 1 851 7 is_stmt 1 view .LVU654
 851:Drivers/STM32F4xx_HAL_Driver/Src/stm32f4xx_hal_dma.c ****       {
 1727              		.loc 1 851 37 is_stmt 0 view .LVU655
 1728 00ec 94F83530 		ldrb	r3, [r4, #53]	@ zero_extendqisi2
ARM GAS  C:\Users\Lenovo\AppData\Local\Temp\ccv3Zezd.s 			page 64


 851:Drivers/STM32F4xx_HAL_Driver/Src/stm32f4xx_hal_dma.c ****       {
 1729              		.loc 1 851 9 view .LVU656
 1730 00f0 052B     		cmp	r3, #5
 1731 00f2 0ED0     		beq	.L118
 878:Drivers/STM32F4xx_HAL_Driver/Src/stm32f4xx_hal_dma.c ****       {
 1732              		.loc 1 878 7 is_stmt 1 view .LVU657
 878:Drivers/STM32F4xx_HAL_Driver/Src/stm32f4xx_hal_dma.c ****       {
 1733              		.loc 1 878 16 is_stmt 0 view .LVU658
 1734 00f4 2368     		ldr	r3, [r4]
 878:Drivers/STM32F4xx_HAL_Driver/Src/stm32f4xx_hal_dma.c ****       {
 1735              		.loc 1 878 26 view .LVU659
 1736 00f6 1A68     		ldr	r2, [r3]
 878:Drivers/STM32F4xx_HAL_Driver/Src/stm32f4xx_hal_dma.c ****       {
 1737              		.loc 1 878 9 view .LVU660
 1738 00f8 12F4802F 		tst	r2, #262144
 1739 00fc 33D0     		beq	.L111
 881:Drivers/STM32F4xx_HAL_Driver/Src/stm32f4xx_hal_dma.c ****         {
 1740              		.loc 1 881 9 is_stmt 1 view .LVU661
 881:Drivers/STM32F4xx_HAL_Driver/Src/stm32f4xx_hal_dma.c ****         {
 1741              		.loc 1 881 27 is_stmt 0 view .LVU662
 1742 00fe 1B68     		ldr	r3, [r3]
 881:Drivers/STM32F4xx_HAL_Driver/Src/stm32f4xx_hal_dma.c ****         {
 1743              		.loc 1 881 11 view .LVU663
 1744 0100 13F4002F 		tst	r3, #524288
 1745 0104 2AD1     		bne	.L112
 883:Drivers/STM32F4xx_HAL_Driver/Src/stm32f4xx_hal_dma.c ****           {
 1746              		.loc 1 883 11 is_stmt 1 view .LVU664
 883:Drivers/STM32F4xx_HAL_Driver/Src/stm32f4xx_hal_dma.c ****           {
 1747              		.loc 1 883 18 is_stmt 0 view .LVU665
 1748 0106 636C     		ldr	r3, [r4, #68]
 883:Drivers/STM32F4xx_HAL_Driver/Src/stm32f4xx_hal_dma.c ****           {
 1749              		.loc 1 883 13 view .LVU666
 1750 0108 002B     		cmp	r3, #0
 1751 010a 3ED0     		beq	.L105
 886:Drivers/STM32F4xx_HAL_Driver/Src/stm32f4xx_hal_dma.c ****           }
 1752              		.loc 1 886 13 is_stmt 1 view .LVU667
 1753 010c 2046     		mov	r0, r4
 1754 010e 9847     		blx	r3
 1755              	.LVL135:
 1756 0110 3BE0     		b	.L105
 1757              	.L118:
 854:Drivers/STM32F4xx_HAL_Driver/Src/stm32f4xx_hal_dma.c ****         hdma->Instance->FCR &= ~(DMA_IT_FE);
 1758              		.loc 1 854 9 view .LVU668
 854:Drivers/STM32F4xx_HAL_Driver/Src/stm32f4xx_hal_dma.c ****         hdma->Instance->FCR &= ~(DMA_IT_FE);
 1759              		.loc 1 854 13 is_stmt 0 view .LVU669
 1760 0112 2268     		ldr	r2, [r4]
 854:Drivers/STM32F4xx_HAL_Driver/Src/stm32f4xx_hal_dma.c ****         hdma->Instance->FCR &= ~(DMA_IT_FE);
 1761              		.loc 1 854 23 view .LVU670
 1762 0114 1368     		ldr	r3, [r2]
 854:Drivers/STM32F4xx_HAL_Driver/Src/stm32f4xx_hal_dma.c ****         hdma->Instance->FCR &= ~(DMA_IT_FE);
 1763              		.loc 1 854 29 view .LVU671
 1764 0116 23F01603 		bic	r3, r3, #22
 1765 011a 1360     		str	r3, [r2]
 855:Drivers/STM32F4xx_HAL_Driver/Src/stm32f4xx_hal_dma.c ****         
 1766              		.loc 1 855 9 is_stmt 1 view .LVU672
 855:Drivers/STM32F4xx_HAL_Driver/Src/stm32f4xx_hal_dma.c ****         
 1767              		.loc 1 855 13 is_stmt 0 view .LVU673
ARM GAS  C:\Users\Lenovo\AppData\Local\Temp\ccv3Zezd.s 			page 65


 1768 011c 2268     		ldr	r2, [r4]
 855:Drivers/STM32F4xx_HAL_Driver/Src/stm32f4xx_hal_dma.c ****         
 1769              		.loc 1 855 23 view .LVU674
 1770 011e 5369     		ldr	r3, [r2, #20]
 855:Drivers/STM32F4xx_HAL_Driver/Src/stm32f4xx_hal_dma.c ****         
 1771              		.loc 1 855 29 view .LVU675
 1772 0120 23F08003 		bic	r3, r3, #128
 1773 0124 5361     		str	r3, [r2, #20]
 857:Drivers/STM32F4xx_HAL_Driver/Src/stm32f4xx_hal_dma.c ****         {
 1774              		.loc 1 857 9 is_stmt 1 view .LVU676
 857:Drivers/STM32F4xx_HAL_Driver/Src/stm32f4xx_hal_dma.c ****         {
 1775              		.loc 1 857 17 is_stmt 0 view .LVU677
 1776 0126 236C     		ldr	r3, [r4, #64]
 857:Drivers/STM32F4xx_HAL_Driver/Src/stm32f4xx_hal_dma.c ****         {
 1777              		.loc 1 857 11 view .LVU678
 1778 0128 A3B1     		cbz	r3, .L119
 1779              	.L107:
 859:Drivers/STM32F4xx_HAL_Driver/Src/stm32f4xx_hal_dma.c ****         }
 1780              		.loc 1 859 11 is_stmt 1 view .LVU679
 859:Drivers/STM32F4xx_HAL_Driver/Src/stm32f4xx_hal_dma.c ****         }
 1781              		.loc 1 859 15 is_stmt 0 view .LVU680
 1782 012a 2268     		ldr	r2, [r4]
 859:Drivers/STM32F4xx_HAL_Driver/Src/stm32f4xx_hal_dma.c ****         }
 1783              		.loc 1 859 25 view .LVU681
 1784 012c 1368     		ldr	r3, [r2]
 859:Drivers/STM32F4xx_HAL_Driver/Src/stm32f4xx_hal_dma.c ****         }
 1785              		.loc 1 859 31 view .LVU682
 1786 012e 23F00803 		bic	r3, r3, #8
 1787 0132 1360     		str	r3, [r2]
 1788              	.L108:
 863:Drivers/STM32F4xx_HAL_Driver/Src/stm32f4xx_hal_dma.c **** 
 1789              		.loc 1 863 9 is_stmt 1 view .LVU683
 863:Drivers/STM32F4xx_HAL_Driver/Src/stm32f4xx_hal_dma.c **** 
 1790              		.loc 1 863 35 is_stmt 0 view .LVU684
 1791 0134 E26D     		ldr	r2, [r4, #92]
 863:Drivers/STM32F4xx_HAL_Driver/Src/stm32f4xx_hal_dma.c **** 
 1792              		.loc 1 863 28 view .LVU685
 1793 0136 3F23     		movs	r3, #63
 1794 0138 9340     		lsls	r3, r3, r2
 863:Drivers/STM32F4xx_HAL_Driver/Src/stm32f4xx_hal_dma.c **** 
 1795              		.loc 1 863 20 view .LVU686
 1796 013a BB60     		str	r3, [r7, #8]
 866:Drivers/STM32F4xx_HAL_Driver/Src/stm32f4xx_hal_dma.c **** 
 1797              		.loc 1 866 9 is_stmt 1 view .LVU687
 866:Drivers/STM32F4xx_HAL_Driver/Src/stm32f4xx_hal_dma.c **** 
 1798              		.loc 1 866 21 is_stmt 0 view .LVU688
 1799 013c 0123     		movs	r3, #1
 1800 013e 84F83530 		strb	r3, [r4, #53]
 869:Drivers/STM32F4xx_HAL_Driver/Src/stm32f4xx_hal_dma.c **** 
 1801              		.loc 1 869 9 is_stmt 1 view .LVU689
 869:Drivers/STM32F4xx_HAL_Driver/Src/stm32f4xx_hal_dma.c **** 
 1802              		.loc 1 869 9 view .LVU690
 1803 0142 0023     		movs	r3, #0
 1804 0144 84F83430 		strb	r3, [r4, #52]
 869:Drivers/STM32F4xx_HAL_Driver/Src/stm32f4xx_hal_dma.c **** 
 1805              		.loc 1 869 9 view .LVU691
 871:Drivers/STM32F4xx_HAL_Driver/Src/stm32f4xx_hal_dma.c ****         {
ARM GAS  C:\Users\Lenovo\AppData\Local\Temp\ccv3Zezd.s 			page 66


 1806              		.loc 1 871 9 view .LVU692
 871:Drivers/STM32F4xx_HAL_Driver/Src/stm32f4xx_hal_dma.c ****         {
 1807              		.loc 1 871 16 is_stmt 0 view .LVU693
 1808 0148 236D     		ldr	r3, [r4, #80]
 871:Drivers/STM32F4xx_HAL_Driver/Src/stm32f4xx_hal_dma.c ****         {
 1809              		.loc 1 871 11 view .LVU694
 1810 014a 002B     		cmp	r3, #0
 1811 014c 3FD0     		beq	.L97
 873:Drivers/STM32F4xx_HAL_Driver/Src/stm32f4xx_hal_dma.c ****         }
 1812              		.loc 1 873 11 is_stmt 1 view .LVU695
 1813 014e 2046     		mov	r0, r4
 1814 0150 9847     		blx	r3
 1815              	.LVL136:
 875:Drivers/STM32F4xx_HAL_Driver/Src/stm32f4xx_hal_dma.c ****       }
 1816              		.loc 1 875 9 view .LVU696
 1817 0152 3CE0     		b	.L97
 1818              	.L119:
 857:Drivers/STM32F4xx_HAL_Driver/Src/stm32f4xx_hal_dma.c ****         {
 1819              		.loc 1 857 57 is_stmt 0 discriminator 1 view .LVU697
 1820 0154 A36C     		ldr	r3, [r4, #72]
 857:Drivers/STM32F4xx_HAL_Driver/Src/stm32f4xx_hal_dma.c ****         {
 1821              		.loc 1 857 49 discriminator 1 view .LVU698
 1822 0156 002B     		cmp	r3, #0
 1823 0158 E7D1     		bne	.L107
 1824 015a EBE7     		b	.L108
 1825              	.L112:
 892:Drivers/STM32F4xx_HAL_Driver/Src/stm32f4xx_hal_dma.c ****           {
 1826              		.loc 1 892 11 is_stmt 1 view .LVU699
 892:Drivers/STM32F4xx_HAL_Driver/Src/stm32f4xx_hal_dma.c ****           {
 1827              		.loc 1 892 18 is_stmt 0 view .LVU700
 1828 015c E36B     		ldr	r3, [r4, #60]
 892:Drivers/STM32F4xx_HAL_Driver/Src/stm32f4xx_hal_dma.c ****           {
 1829              		.loc 1 892 13 view .LVU701
 1830 015e A3B1     		cbz	r3, .L105
 895:Drivers/STM32F4xx_HAL_Driver/Src/stm32f4xx_hal_dma.c ****           }
 1831              		.loc 1 895 13 is_stmt 1 view .LVU702
 1832 0160 2046     		mov	r0, r4
 1833 0162 9847     		blx	r3
 1834              	.LVL137:
 1835 0164 11E0     		b	.L105
 1836              	.L111:
 902:Drivers/STM32F4xx_HAL_Driver/Src/stm32f4xx_hal_dma.c ****         {
 1837              		.loc 1 902 9 view .LVU703
 902:Drivers/STM32F4xx_HAL_Driver/Src/stm32f4xx_hal_dma.c ****         {
 1838              		.loc 1 902 27 is_stmt 0 view .LVU704
 1839 0166 1A68     		ldr	r2, [r3]
 902:Drivers/STM32F4xx_HAL_Driver/Src/stm32f4xx_hal_dma.c ****         {
 1840              		.loc 1 902 11 view .LVU705
 1841 0168 12F4807F 		tst	r2, #256
 1842 016c 09D1     		bne	.L113
 905:Drivers/STM32F4xx_HAL_Driver/Src/stm32f4xx_hal_dma.c **** 
 1843              		.loc 1 905 11 is_stmt 1 view .LVU706
 905:Drivers/STM32F4xx_HAL_Driver/Src/stm32f4xx_hal_dma.c **** 
 1844              		.loc 1 905 25 is_stmt 0 view .LVU707
 1845 016e 1A68     		ldr	r2, [r3]
 905:Drivers/STM32F4xx_HAL_Driver/Src/stm32f4xx_hal_dma.c **** 
 1846              		.loc 1 905 31 view .LVU708
ARM GAS  C:\Users\Lenovo\AppData\Local\Temp\ccv3Zezd.s 			page 67


 1847 0170 22F01002 		bic	r2, r2, #16
 1848 0174 1A60     		str	r2, [r3]
 908:Drivers/STM32F4xx_HAL_Driver/Src/stm32f4xx_hal_dma.c **** 
 1849              		.loc 1 908 11 is_stmt 1 view .LVU709
 908:Drivers/STM32F4xx_HAL_Driver/Src/stm32f4xx_hal_dma.c **** 
 1850              		.loc 1 908 23 is_stmt 0 view .LVU710
 1851 0176 0123     		movs	r3, #1
 1852 0178 84F83530 		strb	r3, [r4, #53]
 911:Drivers/STM32F4xx_HAL_Driver/Src/stm32f4xx_hal_dma.c ****         }
 1853              		.loc 1 911 11 is_stmt 1 view .LVU711
 911:Drivers/STM32F4xx_HAL_Driver/Src/stm32f4xx_hal_dma.c ****         }
 1854              		.loc 1 911 11 view .LVU712
 1855 017c 0023     		movs	r3, #0
 1856 017e 84F83430 		strb	r3, [r4, #52]
 1857              	.L113:
 911:Drivers/STM32F4xx_HAL_Driver/Src/stm32f4xx_hal_dma.c ****         }
 1858              		.loc 1 911 11 view .LVU713
 914:Drivers/STM32F4xx_HAL_Driver/Src/stm32f4xx_hal_dma.c ****         {
 1859              		.loc 1 914 9 view .LVU714
 914:Drivers/STM32F4xx_HAL_Driver/Src/stm32f4xx_hal_dma.c ****         {
 1860              		.loc 1 914 16 is_stmt 0 view .LVU715
 1861 0182 E36B     		ldr	r3, [r4, #60]
 914:Drivers/STM32F4xx_HAL_Driver/Src/stm32f4xx_hal_dma.c ****         {
 1862              		.loc 1 914 11 view .LVU716
 1863 0184 0BB1     		cbz	r3, .L105
 917:Drivers/STM32F4xx_HAL_Driver/Src/stm32f4xx_hal_dma.c ****         }
 1864              		.loc 1 917 11 is_stmt 1 view .LVU717
 1865 0186 2046     		mov	r0, r4
 1866 0188 9847     		blx	r3
 1867              	.LVL138:
 1868              	.L105:
 924:Drivers/STM32F4xx_HAL_Driver/Src/stm32f4xx_hal_dma.c ****   {
 1869              		.loc 1 924 3 view .LVU718
 924:Drivers/STM32F4xx_HAL_Driver/Src/stm32f4xx_hal_dma.c ****   {
 1870              		.loc 1 924 10 is_stmt 0 view .LVU719
 1871 018a 636D     		ldr	r3, [r4, #84]
 924:Drivers/STM32F4xx_HAL_Driver/Src/stm32f4xx_hal_dma.c ****   {
 1872              		.loc 1 924 5 view .LVU720
 1873 018c FBB1     		cbz	r3, .L97
 926:Drivers/STM32F4xx_HAL_Driver/Src/stm32f4xx_hal_dma.c ****     {
 1874              		.loc 1 926 5 is_stmt 1 view .LVU721
 926:Drivers/STM32F4xx_HAL_Driver/Src/stm32f4xx_hal_dma.c ****     {
 1875              		.loc 1 926 13 is_stmt 0 view .LVU722
 1876 018e 636D     		ldr	r3, [r4, #84]
 926:Drivers/STM32F4xx_HAL_Driver/Src/stm32f4xx_hal_dma.c ****     {
 1877              		.loc 1 926 7 view .LVU723
 1878 0190 13F0010F 		tst	r3, #1
 1879 0194 17D0     		beq	.L114
 928:Drivers/STM32F4xx_HAL_Driver/Src/stm32f4xx_hal_dma.c **** 
 1880              		.loc 1 928 7 is_stmt 1 view .LVU724
 928:Drivers/STM32F4xx_HAL_Driver/Src/stm32f4xx_hal_dma.c **** 
 1881              		.loc 1 928 19 is_stmt 0 view .LVU725
 1882 0196 0523     		movs	r3, #5
 1883 0198 84F83530 		strb	r3, [r4, #53]
 931:Drivers/STM32F4xx_HAL_Driver/Src/stm32f4xx_hal_dma.c **** 
 1884              		.loc 1 931 7 is_stmt 1 view .LVU726
 1885 019c 2268     		ldr	r2, [r4]
ARM GAS  C:\Users\Lenovo\AppData\Local\Temp\ccv3Zezd.s 			page 68


 1886 019e 1368     		ldr	r3, [r2]
 1887 01a0 23F00103 		bic	r3, r3, #1
 1888 01a4 1360     		str	r3, [r2]
 1889              	.L116:
 933:Drivers/STM32F4xx_HAL_Driver/Src/stm32f4xx_hal_dma.c ****       {
 1890              		.loc 1 933 7 view .LVU727
 935:Drivers/STM32F4xx_HAL_Driver/Src/stm32f4xx_hal_dma.c ****         {
 1891              		.loc 1 935 9 view .LVU728
 935:Drivers/STM32F4xx_HAL_Driver/Src/stm32f4xx_hal_dma.c ****         {
 1892              		.loc 1 935 13 is_stmt 0 view .LVU729
 1893 01a6 019B     		ldr	r3, [sp, #4]
 1894 01a8 0133     		adds	r3, r3, #1
 935:Drivers/STM32F4xx_HAL_Driver/Src/stm32f4xx_hal_dma.c ****         {
 1895              		.loc 1 935 12 view .LVU730
 1896 01aa 0193     		str	r3, [sp, #4]
 1897 01ac AB42     		cmp	r3, r5
 1898 01ae 04D8     		bhi	.L115
 940:Drivers/STM32F4xx_HAL_Driver/Src/stm32f4xx_hal_dma.c **** 
 1899              		.loc 1 940 48 is_stmt 1 view .LVU731
 940:Drivers/STM32F4xx_HAL_Driver/Src/stm32f4xx_hal_dma.c **** 
 1900              		.loc 1 940 18 is_stmt 0 view .LVU732
 1901 01b0 2368     		ldr	r3, [r4]
 940:Drivers/STM32F4xx_HAL_Driver/Src/stm32f4xx_hal_dma.c **** 
 1902              		.loc 1 940 28 view .LVU733
 1903 01b2 1B68     		ldr	r3, [r3]
 940:Drivers/STM32F4xx_HAL_Driver/Src/stm32f4xx_hal_dma.c **** 
 1904              		.loc 1 940 48 view .LVU734
 1905 01b4 13F0010F 		tst	r3, #1
 1906 01b8 F5D1     		bne	.L116
 1907              	.L115:
 943:Drivers/STM32F4xx_HAL_Driver/Src/stm32f4xx_hal_dma.c **** 
 1908              		.loc 1 943 7 is_stmt 1 view .LVU735
 943:Drivers/STM32F4xx_HAL_Driver/Src/stm32f4xx_hal_dma.c **** 
 1909              		.loc 1 943 19 is_stmt 0 view .LVU736
 1910 01ba 0123     		movs	r3, #1
 1911 01bc 84F83530 		strb	r3, [r4, #53]
 946:Drivers/STM32F4xx_HAL_Driver/Src/stm32f4xx_hal_dma.c ****     }
 1912              		.loc 1 946 7 is_stmt 1 view .LVU737
 946:Drivers/STM32F4xx_HAL_Driver/Src/stm32f4xx_hal_dma.c ****     }
 1913              		.loc 1 946 7 view .LVU738
 1914 01c0 0023     		movs	r3, #0
 1915 01c2 84F83430 		strb	r3, [r4, #52]
 1916              	.L114:
 946:Drivers/STM32F4xx_HAL_Driver/Src/stm32f4xx_hal_dma.c ****     }
 1917              		.loc 1 946 7 view .LVU739
 949:Drivers/STM32F4xx_HAL_Driver/Src/stm32f4xx_hal_dma.c ****     {
 1918              		.loc 1 949 5 view .LVU740
 949:Drivers/STM32F4xx_HAL_Driver/Src/stm32f4xx_hal_dma.c ****     {
 1919              		.loc 1 949 12 is_stmt 0 view .LVU741
 1920 01c6 E36C     		ldr	r3, [r4, #76]
 949:Drivers/STM32F4xx_HAL_Driver/Src/stm32f4xx_hal_dma.c ****     {
 1921              		.loc 1 949 7 view .LVU742
 1922 01c8 0BB1     		cbz	r3, .L97
 952:Drivers/STM32F4xx_HAL_Driver/Src/stm32f4xx_hal_dma.c ****     }
 1923              		.loc 1 952 7 is_stmt 1 view .LVU743
 1924 01ca 2046     		mov	r0, r4
 1925 01cc 9847     		blx	r3
ARM GAS  C:\Users\Lenovo\AppData\Local\Temp\ccv3Zezd.s 			page 69


 1926              	.LVL139:
 1927              	.L97:
 955:Drivers/STM32F4xx_HAL_Driver/Src/stm32f4xx_hal_dma.c **** 
 1928              		.loc 1 955 1 is_stmt 0 view .LVU744
 1929 01ce 03B0     		add	sp, sp, #12
 1930              	.LCFI13:
 1931              		.cfi_def_cfa_offset 20
 1932              		@ sp needed
 1933 01d0 F0BD     		pop	{r4, r5, r6, r7, pc}
 1934              	.LVL140:
 1935              	.L121:
 955:Drivers/STM32F4xx_HAL_Driver/Src/stm32f4xx_hal_dma.c **** 
 1936              		.loc 1 955 1 view .LVU745
 1937 01d2 00BF     		.align	2
 1938              	.L120:
 1939 01d4 00000000 		.word	SystemCoreClock
 1940 01d8 B5814E1B 		.word	458129845
 1941              		.cfi_endproc
 1942              	.LFE141:
 1944              		.section	.text.HAL_DMA_RegisterCallback,"ax",%progbits
 1945              		.align	1
 1946              		.global	HAL_DMA_RegisterCallback
 1947              		.syntax unified
 1948              		.thumb
 1949              		.thumb_func
 1951              	HAL_DMA_RegisterCallback:
 1952              	.LVL141:
 1953              	.LFB142:
 968:Drivers/STM32F4xx_HAL_Driver/Src/stm32f4xx_hal_dma.c **** 
 1954              		.loc 1 968 1 is_stmt 1 view -0
 1955              		.cfi_startproc
 1956              		@ args = 0, pretend = 0, frame = 0
 1957              		@ frame_needed = 0, uses_anonymous_args = 0
 1958              		@ link register save eliminated.
 968:Drivers/STM32F4xx_HAL_Driver/Src/stm32f4xx_hal_dma.c **** 
 1959              		.loc 1 968 1 is_stmt 0 view .LVU747
 1960 0000 0346     		mov	r3, r0
 970:Drivers/STM32F4xx_HAL_Driver/Src/stm32f4xx_hal_dma.c **** 
 1961              		.loc 1 970 3 is_stmt 1 view .LVU748
 1962              	.LVL142:
 973:Drivers/STM32F4xx_HAL_Driver/Src/stm32f4xx_hal_dma.c **** 
 1963              		.loc 1 973 3 view .LVU749
 973:Drivers/STM32F4xx_HAL_Driver/Src/stm32f4xx_hal_dma.c **** 
 1964              		.loc 1 973 3 view .LVU750
 1965 0002 90F83400 		ldrb	r0, [r0, #52]	@ zero_extendqisi2
 1966              	.LVL143:
 973:Drivers/STM32F4xx_HAL_Driver/Src/stm32f4xx_hal_dma.c **** 
 1967              		.loc 1 973 3 is_stmt 0 view .LVU751
 1968 0006 0128     		cmp	r0, #1
 1969 0008 27D0     		beq	.L132
 973:Drivers/STM32F4xx_HAL_Driver/Src/stm32f4xx_hal_dma.c **** 
 1970              		.loc 1 973 3 is_stmt 1 discriminator 2 view .LVU752
 1971 000a 0120     		movs	r0, #1
 1972 000c 83F83400 		strb	r0, [r3, #52]
 973:Drivers/STM32F4xx_HAL_Driver/Src/stm32f4xx_hal_dma.c **** 
 1973              		.loc 1 973 3 view .LVU753
 975:Drivers/STM32F4xx_HAL_Driver/Src/stm32f4xx_hal_dma.c ****   {
ARM GAS  C:\Users\Lenovo\AppData\Local\Temp\ccv3Zezd.s 			page 70


 1974              		.loc 1 975 3 view .LVU754
 975:Drivers/STM32F4xx_HAL_Driver/Src/stm32f4xx_hal_dma.c ****   {
 1975              		.loc 1 975 33 is_stmt 0 view .LVU755
 1976 0010 93F835C0 		ldrb	ip, [r3, #53]	@ zero_extendqisi2
 1977 0014 5FFA8CF0 		uxtb	r0, ip
 975:Drivers/STM32F4xx_HAL_Driver/Src/stm32f4xx_hal_dma.c ****   {
 1978              		.loc 1 975 5 view .LVU756
 1979 0018 BCF1010F 		cmp	ip, #1
 1980 001c 04D0     		beq	.L135
1012:Drivers/STM32F4xx_HAL_Driver/Src/stm32f4xx_hal_dma.c ****   }
 1981              		.loc 1 1012 12 view .LVU757
 1982 001e 0120     		movs	r0, #1
 1983              	.L124:
 1984              	.LVL144:
1016:Drivers/STM32F4xx_HAL_Driver/Src/stm32f4xx_hal_dma.c ****   
 1985              		.loc 1 1016 3 is_stmt 1 view .LVU758
1016:Drivers/STM32F4xx_HAL_Driver/Src/stm32f4xx_hal_dma.c ****   
 1986              		.loc 1 1016 3 view .LVU759
 1987 0020 0022     		movs	r2, #0
 1988              	.LVL145:
1016:Drivers/STM32F4xx_HAL_Driver/Src/stm32f4xx_hal_dma.c ****   
 1989              		.loc 1 1016 3 is_stmt 0 view .LVU760
 1990 0022 83F83420 		strb	r2, [r3, #52]
1016:Drivers/STM32F4xx_HAL_Driver/Src/stm32f4xx_hal_dma.c ****   
 1991              		.loc 1 1016 3 is_stmt 1 view .LVU761
1018:Drivers/STM32F4xx_HAL_Driver/Src/stm32f4xx_hal_dma.c **** }
 1992              		.loc 1 1018 3 view .LVU762
1018:Drivers/STM32F4xx_HAL_Driver/Src/stm32f4xx_hal_dma.c **** }
 1993              		.loc 1 1018 10 is_stmt 0 view .LVU763
 1994 0026 7047     		bx	lr
 1995              	.LVL146:
 1996              	.L135:
 977:Drivers/STM32F4xx_HAL_Driver/Src/stm32f4xx_hal_dma.c ****     {
 1997              		.loc 1 977 5 is_stmt 1 view .LVU764
 1998 0028 0529     		cmp	r1, #5
 1999 002a F9D8     		bhi	.L124
 2000 002c DFE801F0 		tbb	[pc, r1]
 2001              	.L126:
 2002 0030 03       		.byte	(.L131-.L126)/2
 2003 0031 06       		.byte	(.L130-.L126)/2
 2004 0032 09       		.byte	(.L129-.L126)/2
 2005 0033 0C       		.byte	(.L128-.L126)/2
 2006 0034 0F       		.byte	(.L127-.L126)/2
 2007 0035 12       		.byte	(.L125-.L126)/2
 2008              		.p2align 1
 2009              	.L131:
 980:Drivers/STM32F4xx_HAL_Driver/Src/stm32f4xx_hal_dma.c ****       break;
 2010              		.loc 1 980 7 view .LVU765
 980:Drivers/STM32F4xx_HAL_Driver/Src/stm32f4xx_hal_dma.c ****       break;
 2011              		.loc 1 980 30 is_stmt 0 view .LVU766
 2012 0036 DA63     		str	r2, [r3, #60]
 981:Drivers/STM32F4xx_HAL_Driver/Src/stm32f4xx_hal_dma.c **** 
 2013              		.loc 1 981 7 is_stmt 1 view .LVU767
 970:Drivers/STM32F4xx_HAL_Driver/Src/stm32f4xx_hal_dma.c **** 
 2014              		.loc 1 970 21 is_stmt 0 view .LVU768
 2015 0038 0846     		mov	r0, r1
 981:Drivers/STM32F4xx_HAL_Driver/Src/stm32f4xx_hal_dma.c **** 
ARM GAS  C:\Users\Lenovo\AppData\Local\Temp\ccv3Zezd.s 			page 71


 2016              		.loc 1 981 7 view .LVU769
 2017 003a F1E7     		b	.L124
 2018              	.L130:
 984:Drivers/STM32F4xx_HAL_Driver/Src/stm32f4xx_hal_dma.c ****       break;
 2019              		.loc 1 984 7 is_stmt 1 view .LVU770
 984:Drivers/STM32F4xx_HAL_Driver/Src/stm32f4xx_hal_dma.c ****       break;
 2020              		.loc 1 984 34 is_stmt 0 view .LVU771
 2021 003c 1A64     		str	r2, [r3, #64]
 985:Drivers/STM32F4xx_HAL_Driver/Src/stm32f4xx_hal_dma.c **** 
 2022              		.loc 1 985 7 is_stmt 1 view .LVU772
 970:Drivers/STM32F4xx_HAL_Driver/Src/stm32f4xx_hal_dma.c **** 
 2023              		.loc 1 970 21 is_stmt 0 view .LVU773
 2024 003e 0020     		movs	r0, #0
 985:Drivers/STM32F4xx_HAL_Driver/Src/stm32f4xx_hal_dma.c **** 
 2025              		.loc 1 985 7 view .LVU774
 2026 0040 EEE7     		b	.L124
 2027              	.L129:
 988:Drivers/STM32F4xx_HAL_Driver/Src/stm32f4xx_hal_dma.c ****       break;
 2028              		.loc 1 988 7 is_stmt 1 view .LVU775
 988:Drivers/STM32F4xx_HAL_Driver/Src/stm32f4xx_hal_dma.c ****       break;
 2029              		.loc 1 988 32 is_stmt 0 view .LVU776
 2030 0042 5A64     		str	r2, [r3, #68]
 989:Drivers/STM32F4xx_HAL_Driver/Src/stm32f4xx_hal_dma.c **** 
 2031              		.loc 1 989 7 is_stmt 1 view .LVU777
 970:Drivers/STM32F4xx_HAL_Driver/Src/stm32f4xx_hal_dma.c **** 
 2032              		.loc 1 970 21 is_stmt 0 view .LVU778
 2033 0044 0020     		movs	r0, #0
 989:Drivers/STM32F4xx_HAL_Driver/Src/stm32f4xx_hal_dma.c **** 
 2034              		.loc 1 989 7 view .LVU779
 2035 0046 EBE7     		b	.L124
 2036              	.L128:
 992:Drivers/STM32F4xx_HAL_Driver/Src/stm32f4xx_hal_dma.c ****       break;
 2037              		.loc 1 992 7 is_stmt 1 view .LVU780
 992:Drivers/STM32F4xx_HAL_Driver/Src/stm32f4xx_hal_dma.c ****       break;
 2038              		.loc 1 992 36 is_stmt 0 view .LVU781
 2039 0048 9A64     		str	r2, [r3, #72]
 993:Drivers/STM32F4xx_HAL_Driver/Src/stm32f4xx_hal_dma.c **** 
 2040              		.loc 1 993 7 is_stmt 1 view .LVU782
 970:Drivers/STM32F4xx_HAL_Driver/Src/stm32f4xx_hal_dma.c **** 
 2041              		.loc 1 970 21 is_stmt 0 view .LVU783
 2042 004a 0020     		movs	r0, #0
 993:Drivers/STM32F4xx_HAL_Driver/Src/stm32f4xx_hal_dma.c **** 
 2043              		.loc 1 993 7 view .LVU784
 2044 004c E8E7     		b	.L124
 2045              	.L127:
 996:Drivers/STM32F4xx_HAL_Driver/Src/stm32f4xx_hal_dma.c ****       break;
 2046              		.loc 1 996 7 is_stmt 1 view .LVU785
 996:Drivers/STM32F4xx_HAL_Driver/Src/stm32f4xx_hal_dma.c ****       break;
 2047              		.loc 1 996 31 is_stmt 0 view .LVU786
 2048 004e DA64     		str	r2, [r3, #76]
 997:Drivers/STM32F4xx_HAL_Driver/Src/stm32f4xx_hal_dma.c **** 
 2049              		.loc 1 997 7 is_stmt 1 view .LVU787
 970:Drivers/STM32F4xx_HAL_Driver/Src/stm32f4xx_hal_dma.c **** 
 2050              		.loc 1 970 21 is_stmt 0 view .LVU788
 2051 0050 0020     		movs	r0, #0
 997:Drivers/STM32F4xx_HAL_Driver/Src/stm32f4xx_hal_dma.c **** 
 2052              		.loc 1 997 7 view .LVU789
ARM GAS  C:\Users\Lenovo\AppData\Local\Temp\ccv3Zezd.s 			page 72


 2053 0052 E5E7     		b	.L124
 2054              	.L125:
1000:Drivers/STM32F4xx_HAL_Driver/Src/stm32f4xx_hal_dma.c ****       break;
 2055              		.loc 1 1000 7 is_stmt 1 view .LVU790
1000:Drivers/STM32F4xx_HAL_Driver/Src/stm32f4xx_hal_dma.c ****       break;
 2056              		.loc 1 1000 31 is_stmt 0 view .LVU791
 2057 0054 1A65     		str	r2, [r3, #80]
1001:Drivers/STM32F4xx_HAL_Driver/Src/stm32f4xx_hal_dma.c **** 
 2058              		.loc 1 1001 7 is_stmt 1 view .LVU792
 970:Drivers/STM32F4xx_HAL_Driver/Src/stm32f4xx_hal_dma.c **** 
 2059              		.loc 1 970 21 is_stmt 0 view .LVU793
 2060 0056 0020     		movs	r0, #0
1001:Drivers/STM32F4xx_HAL_Driver/Src/stm32f4xx_hal_dma.c **** 
 2061              		.loc 1 1001 7 view .LVU794
 2062 0058 E2E7     		b	.L124
 2063              	.L132:
 973:Drivers/STM32F4xx_HAL_Driver/Src/stm32f4xx_hal_dma.c **** 
 2064              		.loc 1 973 3 discriminator 1 view .LVU795
 2065 005a 0220     		movs	r0, #2
1019:Drivers/STM32F4xx_HAL_Driver/Src/stm32f4xx_hal_dma.c **** 
 2066              		.loc 1 1019 1 view .LVU796
 2067 005c 7047     		bx	lr
 2068              		.cfi_endproc
 2069              	.LFE142:
 2071              		.section	.text.HAL_DMA_UnRegisterCallback,"ax",%progbits
 2072              		.align	1
 2073              		.global	HAL_DMA_UnRegisterCallback
 2074              		.syntax unified
 2075              		.thumb
 2076              		.thumb_func
 2078              	HAL_DMA_UnRegisterCallback:
 2079              	.LVL147:
 2080              	.LFB143:
1030:Drivers/STM32F4xx_HAL_Driver/Src/stm32f4xx_hal_dma.c ****   HAL_StatusTypeDef status = HAL_OK;
 2081              		.loc 1 1030 1 is_stmt 1 view -0
 2082              		.cfi_startproc
 2083              		@ args = 0, pretend = 0, frame = 0
 2084              		@ frame_needed = 0, uses_anonymous_args = 0
 2085              		@ link register save eliminated.
1030:Drivers/STM32F4xx_HAL_Driver/Src/stm32f4xx_hal_dma.c ****   HAL_StatusTypeDef status = HAL_OK;
 2086              		.loc 1 1030 1 is_stmt 0 view .LVU798
 2087 0000 0346     		mov	r3, r0
1031:Drivers/STM32F4xx_HAL_Driver/Src/stm32f4xx_hal_dma.c ****   
 2088              		.loc 1 1031 3 is_stmt 1 view .LVU799
 2089              	.LVL148:
1034:Drivers/STM32F4xx_HAL_Driver/Src/stm32f4xx_hal_dma.c ****   
 2090              		.loc 1 1034 3 view .LVU800
1034:Drivers/STM32F4xx_HAL_Driver/Src/stm32f4xx_hal_dma.c ****   
 2091              		.loc 1 1034 3 view .LVU801
 2092 0002 90F83420 		ldrb	r2, [r0, #52]	@ zero_extendqisi2
 2093 0006 012A     		cmp	r2, #1
 2094 0008 2FD0     		beq	.L147
1034:Drivers/STM32F4xx_HAL_Driver/Src/stm32f4xx_hal_dma.c ****   
 2095              		.loc 1 1034 3 discriminator 2 view .LVU802
 2096 000a 0122     		movs	r2, #1
 2097 000c 80F83420 		strb	r2, [r0, #52]
1034:Drivers/STM32F4xx_HAL_Driver/Src/stm32f4xx_hal_dma.c ****   
ARM GAS  C:\Users\Lenovo\AppData\Local\Temp\ccv3Zezd.s 			page 73


 2098              		.loc 1 1034 3 view .LVU803
1036:Drivers/STM32F4xx_HAL_Driver/Src/stm32f4xx_hal_dma.c ****   {
 2099              		.loc 1 1036 3 view .LVU804
1036:Drivers/STM32F4xx_HAL_Driver/Src/stm32f4xx_hal_dma.c ****   {
 2100              		.loc 1 1036 33 is_stmt 0 view .LVU805
 2101 0010 90F83520 		ldrb	r2, [r0, #53]	@ zero_extendqisi2
 2102 0014 D0B2     		uxtb	r0, r2
 2103              	.LVL149:
1036:Drivers/STM32F4xx_HAL_Driver/Src/stm32f4xx_hal_dma.c ****   {
 2104              		.loc 1 1036 5 view .LVU806
 2105 0016 012A     		cmp	r2, #1
 2106 0018 04D0     		beq	.L150
1080:Drivers/STM32F4xx_HAL_Driver/Src/stm32f4xx_hal_dma.c ****   }
 2107              		.loc 1 1080 12 view .LVU807
 2108 001a 0120     		movs	r0, #1
 2109              	.L138:
 2110              	.LVL150:
1084:Drivers/STM32F4xx_HAL_Driver/Src/stm32f4xx_hal_dma.c ****   
 2111              		.loc 1 1084 3 is_stmt 1 view .LVU808
1084:Drivers/STM32F4xx_HAL_Driver/Src/stm32f4xx_hal_dma.c ****   
 2112              		.loc 1 1084 3 view .LVU809
 2113 001c 0022     		movs	r2, #0
 2114 001e 83F83420 		strb	r2, [r3, #52]
1084:Drivers/STM32F4xx_HAL_Driver/Src/stm32f4xx_hal_dma.c ****   
 2115              		.loc 1 1084 3 view .LVU810
1086:Drivers/STM32F4xx_HAL_Driver/Src/stm32f4xx_hal_dma.c **** }
 2116              		.loc 1 1086 3 view .LVU811
1086:Drivers/STM32F4xx_HAL_Driver/Src/stm32f4xx_hal_dma.c **** }
 2117              		.loc 1 1086 10 is_stmt 0 view .LVU812
 2118 0022 7047     		bx	lr
 2119              	.LVL151:
 2120              	.L150:
1038:Drivers/STM32F4xx_HAL_Driver/Src/stm32f4xx_hal_dma.c ****     {
 2121              		.loc 1 1038 5 is_stmt 1 view .LVU813
 2122 0024 0629     		cmp	r1, #6
 2123 0026 F9D8     		bhi	.L138
 2124 0028 DFE801F0 		tbb	[pc, r1]
 2125              	.L140:
 2126 002c 04       		.byte	(.L146-.L140)/2
 2127 002d 08       		.byte	(.L145-.L140)/2
 2128 002e 0B       		.byte	(.L144-.L140)/2
 2129 002f 0E       		.byte	(.L143-.L140)/2
 2130 0030 11       		.byte	(.L142-.L140)/2
 2131 0031 14       		.byte	(.L141-.L140)/2
 2132 0032 17       		.byte	(.L139-.L140)/2
 2133 0033 00       		.p2align 1
 2134              	.L146:
1041:Drivers/STM32F4xx_HAL_Driver/Src/stm32f4xx_hal_dma.c ****       break;
 2135              		.loc 1 1041 7 view .LVU814
1041:Drivers/STM32F4xx_HAL_Driver/Src/stm32f4xx_hal_dma.c ****       break;
 2136              		.loc 1 1041 30 is_stmt 0 view .LVU815
 2137 0034 0022     		movs	r2, #0
 2138 0036 DA63     		str	r2, [r3, #60]
1042:Drivers/STM32F4xx_HAL_Driver/Src/stm32f4xx_hal_dma.c ****       
 2139              		.loc 1 1042 7 is_stmt 1 view .LVU816
1031:Drivers/STM32F4xx_HAL_Driver/Src/stm32f4xx_hal_dma.c ****   
 2140              		.loc 1 1031 21 is_stmt 0 view .LVU817
ARM GAS  C:\Users\Lenovo\AppData\Local\Temp\ccv3Zezd.s 			page 74


 2141 0038 0846     		mov	r0, r1
1042:Drivers/STM32F4xx_HAL_Driver/Src/stm32f4xx_hal_dma.c ****       
 2142              		.loc 1 1042 7 view .LVU818
 2143 003a EFE7     		b	.L138
 2144              	.L145:
1045:Drivers/STM32F4xx_HAL_Driver/Src/stm32f4xx_hal_dma.c ****       break;
 2145              		.loc 1 1045 7 is_stmt 1 view .LVU819
1045:Drivers/STM32F4xx_HAL_Driver/Src/stm32f4xx_hal_dma.c ****       break;
 2146              		.loc 1 1045 34 is_stmt 0 view .LVU820
 2147 003c 0020     		movs	r0, #0
 2148 003e 1864     		str	r0, [r3, #64]
1046:Drivers/STM32F4xx_HAL_Driver/Src/stm32f4xx_hal_dma.c ****       
 2149              		.loc 1 1046 7 is_stmt 1 view .LVU821
 2150 0040 ECE7     		b	.L138
 2151              	.L144:
1049:Drivers/STM32F4xx_HAL_Driver/Src/stm32f4xx_hal_dma.c ****       break;
 2152              		.loc 1 1049 7 view .LVU822
1049:Drivers/STM32F4xx_HAL_Driver/Src/stm32f4xx_hal_dma.c ****       break;
 2153              		.loc 1 1049 32 is_stmt 0 view .LVU823
 2154 0042 0020     		movs	r0, #0
 2155 0044 5864     		str	r0, [r3, #68]
1050:Drivers/STM32F4xx_HAL_Driver/Src/stm32f4xx_hal_dma.c ****       
 2156              		.loc 1 1050 7 is_stmt 1 view .LVU824
 2157 0046 E9E7     		b	.L138
 2158              	.L143:
1053:Drivers/STM32F4xx_HAL_Driver/Src/stm32f4xx_hal_dma.c ****       break;
 2159              		.loc 1 1053 7 view .LVU825
1053:Drivers/STM32F4xx_HAL_Driver/Src/stm32f4xx_hal_dma.c ****       break;
 2160              		.loc 1 1053 36 is_stmt 0 view .LVU826
 2161 0048 0020     		movs	r0, #0
 2162 004a 9864     		str	r0, [r3, #72]
1054:Drivers/STM32F4xx_HAL_Driver/Src/stm32f4xx_hal_dma.c ****       
 2163              		.loc 1 1054 7 is_stmt 1 view .LVU827
 2164 004c E6E7     		b	.L138
 2165              	.L142:
1057:Drivers/STM32F4xx_HAL_Driver/Src/stm32f4xx_hal_dma.c ****       break;
 2166              		.loc 1 1057 7 view .LVU828
1057:Drivers/STM32F4xx_HAL_Driver/Src/stm32f4xx_hal_dma.c ****       break;
 2167              		.loc 1 1057 31 is_stmt 0 view .LVU829
 2168 004e 0020     		movs	r0, #0
 2169 0050 D864     		str	r0, [r3, #76]
1058:Drivers/STM32F4xx_HAL_Driver/Src/stm32f4xx_hal_dma.c ****       
 2170              		.loc 1 1058 7 is_stmt 1 view .LVU830
 2171 0052 E3E7     		b	.L138
 2172              	.L141:
1061:Drivers/STM32F4xx_HAL_Driver/Src/stm32f4xx_hal_dma.c ****       break; 
 2173              		.loc 1 1061 7 view .LVU831
1061:Drivers/STM32F4xx_HAL_Driver/Src/stm32f4xx_hal_dma.c ****       break; 
 2174              		.loc 1 1061 31 is_stmt 0 view .LVU832
 2175 0054 0020     		movs	r0, #0
 2176 0056 1865     		str	r0, [r3, #80]
1062:Drivers/STM32F4xx_HAL_Driver/Src/stm32f4xx_hal_dma.c ****       
 2177              		.loc 1 1062 7 is_stmt 1 view .LVU833
 2178 0058 E0E7     		b	.L138
 2179              	.L139:
1065:Drivers/STM32F4xx_HAL_Driver/Src/stm32f4xx_hal_dma.c ****       hdma->XferHalfCpltCallback = NULL;
 2180              		.loc 1 1065 7 view .LVU834
ARM GAS  C:\Users\Lenovo\AppData\Local\Temp\ccv3Zezd.s 			page 75


1065:Drivers/STM32F4xx_HAL_Driver/Src/stm32f4xx_hal_dma.c ****       hdma->XferHalfCpltCallback = NULL;
 2181              		.loc 1 1065 30 is_stmt 0 view .LVU835
 2182 005a 0020     		movs	r0, #0
 2183 005c D863     		str	r0, [r3, #60]
1066:Drivers/STM32F4xx_HAL_Driver/Src/stm32f4xx_hal_dma.c ****       hdma->XferM1CpltCallback = NULL;
 2184              		.loc 1 1066 7 is_stmt 1 view .LVU836
1066:Drivers/STM32F4xx_HAL_Driver/Src/stm32f4xx_hal_dma.c ****       hdma->XferM1CpltCallback = NULL;
 2185              		.loc 1 1066 34 is_stmt 0 view .LVU837
 2186 005e 1864     		str	r0, [r3, #64]
1067:Drivers/STM32F4xx_HAL_Driver/Src/stm32f4xx_hal_dma.c ****       hdma->XferM1HalfCpltCallback = NULL;
 2187              		.loc 1 1067 7 is_stmt 1 view .LVU838
1067:Drivers/STM32F4xx_HAL_Driver/Src/stm32f4xx_hal_dma.c ****       hdma->XferM1HalfCpltCallback = NULL;
 2188              		.loc 1 1067 32 is_stmt 0 view .LVU839
 2189 0060 5864     		str	r0, [r3, #68]
1068:Drivers/STM32F4xx_HAL_Driver/Src/stm32f4xx_hal_dma.c ****       hdma->XferErrorCallback = NULL;
 2190              		.loc 1 1068 7 is_stmt 1 view .LVU840
1068:Drivers/STM32F4xx_HAL_Driver/Src/stm32f4xx_hal_dma.c ****       hdma->XferErrorCallback = NULL;
 2191              		.loc 1 1068 36 is_stmt 0 view .LVU841
 2192 0062 9864     		str	r0, [r3, #72]
1069:Drivers/STM32F4xx_HAL_Driver/Src/stm32f4xx_hal_dma.c ****       hdma->XferAbortCallback = NULL;
 2193              		.loc 1 1069 7 is_stmt 1 view .LVU842
1069:Drivers/STM32F4xx_HAL_Driver/Src/stm32f4xx_hal_dma.c ****       hdma->XferAbortCallback = NULL;
 2194              		.loc 1 1069 31 is_stmt 0 view .LVU843
 2195 0064 D864     		str	r0, [r3, #76]
1070:Drivers/STM32F4xx_HAL_Driver/Src/stm32f4xx_hal_dma.c ****       break; 
 2196              		.loc 1 1070 7 is_stmt 1 view .LVU844
1070:Drivers/STM32F4xx_HAL_Driver/Src/stm32f4xx_hal_dma.c ****       break; 
 2197              		.loc 1 1070 31 is_stmt 0 view .LVU845
 2198 0066 1865     		str	r0, [r3, #80]
1071:Drivers/STM32F4xx_HAL_Driver/Src/stm32f4xx_hal_dma.c ****       
 2199              		.loc 1 1071 7 is_stmt 1 view .LVU846
 2200 0068 D8E7     		b	.L138
 2201              	.LVL152:
 2202              	.L147:
1034:Drivers/STM32F4xx_HAL_Driver/Src/stm32f4xx_hal_dma.c ****   
 2203              		.loc 1 1034 3 is_stmt 0 discriminator 1 view .LVU847
 2204 006a 0220     		movs	r0, #2
 2205              	.LVL153:
1087:Drivers/STM32F4xx_HAL_Driver/Src/stm32f4xx_hal_dma.c **** 
 2206              		.loc 1 1087 1 view .LVU848
 2207 006c 7047     		bx	lr
 2208              		.cfi_endproc
 2209              	.LFE143:
 2211              		.section	.text.HAL_DMA_GetState,"ax",%progbits
 2212              		.align	1
 2213              		.global	HAL_DMA_GetState
 2214              		.syntax unified
 2215              		.thumb
 2216              		.thumb_func
 2218              	HAL_DMA_GetState:
 2219              	.LVL154:
 2220              	.LFB144:
1115:Drivers/STM32F4xx_HAL_Driver/Src/stm32f4xx_hal_dma.c ****   return hdma->State;
 2221              		.loc 1 1115 1 is_stmt 1 view -0
 2222              		.cfi_startproc
 2223              		@ args = 0, pretend = 0, frame = 0
 2224              		@ frame_needed = 0, uses_anonymous_args = 0
ARM GAS  C:\Users\Lenovo\AppData\Local\Temp\ccv3Zezd.s 			page 76


 2225              		@ link register save eliminated.
1116:Drivers/STM32F4xx_HAL_Driver/Src/stm32f4xx_hal_dma.c **** }
 2226              		.loc 1 1116 3 view .LVU850
1116:Drivers/STM32F4xx_HAL_Driver/Src/stm32f4xx_hal_dma.c **** }
 2227              		.loc 1 1116 14 is_stmt 0 view .LVU851
 2228 0000 90F83500 		ldrb	r0, [r0, #53]	@ zero_extendqisi2
 2229              	.LVL155:
1117:Drivers/STM32F4xx_HAL_Driver/Src/stm32f4xx_hal_dma.c **** 
 2230              		.loc 1 1117 1 view .LVU852
 2231 0004 7047     		bx	lr
 2232              		.cfi_endproc
 2233              	.LFE144:
 2235              		.section	.text.HAL_DMA_GetError,"ax",%progbits
 2236              		.align	1
 2237              		.global	HAL_DMA_GetError
 2238              		.syntax unified
 2239              		.thumb
 2240              		.thumb_func
 2242              	HAL_DMA_GetError:
 2243              	.LVL156:
 2244              	.LFB145:
1126:Drivers/STM32F4xx_HAL_Driver/Src/stm32f4xx_hal_dma.c ****   return hdma->ErrorCode;
 2245              		.loc 1 1126 1 is_stmt 1 view -0
 2246              		.cfi_startproc
 2247              		@ args = 0, pretend = 0, frame = 0
 2248              		@ frame_needed = 0, uses_anonymous_args = 0
 2249              		@ link register save eliminated.
1127:Drivers/STM32F4xx_HAL_Driver/Src/stm32f4xx_hal_dma.c **** }
 2250              		.loc 1 1127 3 view .LVU854
1127:Drivers/STM32F4xx_HAL_Driver/Src/stm32f4xx_hal_dma.c **** }
 2251              		.loc 1 1127 14 is_stmt 0 view .LVU855
 2252 0000 406D     		ldr	r0, [r0, #84]
 2253              	.LVL157:
1128:Drivers/STM32F4xx_HAL_Driver/Src/stm32f4xx_hal_dma.c **** 
 2254              		.loc 1 1128 1 view .LVU856
 2255 0002 7047     		bx	lr
 2256              		.cfi_endproc
 2257              	.LFE145:
 2259              		.section	.rodata.flagBitshiftOffset.0,"a"
 2260              		.align	2
 2263              	flagBitshiftOffset.0:
 2264 0000 00061016 		.ascii	"\000\006\020\026\000\006\020\026"
 2264      00061016 
 2265              		.text
 2266              	.Letext0:
 2267              		.file 2 "D:\\vscode\\stm32cubecltv122\\stm32cubeclt_1.22.0-Win-x86_64.exe\\anzhuang\\STM32CubeCLT_
 2268              		.file 3 "D:\\vscode\\stm32cubecltv122\\stm32cubeclt_1.22.0-Win-x86_64.exe\\anzhuang\\STM32CubeCLT_
 2269              		.file 4 "Drivers/CMSIS/Device/ST/STM32F4xx/Include/stm32f407xx.h"
 2270              		.file 5 "Drivers/CMSIS/Device/ST/STM32F4xx/Include/stm32f4xx.h"
 2271              		.file 6 "Drivers/STM32F4xx_HAL_Driver/Inc/stm32f4xx_hal_def.h"
 2272              		.file 7 "Drivers/STM32F4xx_HAL_Driver/Inc/stm32f4xx_hal_dma.h"
 2273              		.file 8 "Drivers/CMSIS/Device/ST/STM32F4xx/Include/system_stm32f4xx.h"
 2274              		.file 9 "Drivers/STM32F4xx_HAL_Driver/Inc/stm32f4xx_hal.h"
ARM GAS  C:\Users\Lenovo\AppData\Local\Temp\ccv3Zezd.s 			page 77


DEFINED SYMBOLS
                            *ABS*:00000000 stm32f4xx_hal_dma.c
C:\Users\Lenovo\AppData\Local\Temp\ccv3Zezd.s:21     .text.DMA_SetConfig:00000000 $t
C:\Users\Lenovo\AppData\Local\Temp\ccv3Zezd.s:26     .text.DMA_SetConfig:00000000 DMA_SetConfig
C:\Users\Lenovo\AppData\Local\Temp\ccv3Zezd.s:100    .text.DMA_CalcBaseAndBitshift:00000000 $t
C:\Users\Lenovo\AppData\Local\Temp\ccv3Zezd.s:105    .text.DMA_CalcBaseAndBitshift:00000000 DMA_CalcBaseAndBitshift
C:\Users\Lenovo\AppData\Local\Temp\ccv3Zezd.s:168    .text.DMA_CalcBaseAndBitshift:00000034 $d
C:\Users\Lenovo\AppData\Local\Temp\ccv3Zezd.s:2263   .rodata.flagBitshiftOffset.0:00000000 flagBitshiftOffset.0
C:\Users\Lenovo\AppData\Local\Temp\ccv3Zezd.s:174    .text.DMA_CheckFifoParam:00000000 $t
C:\Users\Lenovo\AppData\Local\Temp\ccv3Zezd.s:179    .text.DMA_CheckFifoParam:00000000 DMA_CheckFifoParam
C:\Users\Lenovo\AppData\Local\Temp\ccv3Zezd.s:265    .text.DMA_CheckFifoParam:0000004e $d
C:\Users\Lenovo\AppData\Local\Temp\ccv3Zezd.s:269    .text.DMA_CheckFifoParam:00000052 $t
C:\Users\Lenovo\AppData\Local\Temp\ccv3Zezd.s:364    .text.HAL_DMA_Init:00000000 $t
C:\Users\Lenovo\AppData\Local\Temp\ccv3Zezd.s:370    .text.HAL_DMA_Init:00000000 HAL_DMA_Init
C:\Users\Lenovo\AppData\Local\Temp\ccv3Zezd.s:620    .text.HAL_DMA_Init:000000c8 $d
C:\Users\Lenovo\AppData\Local\Temp\ccv3Zezd.s:625    .text.HAL_DMA_DeInit:00000000 $t
C:\Users\Lenovo\AppData\Local\Temp\ccv3Zezd.s:631    .text.HAL_DMA_DeInit:00000000 HAL_DMA_DeInit
C:\Users\Lenovo\AppData\Local\Temp\ccv3Zezd.s:763    .text.HAL_DMA_Start:00000000 $t
C:\Users\Lenovo\AppData\Local\Temp\ccv3Zezd.s:769    .text.HAL_DMA_Start:00000000 HAL_DMA_Start
C:\Users\Lenovo\AppData\Local\Temp\ccv3Zezd.s:851    .text.HAL_DMA_Start_IT:00000000 $t
C:\Users\Lenovo\AppData\Local\Temp\ccv3Zezd.s:857    .text.HAL_DMA_Start_IT:00000000 HAL_DMA_Start_IT
C:\Users\Lenovo\AppData\Local\Temp\ccv3Zezd.s:973    .text.HAL_DMA_Abort:00000000 $t
C:\Users\Lenovo\AppData\Local\Temp\ccv3Zezd.s:979    .text.HAL_DMA_Abort:00000000 HAL_DMA_Abort
C:\Users\Lenovo\AppData\Local\Temp\ccv3Zezd.s:1135   .text.HAL_DMA_Abort_IT:00000000 $t
C:\Users\Lenovo\AppData\Local\Temp\ccv3Zezd.s:1141   .text.HAL_DMA_Abort_IT:00000000 HAL_DMA_Abort_IT
C:\Users\Lenovo\AppData\Local\Temp\ccv3Zezd.s:1186   .text.HAL_DMA_PollForTransfer:00000000 $t
C:\Users\Lenovo\AppData\Local\Temp\ccv3Zezd.s:1192   .text.HAL_DMA_PollForTransfer:00000000 HAL_DMA_PollForTransfer
C:\Users\Lenovo\AppData\Local\Temp\ccv3Zezd.s:1484   .text.HAL_DMA_IRQHandler:00000000 $t
C:\Users\Lenovo\AppData\Local\Temp\ccv3Zezd.s:1490   .text.HAL_DMA_IRQHandler:00000000 HAL_DMA_IRQHandler
C:\Users\Lenovo\AppData\Local\Temp\ccv3Zezd.s:1939   .text.HAL_DMA_IRQHandler:000001d4 $d
C:\Users\Lenovo\AppData\Local\Temp\ccv3Zezd.s:1945   .text.HAL_DMA_RegisterCallback:00000000 $t
C:\Users\Lenovo\AppData\Local\Temp\ccv3Zezd.s:1951   .text.HAL_DMA_RegisterCallback:00000000 HAL_DMA_RegisterCallback
C:\Users\Lenovo\AppData\Local\Temp\ccv3Zezd.s:2002   .text.HAL_DMA_RegisterCallback:00000030 $d
C:\Users\Lenovo\AppData\Local\Temp\ccv3Zezd.s:2008   .text.HAL_DMA_RegisterCallback:00000036 $t
C:\Users\Lenovo\AppData\Local\Temp\ccv3Zezd.s:2072   .text.HAL_DMA_UnRegisterCallback:00000000 $t
C:\Users\Lenovo\AppData\Local\Temp\ccv3Zezd.s:2078   .text.HAL_DMA_UnRegisterCallback:00000000 HAL_DMA_UnRegisterCallback
C:\Users\Lenovo\AppData\Local\Temp\ccv3Zezd.s:2126   .text.HAL_DMA_UnRegisterCallback:0000002c $d
C:\Users\Lenovo\AppData\Local\Temp\ccv3Zezd.s:2212   .text.HAL_DMA_GetState:00000000 $t
C:\Users\Lenovo\AppData\Local\Temp\ccv3Zezd.s:2218   .text.HAL_DMA_GetState:00000000 HAL_DMA_GetState
C:\Users\Lenovo\AppData\Local\Temp\ccv3Zezd.s:2236   .text.HAL_DMA_GetError:00000000 $t
C:\Users\Lenovo\AppData\Local\Temp\ccv3Zezd.s:2242   .text.HAL_DMA_GetError:00000000 HAL_DMA_GetError
C:\Users\Lenovo\AppData\Local\Temp\ccv3Zezd.s:2260   .rodata.flagBitshiftOffset.0:00000000 $d
C:\Users\Lenovo\AppData\Local\Temp\ccv3Zezd.s:2133   .text.HAL_DMA_UnRegisterCallback:00000033 $d
C:\Users\Lenovo\AppData\Local\Temp\ccv3Zezd.s:2133   .text.HAL_DMA_UnRegisterCallback:00000034 $t
                           .group:00000000 wm4.0.35f3e76e42575b99374c7d5ae37ca977
                           .group:00000000 wm4.stm32f4xx_hal_conf.h.25.0e419870eb91ef9647296e22728a843c
                           .group:00000000 wm4.stm32f4xx.h.38.63e3ea23bd63a94457417730025259b6
                           .group:00000000 wm4.stm32f407xx.h.34.dfd2ea1697b5c77f46734fce8e0379c1
                           .group:00000000 wm4._newlib_version.h.4.0eb654b64686e2bd29646258853f6c22
                           .group:00000000 wm4.features.h.33.d554620bb17bd3b714c3fb5c268772bc
                           .group:00000000 wm4._default_types.h.15.247e5cd201eca3442cbf5404108c4935
                           .group:00000000 wm4._intsup.h.10.48bafbb683905c4daa4565a85aeeb264
                           .group:00000000 wm4._stdint.h.10.c24fa3af3bc1706662bb5593a907e841
                           .group:00000000 wm4.stdint.h.23.d53047a68f4a85177f80b422d52785ed
                           .group:00000000 wm4.cmsis_version.h.32.0ac195c83bb4537824e6ad1c47474b79
                           .group:00000000 wm4.core_cm4.h.66.e4ff136c4a17abc46741866f64f8e729
                           .group:00000000 wm4.cmsis_gcc.h.26.498d0ad17a45fc9ef20fdc01caf02259
ARM GAS  C:\Users\Lenovo\AppData\Local\Temp\ccv3Zezd.s 			page 78


                           .group:00000000 wm4.core_cm4.h.174.62be9b4588d49bed18171771001331df
                           .group:00000000 wm4.mpu_armv7.h.32.83326921a797fa9d6f70449916b4b839
                           .group:00000000 wm4.stm32f407xx.h.906.60dfcdc14667d2b8ca294c8641b79c1f
                           .group:00000000 wm4.stm32f4xx.h.195.a4b8bf80f37cc96981498656ffe5f588
                           .group:00000000 wm4.stm32_hal_legacy.h.22.8b7d303dc46a0b7ac6d3edf19ce2608d
                           .group:00000000 wm4.stddef.h.39.811583f327f35b0df7808fda70b062a0
                           .group:00000000 wm4.stm32f4xx_hal_def.h.58.3cb484e92e5ccf2e55312a4714e27917
                           .group:00000000 wm4.stm32f4xx_hal_rcc_ex.h.20.3588b33cbc2d8eaea18dcc0a51ba534e
                           .group:00000000 wm4.stm32f4xx_hal_rcc.h.106.0887cf5d985ae88e345b0aed0ceb4729
                           .group:00000000 wm4.stm32f4xx_hal_gpio.h.21.22da6a14b6049d6ac156577be74df1d7
                           .group:00000000 wm4.stm32f4xx_hal_gpio_ex.h.21.5c361dc23c602df6957f759e97bb04e8
                           .group:00000000 wm4.stm32f4xx_hal_gpio.h.254.d7e07832f748fe8bcb575db0b8373592
                           .group:00000000 wm4.stm32f4xx_hal_exti.h.21.2e6a083d2f10670d92690e210e558965
                           .group:00000000 wm4.stm32f4xx_hal_dma.h.21.8e4b1421c914345c23be719e5e528779
                           .group:00000000 wm4.stm32f4xx_hal_dma.h.720.ac2d7eef74792e4026acc4d2923c5da4
                           .group:00000000 wm4.stm32f4xx_hal_cortex.h.20.03673e4f79386680bf73ba399c19306b
                           .group:00000000 wm4.stm32f4xx_hal_can.h.21.4b16c8dedf31ba328482231f811a7e65
                           .group:00000000 wm4.stm32f4xx_hal_flash.h.20.ec5bcab1c918231d2275f2879d222ca1
                           .group:00000000 wm4.stm32f4xx_hal_flash_ex.h.20.afe8d377ee912b60be4308c043f975e7
                           .group:00000000 wm4.stm32f4xx_hal_flash.h.361.23bc19b9eac79b0956d913651841ede8
                           .group:00000000 wm4.stm32f4xx_hal_pwr.h.20.1905a0783a9c83adefd7df0c4b501e40
                           .group:00000000 wm4.stm32f4xx_hal_pwr_ex.h.20.6b992e55c4d669f613af1cd1aee9dd45
                           .group:00000000 wm4.stm32f4xx_hal_pwr.h.338.debc0a4a62ba54688e63ab53dd99c4ea
                           .group:00000000 wm4.stm32f4xx_hal_uart.h.21.ba8e24dd05c77faac3f3d48472e636ba
                           .group:00000000 wm4.stm32f4xx_hal.h.71.3d2372f37daccf74f8a3fdda314d6583

UNDEFINED SYMBOLS
HAL_GetTick
SystemCoreClock
